system,run,frame,time_ns,pocket_distance_A,filter_distance_A
Z944,1,0,0.0,3.426,10.683
Z944,1,1,0.5,2.631,11.127
Z944,1,2,1.0,2.796,11.255
Z944,1,3,1.5,2.917,10.986
Z944,1,4,2.0,2.952,10.792
Z944,1,5,2.5,3.016,10.769
Z944,1,6,3.0,2.89,11.072
Z944,1,7,3.5,3.103,10.777
Z944,1,8,4.0,3.316,10.645
Z944,1,9,4.5,2.847,10.975
Z944,1,10,5.0,3.105,11.161
Z944,1,11,5.5,3.044,11.015
Z944,1,12,6.0,3.438,10.737
Z944,1,13,6.5,2.938,11.174
Z944,1,14,7.0,3.295,10.713
Z944,1,15,7.5,3.085,11.001
Z944,1,16,8.0,2.562,11.362
Z944,1,17,8.5,2.828,11.242
Z944,1,18,9.0,3.146,11.036
Z944,1,19,9.5,3.149,11.023
Z944,1,20,10.0,3.142,10.951
Z944,1,21,10.5,2.896,10.979
Z944,1,22,11.0,2.622,11.375
Z944,1,23,11.5,2.915,11.234
Z944,1,24,12.0,3.125,11.082
Z944,1,25,12.5,3.329,10.757
Z944,1,26,13.0,2.849,11.032
Z944,1,27,13.5,2.944,11.274
Z944,1,28,14.0,2.759,11.399
Z944,1,29,14.5,2.917,11.268
Z944,1,30,15.0,2.777,11.183
Z944,1,31,15.5,2.517,11.506
Z944,1,32,16.0,3.043,11.079
Z944,1,33,16.5,3.281,10.951
Z944,1,34,17.0,2.703,11.509
Z944,1,35,17.5,3.793,10.663
Z944,1,36,18.0,2.592,11.281
Z944,1,37,18.5,3.287,10.687
Z944,1,38,19.0,3.122,10.922
Z944,1,39,19.5,2.661,11.523
Z944,1,40,20.0,3.178,10.769
Z944,1,41,20.5,3.194,10.876
Z944,1,42,21.0,3.08,10.938
Z944,1,43,21.5,3.008,10.85
Z944,1,44,22.0,3.084,11.155
Z944,1,45,22.5,3.778,10.482
Z944,1,46,23.0,2.927,10.959
Z944,1,47,23.5,2.95,11.2
Z944,1,48,24.0,2.956,11.139
Z944,1,49,24.5,3.013,11.285
Z944,1,50,25.0,2.868,11.033
Z944,1,51,25.5,3.157,11.128
Z944,1,52,26.0,3.271,10.832
Z944,1,53,26.5,2.854,11.367
Z944,1,54,27.0,3.096,10.94
Z944,1,55,27.5,2.644,11.477
Z944,1,56,28.0,2.987,11.289
Z944,1,57,28.5,3.082,11.087
Z944,1,58,29.0,3.255,10.554
Z944,1,59,29.5,2.883,11.085
Z944,1,60,30.0,2.865,10.951
Z944,1,61,30.5,3.05,10.931
Z944,1,62,31.0,2.895,11.057
Z944,1,63,31.5,2.971,11.084
Z944,1,64,32.0,2.984,10.874
Z944,1,65,32.5,3.151,10.88
Z944,1,66,33.0,3.037,10.998
Z944,1,67,33.5,2.758,11.183
Z944,1,68,34.0,3.237,10.735
Z944,1,69,34.5,2.922,11.004
Z944,1,70,35.0,2.647,11.193
Z944,1,71,35.5,2.585,11.426
Z944,1,72,36.0,3.007,11.01
Z944,1,73,36.5,3.199,10.883
Z944,1,74,37.0,3.313,10.644
Z944,1,75,37.5,2.777,11.24
Z944,1,76,38.0,3.181,10.892
Z944,1,77,38.5,2.734,11.171
Z944,1,78,39.0,2.689,11.217
Z944,1,79,39.5,2.867,11.011
Z944,1,80,40.0,2.884,10.998
Z944,1,81,40.5,2.877,11.49
Z944,1,82,41.0,3.028,10.998
Z944,1,83,41.5,2.675,11.124
Z944,1,84,42.0,3.309,10.705
Z944,1,85,42.5,2.851,11.018
Z944,1,86,43.0,3.021,10.708
Z944,1,87,43.5,2.509,11.445
Z944,1,88,44.0,2.976,11.001
Z944,1,89,44.5,2.776,11.3
Z944,1,90,45.0,2.877,11.14
Z944,1,91,45.5,3.331,10.969
Z944,1,92,46.0,2.841,11.357
Z944,1,93,46.5,3.042,11.138
Z944,1,94,47.0,3.473,11.102
Z944,1,95,47.5,3.227,11.029
Z944,1,96,48.0,2.642,11.551
Z944,1,97,48.5,2.913,10.876
Z944,1,98,49.0,3.135,10.733
Z944,1,99,49.5,2.92,10.941
Z944,1,100,50.0,3.287,10.789
Z944,1,101,50.5,3.291,11.12
Z944,1,102,51.0,3.097,11.406
Z944,1,103,51.5,3.571,10.822
Z944,1,104,52.0,3.243,11.107
Z944,1,105,52.5,3.243,11.097
Z944,1,106,53.0,3.147,11.098
Z944,1,107,53.5,3.126,11.161
Z944,1,108,54.0,3.198,11.087
Z944,1,109,54.5,3.129,10.884
Z944,1,110,55.0,3.086,11.101
Z944,1,111,55.5,2.591,11.57
Z944,1,112,56.0,2.973,11.004
Z944,1,113,56.5,2.861,11.157
Z944,1,114,57.0,2.924,11.199
Z944,1,115,57.5,2.804,11.358
Z944,1,116,58.0,3.043,11.117
Z944,1,117,58.5,3.15,10.842
Z944,1,118,59.0,2.705,11.676
Z944,1,119,59.5,2.617,11.455
Z944,1,120,60.0,3.139,11.306
Z944,1,121,60.5,2.826,11.425
Z944,1,122,61.0,2.91,10.962
Z944,1,123,61.5,2.921,11.209
Z944,1,124,62.0,2.87,11.194
Z944,1,125,62.5,2.734,11.447
Z944,1,126,63.0,3.4,10.933
Z944,1,127,63.5,3.048,11.257
Z944,1,128,64.0,2.854,11.264
Z944,1,129,64.5,2.866,11.368
Z944,1,130,65.0,3.257,11.012
Z944,1,131,65.5,3.129,11.271
Z944,1,132,66.0,3.119,11.221
Z944,1,133,66.5,3.102,11.097
Z944,1,134,67.0,2.959,11.237
Z944,1,135,67.5,2.946,11.103
Z944,1,136,68.0,2.762,11.596
Z944,1,137,68.5,2.581,11.303
Z944,1,138,69.0,2.598,11.482
Z944,1,139,69.5,2.595,11.236
Z944,1,140,70.0,2.638,11.427
Z944,1,141,70.5,2.968,11.141
Z944,1,142,71.0,2.596,11.439
Z944,1,143,71.5,2.876,11.03
Z944,1,144,72.0,2.793,11.118
Z944,1,145,72.5,2.854,11.211
Z944,1,146,73.0,2.24,11.802
Z944,1,147,73.5,2.72,11.32
Z944,1,148,74.0,2.742,11.332
Z944,1,149,74.5,2.623,11.282
Z944,1,150,75.0,2.901,11.04
Z944,1,151,75.5,2.783,11.216
Z944,1,152,76.0,2.919,11.11
Z944,1,153,76.5,2.839,11.345
Z944,1,154,77.0,2.782,11.364
Z944,1,155,77.5,2.853,11.023
Z944,1,156,78.0,2.634,11.155
Z944,1,157,78.5,2.746,11.297
Z944,1,158,79.0,3.064,11.204
Z944,1,159,79.5,3.145,10.894
Z944,1,160,80.0,3.26,10.69
Z944,1,161,80.5,3.157,10.988
Z944,1,162,81.0,3.052,10.839
Z944,1,163,81.5,2.861,11.036
Z944,1,164,82.0,2.803,11.238
Z944,1,165,82.5,3.02,10.908
Z944,1,166,83.0,3.125,10.742
Z944,1,167,83.5,3.125,11.28
Z944,1,168,84.0,3.186,10.819
Z944,1,169,84.5,2.937,10.956
Z944,1,170,85.0,2.813,11.152
Z944,1,171,85.5,2.893,11.275
Z944,1,172,86.0,2.925,11.184
Z944,1,173,86.5,2.78,11.491
Z944,1,174,87.0,2.764,11.486
Z944,1,175,87.5,3.144,10.9
Z944,1,176,88.0,2.901,10.995
Z944,1,177,88.5,2.853,11.272
Z944,1,178,89.0,3.141,11.0
Z944,1,179,89.5,2.955,11.257
Z944,1,180,90.0,2.864,11.568
Z944,1,181,90.5,3.678,10.696
Z944,1,182,91.0,2.965,11.037
Z944,1,183,91.5,2.721,11.137
Z944,1,184,92.0,2.646,11.26
Z944,1,185,92.5,2.851,11.099
Z944,1,186,93.0,3.284,10.908
Z944,1,187,93.5,3.319,10.894
Z944,1,188,94.0,3.049,11.188
Z944,1,189,94.5,2.915,11.324
Z944,1,190,95.0,2.969,11.343
Z944,1,191,95.5,2.584,11.39
Z944,1,192,96.0,3.053,11.232
Z944,1,193,96.5,3.035,11.107
Z944,1,194,97.0,2.957,11.184
Z944,1,195,97.5,3.164,11.024
Z944,1,196,98.0,3.112,11.33
Z944,1,197,98.5,3.377,11.0
Z944,1,198,99.0,3.332,11.085
Z944,1,199,99.5,3.156,10.945
Z944,1,200,100.0,3.196,11.042
Z944,1,201,100.5,3.456,10.904
Z944,1,202,101.0,3.219,10.925
Z944,1,203,101.5,3.235,11.229
Z944,1,204,102.0,3.146,11.049
Z944,1,205,102.5,3.273,11.151
Z944,1,206,103.0,3.499,10.991
Z944,1,207,103.5,3.426,10.912
Z944,1,208,104.0,3.312,11.095
Z944,1,209,104.5,3.455,11.084
Z944,1,210,105.0,3.155,11.246
Z944,1,211,105.5,2.95,11.342
Z944,1,212,106.0,2.853,11.459
Z944,1,213,106.5,3.111,11.25
Z944,1,214,107.0,3.285,10.954
Z944,1,215,107.5,2.739,11.236
Z944,1,216,108.0,2.757,11.237
Z944,1,217,108.5,2.974,10.898
Z944,1,218,109.0,2.935,11.155
Z944,1,219,109.5,3.045,11.133
Z944,1,220,110.0,3.112,10.748
Z944,1,221,110.5,3.041,11.078
Z944,1,222,111.0,2.706,11.329
Z944,1,223,111.5,3.122,10.985
Z944,1,224,112.0,2.818,11.147
Z944,1,225,112.5,2.834,11.19
Z944,1,226,113.0,3.021,10.889
Z944,1,227,113.5,2.951,11.133
Z944,1,228,114.0,2.975,11.137
Z944,1,229,114.5,2.642,11.28
Z944,1,230,115.0,3.097,10.953
Z944,1,231,115.5,3.19,10.702
Z944,1,232,116.0,3.052,10.949
Z944,1,233,116.5,2.74,11.224
Z944,1,234,117.0,3.215,11.12
Z944,1,235,117.5,2.74,11.375
Z944,1,236,118.0,3.321,10.839
Z944,1,237,118.5,3.494,10.808
Z944,1,238,119.0,2.968,11.054
Z944,1,239,119.5,3.177,10.813
Z944,1,240,120.0,2.778,11.416
Z944,1,241,120.5,3.165,11.077
Z944,1,242,121.0,3.963,10.42
Z944,1,243,121.5,2.968,11.064
Z944,1,244,122.0,2.288,11.615
Z944,1,245,122.5,2.947,10.975
Z944,1,246,123.0,2.947,11.351
Z944,1,247,123.5,2.885,11.302
Z944,1,248,124.0,3.222,10.832
Z944,1,249,124.5,2.438,11.45
Z944,1,250,125.0,2.704,11.236
Z944,1,251,125.5,2.513,11.494
Z944,1,252,126.0,2.877,11.562
Z944,1,253,126.5,2.916,11.267
Z944,1,254,127.0,3.05,11.381
Z944,1,255,127.5,2.593,11.244
Z944,1,256,128.0,3.565,10.846
Z944,1,257,128.5,3.233,10.916
Z944,1,258,129.0,2.623,11.491
Z944,1,259,129.5,3.087,11.474
Z944,1,260,130.0,3.01,10.974
Z944,1,261,130.5,2.948,11.177
Z944,1,262,131.0,2.527,11.337
Z944,1,263,131.5,2.882,11.377
Z944,1,264,132.0,2.927,11.349
Z944,1,265,132.5,3.609,11.189
Z944,1,266,133.0,3.163,11.264
Z944,1,267,133.5,3.579,10.967
Z944,1,268,134.0,3.626,10.778
Z944,1,269,134.5,3.237,11.501
Z944,1,270,135.0,3.128,11.299
Z944,1,271,135.5,3.252,11.379
Z944,1,272,136.0,3.62,10.794
Z944,1,273,136.5,3.587,10.983
Z944,1,274,137.0,2.873,11.123
Z944,1,275,137.5,2.861,11.051
Z944,1,276,138.0,3.561,10.617
Z944,1,277,138.5,3.351,10.783
Z944,1,278,139.0,1.92,12.283
Z944,1,279,139.5,2.296,11.888
Z944,1,280,140.0,2.344,11.766
Z944,1,281,140.5,2.443,11.638
Z944,1,282,141.0,2.465,11.935
Z944,1,283,141.5,2.564,11.638
Z944,1,284,142.0,2.67,11.79
Z944,1,285,142.5,2.401,11.719
Z944,1,286,143.0,2.523,11.635
Z944,1,287,143.5,2.598,11.43
Z944,1,288,144.0,2.574,11.676
Z944,1,289,144.5,2.382,11.462
Z944,1,290,145.0,2.398,11.697
Z944,1,291,145.5,2.353,11.82
Z944,1,292,146.0,2.331,11.675
Z944,1,293,146.5,2.681,11.425
Z944,1,294,147.0,2.616,11.877
Z944,1,295,147.5,2.877,11.57
Z944,1,296,148.0,2.616,11.696
Z944,1,297,148.5,2.201,11.884
Z944,1,298,149.0,3.105,11.213
Z944,1,299,149.5,2.734,11.46
Z944,1,300,150.0,2.703,11.638
Z944,1,301,150.5,3.038,11.476
Z944,1,302,151.0,2.445,11.92
Z944,1,303,151.5,2.545,11.694
Z944,1,304,152.0,2.914,11.506
Z944,1,305,152.5,2.812,11.349
Z944,1,306,153.0,3.134,11.321
Z944,1,307,153.5,2.951,11.566
Z944,1,308,154.0,2.881,11.463
Z944,1,309,154.5,3.818,11.249
Z944,1,310,155.0,2.332,12.248
Z944,1,311,155.5,2.675,11.641
Z944,1,312,156.0,3.592,11.092
Z944,1,313,156.5,3.703,10.651
Z944,1,314,157.0,3.6,10.819
Z944,1,315,157.5,3.196,11.006
Z944,1,316,158.0,3.605,10.593
Z944,1,317,158.5,4.577,10.461
Z944,1,318,159.0,3.715,10.781
Z944,1,319,159.5,3.413,10.693
Z944,1,320,160.0,3.299,10.833
Z944,1,321,160.5,3.304,10.91
Z944,1,322,161.0,4.065,10.411
Z944,1,323,161.5,3.409,10.961
Z944,1,324,162.0,3.583,11.057
Z944,1,325,162.5,3.296,10.892
Z944,1,326,163.0,3.414,10.762
Z944,1,327,163.5,3.305,11.193
Z944,1,328,164.0,3.296,11.254
Z944,1,329,164.5,3.592,11.015
Z944,1,330,165.0,2.923,11.166
Z944,1,331,165.5,2.975,11.407
Z944,1,332,166.0,3.124,11.224
Z944,1,333,166.5,3.283,11.028
Z944,1,334,167.0,2.799,11.419
Z944,1,335,167.5,2.897,11.601
Z944,1,336,168.0,3.038,11.315
Z944,1,337,168.5,3.38,10.946
Z944,1,338,169.0,2.964,11.322
Z944,1,339,169.5,2.821,11.49
Z944,1,340,170.0,3.394,11.277
Z944,1,341,170.5,3.457,11.085
Z944,1,342,171.0,3.525,10.836
Z944,1,343,171.5,3.136,11.204
Z944,1,344,172.0,3.321,11.159
Z944,1,345,172.5,3.248,11.195
Z944,1,346,173.0,3.462,11.095
Z944,1,347,173.5,3.491,11.026
Z944,1,348,174.0,3.525,10.869
Z944,1,349,174.5,3.37,11.178
Z944,1,350,175.0,2.816,11.278
Z944,1,351,175.5,3.422,10.801
Z944,1,352,176.0,3.044,11.405
Z944,1,353,176.5,3.029,11.295
Z944,1,354,177.0,3.238,10.953
Z944,1,355,177.5,3.638,10.893
Z944,1,356,178.0,3.52,10.786
Z944,1,357,178.5,3.389,10.914
Z944,1,358,179.0,3.611,10.751
Z944,1,359,179.5,3.559,10.914
Z944,1,360,180.0,3.574,10.725
Z944,1,361,180.5,2.859,11.481
Z944,1,362,181.0,3.465,11.166
Z944,1,363,181.5,3.325,10.961
Z944,1,364,182.0,3.399,10.957
Z944,1,365,182.5,3.483,10.903
Z944,1,366,183.0,3.486,10.991
Z944,1,367,183.5,2.838,11.804
Z944,1,368,184.0,3.223,11.078
Z944,1,369,184.5,3.475,10.885
Z944,1,370,185.0,3.149,11.158
Z944,1,371,185.5,2.995,11.111
Z944,1,372,186.0,3.397,10.893
Z944,1,373,186.5,3.148,11.104
Z944,1,374,187.0,2.997,11.107
Z944,1,375,187.5,3.097,11.015
Z944,1,376,188.0,2.913,11.143
Z944,1,377,188.5,2.916,11.173
Z944,1,378,189.0,2.841,11.318
Z944,1,379,189.5,2.671,11.426
Z944,1,380,190.0,3.252,10.955
Z944,1,381,190.5,3.396,10.832
Z944,1,382,191.0,2.9,11.437
Z944,1,383,191.5,2.827,11.471
Z944,1,384,192.0,2.758,11.435
Z944,1,385,192.5,3.117,11.09
Z944,1,386,193.0,2.746,11.253
Z944,1,387,193.5,2.737,11.28
Z944,1,388,194.0,2.967,11.547
Z944,1,389,194.5,3.62,10.627
Z944,1,390,195.0,3.334,10.893
Z944,1,391,195.5,2.864,11.1
Z944,1,392,196.0,3.19,11.005
Z944,1,393,196.5,3.243,10.872
Z944,1,394,197.0,3.678,10.696
Z944,1,395,197.5,3.279,10.884
Z944,1,396,198.0,2.969,11.201
Z944,1,397,198.5,2.958,11.211
Z944,1,398,199.0,3.637,10.603
Z944,1,399,199.5,3.142,11.08
Z944,1,400,200.0,2.934,11.407
Z944,1,401,200.5,3.197,11.06
Z944,1,402,201.0,3.121,11.056
Z944,1,403,201.5,3.439,10.806
Z944,1,404,202.0,3.641,10.766
Z944,1,405,202.5,3.414,10.73
Z944,1,406,203.0,2.991,11.082
Z944,1,407,203.5,3.593,10.859
Z944,1,408,204.0,3.389,10.875
Z944,1,409,204.5,3.157,10.816
Z944,1,410,205.0,3.436,10.655
Z944,1,411,205.5,3.292,10.895
Z944,1,412,206.0,3.598,10.738
Z944,1,413,206.5,3.605,10.864
Z944,1,414,207.0,3.187,11.056
Z944,1,415,207.5,2.854,11.65
Z944,1,416,208.0,3.089,11.101
Z944,1,417,208.5,3.384,10.82
Z944,1,418,209.0,3.329,11.135
Z944,1,419,209.5,2.819,11.191
Z944,1,420,210.0,3.058,11.158
Z944,1,421,210.5,3.451,10.669
Z944,1,422,211.0,3.267,11.075
Z944,1,423,211.5,3.17,11.351
Z944,1,424,212.0,3.513,11.049
Z944,1,425,212.5,2.941,11.252
Z944,1,426,213.0,2.746,11.344
Z944,1,427,213.5,3.091,11.127
Z944,1,428,214.0,2.895,11.153
Z944,1,429,214.5,3.108,11.094
Z944,1,430,215.0,2.995,11.234
Z944,1,431,215.5,2.933,11.256
Z944,1,432,216.0,3.059,11.136
Z944,1,433,216.5,3.009,11.09
Z944,1,434,217.0,2.909,11.409
Z944,1,435,217.5,3.143,11.156
Z944,1,436,218.0,2.993,11.125
Z944,1,437,218.5,3.435,10.637
Z944,1,438,219.0,3.845,10.55
Z944,1,439,219.5,2.691,11.49
Z944,1,440,220.0,3.167,11.138
Z944,1,441,220.5,3.571,10.965
Z944,1,442,221.0,3.205,11.313
Z944,1,443,221.5,3.293,11.008
Z944,1,444,222.0,2.834,11.373
Z944,1,445,222.5,2.939,11.286
Z944,1,446,223.0,2.853,11.215
Z944,1,447,223.5,3.157,11.015
Z944,1,448,224.0,2.84,11.463
Z944,1,449,224.5,3.227,11.086
Z944,1,450,225.0,2.61,11.869
Z944,1,451,225.5,3.139,11.17
Z944,1,452,226.0,2.876,11.542
Z944,1,453,226.5,3.021,11.349
Z944,1,454,227.0,2.694,11.402
Z944,1,455,227.5,2.971,11.554
Z944,1,456,228.0,3.041,11.311
Z944,1,457,228.5,2.959,11.304
Z944,1,458,229.0,2.817,11.661
Z944,1,459,229.5,2.887,11.6
Z944,1,460,230.0,2.503,11.779
Z944,1,461,230.5,2.893,11.489
Z944,1,462,231.0,2.212,11.964
Z944,1,463,231.5,2.866,11.417
Z944,1,464,232.0,2.651,11.663
Z944,1,465,232.5,2.682,11.436
Z944,1,466,233.0,2.498,11.785
Z944,1,467,233.5,2.216,12.155
Z944,1,468,234.0,2.491,11.606
Z944,1,469,234.5,2.925,11.372
Z944,1,470,235.0,3.075,10.997
Z944,1,471,235.5,2.847,11.02
Z944,1,472,236.0,2.936,11.262
Z944,1,473,236.5,2.85,11.25
Z944,1,474,237.0,3.04,11.105
Z944,1,475,237.5,2.133,11.984
Z944,1,476,238.0,2.745,11.424
Z944,1,477,238.5,3.157,10.965
Z944,1,478,239.0,2.427,11.555
Z944,1,479,239.5,2.616,11.416
Z944,1,480,240.0,2.445,11.825
Z944,1,481,240.5,2.821,11.501
Z944,1,482,241.0,2.843,11.311
Z944,1,483,241.5,3.077,11.444
Z944,1,484,242.0,2.962,11.377
Z944,1,485,242.5,2.759,11.385
Z944,1,486,243.0,2.867,11.107
Z944,1,487,243.5,2.796,11.578
Z944,1,488,244.0,3.356,11.142
Z944,1,489,244.5,3.46,10.758
Z944,1,490,245.0,2.844,11.409
Z944,1,491,245.5,3.471,10.751
Z944,1,492,246.0,3.361,11.107
Z944,1,493,246.5,2.889,11.421
Z944,1,494,247.0,3.284,11.09
Z944,1,495,247.5,3.114,11.236
Z944,1,496,248.0,3.13,11.058
Z944,1,497,248.5,2.953,11.295
Z944,1,498,249.0,3.399,10.866
Z944,1,499,249.5,2.739,11.162
Z944,1,500,250.0,2.579,11.563
Z944,1,501,250.5,2.743,11.496
Z944,1,502,251.0,2.711,11.553
Z944,1,503,251.5,2.348,11.836
Z944,1,504,252.0,2.712,11.615
Z944,1,505,252.5,3.443,10.854
Z944,1,506,253.0,2.866,11.663
Z944,1,507,253.5,2.688,11.425
Z944,1,508,254.0,3.295,10.934
Z944,1,509,254.5,2.867,11.395
Z944,1,510,255.0,2.602,11.48
Z944,1,511,255.5,2.525,11.605
Z944,1,512,256.0,2.596,11.741
Z944,1,513,256.5,2.687,11.434
Z944,1,514,257.0,3.179,11.243
Z944,1,515,257.5,2.682,11.475
Z944,1,516,258.0,2.946,11.133
Z944,1,517,258.5,2.931,11.204
Z944,1,518,259.0,2.805,11.321
Z944,1,519,259.5,2.907,11.26
Z944,1,520,260.0,2.711,11.66
Z944,1,521,260.5,2.912,11.447
Z944,1,522,261.0,2.751,11.5
Z944,1,523,261.5,3.352,10.952
Z944,1,524,262.0,3.315,10.985
Z944,1,525,262.5,3.233,10.752
Z944,1,526,263.0,3.281,10.756
Z944,1,527,263.5,3.672,10.484
Z944,1,528,264.0,3.281,10.897
Z944,1,529,264.5,3.104,10.798
Z944,1,530,265.0,3.491,10.633
Z944,1,531,265.5,3.452,10.889
Z944,1,532,266.0,3.342,11.135
Z944,1,533,266.5,2.961,11.283
Z944,1,534,267.0,2.797,11.358
Z944,1,535,267.5,2.492,11.51
Z944,1,536,268.0,2.915,11.323
Z944,1,537,268.5,2.867,11.439
Z944,1,538,269.0,3.516,10.999
Z944,1,539,269.5,2.885,11.417
Z944,1,540,270.0,2.732,11.516
Z944,1,541,270.5,2.702,11.449
Z944,1,542,271.0,2.99,11.308
Z944,1,543,271.5,2.232,11.981
Z944,1,544,272.0,2.525,11.765
Z944,1,545,272.5,2.396,11.781
Z944,1,546,273.0,2.314,11.852
Z944,1,547,273.5,2.443,11.615
Z944,1,548,274.0,2.339,11.795
Z944,1,549,274.5,2.22,12.013
Z944,1,550,275.0,2.515,11.662
Z944,1,551,275.5,2.562,11.834
Z944,1,552,276.0,2.984,11.397
Z944,1,553,276.5,3.158,11.074
Z944,1,554,277.0,2.526,11.772
Z944,1,555,277.5,2.718,11.562
Z944,1,556,278.0,2.927,11.125
Z944,1,557,278.5,2.829,11.341
Z944,1,558,279.0,2.683,11.518
Z944,1,559,279.5,2.534,11.59
Z944,1,560,280.0,2.542,11.584
Z944,1,561,280.5,2.374,11.645
Z944,1,562,281.0,2.532,11.795
Z944,1,563,281.5,2.576,11.556
Z944,1,564,282.0,2.598,11.708
Z944,1,565,282.5,2.721,11.326
Z944,1,566,283.0,2.906,11.413
Z944,1,567,283.5,2.684,11.386
Z944,1,568,284.0,2.848,11.478
Z944,1,569,284.5,2.189,12.078
Z944,1,570,285.0,2.902,11.278
Z944,1,571,285.5,2.747,11.367
Z944,1,572,286.0,2.621,11.559
Z944,1,573,286.5,2.594,11.58
Z944,1,574,287.0,2.741,11.729
Z944,1,575,287.5,2.523,11.592
Z944,1,576,288.0,2.919,11.406
Z944,1,577,288.5,2.66,11.661
Z944,1,578,289.0,2.647,11.573
Z944,1,579,289.5,2.681,11.591
Z944,1,580,290.0,2.709,11.436
Z944,1,581,290.5,2.614,11.691
Z944,1,582,291.0,2.568,11.482
Z944,1,583,291.5,2.642,11.495
Z944,1,584,292.0,2.668,11.254
Z944,1,585,292.5,2.409,11.568
Z944,1,586,293.0,2.922,11.155
Z944,1,587,293.5,2.912,11.224
Z944,1,588,294.0,2.922,11.385
Z944,1,589,294.5,2.74,11.717
Z944,1,590,295.0,2.867,11.384
Z944,1,591,295.5,2.524,11.852
Z944,1,592,296.0,2.66,11.469
Z944,1,593,296.5,2.414,12.095
Z944,1,594,297.0,2.825,11.444
Z944,1,595,297.5,2.826,11.524
Z944,1,596,298.0,2.397,12.046
Z944,1,597,298.5,2.726,11.605
Z944,1,598,299.0,2.538,11.677
Z944,1,599,299.5,2.628,11.515
Z944,2,0,200.0,3.71487,10.358091
Z944,2,1,200.5,3.909315,10.376365
Z944,2,2,201.0,3.578045,10.124094
Z944,2,3,201.5,3.821715,10.006744
Z944,2,4,202.0,3.459803,10.444446
Z944,2,5,202.5,3.980941,10.363984
Z944,2,6,203.0,3.955899,10.281634
Z944,2,7,203.5,3.630729,10.438348
Z944,2,8,204.0,3.790074,10.409814
Z944,2,9,204.5,3.935098,10.183718
Z944,2,10,205.0,3.21979,10.840004
Z944,2,11,205.5,3.370205,10.43137
Z944,2,12,206.0,3.784933,10.476774
Z944,2,13,206.5,3.998707,10.271973
Z944,2,14,207.0,3.794679,10.644963
Z944,2,15,207.5,3.863308,10.498573
Z944,2,16,208.0,3.467375,10.659939
Z944,2,17,208.5,3.581398,10.904844
Z944,2,18,209.0,3.644883,10.767121
Z944,2,19,209.5,3.696749,10.64946
Z944,2,20,210.0,3.552109,11.07865
Z944,2,21,210.5,3.686726,10.64297
Z944,2,22,211.0,4.696403,9.640517
Z944,2,23,211.5,4.640178,9.578615
Z944,2,24,212.0,4.233952,10.031815
Z944,2,25,212.5,4.048094,10.142839
Z944,2,26,213.0,3.712454,10.710534
Z944,2,27,213.5,3.25559,10.92258
Z944,2,28,214.0,3.562065,10.710567
Z944,2,29,214.5,3.649138,10.678723
Z944,2,30,215.0,3.815657,10.54673
Z944,2,31,215.5,4.088209,10.125088
Z944,2,32,216.0,3.898135,10.261244
Z944,2,33,216.5,3.840864,10.268766
Z944,2,34,217.0,4.204761,9.633722
Z944,2,35,217.5,3.580059,10.579201
Z944,2,36,218.0,3.673662,10.753565
Z944,2,37,218.5,3.582148,10.442153
Z944,2,38,219.0,3.574999,10.354025
Z944,2,39,219.5,3.633283,10.53099
Z944,2,40,220.0,3.857928,10.051802
Z944,2,41,220.5,2.488333,11.556163
Z944,2,42,221.0,2.64892,11.005523
Z944,2,43,221.5,3.318395,10.790803
Z944,2,44,222.0,2.922736,10.614323
Z944,2,45,222.5,3.43327,10.941531
Z944,2,46,223.0,3.420182,10.36086
Z944,2,47,223.5,3.201758,10.400206
Z944,2,48,224.0,2.5745,11.109758
Z944,2,49,224.5,2.511912,11.434013
Z944,2,50,225.0,2.915937,11.143931
Z944,2,51,225.5,2.876366,10.873264
Z944,2,52,226.0,2.929704,10.838003
Z944,2,53,226.5,3.313771,10.464107
Z944,2,54,227.0,3.385552,10.655845
Z944,2,55,227.5,2.974222,10.796621
Z944,2,56,228.0,3.437045,10.215782
Z944,2,57,228.5,3.268435,10.823726
Z944,2,58,229.0,2.380029,11.48677
Z944,2,59,229.5,3.552781,10.600643
Z944,2,60,230.0,3.999961,10.300393
Z944,2,61,230.5,4.014935,10.002847
Z944,2,62,231.0,2.793819,11.362789
Z944,2,63,231.5,3.478269,10.4677
Z944,2,64,232.0,3.724312,10.28444
Z944,2,65,232.5,3.669688,10.26398
Z944,2,66,233.0,3.101845,10.542502
Z944,2,67,233.5,3.784424,10.292246
Z944,2,68,234.0,3.890573,10.325521
Z944,2,69,234.5,3.980443,10.093769
Z944,2,70,235.0,3.810883,10.141356
Z944,2,71,235.5,3.740665,10.412642
Z944,2,72,236.0,3.387663,10.671471
Z944,2,73,236.5,3.33644,10.540342
Z944,2,74,237.0,3.226351,10.869281
Z944,2,75,237.5,3.969336,10.190711
Z944,2,76,238.0,3.84061,10.205855
Z944,2,77,238.5,3.590676,10.452102
Z944,2,78,239.0,2.974217,11.164813
Z944,2,79,239.5,2.946617,10.956378
Z944,2,80,240.0,3.229046,11.249824
Z944,2,81,240.5,3.73735,10.528428
Z944,2,82,241.0,3.655978,10.598411
Z944,2,83,241.5,3.890966,10.148456
Z944,2,84,242.0,3.655315,10.45719
Z944,2,85,242.5,3.280289,10.960293
Z944,2,86,243.0,3.859094,10.641499
Z944,2,87,243.5,2.462484,11.425596
Z944,2,88,244.0,3.561469,10.77296
Z944,2,89,244.5,3.460668,10.959483
Z944,2,90,245.0,3.046275,11.34457
Z944,2,91,245.5,3.738944,10.586789
Z944,2,92,246.0,2.977433,11.141797
Z944,2,93,246.5,2.984962,11.026877
Z944,2,94,247.0,3.103857,11.102077
Z944,2,95,247.5,2.493573,12.033712
Z944,2,96,248.0,2.538302,11.527474
Z944,2,97,248.5,2.78554,11.700356
Z944,2,98,249.0,2.356784,11.810056
Z944,2,99,249.5,2.512016,11.575607
Z944,2,100,250.0,2.68719,11.664934
Z944,2,101,250.5,2.14533,11.906518
Z944,2,102,251.0,2.051059,12.24535
Z944,2,103,251.5,2.289318,11.69811
Z944,2,104,252.0,2.158164,11.768332
Z944,2,105,252.5,2.260279,11.948679
Z944,2,106,253.0,1.829294,12.05493
Z944,2,107,253.5,2.269188,11.781096
Z944,2,108,254.0,2.059101,11.968579
Z944,2,109,254.5,2.159286,11.93905
Z944,2,110,255.0,2.40175,11.824924
Z944,2,111,255.5,2.580999,11.755627
Z944,2,112,256.0,2.442673,11.934343
Z944,2,113,256.5,2.651652,11.737842
Z944,2,114,257.0,2.800832,11.361892
Z944,2,115,257.5,2.713712,11.397841
Z944,2,116,258.0,2.665325,11.467107
Z944,2,117,258.5,2.587727,11.501093
Z944,2,118,259.0,2.962934,11.131134
Z944,2,119,259.5,2.989341,10.930941
Z944,2,120,260.0,2.872541,11.228655
Z944,2,121,260.5,2.850199,11.315955
Z944,2,122,261.0,2.879011,11.048984
Z944,2,123,261.5,2.772072,10.994748
Z944,2,124,262.0,2.801686,11.159851
Z944,2,125,262.5,3.002312,10.868268
Z944,2,126,263.0,2.841013,10.890803
Z944,2,127,263.5,2.252557,11.754828
Z944,2,128,264.0,2.446909,11.589721
Z944,2,129,264.5,2.68183,11.050656
Z944,2,130,265.0,3.380342,10.490577
Z944,2,131,265.5,3.591072,10.017214
Z944,2,132,266.0,3.285813,10.558398
Z944,2,133,266.5,2.756334,10.98592
Z944,2,134,267.0,2.445753,11.606409
Z944,2,135,267.5,2.249424,11.620386
Z944,2,136,268.0,2.069557,11.937231
Z944,2,137,268.5,2.11133,11.78381
Z944,2,138,269.0,2.362,11.418561
Z944,2,139,269.5,1.948607,11.97103
Z944,2,140,270.0,2.439358,11.586052
Z944,2,141,270.5,2.898691,10.981494
Z944,2,142,271.0,2.527244,11.343029
Z944,2,143,271.5,2.326724,11.643011
Z944,2,144,272.0,2.544195,11.299722
Z944,2,145,272.5,2.56277,11.503593
Z944,2,146,273.0,2.487243,11.737963
Z944,2,147,273.5,2.652415,11.299333
Z944,2,148,274.0,2.483991,11.110318
Z944,2,149,274.5,2.379439,11.851876
Z944,2,150,275.0,2.377164,11.492461
Z944,2,151,275.5,2.55433,11.241062
Z944,2,152,276.0,2.43712,11.661053
Z944,2,153,276.5,2.507215,11.346764
Z944,2,154,277.0,2.723617,11.428199
Z944,2,155,277.5,2.475698,11.324165
Z944,2,156,278.0,2.469696,11.303437
Z944,2,157,278.5,2.613795,11.181185
Z944,2,158,279.0,2.343591,11.637242
Z944,2,159,279.5,2.56759,11.67605
Z944,2,160,280.0,2.419565,11.370917
Z944,2,161,280.5,2.160189,11.75934
Z944,2,162,281.0,2.966952,11.382772
Z944,2,163,281.5,3.111067,10.749172
Z944,2,164,282.0,2.671087,11.005864
Z944,2,165,282.5,3.349611,10.483259
Z944,2,166,283.0,2.562863,11.234958
Z944,2,167,283.5,2.578324,11.210757
Z944,2,168,284.0,2.275952,11.392719
Z944,2,169,284.5,2.506932,11.607118
Z944,2,170,285.0,2.116819,11.733782
Z944,2,171,285.5,2.660334,10.949042
Z944,2,172,286.0,2.309569,11.702273
Z944,2,173,286.5,2.382948,11.38974
Z944,2,174,287.0,2.668967,10.940252
Z944,2,175,287.5,2.360946,11.69196
Z944,2,176,288.0,2.803211,11.03723
Z944,2,177,288.5,2.460752,11.48806
Z944,2,178,289.0,2.569756,11.463336
Z944,2,179,289.5,2.385103,11.878641
Z944,2,180,290.0,2.273392,11.677194
Z944,2,181,290.5,2.26094,11.629944
Z944,2,182,291.0,2.461944,11.541675
Z944,2,183,291.5,2.12621,11.601293
Z944,2,184,292.0,2.465823,11.639381
Z944,2,185,292.5,2.56715,11.444916
Z944,2,186,293.0,2.150509,11.859697
Z944,2,187,293.5,2.380096,11.654166
Z944,2,188,294.0,2.351416,11.609858
Z944,2,189,294.5,2.304797,11.867125
Z944,2,190,295.0,2.468238,11.832879
Z944,2,191,295.5,2.53976,11.167501
Z944,2,192,296.0,2.353796,11.602493
Z944,2,193,296.5,2.929021,10.890282
Z944,2,194,297.0,2.365864,11.726411
Z944,2,195,297.5,2.21752,11.49894
Z944,2,196,298.0,2.447469,11.390814
Z944,2,197,298.5,2.367689,11.664346
Z944,2,198,299.0,2.421954,11.541539
Z944,2,199,299.5,2.24505,11.693574
Z944,2,200,300.0,2.288906,11.777005
Z944,2,201,300.5,2.283067,11.779774
Z944,2,202,301.0,2.478296,11.515006
Z944,2,203,301.5,2.405779,11.431723
Z944,2,204,302.0,2.555729,11.385773
Z944,2,205,302.5,2.603758,11.515667
Z944,2,206,303.0,2.525344,11.697491
Z944,2,207,303.5,2.289511,11.791925
Z944,2,208,304.0,2.425891,11.660656
Z944,2,209,304.5,2.093941,11.778363
Z944,2,210,305.0,2.538978,11.428201
Z944,2,211,305.5,2.728413,11.422311
Z944,2,212,306.0,2.550964,11.462531
Z944,2,213,306.5,2.417422,11.448429
Z944,2,214,307.0,2.131681,11.837681
Z944,2,215,307.5,2.607603,11.229623
Z944,2,216,308.0,2.475585,11.331287
Z944,2,217,308.5,2.449512,11.56326
Z944,2,218,309.0,2.579338,11.40597
Z944,2,219,309.5,2.44315,11.652674
Z944,2,220,310.0,2.368931,11.735844
Z944,2,221,310.5,2.435902,11.377315
Z944,2,222,311.0,2.485954,11.477521
Z944,2,223,311.5,2.591751,11.287131
Z944,2,224,312.0,2.169703,11.984511
Z944,2,225,312.5,2.291164,11.666497
Z944,2,226,313.0,2.625229,11.106091
Z944,2,227,313.5,2.646305,11.298401
Z944,2,228,314.0,2.801743,11.27262
Z944,2,229,314.5,2.587285,11.399465
Z944,2,230,315.0,2.50607,11.083276
Z944,2,231,315.5,2.615798,11.455205
Z944,2,232,316.0,2.808896,11.184693
Z944,2,233,316.5,2.573496,11.285172
Z944,2,234,317.0,2.391329,11.654306
Z944,2,235,317.5,3.028009,11.178532
Z944,2,236,318.0,2.596332,11.569829
Z944,2,237,318.5,2.527627,11.682429
Z944,2,238,319.0,2.410307,11.422682
Z944,2,239,319.5,2.66092,11.346356
Z944,2,240,320.0,2.567447,11.227939
Z944,2,241,320.5,2.601716,11.606311
Z944,2,242,321.0,2.295823,11.806484
Z944,2,243,321.5,2.08064,12.048892
Z944,2,244,322.0,2.382238,11.835445
Z944,2,245,322.5,2.450708,11.328524
Z944,2,246,323.0,2.371639,11.710657
Z944,2,247,323.5,2.25522,11.982627
Z944,2,248,324.0,2.511767,11.536923
Z944,2,249,324.5,2.390873,11.770133
Z944,2,250,325.0,2.365766,11.944687
Z944,2,251,325.5,2.393202,11.694831
Z944,2,252,326.0,2.43538,11.681354
Z944,2,253,326.5,2.454831,11.624199
Z944,2,254,327.0,2.426042,11.853456
Z944,2,255,327.5,2.441909,11.330017
Z944,2,256,328.0,2.158218,11.911021
Z944,2,257,328.5,2.469787,11.801362
Z944,2,258,329.0,2.321487,12.043497
Z944,2,259,329.5,2.614709,11.785942
Z944,2,260,330.0,2.491901,11.698629
Z944,2,261,330.5,2.921625,11.163381
Z944,2,262,331.0,2.31673,11.871521
Z944,2,263,331.5,2.268317,11.942412
Z944,2,264,332.0,2.394834,11.591688
Z944,2,265,332.5,2.501671,11.458311
Z944,2,266,333.0,2.207663,11.764611
Z944,2,267,333.5,2.266564,11.645463
Z944,2,268,334.0,2.389121,11.644222
Z944,2,269,334.5,2.437569,11.847073
Z944,2,270,335.0,2.330128,11.664861
Z944,2,271,335.5,2.607533,11.473828
Z944,2,272,336.0,2.434622,11.929891
Z944,2,273,336.5,2.576493,11.643595
Z944,2,274,337.0,2.24425,12.074044
Z944,2,275,337.5,2.309141,11.929879
Z944,2,276,338.0,2.508496,11.443488
Z944,2,277,338.5,2.417063,11.706458
Z944,2,278,339.0,2.447784,11.909532
Z944,2,279,339.5,2.599387,11.435816
Z944,2,280,340.0,2.676012,11.603709
Z944,2,281,340.5,2.451139,11.80628
Z944,2,282,341.0,2.580041,11.313905
Z944,2,283,341.5,2.302645,11.772212
Z944,2,284,342.0,2.579571,11.283574
Z944,2,285,342.5,2.377198,11.861825
Z944,2,286,343.0,2.429739,11.723821
Z944,2,287,343.5,2.25236,11.715424
Z944,2,288,344.0,2.412963,11.774978
Z944,2,289,344.5,2.535065,11.377641
Z944,2,290,345.0,2.613483,11.574934
Z944,2,291,345.5,2.207995,11.9636
Z944,2,292,346.0,3.010566,11.263977
Z944,2,293,346.5,2.376935,11.79243
Z944,2,294,347.0,2.32695,11.576017
Z944,2,295,347.5,2.456408,11.692286
Z944,2,296,348.0,2.072593,11.85839
Z944,2,297,348.5,2.088891,11.938707
Z944,2,298,349.0,2.625203,11.038654
Z944,2,299,349.5,2.338136,11.833154
Z944,2,300,350.0,2.436022,11.484186
Z944,2,301,350.5,2.323482,12.150035
Z944,2,302,351.0,2.487853,11.359995
Z944,2,303,351.5,2.524716,11.908565
Z944,2,304,352.0,2.491943,11.654686
Z944,2,305,352.5,2.61499,11.326683
Z944,2,306,353.0,2.595492,11.379629
Z944,2,307,353.5,2.766622,11.135504
Z944,2,308,354.0,2.298272,11.752697
Z944,2,309,354.5,2.437327,11.517944
Z944,2,310,355.0,2.602545,11.256715
Z944,2,311,355.5,2.62967,10.9439
Z944,2,312,356.0,2.330749,11.76021
Z944,2,313,356.5,2.205415,11.623013
Z944,2,314,357.0,2.56411,11.594516
Z944,2,315,357.5,2.225832,11.814925
Z944,2,316,358.0,2.417075,11.78583
Z944,2,317,358.5,2.726882,11.530032
Z944,2,318,359.0,2.135003,12.008256
Z944,2,319,359.5,2.481194,11.489824
Z944,2,320,360.0,2.507971,11.678083
Z944,2,321,360.5,2.570976,11.509734
Z944,2,322,361.0,2.3018,11.819766
Z944,2,323,361.5,2.411946,11.449214
Z944,2,324,362.0,2.39312,11.491638
Z944,2,325,362.5,2.349046,11.752089
Z944,2,326,363.0,2.488123,11.518712
Z944,2,327,363.5,2.465088,11.468862
Z944,2,328,364.0,2.264305,11.552191
Z944,2,329,364.5,2.509034,11.31399
Z944,2,330,365.0,2.306731,11.433244
Z944,2,331,365.5,2.307769,11.476655
Z944,2,332,366.0,2.429301,11.345777
Z944,2,333,366.5,2.139245,12.099531
Z944,2,334,367.0,2.109227,11.620688
Z944,2,335,367.5,2.369059,11.698963
Z944,2,336,368.0,2.241504,11.621502
Z944,2,337,368.5,2.337248,11.708674
Z944,2,338,369.0,2.613798,11.308017
Z944,2,339,369.5,2.419807,11.754491
Z944,2,340,370.0,2.399116,11.54231
Z944,2,341,370.5,2.626375,11.44523
Z944,2,342,371.0,2.17387,11.965471
Z944,2,343,371.5,2.455945,11.759448
Z944,2,344,372.0,2.322293,11.508496
Z944,2,345,372.5,2.673572,11.432504
Z944,2,346,373.0,2.235135,11.844791
Z944,2,347,373.5,2.334806,11.839715
Z944,2,348,374.0,2.717678,11.223979
Z944,2,349,374.5,2.230642,11.598374
Z944,2,350,375.0,2.291881,11.478696
Z944,2,351,375.5,2.412387,11.820931
Z944,2,352,376.0,2.554737,11.678873
Z944,2,353,376.5,2.590602,11.436089
Z944,2,354,377.0,2.384293,11.354967
Z944,2,355,377.5,2.487368,11.585997
Z944,2,356,378.0,2.455469,11.733661
Z944,2,357,378.5,2.435964,11.651284
Z944,2,358,379.0,2.831833,11.368464
Z944,2,359,379.5,2.654443,11.251274
Z944,2,360,380.0,2.443403,11.539157
Z944,2,361,380.5,2.714952,11.265363
Z944,2,362,381.0,2.609779,11.33052
Z944,2,363,381.5,2.541594,11.652402
Z944,2,364,382.0,2.453294,11.384196
Z944,2,365,382.5,2.508133,11.673026
Z944,2,366,383.0,2.450239,11.534435
Z944,2,367,383.5,2.444357,11.702689
Z944,2,368,384.0,2.318113,11.801445
Z944,2,369,384.5,2.326924,11.751869
Z944,2,370,385.0,2.193252,11.636555
Z944,2,371,385.5,2.504883,11.439754
Z944,2,372,386.0,2.372309,11.634984
Z944,2,373,386.5,2.466828,11.577241
Z944,2,374,387.0,2.385104,11.500765
Z944,2,375,387.5,2.569016,11.145825
Z944,2,376,388.0,2.228869,11.443345
Z944,2,377,388.5,1.911897,11.881956
Z944,2,378,389.0,2.087596,11.657162
Z944,2,379,389.5,2.41476,11.427692
Z944,2,380,390.0,2.259588,11.50472
Z944,2,381,390.5,2.195534,11.771824
Z944,2,382,391.0,2.057899,11.841619
Z944,2,383,391.5,2.179093,11.743075
Z944,2,384,392.0,2.403685,11.436755
Z944,2,385,392.5,2.567564,11.15889
Z944,2,386,393.0,2.728188,11.524575
Z944,2,387,393.5,2.650654,11.220052
Z944,2,388,394.0,2.307317,11.541554
Z944,2,389,394.5,1.977166,12.050533
Z944,2,390,395.0,1.657426,12.199173
Z944,2,391,395.5,1.345163,12.281592
Z944,2,392,396.0,1.363278,12.29591
Z944,2,393,396.5,0.932912,12.576719
Z944,2,394,397.0,1.536681,12.409532
Z944,2,395,397.5,1.609853,12.606454
Z944,2,396,398.0,1.471363,12.462999
Z944,2,397,398.5,1.148483,12.598758
Z944,2,398,399.0,1.16652,12.480739
Z944,2,399,399.5,1.444317,12.887083
Z944,2,400,400.0,2.756977,12.337471
Z944,2,401,400.5,1.934056,12.266363
Z944,2,402,401.0,2.5012,11.927237
Z944,2,403,401.5,2.589422,11.66656
Z944,2,404,402.0,2.476208,12.251546
Z944,2,405,402.5,1.392523,12.932115
Z944,2,406,403.0,1.807531,13.087039
Z944,2,407,403.5,1.270522,13.033074
Z944,2,408,404.0,1.986793,12.104825
Z944,2,409,404.5,2.569293,11.587428
Z944,2,410,405.0,2.187972,11.778689
Z944,2,411,405.5,2.094778,11.90739
Z944,2,412,406.0,2.282886,11.671893
Z944,2,413,406.5,2.509106,11.525185
Z944,2,414,407.0,2.470147,11.657251
Z944,2,415,407.5,2.729889,11.289767
Z944,2,416,408.0,2.317888,11.716606
Z944,2,417,408.5,2.390056,11.653232
Z944,2,418,409.0,2.4309,11.613392
Z944,2,419,409.5,2.533478,11.440616
Z944,2,420,410.0,2.795573,11.302194
Z944,2,421,410.5,2.787702,11.43349
Z944,2,422,411.0,2.533409,11.368912
Z944,2,423,411.5,2.576984,11.272603
Z944,2,424,412.0,2.536232,11.288654
Z944,2,425,412.5,2.587872,11.2195
Z944,2,426,413.0,2.565293,11.532772
Z944,2,427,413.5,2.509474,11.582106
Z944,2,428,414.0,2.544321,11.484903
Z944,2,429,414.5,2.825865,11.284823
Z944,2,430,415.0,2.703309,11.491335
Z944,2,431,415.5,2.268716,11.79965
Z944,2,432,416.0,2.653479,11.422817
Z944,2,433,416.5,2.526679,11.310615
Z944,2,434,417.0,2.626168,11.458763
Z944,2,435,417.5,2.79565,11.285031
Z944,2,436,418.0,2.692104,11.586258
Z944,2,437,418.5,2.684758,11.549222
Z944,2,438,419.0,2.677474,11.432997
Z944,2,439,419.5,2.072027,11.625242
Z944,2,440,420.0,2.688049,11.159347
Z944,2,441,420.5,2.739966,11.391777
Z944,2,442,421.0,2.611666,11.622208
Z944,2,443,421.5,2.520551,11.697066
Z944,2,444,422.0,2.352612,11.809093
Z944,2,445,422.5,2.612123,11.275466
Z944,2,446,423.0,2.69401,11.497699
Z944,2,447,423.5,2.79925,11.710089
Z944,2,448,424.0,2.966567,11.358344
Z944,2,449,424.5,2.711084,11.559877
Z944,2,450,425.0,2.986672,11.293744
Z944,2,451,425.5,2.634403,11.454522
Z944,2,452,426.0,2.441836,11.651762
Z944,2,453,426.5,2.44093,11.743651
Z944,2,454,427.0,2.742561,11.100593
Z944,2,455,427.5,2.675921,11.549871
Z944,2,456,428.0,2.241129,11.545017
Z944,2,457,428.5,2.26857,11.556731
Z944,2,458,429.0,2.196388,12.01445
Z944,2,459,429.5,2.526707,11.31021
Z944,2,460,430.0,2.640739,11.465532
Z944,2,461,430.5,2.674172,11.391144
Z944,2,462,431.0,2.418011,11.712185
Z944,2,463,431.5,2.15633,11.978162
Z944,2,464,432.0,2.597967,11.928193
Z944,2,465,432.5,2.639186,11.686584
Z944,2,466,433.0,2.466283,11.787157
Z944,2,467,433.5,2.917141,11.147429
Z944,2,468,434.0,2.518209,11.317768
Z944,2,469,434.5,2.53678,11.550685
Z944,2,470,435.0,2.506523,11.639813
Z944,2,471,435.5,2.522656,11.482897
Z944,2,472,436.0,2.460332,11.523873
Z944,2,473,436.5,2.365153,11.578101
Z944,2,474,437.0,2.52191,11.287646
Z944,2,475,437.5,2.361381,11.447968
Z944,2,476,438.0,2.292032,11.692756
Z944,2,477,438.5,2.571776,11.390966
Z944,2,478,439.0,2.659113,11.379341
Z944,2,479,439.5,2.282387,11.690599
Z944,2,480,440.0,2.309682,11.885376
Z944,2,481,440.5,2.237682,12.459566
Z944,2,482,441.0,2.633039,11.516316
Z944,2,483,441.5,2.453836,11.76561
Z944,2,484,442.0,2.322019,11.674672
Z944,2,485,442.5,2.489449,11.773517
Z944,2,486,443.0,2.759635,11.502648
Z944,2,487,443.5,2.395067,11.819907
Z944,2,488,444.0,2.354152,12.060239
Z944,2,489,444.5,2.571355,11.93711
Z944,2,490,445.0,2.770886,11.60216
Z944,2,491,445.5,2.97481,11.22026
Z944,2,492,446.0,2.516332,11.504811
Z944,2,493,446.5,2.586666,11.871644
Z944,2,494,447.0,2.620042,11.587175
Z944,2,495,447.5,2.620309,11.621206
Z944,2,496,448.0,2.79957,11.656524
Z944,2,497,448.5,2.472856,11.521013
Z944,2,498,449.0,2.797378,11.503627
Z944,2,499,449.5,2.660598,11.285307
Z944,2,500,450.0,2.332436,11.51156
Z944,2,501,450.5,2.33022,11.724061
Z944,2,502,451.0,2.36477,11.709129
Z944,2,503,451.5,2.514495,11.742555
Z944,2,504,452.0,2.406236,11.592078
Z944,2,505,452.5,2.760523,11.379944
Z944,2,506,453.0,3.15162,10.918286
Z944,2,507,453.5,3.099702,10.68586
Z944,2,508,454.0,2.845694,11.021271
Z944,2,509,454.5,2.682292,11.444901
Z944,2,510,455.0,2.851092,11.053924
Z944,2,511,455.5,2.824156,10.975907
Z944,2,512,456.0,2.509991,11.207557
Z944,2,513,456.5,2.544312,11.349651
Z944,2,514,457.0,2.82323,11.315507
Z944,2,515,457.5,2.016797,11.948426
Z944,2,516,458.0,2.509654,11.620286
Z944,2,517,458.5,2.613201,11.450459
Z944,2,518,459.0,2.796766,11.532556
Z944,2,519,459.5,2.92683,11.103807
Z944,2,520,460.0,2.936613,10.967082
Z944,2,521,460.5,2.796572,11.314505
Z944,2,522,461.0,3.083737,10.778657
Z944,2,523,461.5,3.117549,10.927863
Z944,2,524,462.0,2.417333,11.766136
Z944,2,525,462.5,2.746716,11.399544
Z944,2,526,463.0,2.726146,11.080178
Z944,2,527,463.5,2.902454,10.977671
Z944,2,528,464.0,2.688698,11.302805
Z944,2,529,464.5,2.4707,11.409574
Z944,2,530,465.0,2.569814,11.615861
Z944,2,531,465.5,2.829684,11.141074
Z944,2,532,466.0,1.523251,12.444412
Z944,2,533,466.5,3.073863,12.228396
Z944,2,534,467.0,2.673453,12.60484
Z944,2,535,467.5,2.575964,12.349874
Z944,2,536,468.0,2.389309,12.902207
Z944,2,537,468.5,2.263549,11.573918
Z944,2,538,469.0,1.619537,12.172379
Z944,2,539,469.5,1.797223,12.418098
Z944,2,540,470.0,1.796603,12.168229
Z944,2,541,470.5,1.134294,12.602334
Z944,2,542,471.0,1.678168,12.343138
Z944,2,543,471.5,1.577118,12.447387
Z944,2,544,472.0,1.575329,12.781097
Z944,2,545,472.5,1.616725,12.631517
Z944,2,546,473.0,1.407827,12.336943
Z944,2,547,473.5,1.282737,12.780542
Z944,2,548,474.0,1.380451,12.292936
Z944,2,549,474.5,1.553906,12.864841
Z944,2,550,475.0,1.515261,12.700154
Z944,2,551,475.5,1.492457,12.569627
Z944,2,552,476.0,1.576597,12.492037
Z944,2,553,476.5,1.184391,12.734979
Z944,2,554,477.0,1.43198,12.372511
Z944,2,555,477.5,1.775522,12.255176
Z944,2,556,478.0,1.115897,12.680792
Z944,2,557,478.5,1.441134,12.769595
Z944,2,558,479.0,1.641001,12.628621
Z944,2,559,479.5,1.292276,12.848634
Z944,2,560,480.0,1.720714,12.356161
Z944,2,561,480.5,1.162937,12.499736
Z944,2,562,481.0,1.578712,12.414782
Z944,2,563,481.5,2.006495,11.788319
Z944,2,564,482.0,1.698345,12.301573
Z944,2,565,482.5,1.375695,12.623613
Z944,2,566,483.0,1.579705,12.324743
Z944,2,567,483.5,1.742457,12.577663
Z944,2,568,484.0,1.709092,12.457577
Z944,2,569,484.5,1.673939,12.336378
Z944,2,570,485.0,1.552494,12.801808
Z944,2,571,485.5,1.373042,12.534568
Z944,2,572,486.0,1.487255,12.288685
Z944,2,573,486.5,1.470278,12.418519
Z944,2,574,487.0,1.662385,12.52709
Z944,2,575,487.5,1.369292,12.971329
Z944,2,576,488.0,1.193947,12.552085
Z944,2,577,488.5,1.291296,12.679872
Z944,2,578,489.0,1.232667,12.920089
Z944,2,579,489.5,2.004139,12.368083
Z944,2,580,490.0,2.281421,12.665396
Z944,2,581,490.5,2.026876,12.420513
Z944,2,582,491.0,2.138956,12.24931
Z944,2,583,491.5,2.028613,12.151601
Z944,2,584,492.0,1.995591,12.159677
Z944,2,585,492.5,2.112249,12.45145
Z944,2,586,493.0,1.609489,12.623449
Z944,2,587,493.5,2.329536,12.504887
Z944,2,588,494.0,2.014437,12.177304
Z944,2,589,494.5,2.022425,12.641813
Z944,2,590,495.0,2.364179,12.079712
Z944,2,591,495.5,2.21531,12.52011
Z944,2,592,496.0,2.41428,12.094034
Z944,2,593,496.5,2.436436,12.079396
Z944,2,594,497.0,2.032171,12.239473
Z944,2,595,497.5,2.448083,12.447811
Z944,2,596,498.0,2.391736,12.5669
Z944,2,597,498.5,2.081669,12.224045
Z944,2,598,499.0,1.480022,12.577682
Z944,2,599,499.5,1.734372,11.890863
Z944,3,0,200.0,5.24634,9.621259
Z944,3,1,200.5,4.944478,9.293723
Z944,3,2,201.0,5.596363,9.29067
Z944,3,3,201.5,5.256056,9.269465
Z944,3,4,202.0,5.285892,9.725681
Z944,3,5,202.5,5.273344,9.530142
Z944,3,6,203.0,5.826263,9.297835
Z944,3,7,203.5,5.099907,9.581547
Z944,3,8,204.0,5.275194,9.272674
Z944,3,9,204.5,5.570793,9.285893
Z944,3,10,205.0,5.293267,9.218545
Z944,3,11,205.5,5.155241,9.493118
Z944,3,12,206.0,4.978558,9.641248
Z944,3,13,206.5,4.737433,10.039498
Z944,3,14,207.0,5.476857,9.573417
Z944,3,15,207.5,4.909737,9.498852
Z944,3,16,208.0,4.925461,9.754512
Z944,3,17,208.5,5.314812,9.367367
Z944,3,18,209.0,5.125538,9.744666
Z944,3,19,209.5,5.008874,9.83053
Z944,3,20,210.0,4.596056,9.990369
Z944,3,21,210.5,5.024889,9.693747
Z944,3,22,211.0,4.768565,9.834912
Z944,3,23,211.5,4.401108,10.238235
Z944,3,24,212.0,5.26045,9.874324
Z944,3,25,212.5,4.398237,10.176003
Z944,3,26,213.0,4.23332,10.056214
Z944,3,27,213.5,4.115426,9.742637
Z944,3,28,214.0,4.276748,10.558376
Z944,3,29,214.5,4.378406,10.22196
Z944,3,30,215.0,4.361785,9.825423
Z944,3,31,215.5,5.319874,9.930317
Z944,3,32,216.0,5.069036,9.890543
Z944,3,33,216.5,5.500241,9.713993
Z944,3,34,217.0,4.646466,9.710996
Z944,3,35,217.5,4.351953,10.302242
Z944,3,36,218.0,4.575512,9.853191
Z944,3,37,218.5,4.182302,9.948654
Z944,3,38,219.0,3.54021,10.51006
Z944,3,39,219.5,3.847882,10.255511
Z944,3,40,220.0,3.910303,10.186423
Z944,3,41,220.5,3.984266,10.093862
Z944,3,42,221.0,4.424318,9.514022
Z944,3,43,221.5,4.075208,10.183023
Z944,3,44,222.0,4.34211,10.036052
Z944,3,45,222.5,4.291976,10.384062
Z944,3,46,223.0,4.445432,9.846938
Z944,3,47,223.5,4.564462,10.465241
Z944,3,48,224.0,4.321841,10.97472
Z944,3,49,224.5,4.07971,10.413375
Z944,3,50,225.0,4.125152,10.159506
Z944,3,51,225.5,4.437586,10.389359
Z944,3,52,226.0,4.304441,10.360952
Z944,3,53,226.5,4.386572,10.484021
Z944,3,54,227.0,4.447768,10.532485
Z944,3,55,227.5,4.334391,10.324517
Z944,3,56,228.0,4.259573,10.546852
Z944,3,57,228.5,3.399495,10.923786
Z944,3,58,229.0,3.60114,10.78069
Z944,3,59,229.5,4.226039,10.041083
Z944,3,60,230.0,5.018795,9.596767
Z944,3,61,230.5,4.522144,10.039214
Z944,3,62,231.0,4.309056,9.960546
Z944,3,63,231.5,4.648228,10.206118
Z944,3,64,232.0,4.572167,10.025723
Z944,3,65,232.5,4.261878,9.782961
Z944,3,66,233.0,4.243385,9.89685
Z944,3,67,233.5,4.325459,9.871719
Z944,3,68,234.0,4.237715,9.858745
Z944,3,69,234.5,3.224032,10.877623
Z944,3,70,235.0,3.407986,10.704233
Z944,3,71,235.5,3.38023,10.80166
Z944,3,72,236.0,4.064793,10.327378
Z944,3,73,236.5,3.533626,10.60796
Z944,3,74,237.0,3.455064,10.436701
Z944,3,75,237.5,3.876037,10.31993
Z944,3,76,238.0,3.967624,10.556667
Z944,3,77,238.5,3.248633,10.783172
Z944,3,78,239.0,3.306795,10.926602
Z944,3,79,239.5,2.635965,11.557331
Z944,3,80,240.0,2.937176,11.298782
Z944,3,81,240.5,3.423962,10.630628
Z944,3,82,241.0,3.311324,10.799255
Z944,3,83,241.5,3.034141,11.234955
Z944,3,84,242.0,3.329825,11.050477
Z944,3,85,242.5,3.372381,10.364077
Z944,3,86,243.0,3.184031,11.119698
Z944,3,87,243.5,3.021204,11.07869
Z944,3,88,244.0,3.717784,10.888228
Z944,3,89,244.5,3.241417,11.319747
Z944,3,90,245.0,3.44423,11.045973
Z944,3,91,245.5,3.12773,11.467901
Z944,3,92,246.0,3.419078,10.874537
Z944,3,93,246.5,3.38502,11.375499
Z944,3,94,247.0,3.125058,11.289635
Z944,3,95,247.5,3.11709,11.607485
Z944,3,96,248.0,3.289889,11.326541
Z944,3,97,248.5,3.329517,11.302622
Z944,3,98,249.0,3.382621,10.970871
Z944,3,99,249.5,3.550544,10.58281
Z944,3,100,250.0,3.2587,10.851885
Z944,3,101,250.5,3.355869,11.231122
Z944,3,102,251.0,2.952862,10.851671
Z944,3,103,251.5,3.131891,11.35521
Z944,3,104,252.0,3.230827,10.67337
Z944,3,105,252.5,3.968249,10.008927
Z944,3,106,253.0,2.958767,10.952347
Z944,3,107,253.5,4.167082,10.317926
Z944,3,108,254.0,3.325657,11.035536
Z944,3,109,254.5,3.244573,11.125182
Z944,3,110,255.0,3.055642,11.456481
Z944,3,111,255.5,3.286392,10.82457
Z944,3,112,256.0,3.327375,10.917158
Z944,3,113,256.5,3.089669,11.329238
Z944,3,114,257.0,2.937318,11.325682
Z944,3,115,257.5,3.499369,10.78018
Z944,3,116,258.0,3.385472,10.65027
Z944,3,117,258.5,3.104401,10.964592
Z944,3,118,259.0,3.456852,10.577372
Z944,3,119,259.5,3.366781,11.283655
Z944,3,120,260.0,3.01239,10.866387
Z944,3,121,260.5,2.671753,11.645789
Z944,3,122,261.0,3.499286,10.470567
Z944,3,123,261.5,2.987828,11.002294
Z944,3,124,262.0,3.01957,10.701919
Z944,3,125,262.5,3.671596,10.50439
Z944,3,126,263.0,3.235801,10.624244
Z944,3,127,263.5,3.034782,10.515011
Z944,3,128,264.0,3.226294,11.02999
Z944,3,129,264.5,3.704953,10.769851
Z944,3,130,265.0,2.849763,11.705354
Z944,3,131,265.5,2.951954,11.242637
Z944,3,132,266.0,3.914923,10.508119
Z944,3,133,266.5,2.748355,11.246718
Z944,3,134,267.0,3.151913,10.934439
Z944,3,135,267.5,2.769154,11.182247
Z944,3,136,268.0,3.423382,10.613817
Z944,3,137,268.5,3.434788,10.521339
Z944,3,138,269.0,3.42287,10.624565
Z944,3,139,269.5,3.191463,11.203936
Z944,3,140,270.0,3.313603,10.720538
Z944,3,141,270.5,3.451018,10.677102
Z944,3,142,271.0,3.177244,10.973188
Z944,3,143,271.5,3.591632,10.597337
Z944,3,144,272.0,3.307596,10.680159
Z944,3,145,272.5,3.41658,10.668361
Z944,3,146,273.0,3.436939,10.60755
Z944,3,147,273.5,3.744379,10.394024
Z944,3,148,274.0,3.492027,10.527493
Z944,3,149,274.5,3.450802,10.451092
Z944,3,150,275.0,3.144624,10.711087
Z944,3,151,275.5,3.685692,10.360908
Z944,3,152,276.0,3.818783,10.449718
Z944,3,153,276.5,3.345209,10.774516
Z944,3,154,277.0,3.112398,10.787056
Z944,3,155,277.5,3.731962,10.593776
Z944,3,156,278.0,3.849647,10.534512
Z944,3,157,278.5,3.65329,10.415106
Z944,3,158,279.0,3.289132,10.78491
Z944,3,159,279.5,3.540937,10.617552
Z944,3,160,280.0,3.111126,11.028456
Z944,3,161,280.5,3.506315,10.517514
Z944,3,162,281.0,3.644783,10.378255
Z944,3,163,281.5,3.387757,10.550151
Z944,3,164,282.0,3.294432,10.807876
Z944,3,165,282.5,3.440957,10.392175
Z944,3,166,283.0,3.480569,10.479968
Z944,3,167,283.5,2.924661,10.913478
Z944,3,168,284.0,2.998729,10.521025
Z944,3,169,284.5,3.197092,10.765967
Z944,3,170,285.0,3.273245,10.936439
Z944,3,171,285.5,3.639445,10.465116
Z944,3,172,286.0,3.596095,10.411119
Z944,3,173,286.5,3.473134,10.397649
Z944,3,174,287.0,3.441251,10.78627
Z944,3,175,287.5,2.870133,10.997738
Z944,3,176,288.0,3.33818,10.884834
Z944,3,177,288.5,3.331048,10.861602
Z944,3,178,289.0,3.155137,11.005116
Z944,3,179,289.5,3.521346,10.701223
Z944,3,180,290.0,3.715649,10.585267
Z944,3,181,290.5,3.394945,10.727038
Z944,3,182,291.0,3.114463,10.9875
Z944,3,183,291.5,2.942176,11.072986
Z944,3,184,292.0,3.034615,10.920027
Z944,3,185,292.5,3.146572,10.982767
Z944,3,186,293.0,3.704595,10.868961
Z944,3,187,293.5,3.097937,10.784621
Z944,3,188,294.0,3.491626,10.627032
Z944,3,189,294.5,3.269896,10.764883
Z944,3,190,295.0,3.023981,11.2201
Z944,3,191,295.5,4.270733,10.110227
Z944,3,192,296.0,3.261227,10.721167
Z944,3,193,296.5,3.515425,11.196884
Z944,3,194,297.0,3.201378,11.173192
Z944,3,195,297.5,3.853538,11.016574
Z944,3,196,298.0,3.796171,10.422977
Z944,3,197,298.5,4.275069,10.234566
Z944,3,198,299.0,3.589078,10.674022
Z944,3,199,299.5,3.864579,10.58585
Z944,3,200,300.0,3.801809,10.655717
Z944,3,201,300.5,3.956628,10.229795
Z944,3,202,301.0,3.315196,10.968709
Z944,3,203,301.5,2.903802,10.958537
Z944,3,204,302.0,3.374979,11.058695
Z944,3,205,302.5,3.299219,10.924866
Z944,3,206,303.0,3.132437,10.93135
Z944,3,207,303.5,3.365144,10.712024
Z944,3,208,304.0,3.749477,10.554339
Z944,3,209,304.5,3.496742,10.328275
Z944,3,210,305.0,3.93925,10.070256
Z944,3,211,305.5,4.119157,9.99238
Z944,3,212,306.0,3.884925,10.589926
Z944,3,213,306.5,3.087191,11.406641
Z944,3,214,307.0,3.300344,10.592051
Z944,3,215,307.5,3.431967,10.624692
Z944,3,216,308.0,3.469276,10.554926
Z944,3,217,308.5,3.191465,10.856986
Z944,3,218,309.0,3.190365,11.015622
Z944,3,219,309.5,4.016324,10.090868
Z944,3,220,310.0,3.14087,10.648076
Z944,3,221,310.5,4.01883,10.465653
Z944,3,222,311.0,3.853892,10.656198
Z944,3,223,311.5,3.39392,10.703013
Z944,3,224,312.0,3.196112,10.69194
Z944,3,225,312.5,2.930516,10.930273
Z944,3,226,313.0,3.645809,10.514819
Z944,3,227,313.5,3.190545,10.726014
Z944,3,228,314.0,3.4433,10.543678
Z944,3,229,314.5,3.357114,10.311733
Z944,3,230,315.0,3.667127,10.40284
Z944,3,231,315.5,3.719572,10.482373
Z944,3,232,316.0,3.223549,10.632195
Z944,3,233,316.5,2.954753,10.757042
Z944,3,234,317.0,3.438151,10.691803
Z944,3,235,317.5,3.291223,11.22909
Z944,3,236,318.0,3.359983,10.487755
Z944,3,237,318.5,3.493953,10.558881
Z944,3,238,319.0,3.253602,10.75651
Z944,3,239,319.5,3.444492,10.659665
Z944,3,240,320.0,3.352342,10.914904
Z944,3,241,320.5,3.79352,10.691013
Z944,3,242,321.0,3.526247,10.626002
Z944,3,243,321.5,3.245157,10.80653
Z944,3,244,322.0,3.361385,10.305448
Z944,3,245,322.5,3.404069,10.874295
Z944,3,246,323.0,3.541242,10.861021
Z944,3,247,323.5,3.310977,11.205736
Z944,3,248,324.0,3.172506,11.002371
Z944,3,249,324.5,3.287299,10.787265
Z944,3,250,325.0,3.265025,10.522344
Z944,3,251,325.5,3.374064,10.542316
Z944,3,252,326.0,3.212154,10.610404
Z944,3,253,326.5,3.426709,10.614899
Z944,3,254,327.0,3.178562,10.539145
Z944,3,255,327.5,3.221268,11.130962
Z944,3,256,328.0,3.818126,10.314262
Z944,3,257,328.5,3.813847,10.185984
Z944,3,258,329.0,3.762346,10.615152
Z944,3,259,329.5,3.932549,9.92303
Z944,3,260,330.0,3.635429,10.259728
Z944,3,261,330.5,4.171163,10.132116
Z944,3,262,331.0,3.374075,10.516763
Z944,3,263,331.5,3.447491,10.529693
Z944,3,264,332.0,3.606327,10.368639
Z944,3,265,332.5,3.621765,10.335566
Z944,3,266,333.0,3.335627,10.621366
Z944,3,267,333.5,3.185456,10.652575
Z944,3,268,334.0,3.45377,10.719072
Z944,3,269,334.5,2.742849,10.867233
Z944,3,270,335.0,3.758892,10.637769
Z944,3,271,335.5,3.494788,10.768774
Z944,3,272,336.0,3.354159,10.654616
Z944,3,273,336.5,3.872058,9.824966
Z944,3,274,337.0,3.397179,10.573339
Z944,3,275,337.5,3.721803,10.696483
Z944,3,276,338.0,3.707464,10.239168
Z944,3,277,338.5,3.612508,10.052141
Z944,3,278,339.0,4.346393,9.961797
Z944,3,279,339.5,3.570492,10.602971
Z944,3,280,340.0,3.378619,10.590694
Z944,3,281,340.5,3.114956,10.786193
Z944,3,282,341.0,3.390962,10.421554
Z944,3,283,341.5,3.482148,10.40414
Z944,3,284,342.0,3.553266,10.648214
Z944,3,285,342.5,3.565203,10.654123
Z944,3,286,343.0,3.290334,10.673753
Z944,3,287,343.5,3.528271,10.766665
Z944,3,288,344.0,3.749208,10.718411
Z944,3,289,344.5,3.398357,10.596209
Z944,3,290,345.0,4.191584,10.21226
Z944,3,291,345.5,3.142664,10.616326
Z944,3,292,346.0,3.442282,10.574967
Z944,3,293,346.5,3.455411,10.701018
Z944,3,294,347.0,3.115615,10.7017
Z944,3,295,347.5,3.51804,10.398002
Z944,3,296,348.0,4.031364,9.969152
Z944,3,297,348.5,2.901208,11.118184
Z944,3,298,349.0,2.928158,11.241855
Z944,3,299,349.5,3.077339,10.94732
Z944,3,300,350.0,3.296363,10.697031
Z944,3,301,350.5,3.017007,10.727496
Z944,3,302,351.0,3.648564,10.655462
Z944,3,303,351.5,3.693639,10.183051
Z944,3,304,352.0,3.061438,10.932319
Z944,3,305,352.5,3.172884,10.710577
Z944,3,306,353.0,3.562988,10.584226
Z944,3,307,353.5,3.705004,10.447117
Z944,3,308,354.0,3.165727,11.105425
Z944,3,309,354.5,3.496991,10.562789
Z944,3,310,355.0,3.967378,9.968217
Z944,3,311,355.5,3.971711,10.438821
Z944,3,312,356.0,3.781276,10.089685
Z944,3,313,356.5,3.554381,10.626511
Z944,3,314,357.0,3.584757,10.661951
Z944,3,315,357.5,3.578336,10.690395
Z944,3,316,358.0,3.905775,10.289418
Z944,3,317,358.5,3.988437,10.260121
Z944,3,318,359.0,3.775954,10.54616
Z944,3,319,359.5,3.910719,10.205911
Z944,3,320,360.0,3.430075,10.921768
Z944,3,321,360.5,3.974019,10.285284
Z944,3,322,361.0,3.841227,10.371888
Z944,3,323,361.5,3.515836,10.880214
Z944,3,324,362.0,3.294725,10.862923
Z944,3,325,362.5,4.039749,10.252915
Z944,3,326,363.0,3.390561,11.108555
Z944,3,327,363.5,3.69918,11.200149
Z944,3,328,364.0,3.677835,10.968636
Z944,3,329,364.5,3.27383,11.068453
Z944,3,330,365.0,2.98295,11.308106
Z944,3,331,365.5,3.311012,11.231892
Z944,3,332,366.0,3.397116,10.857926
Z944,3,333,366.5,3.446537,10.878011
Z944,3,334,367.0,3.093,11.068493
Z944,3,335,367.5,3.45658,11.121566
Z944,3,336,368.0,3.558698,10.854969
Z944,3,337,368.5,3.113224,11.201612
Z944,3,338,369.0,3.505899,10.794786
Z944,3,339,369.5,3.505351,10.752743
Z944,3,340,370.0,3.049122,10.825533
Z944,3,341,370.5,3.043539,11.149325
Z944,3,342,371.0,3.227627,10.957625
Z944,3,343,371.5,3.254757,11.077751
Z944,3,344,372.0,3.369198,10.948184
Z944,3,345,372.5,3.735382,10.754319
Z944,3,346,373.0,2.716056,11.401206
Z944,3,347,373.5,3.125417,10.965596
Z944,3,348,374.0,2.857686,11.14889
Z944,3,349,374.5,3.252149,11.075937
Z944,3,350,375.0,2.936234,10.994044
Z944,3,351,375.5,2.931135,11.080997
Z944,3,352,376.0,3.584908,10.804
Z944,3,353,376.5,3.241376,10.555626
Z944,3,354,377.0,3.051942,11.160474
Z944,3,355,377.5,3.397691,10.413495
Z944,3,356,378.0,3.050131,10.969186
Z944,3,357,378.5,3.080574,10.982434
Z944,3,358,379.0,3.922509,10.642205
Z944,3,359,379.5,2.936635,11.046848
Z944,3,360,380.0,3.444341,10.83633
Z944,3,361,380.5,3.826582,10.692467
Z944,3,362,381.0,2.850146,11.229965
Z944,3,363,381.5,3.842252,10.980814
Z944,3,364,382.0,2.651291,11.46409
Z944,3,365,382.5,3.144813,10.957949
Z944,3,366,383.0,2.75384,11.385711
Z944,3,367,383.5,2.771553,11.581967
Z944,3,368,384.0,2.837417,11.494111
Z944,3,369,384.5,3.32924,10.743038
Z944,3,370,385.0,3.088494,11.09883
Z944,3,371,385.5,3.302275,11.026129
Z944,3,372,386.0,2.941724,11.400195
Z944,3,373,386.5,3.339871,10.638353
Z944,3,374,387.0,3.170573,10.707142
Z944,3,375,387.5,3.240725,11.134815
Z944,3,376,388.0,3.439479,11.21308
Z944,3,377,388.5,3.078774,10.937334
Z944,3,378,389.0,3.054731,11.209983
Z944,3,379,389.5,3.697749,10.478715
Z944,3,380,390.0,3.46034,10.791963
Z944,3,381,390.5,3.916777,9.866057
Z944,3,382,391.0,2.923464,10.616939
Z944,3,383,391.5,3.579926,10.285462
Z944,3,384,392.0,3.340435,10.52273
Z944,3,385,392.5,3.457821,10.397211
Z944,3,386,393.0,3.238593,10.841841
Z944,3,387,393.5,3.048177,10.960615
Z944,3,388,394.0,3.318864,10.509707
Z944,3,389,394.5,4.084508,10.608723
Z944,3,390,395.0,3.946191,10.401424
Z944,3,391,395.5,4.193386,10.076578
Z944,3,392,396.0,3.782038,10.533581
Z944,3,393,396.5,3.288357,10.730916
Z944,3,394,397.0,3.189391,11.000848
Z944,3,395,397.5,3.658024,10.44739
Z944,3,396,398.0,3.592174,10.361019
Z944,3,397,398.5,3.808647,10.320889
Z944,3,398,399.0,3.537019,10.514534
Z944,3,399,399.5,3.074544,10.864824
Z944,3,400,400.0,3.123115,10.566015
Z944,3,401,400.5,3.525788,10.495884
Z944,3,402,401.0,3.173901,10.620517
Z944,3,403,401.5,3.603733,10.742979
Z944,3,404,402.0,3.453969,10.642582
Z944,3,405,402.5,3.994713,10.285198
Z944,3,406,403.0,2.859164,10.822847
Z944,3,407,403.5,3.61949,10.02712
Z944,3,408,404.0,3.410619,10.733342
Z944,3,409,404.5,2.988748,10.636808
Z944,3,410,405.0,3.03352,10.959598
Z944,3,411,405.5,2.885164,11.240997
Z944,3,412,406.0,3.168087,10.663622
Z944,3,413,406.5,3.110986,10.949279
Z944,3,414,407.0,2.797932,10.967579
Z944,3,415,407.5,3.60156,10.769764
Z944,3,416,408.0,2.979928,10.838839
Z944,3,417,408.5,3.019418,10.534409
Z944,3,418,409.0,3.318779,10.824467
Z944,3,419,409.5,3.24164,10.234568
Z944,3,420,410.0,3.61033,9.968732
Z944,3,421,410.5,3.011643,10.807846
Z944,3,422,411.0,3.867256,9.838711
Z944,3,423,411.5,3.264052,10.775858
Z944,3,424,412.0,3.578745,10.613925
Z944,3,425,412.5,3.416425,10.696759
Z944,3,426,413.0,3.207983,10.62385
Z944,3,427,413.5,3.138661,10.606416
Z944,3,428,414.0,3.312867,10.460577
Z944,3,429,414.5,3.340867,10.554052
Z944,3,430,415.0,2.991862,10.526707
Z944,3,431,415.5,3.14968,10.214004
Z944,3,432,416.0,2.855057,11.003951
Z944,3,433,416.5,3.039003,10.895037
Z944,3,434,417.0,3.271986,10.764845
Z944,3,435,417.5,3.243566,10.379982
Z944,3,436,418.0,3.337946,10.521162
Z944,3,437,418.5,3.820078,10.390361
Z944,3,438,419.0,3.494091,10.314674
Z944,3,439,419.5,3.528088,10.863458
Z944,3,440,420.0,4.0097,10.372882
Z944,3,441,420.5,3.917557,10.340155
Z944,3,442,421.0,3.697001,10.591757
Z944,3,443,421.5,3.256201,10.884692
Z944,3,444,422.0,3.971163,10.164449
Z944,3,445,422.5,4.011323,9.930354
Z944,3,446,423.0,3.418347,10.637403
Z944,3,447,423.5,2.905618,11.053295
Z944,3,448,424.0,3.206347,11.127105
Z944,3,449,424.5,3.211297,10.90157
Z944,3,450,425.0,3.462511,11.032276
Z944,3,451,425.5,3.379208,11.051498
Z944,3,452,426.0,3.060397,11.279923
Z944,3,453,426.5,2.82525,11.254205
Z944,3,454,427.0,3.884153,10.345204
Z944,3,455,427.5,2.805779,11.069428
Z944,3,456,428.0,3.026298,11.172002
Z944,3,457,428.5,3.635109,10.968357
Z944,3,458,429.0,3.188416,11.135655
Z944,3,459,429.5,2.722107,11.159542
Z944,3,460,430.0,3.783646,10.859619
Z944,3,461,430.5,3.11778,11.025087
Z944,3,462,431.0,3.218445,10.856512
Z944,3,463,431.5,3.517388,10.916495
Z944,3,464,432.0,3.216932,10.850899
Z944,3,465,432.5,3.19812,11.038404
Z944,3,466,433.0,2.361102,11.150159
Z944,3,467,433.5,2.624067,11.190153
Z944,3,468,434.0,3.31435,11.082626
Z944,3,469,434.5,3.667491,10.540763
Z944,3,470,435.0,3.400108,10.92236
Z944,3,471,435.5,2.608055,11.376579
Z944,3,472,436.0,3.503951,10.979384
Z944,3,473,436.5,3.566205,10.376462
Z944,3,474,437.0,3.665328,10.456656
Z944,3,475,437.5,3.618089,10.341131
Z944,3,476,438.0,3.080362,11.100405
Z944,3,477,438.5,3.03452,11.202965
Z944,3,478,439.0,3.206117,10.807579
Z944,3,479,439.5,2.465801,11.456118
Z944,3,480,440.0,4.087415,11.006786
Z944,3,481,440.5,3.624725,10.671398
Z944,3,482,441.0,3.269209,10.598378
Z944,3,483,441.5,3.326438,10.750621
Z944,3,484,442.0,2.813868,11.193363
Z944,3,485,442.5,3.605195,10.636009
Z944,3,486,443.0,3.773704,10.516155
Z944,3,487,443.5,3.58838,10.914646
Z944,3,488,444.0,3.203166,10.725377
Z944,3,489,444.5,3.554123,10.50403
Z944,3,490,445.0,2.966243,10.997699
Z944,3,491,445.5,2.874325,10.985119
Z944,3,492,446.0,3.272548,11.065381
Z944,3,493,446.5,3.476735,10.945886
Z944,3,494,447.0,3.659999,10.821952
Z944,3,495,447.5,3.032539,11.186324
Z944,3,496,448.0,2.821744,11.284184
Z944,3,497,448.5,3.270838,10.894732
Z944,3,498,449.0,3.226081,10.893412
Z944,3,499,449.5,3.457066,10.673497
Z944,3,500,450.0,3.173077,10.840276
Z944,3,501,450.5,3.525201,10.856086
Z944,3,502,451.0,3.134321,11.078402
Z944,3,503,451.5,3.312265,10.650853
Z944,3,504,452.0,2.923536,10.943862
Z944,3,505,452.5,3.674333,10.962174
Z944,3,506,453.0,3.18987,11.076146
Z944,3,507,453.5,3.609398,10.69578
Z944,3,508,454.0,3.171918,11.353865
Z944,3,509,454.5,3.126599,11.121409
Z944,3,510,455.0,3.008476,10.964633
Z944,3,511,455.5,2.821353,11.041263
Z944,3,512,456.0,2.629975,11.094137
Z944,3,513,456.5,2.928086,11.632032
Z944,3,514,457.0,3.199916,10.988809
Z944,3,515,457.5,3.104853,11.031103
Z944,3,516,458.0,3.038736,10.795138
Z944,3,517,458.5,3.621223,10.741668
Z944,3,518,459.0,3.404331,11.143441
Z944,3,519,459.5,3.38287,11.024934
Z944,3,520,460.0,3.003064,11.232956
Z944,3,521,460.5,3.37259,10.97114
Z944,3,522,461.0,3.289156,10.775022
Z944,3,523,461.5,2.941159,11.117727
Z944,3,524,462.0,2.740468,11.044399
Z944,3,525,462.5,3.050769,11.276857
Z944,3,526,463.0,3.573954,10.840545
Z944,3,527,463.5,3.663389,10.631386
Z944,3,528,464.0,3.047025,10.783702
Z944,3,529,464.5,3.312408,10.577896
Z944,3,530,465.0,3.179419,10.784951
Z944,3,531,465.5,3.926277,10.128128
Z944,3,532,466.0,3.295995,10.792791
Z944,3,533,466.5,3.242298,10.470463
Z944,3,534,467.0,2.864487,10.827624
Z944,3,535,467.5,3.07866,10.816156
Z944,3,536,468.0,3.009616,10.573508
Z944,3,537,468.5,3.432145,10.655655
Z944,3,538,469.0,3.448767,10.840374
Z944,3,539,469.5,3.085111,11.062471
Z944,3,540,470.0,3.131266,11.267791
Z944,3,541,470.5,2.953118,11.402223
Z944,3,542,471.0,3.224104,11.186693
Z944,3,543,471.5,3.154667,11.469445
Z944,3,544,472.0,3.691265,10.751711
Z944,3,545,472.5,3.202021,11.509286
Z944,3,546,473.0,3.108436,11.433137
Z944,3,547,473.5,2.983574,11.780241
Z944,3,548,474.0,3.654256,11.113139
Z944,3,549,474.5,3.288529,11.26072
Z944,3,550,475.0,3.419264,11.226829
Z944,3,551,475.5,2.887485,11.453687
Z944,3,552,476.0,3.353827,11.230781
Z944,3,553,476.5,3.451462,11.061463
Z944,3,554,477.0,3.658103,10.93596
Z944,3,555,477.5,3.584978,11.027395
Z944,3,556,478.0,3.609054,10.882322
Z944,3,557,478.5,3.044633,11.247873
Z944,3,558,479.0,3.530384,10.875578
Z944,3,559,479.5,3.260943,11.172297
Z944,3,560,480.0,3.756582,11.214433
Z944,3,561,480.5,2.900858,11.067593
Z944,3,562,481.0,2.944779,11.279527
Z944,3,563,481.5,2.893388,11.05378
Z944,3,564,482.0,3.615763,10.933975
Z944,3,565,482.5,3.082391,10.913584
Z944,3,566,483.0,3.272711,11.015335
Z944,3,567,483.5,2.83084,10.836795
Z944,3,568,484.0,3.153404,10.798339
Z944,3,569,484.5,3.185729,10.96136
Z944,3,570,485.0,2.956888,11.309424
Z944,3,571,485.5,2.561091,11.055431
Z944,3,572,486.0,3.008495,10.683817
Z944,3,573,486.5,3.038131,10.914169
Z944,3,574,487.0,3.208232,11.113359
Z944,3,575,487.5,3.252035,11.360004
Z944,3,576,488.0,3.249294,10.753891
Z944,3,577,488.5,3.201015,11.463683
Z944,3,578,489.0,3.934989,10.772547
Z944,3,579,489.5,2.822226,11.263157
Z944,3,580,490.0,2.885961,10.935597
Z944,3,581,490.5,2.94008,10.945177
Z944,3,582,491.0,2.945912,11.035943
Z944,3,583,491.5,3.143456,10.767147
Z944,3,584,492.0,3.150494,10.979166
Z944,3,585,492.5,3.106002,10.980537
Z944,3,586,493.0,3.61378,11.067566
Z944,3,587,493.5,3.388471,10.791781
Z944,3,588,494.0,3.723259,10.110865
Z944,3,589,494.5,3.061518,10.91016
Z944,3,590,495.0,3.53522,10.396902
Z944,3,591,495.5,3.321891,10.606742
Z944,3,592,496.0,3.087501,10.864589
Z944,3,593,496.5,3.359241,10.819695
Z944,3,594,497.0,3.152365,10.772693
Z944,3,595,497.5,3.543233,10.444076
Z944,3,596,498.0,3.056526,11.169622
Z944,3,597,498.5,3.880278,10.07403
Z944,3,598,499.0,3.348033,10.544647
Z944,3,599,499.5,3.355136,10.650255
mZ944,1,0,0.0,6.051,9.164
mZ944,1,1,0.5,7.213,8.313
mZ944,1,2,1.0,6.913,8.432
mZ944,1,3,1.5,6.869,8.219
mZ944,1,4,2.0,6.629,8.476
mZ944,1,5,2.5,6.685,8.293
mZ944,1,6,3.0,6.332,8.337
mZ944,1,7,3.5,6.508,8.545
mZ944,1,8,4.0,6.976,8.413
mZ944,1,9,4.5,6.695,8.326
mZ944,1,10,5.0,6.519,8.301
mZ944,1,11,5.5,6.77,8.251
mZ944,1,12,6.0,6.962,8.158
mZ944,1,13,6.5,6.963,8.333
mZ944,1,14,7.0,7.238,8.195
mZ944,1,15,7.5,6.989,8.166
mZ944,1,16,8.0,6.364,8.594
mZ944,1,17,8.5,7.055,8.441
mZ944,1,18,9.0,6.974,8.387
mZ944,1,19,9.5,7.379,8.135
mZ944,1,20,10.0,6.598,8.648
mZ944,1,21,10.5,6.64,8.229
mZ944,1,22,11.0,6.682,8.496
mZ944,1,23,11.5,6.638,8.281
mZ944,1,24,12.0,6.425,8.489
mZ944,1,25,12.5,6.571,8.192
mZ944,1,26,13.0,6.459,8.459
mZ944,1,27,13.5,6.722,8.128
mZ944,1,28,14.0,6.928,8.106
mZ944,1,29,14.5,6.346,8.595
mZ944,1,30,15.0,6.278,8.431
mZ944,1,31,15.5,6.98,8.085
mZ944,1,32,16.0,6.676,8.338
mZ944,1,33,16.5,6.783,8.568
mZ944,1,34,17.0,6.93,8.317
mZ944,1,35,17.5,6.938,8.355
mZ944,1,36,18.0,6.706,8.376
mZ944,1,37,18.5,6.655,8.464
mZ944,1,38,19.0,6.423,8.447
mZ944,1,39,19.5,6.936,8.125
mZ944,1,40,20.0,6.495,8.354
mZ944,1,41,20.5,7.274,8.243
mZ944,1,42,21.0,7.044,8.272
mZ944,1,43,21.5,6.492,8.174
mZ944,1,44,22.0,6.319,8.471
mZ944,1,45,22.5,6.624,8.232
mZ944,1,46,23.0,6.8,8.229
mZ944,1,47,23.5,6.517,8.427
mZ944,1,48,24.0,5.626,8.853
mZ944,1,49,24.5,6.062,8.483
mZ944,1,50,25.0,6.129,8.405
mZ944,1,51,25.5,6.294,8.338
mZ944,1,52,26.0,6.294,8.307
mZ944,1,53,26.5,6.497,8.546
mZ944,1,54,27.0,6.05,8.756
mZ944,1,55,27.5,6.228,8.501
mZ944,1,56,28.0,6.481,8.482
mZ944,1,57,28.5,6.795,8.085
mZ944,1,58,29.0,6.801,8.303
mZ944,1,59,29.5,6.838,8.044
mZ944,1,60,30.0,6.543,8.318
mZ944,1,61,30.5,6.371,8.303
mZ944,1,62,31.0,6.792,8.607
mZ944,1,63,31.5,6.967,8.538
mZ944,1,64,32.0,6.113,8.715
mZ944,1,65,32.5,7.014,8.31
mZ944,1,66,33.0,6.386,8.641
mZ944,1,67,33.5,6.936,8.224
mZ944,1,68,34.0,6.582,8.705
mZ944,1,69,34.5,6.503,8.505
mZ944,1,70,35.0,6.422,8.401
mZ944,1,71,35.5,6.462,8.591
mZ944,1,72,36.0,6.686,8.568
mZ944,1,73,36.5,6.922,8.111
mZ944,1,74,37.0,7.048,8.219
mZ944,1,75,37.5,6.508,8.516
mZ944,1,76,38.0,6.965,8.195
mZ944,1,77,38.5,6.812,8.342
mZ944,1,78,39.0,6.479,8.226
mZ944,1,79,39.5,6.626,7.905
mZ944,1,80,40.0,6.38,8.474
mZ944,1,81,40.5,6.717,8.21
mZ944,1,82,41.0,6.123,8.497
mZ944,1,83,41.5,6.724,8.32
mZ944,1,84,42.0,6.25,8.478
mZ944,1,85,42.5,6.648,8.284
mZ944,1,86,43.0,6.84,8.528
mZ944,1,87,43.5,6.237,8.65
mZ944,1,88,44.0,6.693,8.399
mZ944,1,89,44.5,6.221,8.522
mZ944,1,90,45.0,6.437,8.319
mZ944,1,91,45.5,7.048,8.239
mZ944,1,92,46.0,7.177,8.193
mZ944,1,93,46.5,7.275,8.103
mZ944,1,94,47.0,7.591,8.564
mZ944,1,95,47.5,7.111,7.87
mZ944,1,96,48.0,6.922,8.474
mZ944,1,97,48.5,6.741,8.195
mZ944,1,98,49.0,6.72,8.285
mZ944,1,99,49.5,6.889,8.423
mZ944,1,100,50.0,6.915,8.405
mZ944,1,101,50.5,6.534,8.456
mZ944,1,102,51.0,7.426,8.105
mZ944,1,103,51.5,6.688,8.353
mZ944,1,104,52.0,7.236,8.279
mZ944,1,105,52.5,6.856,8.421
mZ944,1,106,53.0,6.653,8.473
mZ944,1,107,53.5,7.262,8.042
mZ944,1,108,54.0,7.595,8.163
mZ944,1,109,54.5,7.2,8.135
mZ944,1,110,55.0,6.481,8.571
mZ944,1,111,55.5,6.991,8.19
mZ944,1,112,56.0,7.276,7.821
mZ944,1,113,56.5,7.147,8.263
mZ944,1,114,57.0,7.341,8.268
mZ944,1,115,57.5,7.356,8.388
mZ944,1,116,58.0,7.218,8.449
mZ944,1,117,58.5,7.258,8.756
mZ944,1,118,59.0,7.629,8.204
mZ944,1,119,59.5,7.219,8.06
mZ944,1,120,60.0,7.03,8.246
mZ944,1,121,60.5,6.385,8.83
mZ944,1,122,61.0,7.328,8.762
mZ944,1,123,61.5,6.577,8.852
mZ944,1,124,62.0,6.458,8.908
mZ944,1,125,62.5,6.164,8.56
mZ944,1,126,63.0,6.594,8.442
mZ944,1,127,63.5,6.871,8.087
mZ944,1,128,64.0,7.071,8.26
mZ944,1,129,64.5,6.533,8.216
mZ944,1,130,65.0,6.03,8.595
mZ944,1,131,65.5,6.595,8.197
mZ944,1,132,66.0,5.698,8.784
mZ944,1,133,66.5,5.958,8.502
mZ944,1,134,67.0,6.121,8.341
mZ944,1,135,67.5,5.457,8.839
mZ944,1,136,68.0,6.277,8.483
mZ944,1,137,68.5,5.814,8.616
mZ944,1,138,69.0,6.416,8.188
mZ944,1,139,69.5,6.637,8.072
mZ944,1,140,70.0,6.403,8.463
mZ944,1,141,70.5,6.943,8.184
mZ944,1,142,71.0,6.236,8.291
mZ944,1,143,71.5,6.44,8.318
mZ944,1,144,72.0,7.192,8.074
mZ944,1,145,72.5,6.619,8.252
mZ944,1,146,73.0,6.557,8.305
mZ944,1,147,73.5,5.814,8.936
mZ944,1,148,74.0,6.49,8.319
mZ944,1,149,74.5,6.386,8.253
mZ944,1,150,75.0,5.951,8.705
mZ944,1,151,75.5,5.885,8.621
mZ944,1,152,76.0,6.042,8.747
mZ944,1,153,76.5,6.091,8.499
mZ944,1,154,77.0,6.634,8.212
mZ944,1,155,77.5,6.66,8.485
mZ944,1,156,78.0,5.84,8.936
mZ944,1,157,78.5,6.597,8.269
mZ944,1,158,79.0,6.317,8.332
mZ944,1,159,79.5,6.94,7.813
mZ944,1,160,80.0,7.088,7.913
mZ944,1,161,80.5,6.826,8.235
mZ944,1,162,81.0,6.343,8.434
mZ944,1,163,81.5,6.234,8.301
mZ944,1,164,82.0,6.984,7.954
mZ944,1,165,82.5,6.349,8.334
mZ944,1,166,83.0,6.375,8.363
mZ944,1,167,83.5,6.505,8.535
mZ944,1,168,84.0,6.057,8.712
mZ944,1,169,84.5,6.426,8.539
mZ944,1,170,85.0,6.315,8.031
mZ944,1,171,85.5,6.074,8.504
mZ944,1,172,86.0,6.561,8.251
mZ944,1,173,86.5,6.576,8.27
mZ944,1,174,87.0,6.364,8.292
mZ944,1,175,87.5,6.406,8.329
mZ944,1,176,88.0,6.867,8.236
mZ944,1,177,88.5,5.88,8.434
mZ944,1,178,89.0,6.572,8.294
mZ944,1,179,89.5,6.652,8.016
mZ944,1,180,90.0,6.331,8.251
mZ944,1,181,90.5,6.198,8.395
mZ944,1,182,91.0,6.426,8.229
mZ944,1,183,91.5,6.146,8.618
mZ944,1,184,92.0,6.725,7.989
mZ944,1,185,92.5,6.914,8.079
mZ944,1,186,93.0,6.429,8.294
mZ944,1,187,93.5,7.123,8.103
mZ944,1,188,94.0,6.864,8.018
mZ944,1,189,94.5,6.78,8.05
mZ944,1,190,95.0,7.064,8.331
mZ944,1,191,95.5,5.845,8.824
mZ944,1,192,96.0,6.422,8.237
mZ944,1,193,96.5,6.357,8.379
mZ944,1,194,97.0,5.118,9.809
mZ944,1,195,97.5,4.91,10.037
mZ944,1,196,98.0,5.581,9.362
mZ944,1,197,98.5,5.455,9.223
mZ944,1,198,99.0,5.167,9.476
mZ944,1,199,99.5,4.443,10.159
mZ944,1,200,100.0,4.921,9.732
mZ944,1,201,100.5,4.921,9.701
mZ944,1,202,101.0,4.812,9.94
mZ944,1,203,101.5,5.295,9.597
mZ944,1,204,102.0,5.183,10.173
mZ944,1,205,102.5,5.53,9.462
mZ944,1,206,103.0,6.006,9.237
mZ944,1,207,103.5,5.965,9.411
mZ944,1,208,104.0,5.836,9.366
mZ944,1,209,104.5,6.015,9.156
mZ944,1,210,105.0,6.696,8.728
mZ944,1,211,105.5,6.195,8.35
mZ944,1,212,106.0,6.109,8.433
mZ944,1,213,106.5,6.376,8.397
mZ944,1,214,107.0,6.168,8.313
mZ944,1,215,107.5,6.069,8.537
mZ944,1,216,108.0,6.556,8.202
mZ944,1,217,108.5,5.63,8.828
mZ944,1,218,109.0,6.064,8.214
mZ944,1,219,109.5,5.579,8.983
mZ944,1,220,110.0,5.809,8.687
mZ944,1,221,110.5,6.252,8.386
mZ944,1,222,111.0,6.024,8.422
mZ944,1,223,111.5,5.868,8.627
mZ944,1,224,112.0,6.36,8.345
mZ944,1,225,112.5,6.281,8.356
mZ944,1,226,113.0,6.091,8.495
mZ944,1,227,113.5,6.161,8.295
mZ944,1,228,114.0,5.821,8.687
mZ944,1,229,114.5,6.115,8.352
mZ944,1,230,115.0,6.003,8.59
mZ944,1,231,115.5,6.186,8.375
mZ944,1,232,116.0,6.236,8.476
mZ944,1,233,116.5,6.614,8.359
mZ944,1,234,117.0,6.02,8.287
mZ944,1,235,117.5,5.953,8.52
mZ944,1,236,118.0,5.736,8.875
mZ944,1,237,118.5,5.996,8.543
mZ944,1,238,119.0,6.307,8.322
mZ944,1,239,119.5,6.012,8.47
mZ944,1,240,120.0,6.133,8.564
mZ944,1,241,120.5,6.218,8.175
mZ944,1,242,121.0,5.872,8.497
mZ944,1,243,121.5,5.868,8.556
mZ944,1,244,122.0,6.01,8.643
mZ944,1,245,122.5,5.796,8.534
mZ944,1,246,123.0,5.834,8.381
mZ944,1,247,123.5,6.336,8.343
mZ944,1,248,124.0,5.369,8.908
mZ944,1,249,124.5,5.828,8.546
mZ944,1,250,125.0,5.813,8.43
mZ944,1,251,125.5,5.905,8.577
mZ944,1,252,126.0,6.55,8.175
mZ944,1,253,126.5,6.373,8.331
mZ944,1,254,127.0,6.059,8.322
mZ944,1,255,127.5,6.178,8.262
mZ944,1,256,128.0,5.906,8.441
mZ944,1,257,128.5,6.454,8.175
mZ944,1,258,129.0,5.683,8.72
mZ944,1,259,129.5,6.189,8.392
mZ944,1,260,130.0,6.011,8.256
mZ944,1,261,130.5,6.019,8.546
mZ944,1,262,131.0,5.816,8.63
mZ944,1,263,131.5,6.13,8.469
mZ944,1,264,132.0,6.128,8.442
mZ944,1,265,132.5,5.807,8.813
mZ944,1,266,133.0,5.728,8.732
mZ944,1,267,133.5,5.766,8.708
mZ944,1,268,134.0,6.139,8.603
mZ944,1,269,134.5,5.995,8.449
mZ944,1,270,135.0,5.995,8.418
mZ944,1,271,135.5,5.702,8.549
mZ944,1,272,136.0,6.167,8.248
mZ944,1,273,136.5,6.507,8.356
mZ944,1,274,137.0,6.548,8.244
mZ944,1,275,137.5,6.064,8.647
mZ944,1,276,138.0,6.207,8.153
mZ944,1,277,138.5,6.228,8.155
mZ944,1,278,139.0,6.362,8.251
mZ944,1,279,139.5,6.39,8.18
mZ944,1,280,140.0,6.024,8.372
mZ944,1,281,140.5,6.168,8.613
mZ944,1,282,141.0,5.642,8.69
mZ944,1,283,141.5,6.12,8.607
mZ944,1,284,142.0,6.344,8.251
mZ944,1,285,142.5,5.961,8.381
mZ944,1,286,143.0,6.067,8.292
mZ944,1,287,143.5,6.069,8.374
mZ944,1,288,144.0,5.949,8.604
mZ944,1,289,144.5,6.042,8.453
mZ944,1,290,145.0,5.734,9.303
mZ944,1,291,145.5,5.964,9.161
mZ944,1,292,146.0,5.731,8.984
mZ944,1,293,146.5,6.058,8.488
mZ944,1,294,147.0,6.178,8.774
mZ944,1,295,147.5,5.33,8.712
mZ944,1,296,148.0,6.135,8.488
mZ944,1,297,148.5,6.084,8.476
mZ944,1,298,149.0,5.997,8.451
mZ944,1,299,149.5,6.303,8.276
mZ944,1,300,150.0,6.562,8.097
mZ944,1,301,150.5,6.084,8.518
mZ944,1,302,151.0,6.375,8.27
mZ944,1,303,151.5,5.827,8.747
mZ944,1,304,152.0,5.906,8.554
mZ944,1,305,152.5,6.005,8.346
mZ944,1,306,153.0,6.332,8.251
mZ944,1,307,153.5,6.109,8.431
mZ944,1,308,154.0,5.889,8.591
mZ944,1,309,154.5,6.483,8.145
mZ944,1,310,155.0,6.115,8.465
mZ944,1,311,155.5,6.163,8.529
mZ944,1,312,156.0,6.127,8.613
mZ944,1,313,156.5,5.629,8.684
mZ944,1,314,157.0,6.024,8.576
mZ944,1,315,157.5,6.28,8.508
mZ944,1,316,158.0,5.998,8.635
mZ944,1,317,158.5,6.091,8.363
mZ944,1,318,159.0,6.037,8.466
mZ944,1,319,159.5,6.244,8.278
mZ944,1,320,160.0,5.865,8.385
mZ944,1,321,160.5,6.063,8.492
mZ944,1,322,161.0,5.981,8.561
mZ944,1,323,161.5,5.838,8.362
mZ944,1,324,162.0,6.055,8.557
mZ944,1,325,162.5,6.26,8.493
mZ944,1,326,163.0,6.048,8.543
mZ944,1,327,163.5,6.117,8.488
mZ944,1,328,164.0,5.8,8.695
mZ944,1,329,164.5,6.169,8.448
mZ944,1,330,165.0,5.77,8.561
mZ944,1,331,165.5,5.771,8.695
mZ944,1,332,166.0,6.022,8.81
mZ944,1,333,166.5,5.767,8.563
mZ944,1,334,167.0,6.971,8.043
mZ944,1,335,167.5,6.446,8.33
mZ944,1,336,168.0,5.825,8.615
mZ944,1,337,168.5,5.96,8.733
mZ944,1,338,169.0,5.81,8.645
mZ944,1,339,169.5,5.815,8.512
mZ944,1,340,170.0,6.17,8.443
mZ944,1,341,170.5,5.5,8.728
mZ944,1,342,171.0,5.91,8.69
mZ944,1,343,171.5,6.227,8.348
mZ944,1,344,172.0,5.997,8.622
mZ944,1,345,172.5,6.633,8.387
mZ944,1,346,173.0,6.255,8.581
mZ944,1,347,173.5,6.018,8.198
mZ944,1,348,174.0,5.966,8.716
mZ944,1,349,174.5,6.464,8.509
mZ944,1,350,175.0,5.811,8.783
mZ944,1,351,175.5,6.091,8.603
mZ944,1,352,176.0,6.271,8.385
mZ944,1,353,176.5,5.909,8.604
mZ944,1,354,177.0,5.977,8.661
mZ944,1,355,177.5,6.039,8.539
mZ944,1,356,178.0,6.026,8.717
mZ944,1,357,178.5,5.94,8.715
mZ944,1,358,179.0,6.236,8.491
mZ944,1,359,179.5,6.168,8.346
mZ944,1,360,180.0,5.901,8.765
mZ944,1,361,180.5,5.937,8.51
mZ944,1,362,181.0,5.886,8.585
mZ944,1,363,181.5,6.305,8.372
mZ944,1,364,182.0,6.047,8.195
mZ944,1,365,182.5,6.294,8.499
mZ944,1,366,183.0,6.313,8.34
mZ944,1,367,183.5,6.062,8.489
mZ944,1,368,184.0,5.93,8.56
mZ944,1,369,184.5,5.992,8.733
mZ944,1,370,185.0,5.797,8.653
mZ944,1,371,185.5,5.571,8.811
mZ944,1,372,186.0,6.274,8.35
mZ944,1,373,186.5,5.7,8.842
mZ944,1,374,187.0,5.773,8.686
mZ944,1,375,187.5,5.983,8.414
mZ944,1,376,188.0,5.824,8.764
mZ944,1,377,188.5,5.809,8.813
mZ944,1,378,189.0,6.19,8.138
mZ944,1,379,189.5,6.511,8.038
mZ944,1,380,190.0,6.059,8.734
mZ944,1,381,190.5,6.451,8.388
mZ944,1,382,191.0,6.097,8.613
mZ944,1,383,191.5,6.293,8.491
mZ944,1,384,192.0,6.288,8.398
mZ944,1,385,192.5,5.899,8.718
mZ944,1,386,193.0,5.946,8.633
mZ944,1,387,193.5,5.727,8.852
mZ944,1,388,194.0,6.544,8.357
mZ944,1,389,194.5,5.763,8.717
mZ944,1,390,195.0,5.709,8.869
mZ944,1,391,195.5,6.497,8.177
mZ944,1,392,196.0,5.982,8.89
mZ944,1,393,196.5,6.012,8.593
mZ944,1,394,197.0,6.111,8.455
mZ944,1,395,197.5,6.02,8.6
mZ944,1,396,198.0,6.12,8.443
mZ944,1,397,198.5,6.131,8.621
mZ944,1,398,199.0,5.658,8.91
mZ944,1,399,199.5,6.313,8.449
mZ944,1,400,200.0,5.886,8.604
mZ944,1,401,200.5,5.91,8.629
mZ944,1,402,201.0,6.085,8.581
mZ944,1,403,201.5,6.497,8.238
mZ944,1,404,202.0,6.32,8.271
mZ944,1,405,202.5,6.101,8.501
mZ944,1,406,203.0,6.22,8.529
mZ944,1,407,203.5,6.633,8.111
mZ944,1,408,204.0,6.25,8.447
mZ944,1,409,204.5,6.218,8.351
mZ944,1,410,205.0,6.178,8.47
mZ944,1,411,205.5,6.264,8.593
mZ944,1,412,206.0,5.94,8.485
mZ944,1,413,206.5,6.318,8.162
mZ944,1,414,207.0,6.31,8.608
mZ944,1,415,207.5,6.223,8.67
mZ944,1,416,208.0,5.857,8.846
mZ944,1,417,208.5,6.278,8.414
mZ944,1,418,209.0,6.375,8.484
mZ944,1,419,209.5,6.093,8.721
mZ944,1,420,210.0,6.269,8.551
mZ944,1,421,210.5,6.328,8.461
mZ944,1,422,211.0,6.286,8.546
mZ944,1,423,211.5,6.578,8.291
mZ944,1,424,212.0,6.316,8.452
mZ944,1,425,212.5,6.171,8.533
mZ944,1,426,213.0,6.368,8.378
mZ944,1,427,213.5,6.191,8.649
mZ944,1,428,214.0,5.929,8.88
mZ944,1,429,214.5,5.878,8.516
mZ944,1,430,215.0,6.159,8.548
mZ944,1,431,215.5,6.369,8.569
mZ944,1,432,216.0,6.427,8.388
mZ944,1,433,216.5,6.127,8.657
mZ944,1,434,217.0,6.333,8.379
mZ944,1,435,217.5,6.06,8.569
mZ944,1,436,218.0,6.656,8.687
mZ944,1,437,218.5,6.056,9.161
mZ944,1,438,219.0,6.13,8.813
mZ944,1,439,219.5,6.321,8.971
mZ944,1,440,220.0,6.363,8.487
mZ944,1,441,220.5,6.168,8.563
mZ944,1,442,221.0,6.335,8.345
mZ944,1,443,221.5,6.03,8.87
mZ944,1,444,222.0,6.405,8.44
mZ944,1,445,222.5,6.207,8.667
mZ944,1,446,223.0,5.993,8.698
mZ944,1,447,223.5,6.001,9.232
mZ944,1,448,224.0,6.169,8.453
mZ944,1,449,224.5,6.315,8.394
mZ944,1,450,225.0,5.831,8.862
mZ944,1,451,225.5,6.108,8.575
mZ944,1,452,226.0,5.972,8.489
mZ944,1,453,226.5,5.995,8.679
mZ944,1,454,227.0,5.877,8.795
mZ944,1,455,227.5,6.124,8.652
mZ944,1,456,228.0,5.572,8.623
mZ944,1,457,228.5,6.129,8.489
mZ944,1,458,229.0,5.753,8.662
mZ944,1,459,229.5,5.897,8.326
mZ944,1,460,230.0,5.537,8.828
mZ944,1,461,230.5,6.161,8.673
mZ944,1,462,231.0,5.606,8.77
mZ944,1,463,231.5,5.885,8.493
mZ944,1,464,232.0,6.05,8.556
mZ944,1,465,232.5,5.977,8.791
mZ944,1,466,233.0,5.861,8.814
mZ944,1,467,233.5,5.85,8.848
mZ944,1,468,234.0,5.78,8.814
mZ944,1,469,234.5,5.457,9.444
mZ944,1,470,235.0,5.907,8.915
mZ944,1,471,235.5,5.578,9.123
mZ944,1,472,236.0,5.679,8.731
mZ944,1,473,236.5,5.773,8.785
mZ944,1,474,237.0,6.298,8.549
mZ944,1,475,237.5,6.782,8.324
mZ944,1,476,238.0,6.166,8.63
mZ944,1,477,238.5,6.156,8.521
mZ944,1,478,239.0,5.984,8.63
mZ944,1,479,239.5,6.021,8.66
mZ944,1,480,240.0,6.33,8.467
mZ944,1,481,240.5,5.7,9.06
mZ944,1,482,241.0,5.914,8.674
mZ944,1,483,241.5,5.88,8.563
mZ944,1,484,242.0,5.312,9.047
mZ944,1,485,242.5,6.332,8.531
mZ944,1,486,243.0,5.782,8.83
mZ944,1,487,243.5,5.891,9.171
mZ944,1,488,244.0,6.304,8.634
mZ944,1,489,244.5,6.5,8.565
mZ944,1,490,245.0,5.707,8.883
mZ944,1,491,245.5,6.121,8.788
mZ944,1,492,246.0,5.966,8.779
mZ944,1,493,246.5,5.862,9.063
mZ944,1,494,247.0,6.063,8.582
mZ944,1,495,247.5,5.869,8.661
mZ944,1,496,248.0,6.255,8.536
mZ944,1,497,248.5,6.101,8.675
mZ944,1,498,249.0,6.354,8.433
mZ944,1,499,249.5,6.436,8.434
mZ944,1,500,250.0,6.04,8.704
mZ944,1,501,250.5,6.343,8.597
mZ944,1,502,251.0,5.819,8.946
mZ944,1,503,251.5,6.183,8.501
mZ944,1,504,252.0,5.344,9.05
mZ944,1,505,252.5,5.615,8.898
mZ944,1,506,253.0,5.761,8.526
mZ944,1,507,253.5,6.193,8.611
mZ944,1,508,254.0,5.222,8.818
mZ944,1,509,254.5,5.715,8.946
mZ944,1,510,255.0,5.114,9.089
mZ944,1,511,255.5,5.878,8.379
mZ944,1,512,256.0,6.099,8.582
mZ944,1,513,256.5,5.452,9.143
mZ944,1,514,257.0,5.343,8.929
mZ944,1,515,257.5,6.015,8.715
mZ944,1,516,258.0,6.066,8.582
mZ944,1,517,258.5,5.477,8.693
mZ944,1,518,259.0,5.496,9.001
mZ944,1,519,259.5,5.876,8.589
mZ944,1,520,260.0,5.921,8.63
mZ944,1,521,260.5,5.546,8.787
mZ944,1,522,261.0,5.636,8.673
mZ944,1,523,261.5,5.9,8.88
mZ944,1,524,262.0,5.815,8.923
mZ944,1,525,262.5,5.038,9.211
mZ944,1,526,263.0,5.739,8.848
mZ944,1,527,263.5,5.57,9.328
mZ944,1,528,264.0,4.947,9.433
mZ944,1,529,264.5,5.838,8.769
mZ944,1,530,265.0,6.15,8.628
mZ944,1,531,265.5,5.992,8.469
mZ944,1,532,266.0,6.13,8.727
mZ944,1,533,266.5,5.467,9.023
mZ944,1,534,267.0,5.932,8.714
mZ944,1,535,267.5,5.498,9.134
mZ944,1,536,268.0,5.845,8.663
mZ944,1,537,268.5,5.527,8.908
mZ944,1,538,269.0,5.614,8.799
mZ944,1,539,269.5,5.748,8.783
mZ944,1,540,270.0,6.393,8.449
mZ944,1,541,270.5,6.005,8.606
mZ944,1,542,271.0,5.801,9.147
mZ944,1,543,271.5,6.421,8.635
mZ944,1,544,272.0,6.217,8.571
mZ944,1,545,272.5,5.903,8.487
mZ944,1,546,273.0,5.708,8.78
mZ944,1,547,273.5,6.383,8.571
mZ944,1,548,274.0,6.022,8.688
mZ944,1,549,274.5,6.065,8.599
mZ944,1,550,275.0,6.362,8.358
mZ944,1,551,275.5,6.678,8.424
mZ944,1,552,276.0,6.389,8.464
mZ944,1,553,276.5,5.777,8.733
mZ944,1,554,277.0,5.812,9.026
mZ944,1,555,277.5,5.925,8.818
mZ944,1,556,278.0,6.569,8.736
mZ944,1,557,278.5,6.81,8.23
mZ944,1,558,279.0,6.189,8.429
mZ944,1,559,279.5,6.758,8.596
mZ944,1,560,280.0,6.648,8.165
mZ944,1,561,280.5,6.206,8.732
mZ944,1,562,281.0,6.443,8.244
mZ944,1,563,281.5,6.1,8.33
mZ944,1,564,282.0,6.255,8.647
mZ944,1,565,282.5,5.616,8.942
mZ944,1,566,283.0,6.237,8.618
mZ944,1,567,283.5,6.546,8.48
mZ944,1,568,284.0,6.581,8.44
mZ944,1,569,284.5,6.052,8.774
mZ944,1,570,285.0,6.627,8.392
mZ944,1,571,285.5,6.739,8.382
mZ944,1,572,286.0,6.418,8.596
mZ944,1,573,286.5,6.259,8.538
mZ944,1,574,287.0,6.181,8.655
mZ944,1,575,287.5,6.67,8.318
mZ944,1,576,288.0,6.421,8.796
mZ944,1,577,288.5,6.139,8.53
mZ944,1,578,289.0,6.556,8.561
mZ944,1,579,289.5,6.302,8.46
mZ944,1,580,290.0,5.856,8.591
mZ944,1,581,290.5,6.18,8.46
mZ944,1,582,291.0,5.568,8.868
mZ944,1,583,291.5,5.956,8.727
mZ944,1,584,292.0,6.199,8.35
mZ944,1,585,292.5,6.279,8.492
mZ944,1,586,293.0,5.858,8.767
mZ944,1,587,293.5,6.174,8.278
mZ944,1,588,294.0,6.177,8.395
mZ944,1,589,294.5,6.332,8.468
mZ944,1,590,295.0,6.309,8.601
mZ944,1,591,295.5,6.125,8.562
mZ944,1,592,296.0,6.212,8.485
mZ944,1,593,296.5,6.042,8.702
mZ944,1,594,297.0,6.262,8.487
mZ944,1,595,297.5,6.646,8.444
mZ944,1,596,298.0,6.111,8.873
mZ944,1,597,298.5,6.228,8.6
mZ944,1,598,299.0,5.548,8.886
mZ944,1,599,299.5,6.203,8.515
mZ944,2,0,200.0,3.790744,10.330036
mZ944,2,1,200.5,3.483556,10.571407
mZ944,2,2,201.0,3.78192,10.308349
mZ944,2,3,201.5,3.547938,10.560118
mZ944,2,4,202.0,3.595398,10.569904
mZ944,2,5,202.5,3.652592,10.680662
mZ944,2,6,203.0,3.406632,10.452782
mZ944,2,7,203.5,3.572278,10.654461
mZ944,2,8,204.0,3.648302,10.527909
mZ944,2,9,204.5,3.739756,10.317594
mZ944,2,10,205.0,3.492324,10.508043
mZ944,2,11,205.5,3.673373,10.274095
mZ944,2,12,206.0,3.707588,10.27553
mZ944,2,13,206.5,3.728826,10.507515
mZ944,2,14,207.0,3.708347,10.412172
mZ944,2,15,207.5,3.388838,10.991561
mZ944,2,16,208.0,3.465548,10.630331
mZ944,2,17,208.5,3.596084,10.606316
mZ944,2,18,209.0,4.059327,10.186478
mZ944,2,19,209.5,3.520237,10.665662
mZ944,2,20,210.0,3.952096,10.373728
mZ944,2,21,210.5,3.6554,10.6551
mZ944,2,22,211.0,3.679257,10.623239
mZ944,2,23,211.5,3.904507,10.217404
mZ944,2,24,212.0,3.676565,10.519736
mZ944,2,25,212.5,3.659357,10.429651
mZ944,2,26,213.0,3.858732,10.237294
mZ944,2,27,213.5,4.053018,10.322034
mZ944,2,28,214.0,3.738908,10.335911
mZ944,2,29,214.5,3.662324,10.672786
mZ944,2,30,215.0,3.148992,11.2291
mZ944,2,31,215.5,3.295721,11.290273
mZ944,2,32,216.0,3.028152,11.469534
mZ944,2,33,216.5,3.37033,11.15043
mZ944,2,34,217.0,3.266433,11.389533
mZ944,2,35,217.5,2.962281,11.403965
mZ944,2,36,218.0,2.761166,11.779845
mZ944,2,37,218.5,2.857124,11.619022
mZ944,2,38,219.0,3.020654,11.366687
mZ944,2,39,219.5,3.234552,11.028761
mZ944,2,40,220.0,2.922819,11.371987
mZ944,2,41,220.5,2.791765,11.544083
mZ944,2,42,221.0,2.765058,11.759891
mZ944,2,43,221.5,2.94487,11.723116
mZ944,2,44,222.0,3.074247,11.378988
mZ944,2,45,222.5,2.995881,11.421317
mZ944,2,46,223.0,3.309158,11.241918
mZ944,2,47,223.5,2.642202,11.722709
mZ944,2,48,224.0,3.474771,10.864281
mZ944,2,49,224.5,3.375728,11.411258
mZ944,2,50,225.0,3.171902,11.260006
mZ944,2,51,225.5,2.784459,11.642421
mZ944,2,52,226.0,2.796803,11.372725
mZ944,2,53,226.5,2.967706,11.58173
mZ944,2,54,227.0,2.804962,11.543658
mZ944,2,55,227.5,3.293387,10.979999
mZ944,2,56,228.0,2.96307,11.666224
mZ944,2,57,228.5,3.727964,11.057067
mZ944,2,58,229.0,3.521468,11.160749
mZ944,2,59,229.5,3.382077,11.49609
mZ944,2,60,230.0,3.119061,11.54701
mZ944,2,61,230.5,3.345766,11.453387
mZ944,2,62,231.0,3.056059,11.990127
mZ944,2,63,231.5,3.234503,11.602303
mZ944,2,64,232.0,2.84107,11.684552
mZ944,2,65,232.5,2.953647,11.723839
mZ944,2,66,233.0,3.513013,11.452973
mZ944,2,67,233.5,3.109839,11.542024
mZ944,2,68,234.0,3.34508,11.309736
mZ944,2,69,234.5,2.830286,11.925952
mZ944,2,70,235.0,2.761347,11.68858
mZ944,2,71,235.5,3.283536,11.740001
mZ944,2,72,236.0,3.094115,11.853334
mZ944,2,73,236.5,3.04224,11.499205
mZ944,2,74,237.0,3.185577,11.454998
mZ944,2,75,237.5,2.795686,11.61833
mZ944,2,76,238.0,3.12842,11.911166
mZ944,2,77,238.5,3.069838,11.779836
mZ944,2,78,239.0,2.599935,11.902871
mZ944,2,79,239.5,2.626607,11.828488
mZ944,2,80,240.0,2.628194,11.889955
mZ944,2,81,240.5,2.856676,11.910299
mZ944,2,82,241.0,2.851791,11.608258
mZ944,2,83,241.5,3.050692,11.674129
mZ944,2,84,242.0,2.829521,12.083884
mZ944,2,85,242.5,2.808131,11.894201
mZ944,2,86,243.0,2.842681,11.835311
mZ944,2,87,243.5,2.732589,11.619624
mZ944,2,88,244.0,2.955781,11.70791
mZ944,2,89,244.5,2.68269,11.933243
mZ944,2,90,245.0,2.801431,11.823927
mZ944,2,91,245.5,2.970227,11.535833
mZ944,2,92,246.0,2.244707,12.446034
mZ944,2,93,246.5,2.753263,11.562184
mZ944,2,94,247.0,2.491005,12.181711
mZ944,2,95,247.5,2.850186,11.507794
mZ944,2,96,248.0,2.668775,11.549061
mZ944,2,97,248.5,2.815925,11.909792
mZ944,2,98,249.0,3.456312,11.102525
mZ944,2,99,249.5,2.957546,11.199002
mZ944,2,100,250.0,2.750964,11.768689
mZ944,2,101,250.5,3.046402,11.4556
mZ944,2,102,251.0,2.950253,11.391024
mZ944,2,103,251.5,3.411736,11.400319
mZ944,2,104,252.0,3.177154,11.278635
mZ944,2,105,252.5,3.213084,11.289271
mZ944,2,106,253.0,2.94681,11.852246
mZ944,2,107,253.5,2.586903,11.727627
mZ944,2,108,254.0,2.988266,11.345046
mZ944,2,109,254.5,3.145611,11.417493
mZ944,2,110,255.0,2.568863,12.016034
mZ944,2,111,255.5,3.191457,11.343351
mZ944,2,112,256.0,3.259783,11.662802
mZ944,2,113,256.5,3.398637,11.236472
mZ944,2,114,257.0,2.723664,12.077029
mZ944,2,115,257.5,2.823462,11.435163
mZ944,2,116,258.0,3.202137,11.312916
mZ944,2,117,258.5,2.737429,11.902513
mZ944,2,118,259.0,2.55727,11.754245
mZ944,2,119,259.5,2.870892,11.922108
mZ944,2,120,260.0,2.522952,11.775189
mZ944,2,121,260.5,3.0055,12.004716
mZ944,2,122,261.0,2.855303,12.069173
mZ944,2,123,261.5,3.235007,11.636267
mZ944,2,124,262.0,3.710896,11.31924
mZ944,2,125,262.5,2.928378,11.526599
mZ944,2,126,263.0,2.612535,11.889553
mZ944,2,127,263.5,2.587857,12.081947
mZ944,2,128,264.0,2.786359,12.152111
mZ944,2,129,264.5,3.360422,11.678358
mZ944,2,130,265.0,3.266838,11.691005
mZ944,2,131,265.5,3.363144,11.912445
mZ944,2,132,266.0,3.533624,11.397097
mZ944,2,133,266.5,3.268667,11.325774
mZ944,2,134,267.0,3.486715,11.657486
mZ944,2,135,267.5,3.727698,11.822376
mZ944,2,136,268.0,3.186136,11.9538
mZ944,2,137,268.5,3.650369,11.567975
mZ944,2,138,269.0,3.428175,11.638829
mZ944,2,139,269.5,3.529189,11.229988
mZ944,2,140,270.0,3.600037,11.266786
mZ944,2,141,270.5,3.273337,11.358887
mZ944,2,142,271.0,3.189359,11.374938
mZ944,2,143,271.5,3.383882,11.627374
mZ944,2,144,272.0,3.225447,11.514317
mZ944,2,145,272.5,3.271093,11.451924
mZ944,2,146,273.0,3.115136,11.99543
mZ944,2,147,273.5,3.396541,11.477995
mZ944,2,148,274.0,3.1654,11.549329
mZ944,2,149,274.5,2.968613,11.769444
mZ944,2,150,275.0,3.176276,11.591788
mZ944,2,151,275.5,3.7429,10.964053
mZ944,2,152,276.0,3.592869,11.186632
mZ944,2,153,276.5,3.405231,11.724784
mZ944,2,154,277.0,3.148328,11.475441
mZ944,2,155,277.5,3.262284,11.042615
mZ944,2,156,278.0,3.3761,11.553487
mZ944,2,157,278.5,3.407918,11.115149
mZ944,2,158,279.0,3.554267,11.686574
mZ944,2,159,279.5,3.936626,11.31545
mZ944,2,160,280.0,3.890212,11.372236
mZ944,2,161,280.5,3.306965,11.540983
mZ944,2,162,281.0,3.396863,11.447422
mZ944,2,163,281.5,3.476427,11.763798
mZ944,2,164,282.0,3.553869,10.96855
mZ944,2,165,282.5,3.494248,11.400457
mZ944,2,166,283.0,3.736707,12.008224
mZ944,2,167,283.5,3.472095,11.767341
mZ944,2,168,284.0,3.570012,11.471642
mZ944,2,169,284.5,3.249016,11.84991
mZ944,2,170,285.0,3.572822,11.801317
mZ944,2,171,285.5,3.554457,11.733221
mZ944,2,172,286.0,3.738105,11.576267
mZ944,2,173,286.5,3.31846,11.832791
mZ944,2,174,287.0,2.942187,12.185026
mZ944,2,175,287.5,3.72419,11.8377
mZ944,2,176,288.0,3.388417,11.962474
mZ944,2,177,288.5,3.184992,12.062838
mZ944,2,178,289.0,3.797918,11.411156
mZ944,2,179,289.5,3.420097,11.933121
mZ944,2,180,290.0,3.589022,12.043066
mZ944,2,181,290.5,3.154501,12.013403
mZ944,2,182,291.0,3.835851,12.025567
mZ944,2,183,291.5,3.837042,12.191365
mZ944,2,184,292.0,3.810212,12.343784
mZ944,2,185,292.5,3.850551,11.796267
mZ944,2,186,293.0,3.690741,11.994476
mZ944,2,187,293.5,3.399809,11.784485
mZ944,2,188,294.0,3.866508,11.59698
mZ944,2,189,294.5,4.020053,11.41992
mZ944,2,190,295.0,3.399649,11.974766
mZ944,2,191,295.5,3.186842,12.066213
mZ944,2,192,296.0,3.440693,12.030502
mZ944,2,193,296.5,3.498187,11.843716
mZ944,2,194,297.0,3.487476,11.939296
mZ944,2,195,297.5,3.456238,12.03526
mZ944,2,196,298.0,3.805286,12.233038
mZ944,2,197,298.5,3.102181,11.85091
mZ944,2,198,299.0,3.317595,12.023725
mZ944,2,199,299.5,3.208242,12.207248
mZ944,2,200,300.0,2.831469,12.303208
mZ944,2,201,300.5,2.964574,12.286278
mZ944,2,202,301.0,3.474044,11.93058
mZ944,2,203,301.5,4.386907,11.647
mZ944,2,204,302.0,4.469136,11.515318
mZ944,2,205,302.5,3.937664,11.52825
mZ944,2,206,303.0,4.288661,10.756264
mZ944,2,207,303.5,4.207627,11.354967
mZ944,2,208,304.0,3.469776,11.397171
mZ944,2,209,304.5,4.050932,11.534667
mZ944,2,210,305.0,4.318582,11.949887
mZ944,2,211,305.5,3.722111,11.651599
mZ944,2,212,306.0,3.066239,11.99689
mZ944,2,213,306.5,3.592981,11.679373
mZ944,2,214,307.0,3.880235,11.771131
mZ944,2,215,307.5,3.954226,12.096872
mZ944,2,216,308.0,3.383597,11.775973
mZ944,2,217,308.5,3.527456,12.133341
mZ944,2,218,309.0,3.728883,11.698334
mZ944,2,219,309.5,3.869333,11.843041
mZ944,2,220,310.0,3.829087,11.563267
mZ944,2,221,310.5,3.376317,11.882793
mZ944,2,222,311.0,3.093749,12.063417
mZ944,2,223,311.5,3.279701,11.925018
mZ944,2,224,312.0,3.404261,11.486202
mZ944,2,225,312.5,3.291318,11.575405
mZ944,2,226,313.0,3.525507,11.738592
mZ944,2,227,313.5,3.544441,11.609641
mZ944,2,228,314.0,3.815942,11.501126
mZ944,2,229,314.5,3.721814,11.833592
mZ944,2,230,315.0,3.743943,11.826975
mZ944,2,231,315.5,3.39318,11.662536
mZ944,2,232,316.0,3.288376,11.583129
mZ944,2,233,316.5,3.674615,11.578424
mZ944,2,234,317.0,3.976221,12.120066
mZ944,2,235,317.5,3.46383,11.764604
mZ944,2,236,318.0,3.624428,11.701788
mZ944,2,237,318.5,3.309342,12.166615
mZ944,2,238,319.0,4.048236,11.405948
mZ944,2,239,319.5,3.867978,11.555525
mZ944,2,240,320.0,3.60968,11.464288
mZ944,2,241,320.5,3.549106,11.785284
mZ944,2,242,321.0,3.053987,11.745697
mZ944,2,243,321.5,3.864698,11.346627
mZ944,2,244,322.0,3.875693,11.529313
mZ944,2,245,322.5,3.933696,11.441381
mZ944,2,246,323.0,4.30636,10.954349
mZ944,2,247,323.5,3.712505,11.610242
mZ944,2,248,324.0,3.228453,11.832908
mZ944,2,249,324.5,3.04588,11.783155
mZ944,2,250,325.0,3.886852,11.379379
mZ944,2,251,325.5,3.37125,11.63098
mZ944,2,252,326.0,3.284287,12.435639
mZ944,2,253,326.5,3.218392,11.745192
mZ944,2,254,327.0,3.276512,12.061657
mZ944,2,255,327.5,3.199409,12.183956
mZ944,2,256,328.0,3.6369,11.531078
mZ944,2,257,328.5,3.563979,11.583463
mZ944,2,258,329.0,3.694033,11.569033
mZ944,2,259,329.5,3.753496,11.633937
mZ944,2,260,330.0,3.482298,11.438962
mZ944,2,261,330.5,3.709545,11.522761
mZ944,2,262,331.0,3.781247,11.513895
mZ944,2,263,331.5,3.408366,11.627903
mZ944,2,264,332.0,3.418431,12.121848
mZ944,2,265,332.5,3.413877,11.743445
mZ944,2,266,333.0,3.866133,11.865889
mZ944,2,267,333.5,3.569493,11.489314
mZ944,2,268,334.0,3.733921,11.334299
mZ944,2,269,334.5,3.808185,10.909889
mZ944,2,270,335.0,4.036692,11.992503
mZ944,2,271,335.5,3.928389,11.29469
mZ944,2,272,336.0,3.953192,11.738608
mZ944,2,273,336.5,3.286338,11.151234
mZ944,2,274,337.0,2.909413,11.626059
mZ944,2,275,337.5,3.358281,11.710783
mZ944,2,276,338.0,3.81235,11.197636
mZ944,2,277,338.5,3.184148,11.593555
mZ944,2,278,339.0,3.420261,11.548234
mZ944,2,279,339.5,4.716212,10.803756
mZ944,2,280,340.0,4.634211,11.334377
mZ944,2,281,340.5,4.113031,11.193559
mZ944,2,282,341.0,3.86303,11.453532
mZ944,2,283,341.5,3.052966,11.610679
mZ944,2,284,342.0,3.444317,11.189441
mZ944,2,285,342.5,3.690377,11.534762
mZ944,2,286,343.0,3.189031,11.958866
mZ944,2,287,343.5,3.758093,11.660473
mZ944,2,288,344.0,4.462165,11.160023
mZ944,2,289,344.5,3.933531,11.719218
mZ944,2,290,345.0,3.819905,11.731759
mZ944,2,291,345.5,4.285026,11.467214
mZ944,2,292,346.0,3.127029,11.998587
mZ944,2,293,346.5,3.732286,11.414213
mZ944,2,294,347.0,3.433439,12.018854
mZ944,2,295,347.5,3.590233,11.926709
mZ944,2,296,348.0,3.739535,11.491968
mZ944,2,297,348.5,3.158211,11.652746
mZ944,2,298,349.0,4.346442,10.812488
mZ944,2,299,349.5,3.930603,11.765344
mZ944,2,300,350.0,3.994636,11.676842
mZ944,2,301,350.5,3.577033,11.291098
mZ944,2,302,351.0,3.51527,11.53411
mZ944,2,303,351.5,3.233259,11.725131
mZ944,2,304,352.0,3.997891,11.09326
mZ944,2,305,352.5,3.4664,11.270983
mZ944,2,306,353.0,3.622222,11.635516
mZ944,2,307,353.5,3.791965,12.191255
mZ944,2,308,354.0,3.646618,11.84623
mZ944,2,309,354.5,3.615014,12.121143
mZ944,2,310,355.0,3.455719,11.695646
mZ944,2,311,355.5,3.407117,12.122514
mZ944,2,312,356.0,3.383119,12.095895
mZ944,2,313,356.5,3.47233,11.975028
mZ944,2,314,357.0,3.761848,11.670221
mZ944,2,315,357.5,3.782898,11.731243
mZ944,2,316,358.0,4.287983,11.449821
mZ944,2,317,358.5,3.893738,11.390883
mZ944,2,318,359.0,3.408307,11.849982
mZ944,2,319,359.5,3.820458,11.437963
mZ944,2,320,360.0,3.933273,11.473435
mZ944,2,321,360.5,3.792379,11.492038
mZ944,2,322,361.0,3.799335,11.224956
mZ944,2,323,361.5,3.561069,11.655865
mZ944,2,324,362.0,3.576708,11.871306
mZ944,2,325,362.5,3.964252,11.671506
mZ944,2,326,363.0,3.556786,11.628611
mZ944,2,327,363.5,4.154794,11.249423
mZ944,2,328,364.0,3.815064,11.646916
mZ944,2,329,364.5,3.633016,11.504669
mZ944,2,330,365.0,4.017061,11.690142
mZ944,2,331,365.5,4.129575,11.394585
mZ944,2,332,366.0,3.996572,11.336698
mZ944,2,333,366.5,3.800376,11.852556
mZ944,2,334,367.0,3.917546,11.722639
mZ944,2,335,367.5,4.19859,11.327749
mZ944,2,336,368.0,3.838298,11.80956
mZ944,2,337,368.5,3.511256,11.725693
mZ944,2,338,369.0,4.279632,11.989473
mZ944,2,339,369.5,3.748508,11.878543
mZ944,2,340,370.0,3.628179,11.295862
mZ944,2,341,370.5,3.654999,12.175099
mZ944,2,342,371.0,3.716458,11.364239
mZ944,2,343,371.5,3.906891,11.96826
mZ944,2,344,372.0,4.192002,12.130883
mZ944,2,345,372.5,3.800659,11.820163
mZ944,2,346,373.0,3.439462,11.458997
mZ944,2,347,373.5,3.80749,11.620655
mZ944,2,348,374.0,3.573757,11.752454
mZ944,2,349,374.5,3.995355,11.731071
mZ944,2,350,375.0,3.937787,11.439894
mZ944,2,351,375.5,4.121107,11.576504
mZ944,2,352,376.0,3.663115,12.178169
mZ944,2,353,376.5,3.679942,12.115652
mZ944,2,354,377.0,3.973873,11.517639
mZ944,2,355,377.5,4.110024,11.947411
mZ944,2,356,378.0,3.893782,11.609204
mZ944,2,357,378.5,3.642892,11.411432
mZ944,2,358,379.0,3.721606,11.593342
mZ944,2,359,379.5,3.857156,11.650351
mZ944,2,360,380.0,3.396955,11.719219
mZ944,2,361,380.5,3.773402,11.658836
mZ944,2,362,381.0,3.985967,12.229978
mZ944,2,363,381.5,3.636112,11.992221
mZ944,2,364,382.0,4.182881,11.714325
mZ944,2,365,382.5,3.82252,11.714583
mZ944,2,366,383.0,3.428095,12.113899
mZ944,2,367,383.5,3.511762,11.990051
mZ944,2,368,384.0,3.474532,11.765166
mZ944,2,369,384.5,3.740364,11.3806
mZ944,2,370,385.0,3.971829,11.831157
mZ944,2,371,385.5,3.817171,11.031047
mZ944,2,372,386.0,3.59393,11.252939
mZ944,2,373,386.5,3.438574,11.726673
mZ944,2,374,387.0,3.690633,11.625775
mZ944,2,375,387.5,3.493016,11.640823
mZ944,2,376,388.0,3.28119,11.762548
mZ944,2,377,388.5,3.530569,11.318863
mZ944,2,378,389.0,3.812754,11.718061
mZ944,2,379,389.5,3.790582,11.973695
mZ944,2,380,390.0,4.085939,11.583298
mZ944,2,381,390.5,3.72835,11.677556
mZ944,2,382,391.0,4.000542,11.955246
mZ944,2,383,391.5,3.856889,11.503477
mZ944,2,384,392.0,4.315477,11.572129
mZ944,2,385,392.5,4.210509,11.183365
mZ944,2,386,393.0,4.04283,11.137813
mZ944,2,387,393.5,3.58761,11.712478
mZ944,2,388,394.0,3.39403,11.486716
mZ944,2,389,394.5,3.76653,11.532936
mZ944,2,390,395.0,3.900412,11.257495
mZ944,2,391,395.5,3.650268,10.926494
mZ944,2,392,396.0,4.112734,10.735655
mZ944,2,393,396.5,3.687795,11.685945
mZ944,2,394,397.0,3.412003,11.806832
mZ944,2,395,397.5,3.964756,11.022801
mZ944,2,396,398.0,3.949813,11.288899
mZ944,2,397,398.5,3.719107,11.071463
mZ944,2,398,399.0,4.202156,11.71814
mZ944,2,399,399.5,3.49838,11.719502
mZ944,2,400,400.0,3.830481,11.67804
mZ944,2,401,400.5,3.702916,12.099803
mZ944,2,402,401.0,3.487997,11.747015
mZ944,2,403,401.5,3.959538,11.693582
mZ944,2,404,402.0,3.821611,11.12234
mZ944,2,405,402.5,4.077651,11.08516
mZ944,2,406,403.0,3.722193,11.086883
mZ944,2,407,403.5,4.04268,11.743974
mZ944,2,408,404.0,4.048088,11.231495
mZ944,2,409,404.5,3.975853,12.037109
mZ944,2,410,405.0,3.370107,11.703041
mZ944,2,411,405.5,4.074861,11.848841
mZ944,2,412,406.0,3.330819,11.967888
mZ944,2,413,406.5,3.737454,11.465802
mZ944,2,414,407.0,3.93116,11.777969
mZ944,2,415,407.5,3.869131,12.031174
mZ944,2,416,408.0,3.741543,11.920309
mZ944,2,417,408.5,3.177247,11.747403
mZ944,2,418,409.0,3.699399,11.711232
mZ944,2,419,409.5,3.648734,11.372275
mZ944,2,420,410.0,3.257443,12.086286
mZ944,2,421,410.5,3.941848,11.430983
mZ944,2,422,411.0,3.993464,11.463615
mZ944,2,423,411.5,3.658112,11.923872
mZ944,2,424,412.0,3.705207,11.780697
mZ944,2,425,412.5,3.369792,11.92242
mZ944,2,426,413.0,3.540682,12.131221
mZ944,2,427,413.5,3.952783,11.729519
mZ944,2,428,414.0,3.889374,11.546855
mZ944,2,429,414.5,3.912219,11.868335
mZ944,2,430,415.0,4.009056,12.243948
mZ944,2,431,415.5,3.829529,11.702198
mZ944,2,432,416.0,3.8287,11.419344
mZ944,2,433,416.5,4.001611,11.502757
mZ944,2,434,417.0,3.418892,11.918942
mZ944,2,435,417.5,3.595068,11.608394
mZ944,2,436,418.0,4.164264,11.243203
mZ944,2,437,418.5,3.70642,11.471392
mZ944,2,438,419.0,3.768706,11.174142
mZ944,2,439,419.5,3.817161,11.026119
mZ944,2,440,420.0,3.368593,11.526849
mZ944,2,441,420.5,3.708939,11.281591
mZ944,2,442,421.0,3.900218,11.616833
mZ944,2,443,421.5,3.823064,10.935587
mZ944,2,444,422.0,3.70861,11.386825
mZ944,2,445,422.5,3.649413,11.283689
mZ944,2,446,423.0,3.884718,11.228803
mZ944,2,447,423.5,3.812674,11.228255
mZ944,2,448,424.0,4.388677,10.721376
mZ944,2,449,424.5,3.983755,11.253588
mZ944,2,450,425.0,4.354458,11.380788
mZ944,2,451,425.5,3.853274,11.713995
mZ944,2,452,426.0,4.205496,11.414306
mZ944,2,453,426.5,3.798931,11.320996
mZ944,2,454,427.0,3.695943,11.461993
mZ944,2,455,427.5,3.782144,11.427171
mZ944,2,456,428.0,3.92138,11.427875
mZ944,2,457,428.5,3.646147,11.36733
mZ944,2,458,429.0,3.849766,11.547951
mZ944,2,459,429.5,4.035159,11.28644
mZ944,2,460,430.0,3.684203,11.858013
mZ944,2,461,430.5,3.752959,11.724673
mZ944,2,462,431.0,4.376101,11.091439
mZ944,2,463,431.5,4.010776,11.64784
mZ944,2,464,432.0,4.096837,11.4818
mZ944,2,465,432.5,3.96173,11.325468
mZ944,2,466,433.0,3.947149,11.213556
mZ944,2,467,433.5,3.792689,11.403369
mZ944,2,468,434.0,4.330839,11.272608
mZ944,2,469,434.5,3.828622,11.763491
mZ944,2,470,435.0,3.616543,11.554343
mZ944,2,471,435.5,4.030524,11.313124
mZ944,2,472,436.0,3.711517,11.427993
mZ944,2,473,436.5,3.955345,11.570931
mZ944,2,474,437.0,3.585895,11.734811
mZ944,2,475,437.5,3.706132,11.773787
mZ944,2,476,438.0,3.889242,11.514403
mZ944,2,477,438.5,3.75246,11.471953
mZ944,2,478,439.0,3.602475,12.009269
mZ944,2,479,439.5,3.692487,11.761876
mZ944,2,480,440.0,4.231552,11.653446
mZ944,2,481,440.5,4.432983,11.511636
mZ944,2,482,441.0,3.584236,11.882492
mZ944,2,483,441.5,3.759881,11.706911
mZ944,2,484,442.0,4.04756,11.633762
mZ944,2,485,442.5,3.733045,11.69571
mZ944,2,486,443.0,3.94845,12.000918
mZ944,2,487,443.5,3.688044,11.670902
mZ944,2,488,444.0,3.976362,11.764309
mZ944,2,489,444.5,3.806804,11.943613
mZ944,2,490,445.0,3.552379,11.753194
mZ944,2,491,445.5,3.654877,11.864583
mZ944,2,492,446.0,3.726991,11.659037
mZ944,2,493,446.5,3.628045,12.10696
mZ944,2,494,447.0,4.048755,11.874695
mZ944,2,495,447.5,3.878508,11.841536
mZ944,2,496,448.0,4.042494,11.673527
mZ944,2,497,448.5,3.84565,11.728886
mZ944,2,498,449.0,3.810421,11.950554
mZ944,2,499,449.5,3.471597,12.111276
mZ944,2,500,450.0,3.612081,11.764032
mZ944,2,501,450.5,4.027014,11.497652
mZ944,2,502,451.0,3.723595,11.863795
mZ944,2,503,451.5,3.640365,11.945052
mZ944,2,504,452.0,3.723,11.835551
mZ944,2,505,452.5,3.724518,11.726929
mZ944,2,506,453.0,3.600111,11.783826
mZ944,2,507,453.5,4.067773,11.536254
mZ944,2,508,454.0,4.227303,11.487332
mZ944,2,509,454.5,3.863744,11.778308
mZ944,2,510,455.0,3.479764,11.591653
mZ944,2,511,455.5,4.049881,10.859259
mZ944,2,512,456.0,3.734999,11.521752
mZ944,2,513,456.5,3.689978,11.302862
mZ944,2,514,457.0,3.803558,11.447474
mZ944,2,515,457.5,3.646221,11.545892
mZ944,2,516,458.0,3.690909,11.911058
mZ944,2,517,458.5,3.972831,11.190937
mZ944,2,518,459.0,4.101384,11.51984
mZ944,2,519,459.5,3.728462,11.610786
mZ944,2,520,460.0,3.895796,11.618232
mZ944,2,521,460.5,3.422894,11.40652
mZ944,2,522,461.0,4.13909,10.988882
mZ944,2,523,461.5,3.716571,10.971586
mZ944,2,524,462.0,4.033277,11.024594
mZ944,2,525,462.5,3.690271,11.379089
mZ944,2,526,463.0,3.83542,11.12926
mZ944,2,527,463.5,3.92508,11.552628
mZ944,2,528,464.0,3.844669,11.489356
mZ944,2,529,464.5,4.042912,11.306797
mZ944,2,530,465.0,3.796436,11.694038
mZ944,2,531,465.5,3.93896,11.445365
mZ944,2,532,466.0,4.036882,11.503743
mZ944,2,533,466.5,3.643157,11.74786
mZ944,2,534,467.0,3.811091,11.288734
mZ944,2,535,467.5,4.16626,11.374335
mZ944,2,536,468.0,4.381553,11.377116
mZ944,2,537,468.5,4.164583,11.559611
mZ944,2,538,469.0,4.091191,11.389014
mZ944,2,539,469.5,3.72307,11.400584
mZ944,2,540,470.0,3.713198,11.671546
mZ944,2,541,470.5,3.802081,11.50854
mZ944,2,542,471.0,3.954202,11.786087
mZ944,2,543,471.5,3.470829,11.657446
mZ944,2,544,472.0,3.758934,11.395054
mZ944,2,545,472.5,3.900481,12.01712
mZ944,2,546,473.0,4.236948,11.369329
mZ944,2,547,473.5,4.314248,11.306803
mZ944,2,548,474.0,3.981993,11.731585
mZ944,2,549,474.5,3.768491,11.825304
mZ944,2,550,475.0,4.045627,11.315453
mZ944,2,551,475.5,3.952331,11.545053
mZ944,2,552,476.0,4.227233,11.742384
mZ944,2,553,476.5,3.962208,11.649858
mZ944,2,554,477.0,3.91477,11.613198
mZ944,2,555,477.5,4.131008,11.623691
mZ944,2,556,478.0,3.462131,11.954828
mZ944,2,557,478.5,3.632679,11.438892
mZ944,2,558,479.0,4.569748,11.055104
mZ944,2,559,479.5,4.275612,11.244954
mZ944,2,560,480.0,3.479542,11.327981
mZ944,2,561,480.5,3.986548,11.508392
mZ944,2,562,481.0,3.82354,11.207843
mZ944,2,563,481.5,3.970719,11.292998
mZ944,2,564,482.0,3.884932,11.628342
mZ944,2,565,482.5,4.270271,11.53073
mZ944,2,566,483.0,3.661061,11.534791
mZ944,2,567,483.5,4.044994,11.567317
mZ944,2,568,484.0,4.033617,11.784559
mZ944,2,569,484.5,4.204444,11.422009
mZ944,2,570,485.0,4.022286,11.540213
mZ944,2,571,485.5,3.772841,11.657724
mZ944,2,572,486.0,4.184696,11.829398
mZ944,2,573,486.5,4.014322,11.824747
mZ944,2,574,487.0,4.356862,11.643026
mZ944,2,575,487.5,4.002452,11.57055
mZ944,2,576,488.0,3.480414,11.452031
mZ944,2,577,488.5,3.767388,11.947817
mZ944,2,578,489.0,4.064835,11.522903
mZ944,2,579,489.5,4.00123,11.649232
mZ944,2,580,490.0,3.73234,11.475122
mZ944,2,581,490.5,3.940636,11.350585
mZ944,2,582,491.0,4.01533,11.46426
mZ944,2,583,491.5,3.807766,11.159574
mZ944,2,584,492.0,3.916874,11.734017
mZ944,2,585,492.5,3.708484,11.4749
mZ944,2,586,493.0,4.164661,11.106804
mZ944,2,587,493.5,3.805994,11.100063
mZ944,2,588,494.0,3.77355,11.586391
mZ944,2,589,494.5,3.739684,11.737076
mZ944,2,590,495.0,4.390757,11.208297
mZ944,2,591,495.5,4.228948,11.679533
mZ944,2,592,496.0,3.961375,11.355666
mZ944,2,593,496.5,3.435984,11.716701
mZ944,2,594,497.0,3.774864,11.133652
mZ944,2,595,497.5,3.912843,11.259109
mZ944,2,596,498.0,4.240957,11.761562
mZ944,2,597,498.5,3.638156,12.108098
mZ944,2,598,499.0,3.699283,12.020615
mZ944,2,599,499.5,4.107305,11.988765
mZ944,3,0,200.0,4.06025,10.555633
mZ944,3,1,200.5,3.923673,10.452592
mZ944,3,2,201.0,4.19026,10.595645
mZ944,3,3,201.5,3.675908,11.32565
mZ944,3,4,202.0,4.167931,10.226813
mZ944,3,5,202.5,3.823909,10.268433
mZ944,3,6,203.0,3.324389,10.768842
mZ944,3,7,203.5,3.940348,10.434858
mZ944,3,8,204.0,3.620382,10.76702
mZ944,3,9,204.5,3.435602,11.033596
mZ944,3,10,205.0,3.530468,10.495462
mZ944,3,11,205.5,3.653946,10.67238
mZ944,3,12,206.0,3.804066,10.403585
mZ944,3,13,206.5,3.965432,10.742877
mZ944,3,14,207.0,3.639193,10.542504
mZ944,3,15,207.5,3.436615,10.772592
mZ944,3,16,208.0,3.694223,10.654044
mZ944,3,17,208.5,4.146825,10.793476
mZ944,3,18,209.0,3.694134,10.642983
mZ944,3,19,209.5,3.704729,10.626194
mZ944,3,20,210.0,3.820162,10.96106
mZ944,3,21,210.5,3.580527,11.100871
mZ944,3,22,211.0,3.766732,10.798165
mZ944,3,23,211.5,3.770171,10.295949
mZ944,3,24,212.0,3.680514,10.693134
mZ944,3,25,212.5,3.742473,10.850835
mZ944,3,26,213.0,3.928152,10.226749
mZ944,3,27,213.5,3.942074,10.472626
mZ944,3,28,214.0,3.621846,10.762041
mZ944,3,29,214.5,3.423333,10.753648
mZ944,3,30,215.0,3.67642,11.189464
mZ944,3,31,215.5,4.031207,11.293844
mZ944,3,32,216.0,3.829389,11.009201
mZ944,3,33,216.5,3.54307,10.712563
mZ944,3,34,217.0,3.378528,10.667211
mZ944,3,35,217.5,3.978138,10.177412
mZ944,3,36,218.0,4.164714,10.442718
mZ944,3,37,218.5,4.01197,10.308669
mZ944,3,38,219.0,3.677252,10.299153
mZ944,3,39,219.5,4.325904,10.296884
mZ944,3,40,220.0,4.010246,10.913855
mZ944,3,41,220.5,4.041773,10.547926
mZ944,3,42,221.0,3.465796,11.014002
mZ944,3,43,221.5,3.857573,10.681826
mZ944,3,44,222.0,3.631778,10.756402
mZ944,3,45,222.5,3.784192,10.251987
mZ944,3,46,223.0,3.605318,10.667219
mZ944,3,47,223.5,4.045272,10.083722
mZ944,3,48,224.0,2.892492,10.834876
mZ944,3,49,224.5,3.696807,10.49244
mZ944,3,50,225.0,3.471193,10.752883
mZ944,3,51,225.5,3.875276,10.575165
mZ944,3,52,226.0,3.843463,10.68384
mZ944,3,53,226.5,3.275468,11.212673
mZ944,3,54,227.0,3.722217,10.719769
mZ944,3,55,227.5,3.420973,10.980712
mZ944,3,56,228.0,4.064532,10.523872
mZ944,3,57,228.5,3.301694,11.123803
mZ944,3,58,229.0,4.024391,10.670869
mZ944,3,59,229.5,3.989833,10.254873
mZ944,3,60,230.0,3.810436,10.059231
mZ944,3,61,230.5,3.557997,10.574823
mZ944,3,62,231.0,4.066283,9.917595
mZ944,3,63,231.5,3.812435,10.072368
mZ944,3,64,232.0,3.851417,10.234405
mZ944,3,65,232.5,4.194246,10.221798
mZ944,3,66,233.0,3.170457,11.096327
mZ944,3,67,233.5,3.749951,10.191495
mZ944,3,68,234.0,3.652129,10.270913
mZ944,3,69,234.5,3.364458,11.096093
mZ944,3,70,235.0,3.731914,10.478489
mZ944,3,71,235.5,3.213488,11.018763
mZ944,3,72,236.0,3.471168,10.477614
mZ944,3,73,236.5,3.753256,10.156966
mZ944,3,74,237.0,3.737306,10.623303
mZ944,3,75,237.5,4.097191,10.06764
mZ944,3,76,238.0,4.658793,10.069709
mZ944,3,77,238.5,3.707203,10.417294
mZ944,3,78,239.0,3.713702,10.586785
mZ944,3,79,239.5,3.679857,10.56244
mZ944,3,80,240.0,3.86807,10.751075
mZ944,3,81,240.5,3.491373,10.739877
mZ944,3,82,241.0,3.831419,10.631606
mZ944,3,83,241.5,3.354161,10.722028
mZ944,3,84,242.0,3.501466,10.657079
mZ944,3,85,242.5,3.784952,10.680618
mZ944,3,86,243.0,3.414488,10.821921
mZ944,3,87,243.5,3.460594,10.763803
mZ944,3,88,244.0,3.465519,10.753951
mZ944,3,89,244.5,3.361104,10.381303
mZ944,3,90,245.0,3.978193,10.170819
mZ944,3,91,245.5,3.866906,10.727888
mZ944,3,92,246.0,3.428028,11.087052
mZ944,3,93,246.5,3.965588,10.445981
mZ944,3,94,247.0,3.08492,10.798171
mZ944,3,95,247.5,3.722922,10.660139
mZ944,3,96,248.0,3.798224,10.78195
mZ944,3,97,248.5,3.313588,10.787449
mZ944,3,98,249.0,3.760868,10.693507
mZ944,3,99,249.5,3.532629,10.914972
mZ944,3,100,250.0,3.443649,11.161587
mZ944,3,101,250.5,3.190948,11.17031
mZ944,3,102,251.0,3.950703,11.098172
mZ944,3,103,251.5,3.443757,10.959777
mZ944,3,104,252.0,3.661936,10.949304
mZ944,3,105,252.5,3.591119,10.523655
mZ944,3,106,253.0,3.68774,10.519315
mZ944,3,107,253.5,4.370862,9.786962
mZ944,3,108,254.0,3.506072,10.97657
mZ944,3,109,254.5,3.47739,11.224156
mZ944,3,110,255.0,3.245901,10.785536
mZ944,3,111,255.5,3.902771,10.571956
mZ944,3,112,256.0,3.564382,10.606459
mZ944,3,113,256.5,3.160888,10.812682
mZ944,3,114,257.0,3.400107,11.040315
mZ944,3,115,257.5,3.810794,10.56514
mZ944,3,116,258.0,3.38022,10.935228
mZ944,3,117,258.5,3.119573,10.884423
mZ944,3,118,259.0,3.221491,11.337707
mZ944,3,119,259.5,3.144503,10.687185
mZ944,3,120,260.0,3.367606,10.784521
mZ944,3,121,260.5,3.031891,10.902562
mZ944,3,122,261.0,3.465866,10.856695
mZ944,3,123,261.5,3.41459,10.701565
mZ944,3,124,262.0,3.357086,10.917402
mZ944,3,125,262.5,3.306132,10.785014
mZ944,3,126,263.0,3.831067,10.539549
mZ944,3,127,263.5,3.290398,10.936116
mZ944,3,128,264.0,3.196294,11.24593
mZ944,3,129,264.5,3.3227,11.326309
mZ944,3,130,265.0,3.489421,10.987789
mZ944,3,131,265.5,3.594776,10.661439
mZ944,3,132,266.0,3.229461,11.281027
mZ944,3,133,266.5,3.305956,10.683262
mZ944,3,134,267.0,2.632558,11.105623
mZ944,3,135,267.5,3.603136,10.677851
mZ944,3,136,268.0,3.351656,10.711584
mZ944,3,137,268.5,3.087545,10.992256
mZ944,3,138,269.0,2.964608,11.161529
mZ944,3,139,269.5,3.673899,10.258447
mZ944,3,140,270.0,3.656359,10.266811
mZ944,3,141,270.5,3.16059,11.077557
mZ944,3,142,271.0,3.201551,11.015716
mZ944,3,143,271.5,3.307713,10.996573
mZ944,3,144,272.0,2.971138,11.152317
mZ944,3,145,272.5,3.518975,10.963463
mZ944,3,146,273.0,4.04805,10.454195
mZ944,3,147,273.5,3.345333,11.047618
mZ944,3,148,274.0,4.215739,10.301421
mZ944,3,149,274.5,4.130045,10.481751
mZ944,3,150,275.0,3.747081,10.756701
mZ944,3,151,275.5,3.27299,11.076639
mZ944,3,152,276.0,4.17299,10.067687
mZ944,3,153,276.5,4.22597,10.016482
mZ944,3,154,277.0,3.792797,10.579394
mZ944,3,155,277.5,2.622099,11.416071
mZ944,3,156,278.0,4.045359,9.951791
mZ944,3,157,278.5,4.053165,10.204626
mZ944,3,158,279.0,3.899347,10.748746
mZ944,3,159,279.5,3.996534,10.53468
mZ944,3,160,280.0,4.00573,10.755168
mZ944,3,161,280.5,4.212399,9.766506
mZ944,3,162,281.0,3.379672,10.611299
mZ944,3,163,281.5,3.803389,10.800513
mZ944,3,164,282.0,4.262326,10.227276
mZ944,3,165,282.5,4.043062,11.173826
mZ944,3,166,283.0,3.525029,11.149653
mZ944,3,167,283.5,3.769681,10.488028
mZ944,3,168,284.0,3.830623,11.07732
mZ944,3,169,284.5,3.858755,10.447987
mZ944,3,170,285.0,3.824901,10.334246
mZ944,3,171,285.5,3.472396,10.857392
mZ944,3,172,286.0,3.703186,10.794802
mZ944,3,173,286.5,3.906363,10.488933
mZ944,3,174,287.0,3.861266,10.258543
mZ944,3,175,287.5,3.672345,10.736124
mZ944,3,176,288.0,3.29098,11.319666
mZ944,3,177,288.5,3.887544,10.081371
mZ944,3,178,289.0,3.674393,10.890653
mZ944,3,179,289.5,3.446584,11.031852
mZ944,3,180,290.0,3.310957,10.970036
mZ944,3,181,290.5,3.558071,11.060109
mZ944,3,182,291.0,3.742438,10.350953
mZ944,3,183,291.5,3.448582,11.018749
mZ944,3,184,292.0,3.215139,11.299033
mZ944,3,185,292.5,3.497562,10.659606
mZ944,3,186,293.0,3.588396,10.715477
mZ944,3,187,293.5,3.932803,9.842517
mZ944,3,188,294.0,4.402999,9.839421
mZ944,3,189,294.5,4.330067,10.030166
mZ944,3,190,295.0,3.84426,10.424838
mZ944,3,191,295.5,3.330531,10.751615
mZ944,3,192,296.0,3.585719,10.817831
mZ944,3,193,296.5,3.76578,10.491756
mZ944,3,194,297.0,3.866547,10.711778
mZ944,3,195,297.5,3.983972,10.489814
mZ944,3,196,298.0,4.138146,10.252716
mZ944,3,197,298.5,3.555483,10.883091
mZ944,3,198,299.0,3.588462,11.080522
mZ944,3,199,299.5,3.781708,10.478887
mZ944,3,200,300.0,3.492081,11.079536
mZ944,3,201,300.5,4.207596,10.660771
mZ944,3,202,301.0,3.798173,10.43167
mZ944,3,203,301.5,3.789017,10.853851
mZ944,3,204,302.0,3.74518,10.836765
mZ944,3,205,302.5,4.046561,10.128638
mZ944,3,206,303.0,3.927916,10.218606
mZ944,3,207,303.5,4.356047,10.107659
mZ944,3,208,304.0,3.959835,10.447004
mZ944,3,209,304.5,3.52443,11.231475
mZ944,3,210,305.0,3.06656,11.646233
mZ944,3,211,305.5,2.905495,11.550224
mZ944,3,212,306.0,3.802491,10.63499
mZ944,3,213,306.5,3.250685,11.245759
mZ944,3,214,307.0,3.807679,10.062606
mZ944,3,215,307.5,3.032317,11.067789
mZ944,3,216,308.0,2.923475,11.119021
mZ944,3,217,308.5,3.260835,11.155811
mZ944,3,218,309.0,3.423534,10.981172
mZ944,3,219,309.5,2.877882,11.236937
mZ944,3,220,310.0,2.809984,11.259661
mZ944,3,221,310.5,3.149968,11.2619
mZ944,3,222,311.0,3.348069,10.884222
mZ944,3,223,311.5,3.058374,11.131485
mZ944,3,224,312.0,2.931312,10.987192
mZ944,3,225,312.5,3.33484,10.99854
mZ944,3,226,313.0,3.189019,11.142932
mZ944,3,227,313.5,3.198553,11.401748
mZ944,3,228,314.0,3.311244,11.09126
mZ944,3,229,314.5,3.471833,10.90836
mZ944,3,230,315.0,4.029104,10.439848
mZ944,3,231,315.5,4.420887,10.741347
mZ944,3,232,316.0,4.281538,10.276051
mZ944,3,233,316.5,4.81161,11.105842
mZ944,3,234,317.0,4.015665,10.624461
mZ944,3,235,317.5,4.043743,10.710286
mZ944,3,236,318.0,3.873538,10.60082
mZ944,3,237,318.5,3.947996,10.840573
mZ944,3,238,319.0,3.713152,10.704173
mZ944,3,239,319.5,3.571607,10.712965
mZ944,3,240,320.0,3.620802,10.868576
mZ944,3,241,320.5,4.010335,10.070707
mZ944,3,242,321.0,3.740398,10.719988
mZ944,3,243,321.5,4.247589,10.0286
mZ944,3,244,322.0,3.820359,10.530948
mZ944,3,245,322.5,3.802608,10.301427
mZ944,3,246,323.0,4.544172,9.861764
mZ944,3,247,323.5,4.282497,9.671072
mZ944,3,248,324.0,4.008684,10.10183
mZ944,3,249,324.5,3.387638,11.141391
mZ944,3,250,325.0,3.916338,10.380756
mZ944,3,251,325.5,3.966452,9.872062
mZ944,3,252,326.0,4.372243,10.353816
mZ944,3,253,326.5,4.091022,10.248374
mZ944,3,254,327.0,4.313638,9.623423
mZ944,3,255,327.5,3.442298,10.61881
mZ944,3,256,328.0,3.805673,9.98492
mZ944,3,257,328.5,4.774196,9.911233
mZ944,3,258,329.0,5.078384,9.136695
mZ944,3,259,329.5,4.737944,10.228963
mZ944,3,260,330.0,3.582537,10.79279
mZ944,3,261,330.5,3.653859,10.673261
mZ944,3,262,331.0,3.75154,10.657496
mZ944,3,263,331.5,3.796718,10.321148
mZ944,3,264,332.0,3.922706,10.581847
mZ944,3,265,332.5,3.65612,10.40167
mZ944,3,266,333.0,3.932302,10.438399
mZ944,3,267,333.5,3.562845,10.501436
mZ944,3,268,334.0,3.819368,10.285347
mZ944,3,269,334.5,3.837514,10.129409
mZ944,3,270,335.0,3.807057,10.56193
mZ944,3,271,335.5,4.197018,11.077942
mZ944,3,272,336.0,4.062278,10.487804
mZ944,3,273,336.5,4.236051,10.007129
mZ944,3,274,337.0,3.4748,10.603691
mZ944,3,275,337.5,3.987437,10.062257
mZ944,3,276,338.0,3.774406,10.793442
mZ944,3,277,338.5,3.850765,9.96227
mZ944,3,278,339.0,4.459498,10.035104
mZ944,3,279,339.5,4.208742,10.35938
mZ944,3,280,340.0,3.757566,10.431108
mZ944,3,281,340.5,4.216058,10.068377
mZ944,3,282,341.0,4.117067,9.888693
mZ944,3,283,341.5,3.605041,10.572611
mZ944,3,284,342.0,3.595486,10.320759
mZ944,3,285,342.5,3.733738,10.262343
mZ944,3,286,343.0,3.597357,10.165341
mZ944,3,287,343.5,4.182871,10.725232
mZ944,3,288,344.0,3.826942,10.32902
mZ944,3,289,344.5,3.312846,10.794909
mZ944,3,290,345.0,3.552859,10.525742
mZ944,3,291,345.5,3.764582,10.130577
mZ944,3,292,346.0,3.460568,10.166749
mZ944,3,293,346.5,3.617432,10.02913
mZ944,3,294,347.0,4.017198,10.270811
mZ944,3,295,347.5,3.687786,10.670301
mZ944,3,296,348.0,3.208111,10.569724
mZ944,3,297,348.5,3.188395,10.77113
mZ944,3,298,349.0,3.31004,10.455074
mZ944,3,299,349.5,3.477151,10.538025
mZ944,3,300,350.0,3.081419,10.67753
mZ944,3,301,350.5,4.297556,9.646261
mZ944,3,302,351.0,3.838737,10.316538
mZ944,3,303,351.5,3.402067,10.405133
mZ944,3,304,352.0,4.325944,10.441143
mZ944,3,305,352.5,4.069445,10.249703
mZ944,3,306,353.0,3.724526,10.249672
mZ944,3,307,353.5,2.896513,10.767085
mZ944,3,308,354.0,2.944834,10.906827
mZ944,3,309,354.5,3.59061,10.020609
mZ944,3,310,355.0,4.059165,10.034028
mZ944,3,311,355.5,3.778233,10.122348
mZ944,3,312,356.0,3.719597,10.657769
mZ944,3,313,356.5,3.995835,10.529686
mZ944,3,314,357.0,3.519038,10.745512
mZ944,3,315,357.5,3.89477,10.339611
mZ944,3,316,358.0,3.740344,10.835331
mZ944,3,317,358.5,3.373649,10.672934
mZ944,3,318,359.0,3.691324,10.461662
mZ944,3,319,359.5,4.535618,10.003399
mZ944,3,320,360.0,3.916963,10.468373
mZ944,3,321,360.5,4.368313,10.048384
mZ944,3,322,361.0,3.991047,10.200441
mZ944,3,323,361.5,4.036504,10.459415
mZ944,3,324,362.0,3.942627,10.013698
mZ944,3,325,362.5,4.448355,9.578901
mZ944,3,326,363.0,4.306418,10.085605
mZ944,3,327,363.5,4.057202,10.231578
mZ944,3,328,364.0,4.408346,9.629187
mZ944,3,329,364.5,4.076716,10.566897
mZ944,3,330,365.0,3.767443,10.275856
mZ944,3,331,365.5,3.794576,10.633759
mZ944,3,332,366.0,3.779566,10.336931
mZ944,3,333,366.5,4.202318,10.085755
mZ944,3,334,367.0,4.101145,9.85945
mZ944,3,335,367.5,3.67709,10.710394
mZ944,3,336,368.0,4.31623,9.966124
mZ944,3,337,368.5,3.632156,10.696865
mZ944,3,338,369.0,3.583996,10.411374
mZ944,3,339,369.5,4.013533,10.15139
mZ944,3,340,370.0,3.807161,9.885621
mZ944,3,341,370.5,4.563063,9.575992
mZ944,3,342,371.0,4.307311,9.82929
mZ944,3,343,371.5,3.861798,10.240108
mZ944,3,344,372.0,3.6424,10.566661
mZ944,3,345,372.5,4.064139,9.705987
mZ944,3,346,373.0,4.025884,9.975655
mZ944,3,347,373.5,4.009739,10.259007
mZ944,3,348,374.0,3.221638,10.188703
mZ944,3,349,374.5,3.648395,10.094397
mZ944,3,350,375.0,4.034627,9.666742
mZ944,3,351,375.5,3.744931,10.221272
mZ944,3,352,376.0,3.769975,10.061678
mZ944,3,353,376.5,3.235958,10.215685
mZ944,3,354,377.0,3.200584,11.259948
mZ944,3,355,377.5,3.863864,10.621051
mZ944,3,356,378.0,3.992008,10.58575
mZ944,3,357,378.5,3.905059,9.868575
mZ944,3,358,379.0,4.228193,10.126847
mZ944,3,359,379.5,3.637256,10.520124
mZ944,3,360,380.0,3.91131,10.303357
mZ944,3,361,380.5,4.247032,9.847169
mZ944,3,362,381.0,4.127057,10.300064
mZ944,3,363,381.5,3.796844,9.906927
mZ944,3,364,382.0,3.873017,10.286063
mZ944,3,365,382.5,4.069181,10.390854
mZ944,3,366,383.0,3.637465,10.732844
mZ944,3,367,383.5,4.320785,10.568403
mZ944,3,368,384.0,4.325409,10.071038
mZ944,3,369,384.5,3.919344,10.456666
mZ944,3,370,385.0,3.893957,10.348846
mZ944,3,371,385.5,4.396008,10.122033
mZ944,3,372,386.0,4.418245,9.915435
mZ944,3,373,386.5,3.973096,10.913313
mZ944,3,374,387.0,4.215513,10.356687
mZ944,3,375,387.5,4.146034,10.179137
mZ944,3,376,388.0,4.037073,10.26058
mZ944,3,377,388.5,3.733991,10.823014
mZ944,3,378,389.0,4.07882,10.285492
mZ944,3,379,389.5,3.956215,10.405935
mZ944,3,380,390.0,4.329822,10.170005
mZ944,3,381,390.5,4.073536,10.29765
mZ944,3,382,391.0,4.3695,9.974329
mZ944,3,383,391.5,4.171332,10.291347
mZ944,3,384,392.0,3.566096,10.337858
mZ944,3,385,392.5,3.708567,10.952727
mZ944,3,386,393.0,3.542605,10.855249
mZ944,3,387,393.5,3.728165,10.733539
mZ944,3,388,394.0,3.882259,10.308134
mZ944,3,389,394.5,4.479159,9.398623
mZ944,3,390,395.0,4.279509,9.416668
mZ944,3,391,395.5,3.769789,10.672865
mZ944,3,392,396.0,3.777069,10.410858
mZ944,3,393,396.5,3.732262,10.453393
mZ944,3,394,397.0,3.626378,10.402189
mZ944,3,395,397.5,3.504361,10.71595
mZ944,3,396,398.0,3.580244,10.670742
mZ944,3,397,398.5,4.653616,9.818352
mZ944,3,398,399.0,3.235286,10.563739
mZ944,3,399,399.5,3.09842,11.065496
mZ944,3,400,400.0,3.940086,10.012074
mZ944,3,401,400.5,3.325276,10.861577
mZ944,3,402,401.0,3.914475,10.345047
mZ944,3,403,401.5,3.32885,10.727701
mZ944,3,404,402.0,3.917841,10.276639
mZ944,3,405,402.5,3.67583,10.698064
mZ944,3,406,403.0,3.244317,10.911459
mZ944,3,407,403.5,3.294481,10.627749
mZ944,3,408,404.0,3.279306,10.671606
mZ944,3,409,404.5,3.708719,10.631125
mZ944,3,410,405.0,3.285745,11.284705
mZ944,3,411,405.5,3.305305,10.437774
mZ944,3,412,406.0,3.326953,10.866029
mZ944,3,413,406.5,3.595335,10.561595
mZ944,3,414,407.0,3.578128,10.381228
mZ944,3,415,407.5,3.697551,10.679872
mZ944,3,416,408.0,3.354795,10.550009
mZ944,3,417,408.5,3.325852,10.846112
mZ944,3,418,409.0,4.024591,10.152577
mZ944,3,419,409.5,3.653163,10.440762
mZ944,3,420,410.0,3.049065,10.884078
mZ944,3,421,410.5,3.939954,10.407295
mZ944,3,422,411.0,3.180135,11.040133
mZ944,3,423,411.5,3.319342,10.748061
mZ944,3,424,412.0,3.456155,10.421955
mZ944,3,425,412.5,4.382325,10.595462
mZ944,3,426,413.0,4.034558,10.553051
mZ944,3,427,413.5,3.043948,10.957811
mZ944,3,428,414.0,3.39686,10.470652
mZ944,3,429,414.5,3.961249,9.711052
mZ944,3,430,415.0,3.823534,10.064279
mZ944,3,431,415.5,4.218569,9.952022
mZ944,3,432,416.0,3.843693,10.301086
mZ944,3,433,416.5,3.839176,10.156737
mZ944,3,434,417.0,3.808827,10.24789
mZ944,3,435,417.5,4.074838,9.854754
mZ944,3,436,418.0,4.212924,9.798435
mZ944,3,437,418.5,3.878528,10.201813
mZ944,3,438,419.0,3.68187,10.819245
mZ944,3,439,419.5,3.479925,10.458079
mZ944,3,440,420.0,4.511348,10.041478
mZ944,3,441,420.5,4.227866,9.832028
mZ944,3,442,421.0,4.175319,10.395638
mZ944,3,443,421.5,4.313868,9.909038
mZ944,3,444,422.0,4.166857,10.354774
mZ944,3,445,422.5,3.480879,10.805721
mZ944,3,446,423.0,4.103588,10.250771
mZ944,3,447,423.5,4.472185,10.130351
mZ944,3,448,424.0,4.563669,9.884458
mZ944,3,449,424.5,4.855874,9.710605
mZ944,3,450,425.0,4.243092,9.864485
mZ944,3,451,425.5,4.33477,10.34955
mZ944,3,452,426.0,4.257074,10.254589
mZ944,3,453,426.5,4.382283,9.955048
mZ944,3,454,427.0,3.99432,9.740359
mZ944,3,455,427.5,4.07986,10.121221
mZ944,3,456,428.0,3.669109,10.48918
mZ944,3,457,428.5,3.649049,10.461312
mZ944,3,458,429.0,3.408067,10.617135
mZ944,3,459,429.5,3.541398,10.606017
mZ944,3,460,430.0,4.09616,10.535331
mZ944,3,461,430.5,3.599104,10.493897
mZ944,3,462,431.0,3.306831,10.722695
mZ944,3,463,431.5,4.36004,10.308545
mZ944,3,464,432.0,4.345439,9.73135
mZ944,3,465,432.5,3.156603,10.687321
mZ944,3,466,433.0,3.032042,11.123811
mZ944,3,467,433.5,3.157611,11.155499
mZ944,3,468,434.0,3.355522,10.527064
mZ944,3,469,434.5,3.194235,10.700283
mZ944,3,470,435.0,3.494468,10.551226
mZ944,3,471,435.5,3.213264,10.944343
mZ944,3,472,436.0,3.468272,10.77839
mZ944,3,473,436.5,3.013767,11.195742
mZ944,3,474,437.0,3.121401,10.537016
mZ944,3,475,437.5,3.059093,10.918156
mZ944,3,476,438.0,3.513414,10.907089
mZ944,3,477,438.5,3.1151,11.078993
mZ944,3,478,439.0,4.232275,10.197408
mZ944,3,479,439.5,3.761902,10.653336
mZ944,3,480,440.0,2.735506,11.610713
mZ944,3,481,440.5,2.671812,11.431322
mZ944,3,482,441.0,3.046984,11.384111
mZ944,3,483,441.5,2.765395,11.025463
mZ944,3,484,442.0,3.037489,11.324333
mZ944,3,485,442.5,3.124218,11.238538
mZ944,3,486,443.0,3.676735,10.699224
mZ944,3,487,443.5,3.67233,10.554586
mZ944,3,488,444.0,3.254165,10.458541
mZ944,3,489,444.5,3.611688,10.596236
mZ944,3,490,445.0,3.895864,10.183859
mZ944,3,491,445.5,2.665576,11.236689
mZ944,3,492,446.0,3.404298,10.764002
mZ944,3,493,446.5,3.39509,10.479244
mZ944,3,494,447.0,3.044669,10.832325
mZ944,3,495,447.5,3.357808,10.996833
mZ944,3,496,448.0,3.229072,10.859476
mZ944,3,497,448.5,3.419806,10.917922
mZ944,3,498,449.0,3.037354,10.65905
mZ944,3,499,449.5,3.060781,10.757081
mZ944,3,500,450.0,3.827224,10.605214
mZ944,3,501,450.5,3.183959,10.976938
mZ944,3,502,451.0,2.842478,10.917594
mZ944,3,503,451.5,3.574517,10.483365
mZ944,3,504,452.0,3.631624,10.857608
mZ944,3,505,452.5,3.138702,10.844901
mZ944,3,506,453.0,2.663827,11.255947
mZ944,3,507,453.5,2.654234,11.319865
mZ944,3,508,454.0,3.518372,10.938634
mZ944,3,509,454.5,3.300766,10.75941
mZ944,3,510,455.0,2.92197,11.222402
mZ944,3,511,455.5,3.618037,10.68341
mZ944,3,512,456.0,3.017583,11.462586
mZ944,3,513,456.5,2.999046,11.18325
mZ944,3,514,457.0,4.207097,10.057715
mZ944,3,515,457.5,3.555268,10.613352
mZ944,3,516,458.0,2.799973,11.222653
mZ944,3,517,458.5,2.467557,11.328374
mZ944,3,518,459.0,2.730185,11.331702
mZ944,3,519,459.5,3.182169,11.057775
mZ944,3,520,460.0,3.07967,10.678812
mZ944,3,521,460.5,2.870093,11.202557
mZ944,3,522,461.0,3.85826,10.667737
mZ944,3,523,461.5,3.105354,11.126361
mZ944,3,524,462.0,3.804161,10.400969
mZ944,3,525,462.5,4.328566,9.798708
mZ944,3,526,463.0,3.405911,10.812659
mZ944,3,527,463.5,3.359267,11.265809
mZ944,3,528,464.0,2.982201,11.198097
mZ944,3,529,464.5,2.918709,11.374345
mZ944,3,530,465.0,3.219063,11.051594
mZ944,3,531,465.5,3.582398,10.632498
mZ944,3,532,466.0,2.847597,11.495244
mZ944,3,533,466.5,3.079671,11.204647
mZ944,3,534,467.0,2.872112,11.17212
mZ944,3,535,467.5,2.919254,11.631618
mZ944,3,536,468.0,2.897024,11.729434
mZ944,3,537,468.5,3.157472,11.289487
mZ944,3,538,469.0,4.097404,10.85374
mZ944,3,539,469.5,3.774574,10.3568
mZ944,3,540,470.0,3.590498,11.070662
mZ944,3,541,470.5,3.106211,11.415455
mZ944,3,542,471.0,3.370058,10.954844
mZ944,3,543,471.5,3.239088,11.011373
mZ944,3,544,472.0,3.854812,10.4927
mZ944,3,545,472.5,3.050334,11.132784
mZ944,3,546,473.0,3.028132,11.028186
mZ944,3,547,473.5,3.871954,10.554842
mZ944,3,548,474.0,3.377937,10.902116
mZ944,3,549,474.5,3.56897,10.556386
mZ944,3,550,475.0,3.476045,11.364375
mZ944,3,551,475.5,3.431041,10.767247
mZ944,3,552,476.0,3.242645,10.795022
mZ944,3,553,476.5,3.069936,10.889367
mZ944,3,554,477.0,3.316585,10.82804
mZ944,3,555,477.5,3.29677,11.029153
mZ944,3,556,478.0,3.281693,10.975587
mZ944,3,557,478.5,3.929579,10.360587
mZ944,3,558,479.0,3.489023,10.860608
mZ944,3,559,479.5,3.516766,10.783132
mZ944,3,560,480.0,3.255959,10.926596
mZ944,3,561,480.5,2.912153,10.794148
mZ944,3,562,481.0,3.328896,11.040519
mZ944,3,563,481.5,3.407938,10.9021
mZ944,3,564,482.0,3.110532,11.254416
mZ944,3,565,482.5,3.569656,10.72889
mZ944,3,566,483.0,3.363634,11.039129
mZ944,3,567,483.5,3.610123,10.59336
mZ944,3,568,484.0,3.302821,11.075514
mZ944,3,569,484.5,3.207385,11.119891
mZ944,3,570,485.0,3.493148,10.86406
mZ944,3,571,485.5,3.276815,10.96
mZ944,3,572,486.0,3.836103,10.803446
mZ944,3,573,486.5,3.953746,10.380325
mZ944,3,574,487.0,3.553572,10.789029
mZ944,3,575,487.5,3.943089,10.447931
mZ944,3,576,488.0,4.642375,10.185756
mZ944,3,577,488.5,3.55079,10.49437
mZ944,3,578,489.0,3.694529,11.242838
mZ944,3,579,489.5,3.41798,10.67687
mZ944,3,580,490.0,2.964166,10.601093
mZ944,3,581,490.5,3.098846,11.217726
mZ944,3,582,491.0,3.446116,10.769283
mZ944,3,583,491.5,3.76206,10.526461
mZ944,3,584,492.0,3.060867,10.857453
mZ944,3,585,492.5,3.750782,10.758648
mZ944,3,586,493.0,3.793648,10.433537
mZ944,3,587,493.5,3.846285,10.599033
mZ944,3,588,494.0,3.787991,10.619997
mZ944,3,589,494.5,3.43306,10.959693
mZ944,3,590,495.0,3.151183,10.596438
mZ944,3,591,495.5,3.400111,10.643303
mZ944,3,592,496.0,3.343435,10.803466
mZ944,3,593,496.5,3.293751,10.748688
mZ944,3,594,497.0,3.391305,10.72977
mZ944,3,595,497.5,3.580313,10.592671
mZ944,3,596,498.0,3.926275,10.406426
mZ944,3,597,498.5,3.688661,10.532343
mZ944,3,598,499.0,4.19322,10.157159
mZ944,3,599,499.5,3.324922,10.708808
