system,replica,feature,dihedral,frames,r_sin,r_cos,circular_linear_strength,phase_rad
Z944,1,ca_dist_357_1462_A,chi1_deg,600,0.025014999408583368,-0.03077620623191399,0.03966011933215441,2.4590934826303594
Z944,1,ca_dist_357_1462_A,chi2_deg,600,0.09359618446695733,0.16584692693928255,0.1904348941816505,0.5137958456716448
Z944,1,ca_dist_357_1462_A,chi3_deg,600,0.020096885672529687,-0.007176583513365593,0.021339825787926193,1.9137816239111047
Z944,1,ca_dist_357_1462_A,chi4_deg,600,-0.02391475272120898,0.03308128647796814,0.04082017776485019,-0.6259361049617942
Z944,1,ca_dist_357_1462_A,chi5_deg,600,0.07019198438422064,-0.09223163306990317,0.11590335978967965,2.4910631517140445
Z944,1,ca_dist_357_1462_A,chi6_deg,600,0.053772685050018774,-0.056433464042643905,0.07795022463945114,2.380333453324201
Z944,1,ca_dist_357_1462_A,chi7_deg,600,-0.03511443345375599,0.010658190078496806,0.036696327507362715,-1.2761066036020712
Z944,1,ca_dist_1820_1462_A,chi1_deg,600,0.08032455293246867,0.050881967367067,0.09508421744403343,1.0061403002771159
Z944,1,ca_dist_1820_1462_A,chi2_deg,600,-0.10724103209459272,-0.20712667074066987,0.23324257050724537,-2.663841525683574
Z944,1,ca_dist_1820_1462_A,chi3_deg,600,-0.03919013913664069,-0.08250614333298192,0.09134073950451581,-2.6981470756995236
Z944,1,ca_dist_1820_1462_A,chi4_deg,600,0.051904069150782245,-0.08473033029531268,0.0993642856682519,2.5919747808641054
Z944,1,ca_dist_1820_1462_A,chi5_deg,600,-0.10039855590892202,0.03711572444453412,0.10703946482321149,-1.2166945191131175
Z944,1,ca_dist_1820_1462_A,chi6_deg,600,-0.06864676492519639,0.00011488735518545845,0.06864686106297618,-1.5691227264723395
Z944,1,ca_dist_1820_1462_A,chi7_deg,600,0.009694612907468418,-0.009980147549431008,0.013913621546314496,2.3707062093427385
Z944,1,ca_dist_355_388_A,chi1_deg,600,0.04766759365414921,-0.035126714044482976,0.05921220756178546,2.2058668958281165
Z944,1,ca_dist_355_388_A,chi2_deg,600,-0.08789447192056014,-0.13185332166094557,0.15846367604980935,-2.553630703940114
Z944,1,ca_dist_355_388_A,chi3_deg,600,0.04321312627878663,0.005453088805469811,0.043555831530424256,1.4452692562583487
Z944,1,ca_dist_355_388_A,chi4_deg,600,0.08407050322991477,-0.11744159848734637,0.1444312243546879,2.5203084891678826
Z944,1,ca_dist_355_388_A,chi5_deg,600,-0.12512008817567344,-0.04450044604277392,0.13279806535900335,-1.912506207589038
Z944,1,ca_dist_355_388_A,chi6_deg,600,-0.1366032376680273,0.03351172783598738,0.14065376085956907,-1.3302256667448125
Z944,1,ca_dist_355_388_A,chi7_deg,600,-0.023336825046461732,0.045130702401825866,0.05080735874389983,-0.47722927150079253
Z944,1,ca_dist_354_1459_A,chi1_deg,600,0.13570370063388149,0.05770534473111851,0.14746321974060975,1.1687305082908754
Z944,1,ca_dist_354_1459_A,chi2_deg,600,-0.10803250655788535,-0.053390050628486244,0.12050526950839895,-2.0297960503004613
Z944,1,ca_dist_354_1459_A,chi3_deg,600,-0.018549633262609735,-0.07979589295271503,0.08192358284583551,-2.9131857915708013
Z944,1,ca_dist_354_1459_A,chi4_deg,600,0.0696670073464523,-0.0590018780921254,0.09129465225854505,2.2734953615953613
Z944,1,ca_dist_354_1459_A,chi5_deg,600,0.007254411080717359,-0.17399051290437811,0.17414168099813612,3.0999224980398674
Z944,1,ca_dist_354_1459_A,chi6_deg,600,-0.06132781734931891,0.022286807606732885,0.06525184268762797,-1.2222300827022405
Z944,1,ca_dist_354_1459_A,chi7_deg,600,-0.02163194697370935,0.007111676884372843,0.02277097007114752,-1.2531691562737823
Z944,1,ca_dist_357_1780_A,chi1_deg,600,-0.02873545436005644,-0.048255285455012675,0.056163145492606134,-2.6044972380875087
Z944,1,ca_dist_357_1780_A,chi2_deg,600,-0.01247148448623514,0.0767666386605021,0.07777309776858897,-0.16105263345912083
Z944,1,ca_dist_357_1780_A,chi3_deg,600,0.06536939898487713,0.012242882666399224,0.06650598844936653,1.3856534999128298
Z944,1,ca_dist_357_1780_A,chi4_deg,600,-0.05538815873330936,0.08652818302037846,0.10273740596625157,-0.5693961709497591
Z944,1,ca_dist_357_1780_A,chi5_deg,600,0.0831149473561228,-0.06811623618397052,0.10746123071080807,2.2573403881841987
Z944,1,ca_dist_357_1780_A,chi6_deg,600,0.04141167567770737,0.008152496515115673,0.04220651705441464,1.3764173019287205
Z944,1,ca_dist_357_1780_A,chi7_deg,600,0.00759482113121979,0.007103241496734525,0.010398910893750075,0.8188309007068253
Z944,1,ca_dist_384_872_A,chi1_deg,600,-0.09293403880162854,0.0022193518147984835,0.09296053512356976,-1.5469199291949762
Z944,1,ca_dist_384_872_A,chi2_deg,600,0.2259048117877763,0.09051703914637937,0.2433645791085831,1.189698162074052
Z944,1,ca_dist_384_872_A,chi3_deg,600,0.06772308121231971,0.09951683878479915,0.12037448621119907,0.5975313421378433
Z944,1,ca_dist_384_872_A,chi4_deg,600,0.03886749325294093,-0.05235593716198108,0.0652060287694069,2.502992456263588
Z944,1,ca_dist_384_872_A,chi5_deg,600,-0.07562382162981746,0.09754749237043481,0.12342801815494925,-0.6594670590967715
Z944,1,ca_dist_384_872_A,chi6_deg,600,-0.029291379857778625,0.01334292681895339,0.03218724328159566,-1.1433581378886795
Z944,1,ca_dist_384_872_A,chi7_deg,600,-0.03148770738926547,-0.009497241384122265,0.03288880220592243,-1.863736340781512
Z944,1,ca_dist_384_1466_A,chi1_deg,600,0.022521472134497074,0.006492334701387029,0.023438581803935203,1.2901325692763446
Z944,1,ca_dist_384_1466_A,chi2_deg,600,0.0734935561710657,0.008239668738407233,0.07395400556824677,1.4591483927449929
Z944,1,ca_dist_384_1466_A,chi3_deg,600,0.058558643632366264,0.09048385478741887,0.10777960252873998,0.5743848070069316
Z944,1,ca_dist_384_1466_A,chi4_deg,600,0.07009677998158695,-0.141298566437001,0.1577302870121607,2.6810780809641472
Z944,1,ca_dist_384_1466_A,chi5_deg,600,-0.08392857091036314,-0.10318042527546843,0.1330045306562238,-2.458724811748993
Z944,1,ca_dist_384_1466_A,chi6_deg,600,-0.015424934041082316,-0.07568130072934746,0.0772372181675238,-2.940532167896919
Z944,1,ca_dist_384_1466_A,chi7_deg,600,-0.0639858092042705,-0.030455937259407043,0.07086429209322735,-2.015043592125656
Z944,1,ca_dist_384_1463_A,chi1_deg,600,0.026038602641759383,-0.028729628187039728,0.03877370711320993,2.405289796967324
Z944,1,ca_dist_384_1463_A,chi2_deg,600,0.05946749761673765,-0.019510266790470195,0.06258621080583184,1.8878140370178271
Z944,1,ca_dist_384_1463_A,chi3_deg,600,0.022611173783343708,0.07828945886515086,0.0814892910096702,0.2811640470901989
Z944,1,ca_dist_384_1463_A,chi4_deg,600,0.09332811259052293,-0.1483200346797645,0.17523974802286116,2.5799539544460157
Z944,1,ca_dist_384_1463_A,chi5_deg,600,-0.056143942842359205,-0.13748930876274065,0.14851078190468978,-2.7539076458519673
Z944,1,ca_dist_384_1463_A,chi6_deg,600,-0.02650680222971555,-0.046007124408373894,0.053096761302106235,-2.61889785227398
Z944,1,ca_dist_384_1463_A,chi7_deg,600,-0.03857286702855701,-0.02692595266722528,0.047041184060782275,-2.180215205523503
Z944,1,ca_dist_384_950_A,chi1_deg,600,-0.1683514121889332,-0.0528294335851709,0.17644587566428996,-1.8748692101428208
Z944,1,ca_dist_384_950_A,chi2_deg,600,0.38230636367016224,0.319940364457483,0.4985177955819525,0.8739750216181942
Z944,1,ca_dist_384_950_A,chi3_deg,600,-0.004343368998589489,0.06356698987999321,0.06371520271223396,-0.06822139403476915
Z944,1,ca_dist_384_950_A,chi4_deg,600,-0.007368277946399644,0.05402328839253095,0.054523455582326845,-0.13555435299555701
Z944,1,ca_dist_384_950_A,chi5_deg,600,0.02092771244161255,0.24607593214498408,0.24696423532378456,0.08484159712482194
Z944,1,ca_dist_384_950_A,chi6_deg,600,0.09017710192846663,0.05462574858822468,0.10543188379726975,1.0261517467240415
Z944,1,ca_dist_384_950_A,chi7_deg,600,-0.11529075013920612,-0.00937345136298303,0.11567116606188019,-1.6519206115197735
Z944,1,ca_dist_1776_1782_A,chi1_deg,600,-0.0746493040418863,-0.06967923823141589,0.10211618301938431,-2.321772312918678
Z944,1,ca_dist_1776_1782_A,chi2_deg,600,0.18907338710706653,0.3082160863687008,0.3615880274685226,0.5502463767488096
Z944,1,ca_dist_1776_1782_A,chi3_deg,600,0.09125307710221159,0.19611924589667556,0.21630969162684982,0.43549924608675067
Z944,1,ca_dist_1776_1782_A,chi4_deg,600,-0.03167468630777294,0.05739102152156943,0.06555162167319023,-0.5043085406529577
Z944,1,ca_dist_1776_1782_A,chi5_deg,600,0.056714191217906794,-0.02684656542948642,0.06274741079009549,2.012910558318205
Z944,1,ca_dist_1776_1782_A,chi6_deg,600,0.11946967411703507,-0.07897996809737895,0.14321605494599254,2.154926827040831
Z944,1,ca_dist_1776_1782_A,chi7_deg,600,0.044031514319556854,0.024081934161383392,0.050186789160361164,1.070317057056124
Z944,1,ca_dist_356_1782_A,chi1_deg,600,-0.08880514734047416,-0.1031384794657949,0.1361025353940165,-2.430730846414058
Z944,1,ca_dist_356_1782_A,chi2_deg,600,-0.007145319251650573,0.07372357837219229,0.0740690326331375,-0.09661863039035565
Z944,1,ca_dist_356_1782_A,chi3_deg,600,0.004669124449262124,0.02075672472030853,0.02127539292791944,0.22126222983319838
Z944,1,ca_dist_356_1782_A,chi4_deg,600,-0.03700534048125577,0.06025223000653354,0.07070874376549117,-0.5507762699634265
Z944,1,ca_dist_356_1782_A,chi5_deg,600,0.07759430185443979,-0.050944456634345894,0.09282356027456966,2.151761603645047
Z944,1,ca_dist_356_1782_A,chi6_deg,600,0.03817805670498816,-0.002705869560026615,0.03827382583235141,1.6415530031012917
Z944,1,ca_dist_356_1782_A,chi7_deg,600,0.037613643483672146,-0.029563480977641967,0.047841253993098784,2.2369283454691535
Z944,1,ca_dist_1777_1464_A,chi1_deg,600,0.037803306602938104,0.1022376684161514,0.10900289369226243,0.35416799627046575
Z944,1,ca_dist_1777_1464_A,chi2_deg,600,-0.0655862490534534,-0.09812966994134556,0.11802960725046506,-2.552416525089646
Z944,1,ca_dist_1777_1464_A,chi3_deg,600,-0.003429428614954773,-0.007395658211185076,0.008152100404297032,-2.707397504170924
Z944,1,ca_dist_1777_1464_A,chi4_deg,600,0.013149968045891622,-0.04089970532236966,0.042961698698545936,2.8305138395102634
Z944,1,ca_dist_1777_1464_A,chi5_deg,600,-0.00713891047970714,-0.0587662488329831,0.05919827737981368,-3.0207052186478425
Z944,1,ca_dist_1777_1464_A,chi6_deg,600,-0.026663642822477993,0.02702008190156461,0.03796096250797576,-0.7787586494059834
Z944,1,ca_dist_1777_1464_A,chi7_deg,600,-0.09450796728265559,0.040015149323613546,0.10263024922161394,-1.1702774031851073
Z944,1,ca_dist_357_1782_A,chi1_deg,600,-0.04717614781481197,-0.07617965916381889,0.0896042933846398,-2.5871208895762106
Z944,1,ca_dist_357_1782_A,chi2_deg,600,0.02360877322971341,0.16095676879283516,0.16267899555149162,0.1456392094240566
Z944,1,ca_dist_357_1782_A,chi3_deg,600,0.024617506472693087,0.021242997444345345,0.032515943248713375,0.8588478255344816
Z944,1,ca_dist_357_1782_A,chi4_deg,600,-0.0497864519751319,0.08383485492252504,0.0975037112122043,-0.5358950760295623
Z944,1,ca_dist_357_1782_A,chi5_deg,600,0.11030802681005747,-0.09182013656074918,0.14352281441207523,2.26498211156768
Z944,1,ca_dist_357_1782_A,chi6_deg,600,0.0968207793589961,-0.039274920962241666,0.10448340888520884,1.95616008671743
Z944,1,ca_dist_357_1782_A,chi7_deg,600,0.01989659900728469,0.004735654386635436,0.020452409993111854,1.3371307277730862
Z944,1,ca_dist_384_876_A,chi1_deg,600,-0.07543430746862412,0.020864744824509573,0.07826667438867464,-1.3009479543542395
Z944,1,ca_dist_384_876_A,chi2_deg,600,0.20215278644521922,0.04510996472359807,0.20712474015657972,1.3512454613627516
Z944,1,ca_dist_384_876_A,chi3_deg,600,0.039212506537528044,0.08137617592607956,0.09033107260133652,0.4490363897064639
Z944,1,ca_dist_384_876_A,chi4_deg,600,0.04946225857828692,-0.0462382299847171,0.06770885419045954,2.3225184892804593
Z944,1,ca_dist_384_876_A,chi5_deg,600,-0.09491567288980254,0.11512487323918824,0.14920697503288227,-0.6894777191761265
Z944,1,ca_dist_384_876_A,chi6_deg,600,-0.02314343182029032,0.016179965118753484,0.028238443789708138,-0.9606632694091574
Z944,1,ca_dist_384_876_A,chi7_deg,600,-0.043769543866002,0.016100876939343905,0.04663701543252709,-1.2183038014040168
Z944,1,ca_dist_384_919_A,chi1_deg,600,-0.05275079480546738,0.03354289743050923,0.06251217737882905,-1.004415172273647
Z944,1,ca_dist_384_919_A,chi2_deg,600,-0.009131205962330857,-0.26756576788424447,0.26772153268986765,-3.107478934090866
Z944,1,ca_dist_384_919_A,chi3_deg,600,-0.007462387554103972,0.03869529230689969,0.03940828434129119,-0.1905112132526696
Z944,1,ca_dist_384_919_A,chi4_deg,600,0.0996239456476677,-0.1474010397806026,0.17791008143107642,2.5472455237923675
Z944,1,ca_dist_384_919_A,chi5_deg,600,-0.17161027837021076,0.02714755640640798,0.17374428756405297,-1.4139033889105812
Z944,1,ca_dist_384_919_A,chi6_deg,600,-0.08153434150956168,-0.00048119947952989656,0.08153576146904457,-1.5766980595348667
Z944,1,ca_dist_384_919_A,chi7_deg,600,-0.02204661548473991,0.017497001658203466,0.028146017859710607,-0.8999475490731658
Z944,1,ca_dist_356_1781_A,chi1_deg,600,-0.09201369854786512,-0.05893401953857097,0.10926911448085437,-2.140458334306371
Z944,1,ca_dist_356_1781_A,chi2_deg,600,0.04381528969512745,0.18373181728621563,0.1888839863364898,0.23410173806421605
Z944,1,ca_dist_356_1781_A,chi3_deg,600,0.024026818293376127,0.04814447882508083,0.05380686609199211,0.4628925773322328
Z944,1,ca_dist_356_1781_A,chi4_deg,600,-0.08721799253139412,0.12221465725089864,0.1501445991974435,-0.6198257157340025
Z944,1,ca_dist_356_1781_A,chi5_deg,600,0.12014480240418224,-0.009921867708125455,0.1205537929870211,1.6531919363740724
Z944,1,ca_dist_356_1781_A,chi6_deg,600,0.0837829552894579,-0.027750469766559132,0.08825911946818875,1.8906423788181845
Z944,1,ca_dist_356_1781_A,chi7_deg,600,0.007410202221687421,0.01950832915099405,0.02086830139780968,0.3630142905261193
Z944,1,ca_dist_357_1460_A,chi1_deg,600,0.05165259826626774,0.013766096420531719,0.05345555460675552,1.3103372697161373
Z944,1,ca_dist_357_1460_A,chi2_deg,600,0.04345696087805942,0.1609823010128849,0.1667447411109576,0.263664007910608
Z944,1,ca_dist_357_1460_A,chi3_deg,600,0.02283412922369045,-0.006126102982328831,0.0236416284370238,1.8329109874551397
Z944,1,ca_dist_357_1460_A,chi4_deg,600,-0.05164744553959876,0.07149559224685817,0.08819908356380368,-0.6255929483541129
Z944,1,ca_dist_357_1460_A,chi5_deg,600,0.1006244579869843,-0.10704950462435842,0.14691792942147974,2.3871227672955784
Z944,1,ca_dist_357_1460_A,chi6_deg,600,0.07864433859250958,-0.04868209456502398,0.09249258523736499,2.1250808778575907
Z944,1,ca_dist_357_1460_A,chi7_deg,600,-0.012543466336932946,0.031285523562472155,0.033706416782621235,-0.3813122878652954
Z944,1,ca_dist_384_948_A,chi1_deg,600,-0.14114454203015672,-0.021660028927981988,0.1427968437958756,-1.723068321412657
Z944,1,ca_dist_384_948_A,chi2_deg,600,0.2794067789913516,0.07694419064341071,0.28980779254549305,1.302073035373641
Z944,1,ca_dist_384_948_A,chi3_deg,600,0.006005718084679118,0.03830282487791365,0.0387708014276306,0.1555293883711886
Z944,1,ca_dist_384_948_A,chi4_deg,600,0.04089799917509859,-0.0038626738236384444,0.041080002258936,1.6649635177996285
Z944,1,ca_dist_384_948_A,chi5_deg,600,-0.07624830592114054,0.22028283552214403,0.23310583815408784,-0.33323033611376873
Z944,1,ca_dist_384_948_A,chi6_deg,600,0.01084713384377838,0.03611783832525048,0.03771151757638208,0.29175605162233553
Z944,1,ca_dist_384_948_A,chi7_deg,600,-0.10094751892325718,0.017612166670226397,0.10247238648329217,-1.3980663704076162
Z944,1,ca_dist_387_955_A,chi1_deg,600,-0.15379852197807795,-0.013064538763420595,0.1543524134432055,-1.6555386916344161
Z944,1,ca_dist_387_955_A,chi2_deg,600,0.39524903207675643,0.2613869059883784,0.4738617013220104,0.986502965021215
Z944,1,ca_dist_387_955_A,chi3_deg,600,0.04201637304163741,0.08319848064866411,0.09320602333443999,0.4676505245596773
Z944,1,ca_dist_387_955_A,chi4_deg,600,0.05623482668318077,-0.0014959499797195866,0.056254720676839225,1.5973918965516924
Z944,1,ca_dist_387_955_A,chi5_deg,600,-0.005253176143495478,0.13469696568573905,0.13479936359100422,-0.03898020411960177
Z944,1,ca_dist_387_955_A,chi6_deg,600,0.020413198696578656,0.037280509184268465,0.04250335335081605,0.5009655478110585
Z944,1,ca_dist_387_955_A,chi7_deg,600,-0.06556903848706087,0.010604756819494035,0.0664210785467857,-1.4104505985178326
Z944,1,ca_dist_1781_1816_A,chi1_deg,600,-0.10993287590892453,-0.07317648156778556,0.13206072338226632,-2.1580926278433807
Z944,1,ca_dist_1781_1816_A,chi2_deg,600,0.21350799642017404,0.17752789201739816,0.2776721393649317,0.8771520897887309
Z944,1,ca_dist_1781_1816_A,chi3_deg,600,-0.007798657571900909,0.04716275741726614,0.0478031876251329,-0.16387342497837862
Z944,1,ca_dist_1781_1816_A,chi4_deg,600,0.07809709783037255,-0.037733907563823686,0.08673525505561146,2.0208867381964595
Z944,1,ca_dist_1781_1816_A,chi5_deg,600,-0.034899781654812986,0.056127504169035856,0.06609305170589991,-0.5562910213137533
Z944,1,ca_dist_1781_1816_A,chi6_deg,600,0.014813055628468274,-0.07163253766845946,0.07314811733650675,2.937674669654125
Z944,1,ca_dist_1781_1816_A,chi7_deg,600,0.011165213250695801,-0.0025733413996356716,0.01145792620383776,1.797319109145414
Z944,1,ca_dist_353_1461_A,chi1_deg,600,0.043302106084377505,0.016500292011156756,0.04633931406264152,1.206731631721213
Z944,1,ca_dist_353_1461_A,chi2_deg,600,-0.010697024384958634,0.08222855889425564,0.0829214220121584,-0.1293624448647197
Z944,1,ca_dist_353_1461_A,chi3_deg,600,0.0008394238396385104,-0.050643638679694715,0.050650594972833474,3.12501906209113
Z944,1,ca_dist_353_1461_A,chi4_deg,600,-0.029489793878245074,0.002005232128323226,0.029557890636340078,-1.5029033405442889
Z944,1,ca_dist_353_1461_A,chi5_deg,600,0.0023051806515771087,-0.0078088115938172095,0.008141952858137876,2.8545430322792176
Z944,1,ca_dist_353_1461_A,chi6_deg,600,0.0034544773614119464,-0.042340618829706134,0.04248130667391215,3.060185179187046
Z944,1,ca_dist_353_1461_A,chi7_deg,600,-0.019783437222643616,0.025979800589168878,0.03265477648055887,-0.650816165905638
Z944,1,ca_dist_351_357_A,chi1_deg,600,-0.05783893009231211,-0.06505134891653039,0.08704607877488536,-2.4148171484205507
Z944,1,ca_dist_351_357_A,chi2_deg,600,0.2941891798481142,0.3121214871199432,0.4289138564579967,0.7558306788494586
Z944,1,ca_dist_351_357_A,chi3_deg,600,0.04827381844026123,0.05598678629829831,0.07392483876759305,0.7115548971309057
Z944,1,ca_dist_351_357_A,chi4_deg,600,-0.015508523469337614,0.05143196000161057,0.053719277822828794,-0.2928642313409539
Z944,1,ca_dist_351_357_A,chi5_deg,600,0.01267964016779266,0.12535962087725794,0.12599923738370222,0.10080330272182501
Z944,1,ca_dist_351_357_A,chi6_deg,600,0.05275080821592798,-0.030323542140590402,0.0608454186885568,2.0925141662202646
Z944,1,ca_dist_351_357_A,chi7_deg,600,-0.04210681136654145,0.03440825027904672,0.054377488455453905,-0.8856756658232262
Z944,1,ca_dist_354_1460_A,chi1_deg,600,0.10287626902142075,0.06322707773612159,0.12075259867521401,1.0197154202345164
Z944,1,ca_dist_354_1460_A,chi2_deg,600,-0.1501387573966339,-0.06142018659546799,0.16221616995240454,-1.9591138230607683
Z944,1,ca_dist_354_1460_A,chi3_deg,600,-0.036051194021580156,-0.09823530965721543,0.10464160097127059,-2.7898645098916433
Z944,1,ca_dist_354_1460_A,chi4_deg,600,-0.03668694568909234,0.05734113297362899,0.0680730307441487,-0.5691723929766349
Z944,1,ca_dist_354_1460_A,chi5_deg,600,0.06727291310191663,-0.07995569598586824,0.10449190474770097,2.4421258197752573
Z944,1,ca_dist_354_1460_A,chi6_deg,600,-0.029402427761314506,0.010936214606823452,0.03137042473709619,-1.2147028564382754
Z944,1,ca_dist_354_1460_A,chi7_deg,600,0.05143514055763732,0.017068584284094145,0.054193267604446343,1.250384292596115
Z944,1,ca_dist_384_1465_A,chi1_deg,600,0.06016035203871271,0.003176825174715455,0.0602441712999071,1.5180393669202632
Z944,1,ca_dist_384_1465_A,chi2_deg,600,0.02240527943058786,-0.06054323642805655,0.06455602236465842,2.787150526798619
Z944,1,ca_dist_384_1465_A,chi3_deg,600,0.020979859807150187,0.06306678780805167,0.06646483462669181,0.3211453196646923
Z944,1,ca_dist_384_1465_A,chi4_deg,600,0.07078006481741053,-0.14050168760119172,0.15732304915154582,2.674936264984043
Z944,1,ca_dist_384_1465_A,chi5_deg,600,-0.05749808017169525,-0.10491441477795105,0.11963721683335268,-2.640249737554688
Z944,1,ca_dist_384_1465_A,chi6_deg,600,-0.024312920781490038,-0.054001829287730764,0.05922259436522708,-2.7185524461293102
Z944,1,ca_dist_384_1465_A,chi7_deg,600,-0.028541585025993608,-0.03484905994113482,0.04504530002760366,-2.455369720441428
Z944,1,ca_dist_1778_1464_A,chi1_deg,600,0.04632850860342135,0.10645120348326922,0.11609560470773075,0.4104857828080321
Z944,1,ca_dist_1778_1464_A,chi2_deg,600,-0.06782131473780015,-0.1028977688525058,0.12323831209322636,-2.55883736834997
Z944,1,ca_dist_1778_1464_A,chi3_deg,600,-0.0003619770810883785,-0.0006740096231089704,0.0007650597226862481,-2.6487459501581254
Z944,1,ca_dist_1778_1464_A,chi4_deg,600,0.016863925217963337,-0.04381623907623272,0.04694949180281554,2.7741896938994763
Z944,1,ca_dist_1778_1464_A,chi5_deg,600,-0.004899349248821794,-0.06651424775254584,0.0666944433753591,-3.068066792322289
Z944,1,ca_dist_1778_1464_A,chi6_deg,600,-0.01608256381086428,0.02105911899779208,0.026497836736112793,-0.6522030478382429
Z944,1,ca_dist_1778_1464_A,chi7_deg,600,-0.06523177626219347,0.022806294534685377,0.06910363018484403,-1.234460611447471
Z944,1,ca_dist_926_1463_A,chi1_deg,600,0.003643759938355289,-0.007065750680110675,0.007949957179875084,2.6654694085204573
Z944,1,ca_dist_926_1463_A,chi2_deg,600,-0.04419370404817936,-0.07669097633176061,0.08851321555686886,-2.618814295377929
Z944,1,ca_dist_926_1463_A,chi3_deg,600,-0.04249834083640731,-0.01877081370841968,0.04645914787341284,-1.986712721049015
Z944,1,ca_dist_926_1463_A,chi4_deg,600,-0.03505842927918942,0.016553050487699554,0.03876979422143296,-1.1296709311882334
Z944,1,ca_dist_926_1463_A,chi5_deg,600,0.011861774680844846,0.009471378375525884,0.015179219575179457,0.8969834918697214
Z944,1,ca_dist_926_1463_A,chi6_deg,600,0.030486299779101833,0.02812660700111129,0.041479157363864406,0.825635361947222
Z944,1,ca_dist_926_1463_A,chi7_deg,600,0.018463691554094254,-0.009548087518437299,0.02078638691702985,2.0480520699877087
Z944,1,ca_dist_1781_1820_A,chi1_deg,600,-0.026769606960027736,-0.05677260074692469,0.06276734861665004,-2.700984770168398
Z944,1,ca_dist_1781_1820_A,chi2_deg,600,0.018139475094840738,-0.04004718717497127,0.043963823279413845,2.7162861087205954
Z944,1,ca_dist_1781_1820_A,chi3_deg,600,-0.0298538876864499,0.005161533463725283,0.03029679913278498,-1.399595608634954
Z944,1,ca_dist_1781_1820_A,chi4_deg,600,0.07326146253938036,-0.07223225338755147,0.10288216717610721,2.3491207002453414
Z944,1,ca_dist_1781_1820_A,chi5_deg,600,-0.041545672980548884,-0.03588163721898252,0.05489567226040119,-2.283171616935333
Z944,1,ca_dist_1781_1820_A,chi6_deg,600,-0.021181215322109738,-0.06141641358541379,0.06496629695631556,-2.809487469237809
Z944,1,ca_dist_1781_1820_A,chi7_deg,600,0.06382584064589637,-0.05221087666433046,0.08246037579476148,2.2564294859723386
Z944,1,ca_dist_925_1463_A,chi1_deg,600,-0.04249426831836286,-0.020624962922018472,0.0472350710325247,-2.0226624409497647
Z944,1,ca_dist_925_1463_A,chi2_deg,600,0.14870311956695925,0.18289345783062153,0.23571727702098275,0.6826530056999188
Z944,1,ca_dist_925_1463_A,chi3_deg,600,0.005138766853958912,0.047351882909088545,0.047629903840081166,0.1080999195066596
Z944,1,ca_dist_925_1463_A,chi4_deg,600,-0.040424724351069204,0.012105264012841998,0.042198290909473274,-1.2798423727467538
Z944,1,ca_dist_925_1463_A,chi5_deg,600,-0.0034609766597234505,0.06156667820162853,0.061663881034378885,-0.05615599115815434
Z944,1,ca_dist_925_1463_A,chi6_deg,600,0.05138730933576319,0.0070848318731050654,0.05187340747858752,1.4337888346308865
Z944,1,ca_dist_925_1463_A,chi7_deg,600,-0.04482580591660357,-0.002298032146411784,0.04488467252658699,-1.6220173154655573
Z944,1,ca_dist_384_920_A,chi1_deg,600,-0.06535197408087765,0.050403218644633506,0.08253099397200081,-0.9138284704588139
Z944,1,ca_dist_384_920_A,chi2_deg,600,-0.021203166842146744,-0.28204282314056595,0.2828386967323186,-3.066556680056555
Z944,1,ca_dist_384_920_A,chi3_deg,600,-0.008395724727411263,0.013223745774353951,0.015663832417489944,-0.5656850662798991
Z944,1,ca_dist_384_920_A,chi4_deg,600,0.08107832055217812,-0.11355625345501952,0.13953034351818383,2.5215373076101733
Z944,1,ca_dist_384_920_A,chi5_deg,600,-0.16632131512170928,0.06140477906625956,0.1772944634104265,-1.217125816990749
Z944,1,ca_dist_384_920_A,chi6_deg,600,-0.07245295860871921,0.01413189729968862,0.07381830215092816,-1.3781655764760874
Z944,1,ca_dist_384_920_A,chi7_deg,600,-0.012658773036460198,0.02272004554165073,0.02600855636522902,-0.5083261408211018
Z944,1,ca_dist_926_1466_A,chi1_deg,600,-0.010603437663413416,0.08089738842536229,0.08158933964879134,-0.13032971392255233
Z944,1,ca_dist_926_1466_A,chi2_deg,600,-0.0202567190657499,-0.03188075377637292,0.03777190925355021,-2.575556586987465
Z944,1,ca_dist_926_1466_A,chi3_deg,600,0.0009579047935601697,0.004670864224196827,0.00476807657178525,0.20227618253915397
Z944,1,ca_dist_926_1466_A,chi4_deg,600,0.05628152724386258,-0.04169405265418437,0.07004287498119666,2.208391386928495
Z944,1,ca_dist_926_1466_A,chi5_deg,600,0.02979565346053139,-0.1545872308082385,0.15743250266098063,2.9511843243114866
Z944,1,ca_dist_926_1466_A,chi6_deg,600,0.026504124041052617,-0.04828975316569157,0.05508510553667772,2.6396281257081657
Z944,1,ca_dist_926_1466_A,chi7_deg,600,-0.001849997107678773,-0.08086330605656958,0.0808844654782169,-3.1187185648050435
Z944,1,ca_dist_918_1462_A,chi1_deg,600,-0.04196051540307234,-0.01673426615901105,0.045174334713109984,-1.950276277365766
Z944,1,ca_dist_918_1462_A,chi2_deg,600,-0.07519105313805943,-0.0867867504696277,0.11482871822452735,-2.4276607587426358
Z944,1,ca_dist_918_1462_A,chi3_deg,600,-0.09470587718955814,-0.133967020795456,0.16406207921105292,-2.5262279660131632
Z944,1,ca_dist_918_1462_A,chi4_deg,600,0.04760186144080432,-0.03527881201263288,0.05924974084038025,2.2085916032255315
Z944,1,ca_dist_918_1462_A,chi5_deg,600,-0.04237025601352609,0.08359022821291406,0.09371533944525197,-0.46913683997218175
Z944,1,ca_dist_918_1462_A,chi6_deg,600,-0.04202494728954416,0.0536436313803281,0.06814495859825206,-0.6645427946340123
Z944,1,ca_dist_918_1462_A,chi7_deg,600,0.0022206542622849462,0.0021423361524083445,0.0030855971128000634,0.803346793146013
Z944,1,ca_dist_1778_1782_A,chi1_deg,600,-0.10196795908682169,-0.07114553075433744,0.12433483512937199,-2.1799933942702894
Z944,1,ca_dist_1778_1782_A,chi2_deg,600,0.06415442380587849,0.14116176427873567,0.15505622782768064,0.42656869595617986
Z944,1,ca_dist_1778_1782_A,chi3_deg,600,0.053474587759629946,0.14338172803166457,0.15302892363670534,0.35697447925765496
Z944,1,ca_dist_1778_1782_A,chi4_deg,600,-0.08581193777175516,0.08954299924303882,0.12402272927807399,-0.7641241767806118
Z944,1,ca_dist_1778_1782_A,chi5_deg,600,0.0938207436888405,-0.047155056347116545,0.10500443459886273,2.036528158540319
Z944,1,ca_dist_1778_1782_A,chi6_deg,600,0.09891371208840094,-0.0690672734285652,0.12064083346016498,2.180352088723069
Z944,1,ca_dist_1778_1782_A,chi7_deg,600,0.018170389767253596,0.051375367871219296,0.0544939582724271,0.3399485757397559
Z944,1,ca_dist_354_926_A,chi1_deg,600,0.05638353626807574,-0.035007533201649066,0.0663673906595549,2.126429035192715
Z944,1,ca_dist_354_926_A,chi2_deg,600,0.18223044682060963,0.21893575582298852,0.284852244025253,0.6941556991541608
Z944,1,ca_dist_354_926_A,chi3_deg,600,0.03579219637714187,0.03179951109709808,0.047877867825482284,0.8444002389721935
Z944,1,ca_dist_354_926_A,chi4_deg,600,0.010322182497599895,-0.006545125132769253,0.012222361249667158,2.1359009146473347
Z944,1,ca_dist_354_926_A,chi5_deg,600,-0.012506377445901877,0.028873412018702485,0.031465590705103824,-0.4087493577228819
Z944,1,ca_dist_354_926_A,chi6_deg,600,0.06069999289972005,-0.02345513292148286,0.06507405318858273,1.9395332679718171
Z944,1,ca_dist_354_926_A,chi7_deg,600,-0.06159650106493564,0.015484476299513088,0.06351297465646527,-1.3245139507067125
Z944,1,ca_dist_357_1461_A,chi1_deg,600,0.03182378955240873,0.0030708364028087997,0.03197160642959335,1.4745991673965781
Z944,1,ca_dist_357_1461_A,chi2_deg,600,0.05778055581138699,0.190417267282824,0.19899077443271393,0.2946113982264023
Z944,1,ca_dist_357_1461_A,chi3_deg,600,0.03644667704615478,0.011630826249699196,0.03825750105479182,1.2618927739424186
Z944,1,ca_dist_357_1461_A,chi4_deg,600,-0.07479233591038632,0.09636130684956287,0.12198112546081741,-0.6600379012497235
Z944,1,ca_dist_357_1461_A,chi5_deg,600,0.10770945352374806,-0.0684657456431142,0.12762791506896934,2.1370189698030164
Z944,1,ca_dist_357_1461_A,chi6_deg,600,0.08609301681610279,-0.05086857476664394,0.09999809719833375,2.104465160138176
Z944,1,ca_dist_357_1461_A,chi7_deg,600,-0.010301966622486166,0.04297405651484656,0.044191628727984725,-0.2352851822015932
Z944,1,ca_dist_384_916_A,chi1_deg,600,-0.07193301167932405,0.0483795578681219,0.08668875237753007,-0.9787220226387358
Z944,1,ca_dist_384_916_A,chi2_deg,600,0.050890464395433245,-0.20703660740554658,0.21319942817085905,2.900566875432195
Z944,1,ca_dist_384_916_A,chi3_deg,600,0.0014543546661703183,0.032118527724340984,0.032151438080967265,0.045249954100488675
Z944,1,ca_dist_384_916_A,chi4_deg,600,0.10554940409145445,-0.14048356732767484,0.17571655981486348,2.497241409244629
Z944,1,ca_dist_384_916_A,chi5_deg,600,-0.16042256251225723,0.043197641876963164,0.16613679552323574,-1.3077611890643195
Z944,1,ca_dist_384_916_A,chi6_deg,600,-0.07381141095472611,-0.003669133345517425,0.07390255020386408,-1.6204650105096685
Z944,1,ca_dist_384_916_A,chi7_deg,600,-0.05221561776388668,-0.005443987839052516,0.05249864514495655,-1.6746807616057622
Z944,1,ca_dist_1777_1465_A,chi1_deg,600,0.04987260877875193,0.10472247279658325,0.11599169545717299,0.44445629669507686
Z944,1,ca_dist_1777_1465_A,chi2_deg,600,-0.07443342751454193,-0.12555706513798376,0.14596202155912497,-2.606465236454552
Z944,1,ca_dist_1777_1465_A,chi3_deg,600,0.0013762010464527172,-0.013593874752091492,0.013663358302255273,3.0406995486252324
Z944,1,ca_dist_1777_1465_A,chi4_deg,600,0.0006010037443262041,-0.04535443889869012,0.04535842075420737,3.128342162906579
Z944,1,ca_dist_1777_1465_A,chi5_deg,600,-0.030675351601574384,-0.03419829419984524,0.04594018417528799,-2.4104458833250484
Z944,1,ca_dist_1777_1465_A,chi6_deg,600,-0.04349365003694104,0.033949131699161854,0.055174642152558975,-0.9080258382784085
Z944,1,ca_dist_1777_1465_A,chi7_deg,600,-0.09076651558224542,0.020350333758144584,0.09301987118358034,-1.35023842098666
Z944,1,ca_dist_925_1465_A,chi1_deg,600,0.022267173789549316,0.07816794843328267,0.08127764262601574,0.27751265142688547
Z944,1,ca_dist_925_1465_A,chi2_deg,600,-0.08480765325650177,-0.08675117714217667,0.12131819643577113,-2.367522620287549
Z944,1,ca_dist_925_1465_A,chi3_deg,600,-0.014664007586760886,-0.035234999022886224,0.0381646207192915,-2.7472185614434976
Z944,1,ca_dist_925_1465_A,chi4_deg,600,0.04364485470879213,-0.00411625275441984,0.04383853190162558,1.6648306188073607
Z944,1,ca_dist_925_1465_A,chi5_deg,600,0.06230440787842456,-0.1400251633248232,0.15326084172163645,2.722944977715233
Z944,1,ca_dist_925_1465_A,chi6_deg,600,0.008446467057104338,-0.015401284051423422,0.017565373784220427,2.6399585688004255
Z944,1,ca_dist_925_1465_A,chi7_deg,600,0.01601839114308224,-0.0475376896126676,0.05016393912486439,2.81657993429219
Z944,1,ca_dist_384_875_A,chi1_deg,600,-0.12605101008157757,-0.011792137405591745,0.1266013888043031,-1.6640753612029269
Z944,1,ca_dist_384_875_A,chi2_deg,600,0.2893425802340129,0.13813025945683638,0.32062298313453624,1.1253969429656434
Z944,1,ca_dist_384_875_A,chi3_deg,600,0.04832997039161262,0.07953905553259646,0.09307119529194635,0.5460077378970165
Z944,1,ca_dist_384_875_A,chi4_deg,600,0.03131537003012479,-0.007887994688179856,0.032293542083896454,1.8175520038670423
Z944,1,ca_dist_384_875_A,chi5_deg,600,-0.06279868056110549,0.16988543792236813,0.1811207782069483,-0.3540747659620438
Z944,1,ca_dist_384_875_A,chi6_deg,600,-0.0035731062588981732,0.000524658689719331,0.0036114200916087433,-1.4250027145009476
Z944,1,ca_dist_384_875_A,chi7_deg,600,-0.08374827172003985,0.02052997997489546,0.08622791365829997,-1.3303977896456995
Z944,1,ca_dist_384_921_A,chi1_deg,600,0.027688693667192645,0.0661449440319698,0.07170646677941991,0.3964427297186998
Z944,1,ca_dist_384_921_A,chi2_deg,600,-0.07638058882334395,-0.34238377022061484,0.3508000006549081,-2.9221019446974625
Z944,1,ca_dist_384_921_A,chi3_deg,600,-0.07235461438254732,-0.04968730055080593,0.08777253590089125,-2.1725532591262855
Z944,1,ca_dist_384_921_A,chi4_deg,600,0.1269076125436534,-0.20221408851897563,0.23873851745600283,2.5811327759264446
Z944,1,ca_dist_384_921_A,chi5_deg,600,-0.1855369025625093,0.002996352728502391,0.1855610959823305,-1.5546480984136852
Z944,1,ca_dist_384_921_A,chi6_deg,600,-0.0966098177200484,0.015048464763495754,0.09777480847150329,-1.4162726923109878
Z944,1,ca_dist_384_921_A,chi7_deg,600,-0.045133049939955934,-0.02107454727415855,0.049810929921989,-2.0076501155294166
Z944,1,ca_dist_1816_1463_A,chi1_deg,600,-0.06901705894599205,-0.004971595793403331,0.06919588998117972,-1.6427064231810486
Z944,1,ca_dist_1816_1463_A,chi2_deg,600,0.1904172693170339,0.1892597204225991,0.2684734218290447,0.7884469267917488
Z944,1,ca_dist_1816_1463_A,chi3_deg,600,-0.00815713963761701,-0.00723487554054357,0.010903318355195275,-2.296347696180331
Z944,1,ca_dist_1816_1463_A,chi4_deg,600,0.04050597873467262,0.029799931144608924,0.050286879098599704,0.9365152949385303
Z944,1,ca_dist_1816_1463_A,chi5_deg,600,0.0064699605024723,0.12402768800637444,0.12419632756692169,0.05211821174868345
Z944,1,ca_dist_1816_1463_A,chi6_deg,600,0.026808817940585455,-0.0263679584114161,0.037602951349031445,2.347904227797709
Z944,1,ca_dist_1816_1463_A,chi7_deg,600,-0.03170683818272438,0.03929710236256714,0.050493423746459785,-0.6789033924029193
Z944,1,ca_dist_355_387_A,chi1_deg,600,0.09378812759738889,-0.038919291799560815,0.10154272082430853,1.964141191208623
Z944,1,ca_dist_355_387_A,chi2_deg,600,-0.13644039022216858,-0.10647749135397928,0.17307061058716575,-2.2334685830075185
Z944,1,ca_dist_355_387_A,chi3_deg,600,0.013566777498043268,-0.009422620547993525,0.016517966874675678,2.177846013172912
Z944,1,ca_dist_355_387_A,chi4_deg,600,0.057023075909258314,-0.1130279247598432,0.12659756301631486,2.674348087783321
Z944,1,ca_dist_355_387_A,chi5_deg,600,-0.10120651472407816,-0.09058343486343205,0.13582384655962548,-2.3008618926207296
Z944,1,ca_dist_355_387_A,chi6_deg,600,-0.09300896361752027,0.0026355420458964614,0.09304629705195633,-1.5424674767858484
Z944,1,ca_dist_355_387_A,chi7_deg,600,-0.008138850764585532,0.033137605687010435,0.034122453054198504,-0.24084047056397553
Z944,1,ca_dist_356_925_A,chi1_deg,600,-0.03244528719423721,-0.10920769556478668,0.11392549070198321,-2.8528012139818815
Z944,1,ca_dist_356_925_A,chi2_deg,600,0.2916449445634419,0.37471211989633607,0.4748325457323026,0.6613792766039462
Z944,1,ca_dist_356_925_A,chi3_deg,600,0.057420218244480126,0.08245674209106597,0.1004798277243562,0.6082840692500944
Z944,1,ca_dist_356_925_A,chi4_deg,600,-0.014704595777628404,0.026718916966297586,0.030497961584921573,-0.503107284034008
Z944,1,ca_dist_356_925_A,chi5_deg,600,-0.0017023485707698231,0.10774561046977736,0.10775905793092941,-0.01579838781180682
Z944,1,ca_dist_356_925_A,chi6_deg,600,0.047409595915567426,-0.07023269626076561,0.0847366591796865,2.5478182794894715
Z944,1,ca_dist_356_925_A,chi7_deg,600,-0.09485596592919018,0.03327502482701648,0.10052303989433592,-1.2334131960141645
Z944,1,ca_dist_354_1461_A,chi1_deg,600,0.016950946331404954,0.01582445351730046,0.023189392200990824,0.8197547099979832
Z944,1,ca_dist_354_1461_A,chi2_deg,600,-0.07252032229732518,0.02661387686079953,0.0772495669092696,-1.2190708768555523
Z944,1,ca_dist_354_1461_A,chi3_deg,600,-0.019500598494237253,-0.06402337619010591,0.06692731908879414,-2.8459342136329666
Z944,1,ca_dist_354_1461_A,chi4_deg,600,-0.04689086077811038,0.06998628904993107,0.08424270579398926,-0.5903072115624496
Z944,1,ca_dist_354_1461_A,chi5_deg,600,0.06392389852471117,-0.02404534835557906,0.06829673184083349,1.9305799593312072
Z944,1,ca_dist_354_1461_A,chi6_deg,600,-0.01185212137876496,0.005558002132717149,0.013090613770341932,-1.132299279518482
Z944,1,ca_dist_354_1461_A,chi7_deg,600,0.01867591959257354,0.032610147251149274,0.03757940494965175,0.5201060889418057
Z944,1,ca_dist_384_926_A,chi1_deg,600,0.02462601234319734,-0.040749586838189265,0.04761270115641871,2.5979987448253277
Z944,1,ca_dist_384_926_A,chi2_deg,600,0.016980001603276767,-0.18235790134629942,0.18314672980393057,3.0487467600286347
Z944,1,ca_dist_384_926_A,chi3_deg,600,0.03735954017171102,0.03548015747219056,0.0515225854950344,0.8111940669607393
Z944,1,ca_dist_384_926_A,chi4_deg,600,0.123951799350447,-0.1818577829865964,0.2200824886150951,2.543331974382842
Z944,1,ca_dist_384_926_A,chi5_deg,600,-0.21008336629140612,0.0025169783691855073,0.2100984435269335,-1.5588160448991155
Z944,1,ca_dist_384_926_A,chi6_deg,600,-0.10167697307097831,-0.021196265245038086,0.10386283509135719,-1.7763195523124908
Z944,1,ca_dist_384_926_A,chi7_deg,600,-0.06378081805751544,0.021783560038237677,0.06739819166732439,-1.2416800189856227
Z944,1,ca_dist_354_1780_A,chi1_deg,600,-0.04219722448400584,0.021517177700085557,0.04736659888920294,-1.0992448312221015
Z944,1,ca_dist_354_1780_A,chi2_deg,600,-0.04361700900096151,0.06236758018731009,0.07610623189076247,-0.6102921931257542
Z944,1,ca_dist_354_1780_A,chi3_deg,600,-0.1077906948537627,-0.11763520954819492,0.15955211193370245,-2.399837493891095
Z944,1,ca_dist_354_1780_A,chi4_deg,600,-0.058066322659079614,0.09180906472818537,0.1086305766964922,-0.563951757906303
Z944,1,ca_dist_354_1780_A,chi5_deg,600,0.12849072421950936,0.008972692238417224,0.12880363122388808,1.5010780656799847
Z944,1,ca_dist_354_1780_A,chi6_deg,600,0.059080751722194694,-0.01848334178772002,0.06190451637563522,1.8739989239986394
Z944,1,ca_dist_354_1780_A,chi7_deg,600,-0.0428367617000269,0.03533827765792742,0.055531810890458666,-0.8810247682488695
Z944,1,ca_dist_355_924_A,chi1_deg,600,-0.033199193315880796,-0.10589207531705006,0.11097440268718288,-2.837779577620319
Z944,1,ca_dist_355_924_A,chi2_deg,600,0.18526261412240752,0.28378704028519763,0.33890606430882947,0.5783569661397637
Z944,1,ca_dist_355_924_A,chi3_deg,600,0.031161669579849807,0.023773832166353946,0.03919495818185934,0.9190781506938395
Z944,1,ca_dist_355_924_A,chi4_deg,600,-0.00802610577545547,0.03072197258555734,0.031753078173092704,-0.2555382608280184
Z944,1,ca_dist_355_924_A,chi5_deg,600,0.01801836997179488,0.042384820247230254,0.046055777529323064,0.401966992635531
Z944,1,ca_dist_355_924_A,chi6_deg,600,-0.006150082792176253,-0.04688022837446697,0.04728191335799346,-3.0111504225553443
Z944,1,ca_dist_355_924_A,chi7_deg,600,-0.0794668188772135,0.006089994245124167,0.07969983269975855,-1.494310141355964
Z944,1,ca_dist_1776_1781_A,chi1_deg,600,-0.07293452972003779,-0.0746199175792063,0.10434355622179367,-2.3676161355636536
Z944,1,ca_dist_1776_1781_A,chi2_deg,600,0.17946442236007126,0.2785971841188626,0.33139684653296486,0.5722670813127354
Z944,1,ca_dist_1776_1781_A,chi3_deg,600,0.08384143052040335,0.18617866987312143,0.20418590202908807,0.4231264901461665
Z944,1,ca_dist_1776_1781_A,chi4_deg,600,-0.02167445804536458,0.042128509121122384,0.04737714018731778,-0.4751678202073142
Z944,1,ca_dist_1776_1781_A,chi5_deg,600,0.04001431585609868,-0.023605835335559065,0.046458378526603346,2.1037820325525116
Z944,1,ca_dist_1776_1781_A,chi6_deg,600,0.10643035212170489,-0.07510856818755912,0.13026402752845972,2.1853417534235833
Z944,1,ca_dist_1776_1781_A,chi7_deg,600,0.0475010197525001,0.0159941802648728,0.05012145927517126,1.246007741186181
Z944,1,ca_dist_384_960_A,chi1_deg,600,-0.07862275210861575,0.029848043824319066,0.08409781726817477,-1.2079672401878596
Z944,1,ca_dist_384_960_A,chi2_deg,600,0.17508028918259763,0.13704261099680815,0.22233709741985141,0.906667798791052
Z944,1,ca_dist_384_960_A,chi3_deg,600,0.05245247837645871,0.07323675842970416,0.0900826580043224,0.621518721953211
Z944,1,ca_dist_384_960_A,chi4_deg,600,0.04885587845862467,-0.01157043621828679,0.05020728885575628,1.803339839515272
Z944,1,ca_dist_384_960_A,chi5_deg,600,0.014575711073939433,-0.014477907194382914,0.02054412689894913,2.352828179352382
Z944,1,ca_dist_384_960_A,chi6_deg,600,-0.002568130433523587,0.018360204075610495,0.01853894246233194,-0.13897317606099605
Z944,1,ca_dist_384_960_A,chi7_deg,600,-0.01083571573801518,-0.003979999673905485,0.011543532083351161,-1.9228026397156472
Z944,1,ca_dist_925_1459_A,chi1_deg,600,0.11970566414236555,0.10497101250465421,0.15921168139937814,0.850885965248653
Z944,1,ca_dist_925_1459_A,chi2_deg,600,-0.1758113706168496,-0.13208209737767548,0.2198984276566365,-2.2151107908888843
Z944,1,ca_dist_925_1459_A,chi3_deg,600,-0.05988458921726713,-0.12142488729763751,0.13538894814926658,-2.6834141705053947
Z944,1,ca_dist_925_1459_A,chi4_deg,600,0.01199729204463448,-0.014003392517640668,0.018439902884976496,2.433197611218029
Z944,1,ca_dist_925_1459_A,chi5_deg,600,0.0687144394484416,-0.14396932570772536,0.1595269285526762,2.6962813886414
Z944,1,ca_dist_925_1459_A,chi6_deg,600,-0.013814044856367235,0.027374254286956508,0.030662316172472733,-0.4673498378902738
Z944,1,ca_dist_925_1459_A,chi7_deg,600,0.029343650122466515,-0.024073919369777503,0.03795528153409322,2.257861026587884
Z944,1,ca_dist_956_1464_A,chi1_deg,600,-0.01791337503504664,-0.025787549870607558,0.03139883331391955,-2.534464925285176
Z944,1,ca_dist_956_1464_A,chi2_deg,600,0.1277313312454123,0.21367597078269693,0.24894319326234488,0.5387859257779161
Z944,1,ca_dist_956_1464_A,chi3_deg,600,0.023169198131184204,0.06530362458398442,0.06929195570806213,0.3409373927291413
Z944,1,ca_dist_956_1464_A,chi4_deg,600,0.05347665191343009,-0.04907726072039535,0.07258326129134614,2.3133224497984477
Z944,1,ca_dist_956_1464_A,chi5_deg,600,0.0326854168289926,-0.04804451009737856,0.05810861746576065,2.5442004008681676
Z944,1,ca_dist_956_1464_A,chi6_deg,600,-0.004933114830100248,-0.0006220209640877064,0.004972175781961011,-1.6962253086919683
Z944,1,ca_dist_956_1464_A,chi7_deg,600,-0.0009610079823124786,0.0013057633031125625,0.0016212816367996434,-0.6344639402221078
Z944,1,ca_dist_384_918_A,chi1_deg,600,-0.005775941489718866,0.0675439250464434,0.06779043672061878,-0.0853063225196863
Z944,1,ca_dist_384_918_A,chi2_deg,600,-0.10077957737344242,-0.3337386518726084,0.3486230212841886,-2.848328082289396
Z944,1,ca_dist_384_918_A,chi3_deg,600,-0.051518546808091106,-0.01824910195908807,0.05465519543035837,-1.9112291428855597
Z944,1,ca_dist_384_918_A,chi4_deg,600,0.11761975689051965,-0.17882884082844006,0.21404242925884692,2.5598077347188877
Z944,1,ca_dist_384_918_A,chi5_deg,600,-0.15723153112349897,-0.02574213603908923,0.1593248629288436,-1.7330777898195697
Z944,1,ca_dist_384_918_A,chi6_deg,600,-0.09811624371286441,0.0071848419415189504,0.09837895727261402,-1.4976989439219506
Z944,1,ca_dist_384_918_A,chi7_deg,600,-0.0383316050596479,0.006596688931174655,0.0388950928949078,-1.4003704341083152
Z944,1,ca_dist_926_1460_A,chi1_deg,600,0.10432307974938611,0.1008045250408584,0.14506845707151442,0.80254948581513
Z944,1,ca_dist_926_1460_A,chi2_deg,600,-0.23629519268832072,-0.27030644358349365,0.359027842277402,-2.4232299813844045
Z944,1,ca_dist_926_1460_A,chi3_deg,600,-0.08060952221413362,-0.1365974472329678,0.15860881962285173,-2.608466076980984
Z944,1,ca_dist_926_1460_A,chi4_deg,600,-0.00427005149327808,0.002883018910189779,0.0051521973750777664,-0.9769285549229493
Z944,1,ca_dist_926_1460_A,chi5_deg,600,0.051005912853689675,-0.11540490528845057,0.12617406750467558,2.725433559646262
Z944,1,ca_dist_926_1460_A,chi6_deg,600,-0.029846758860591627,0.02301765097890035,0.037691395186020604,-0.9138682628456306
Z944,1,ca_dist_926_1460_A,chi7_deg,600,0.11498880507642864,-0.035441466677864825,0.1203267337426854,1.8697742005223472
Z944,1,ca_dist_1778_1465_A,chi1_deg,600,0.05291746948653668,0.11231891210169209,0.12416036643215167,0.4402908431691429
Z944,1,ca_dist_1778_1465_A,chi2_deg,600,-0.07089000967405859,-0.1538995916689982,0.16944166485098197,-2.7099381334727477
Z944,1,ca_dist_1778_1465_A,chi3_deg,600,0.0049386199712127266,-0.003468704250750732,0.006035053968212496,2.183106479576326
Z944,1,ca_dist_1778_1465_A,chi4_deg,600,0.03407287458041527,-0.08096772388296972,0.08784493777652491,2.743267435972684
Z944,1,ca_dist_1778_1465_A,chi5_deg,600,-0.05702035521368138,-0.03994915755694726,0.06962223853198199,-2.181933057810336
Z944,1,ca_dist_1778_1465_A,chi6_deg,600,-0.046797954297588165,0.028134909874660143,0.0546042276760179,-1.0294952585109107
Z944,1,ca_dist_1778_1465_A,chi7_deg,600,-0.05093000290980158,-0.016876683221900435,0.05365340280881329,-1.890778985983859
Z944,1,ca_dist_353_355_A,chi1_deg,600,0.00841429639063577,-0.004009811224229401,0.009320888895562603,2.0155064605181723
Z944,1,ca_dist_353_355_A,chi2_deg,600,0.1449929085842953,0.16946123316799871,0.22302478132833725,0.707742578545965
Z944,1,ca_dist_353_355_A,chi3_deg,600,0.003005818435496478,0.012990221078255003,0.013333446221030444,0.22738896677985918
Z944,1,ca_dist_353_355_A,chi4_deg,600,0.030793172457925552,8.5535209280653e-05,0.03079329125468032,1.568018601004945
Z944,1,ca_dist_353_355_A,chi5_deg,600,-0.029391686836264995,0.07635021106200415,0.08181213836768755,-0.3674729739739644
Z944,1,ca_dist_353_355_A,chi6_deg,600,-0.004642101853372464,0.055634906835164345,0.0558282362982613,-0.08324582728626345
Z944,1,ca_dist_353_355_A,chi7_deg,600,0.02694759226205394,-0.024112004445928863,0.03616021967746328,2.300716611745562
Z944,1,ca_dist_925_1461_A,chi1_deg,600,-0.03536487014621545,0.02172928770304367,0.04150705945427025,-1.0198330053208444
Z944,1,ca_dist_925_1461_A,chi2_deg,600,0.049265121709590284,0.0870547502787486,0.10002790492235665,0.5149757927606617
Z944,1,ca_dist_925_1461_A,chi3_deg,600,-0.03320255446617887,-0.05441735727346214,0.06374683047577501,-2.5937459513555616
Z944,1,ca_dist_925_1461_A,chi4_deg,600,-0.025797810628999017,0.03416450235466334,0.042810515698733315,-0.6467607597282491
Z944,1,ca_dist_925_1461_A,chi5_deg,600,0.043315394494059356,0.03509638511386951,0.0557492569299092,0.8898353505945926
Z944,1,ca_dist_925_1461_A,chi6_deg,600,0.010440846320797663,0.006506371855730681,0.012302200885189544,1.0135175222075534
Z944,1,ca_dist_925_1461_A,chi7_deg,600,0.017091911550957746,-0.007130281096131096,0.018519566651938896,1.9660186552968975
Z944,1,ca_dist_1777_1782_A,chi1_deg,600,-0.10374726789191273,-0.06437675381353491,0.1220977560260826,-2.12616409506271
Z944,1,ca_dist_1777_1782_A,chi2_deg,600,0.05989064936793687,0.10904635747233808,0.12441060228010353,0.5022456371987924
Z944,1,ca_dist_1777_1782_A,chi3_deg,600,0.057578470862981596,0.15433171604159504,0.164722672644851,0.35708856336831246
Z944,1,ca_dist_1777_1782_A,chi4_deg,600,-0.03669036397115069,0.04132402777935376,0.05526172346429592,-0.7260728724639326
Z944,1,ca_dist_1777_1782_A,chi5_deg,600,0.05177846553738971,-0.03633070132764162,0.06325289995221527,2.1826332284272607
Z944,1,ca_dist_1777_1782_A,chi6_deg,600,0.08909314032826296,-0.07630323826454144,0.11730205378938144,2.279019283504938
Z944,1,ca_dist_1777_1782_A,chi7_deg,600,0.056352729664796986,0.022243940452556267,0.06058401627104759,1.1948439415039618
Z944,1,ca_dist_1820_1463_A,chi1_deg,600,0.06786271631814496,0.04707323407739967,0.08259078418675221,0.9643422374454892
Z944,1,ca_dist_1820_1463_A,chi2_deg,600,-0.10559890541041925,-0.16595076852279447,0.19669973664747187,-2.5748897243021567
Z944,1,ca_dist_1820_1463_A,chi3_deg,600,-0.03959390890342426,-0.07821052008881364,0.08766163969955948,-2.672959253328285
Z944,1,ca_dist_1820_1463_A,chi4_deg,600,0.07113042262365853,-0.07762822667858196,0.1052885492343853,2.3998469184560136
Z944,1,ca_dist_1820_1463_A,chi5_deg,600,-0.05117156585216679,-0.031966090108913096,0.06033539648178168,-2.129168819032379
Z944,1,ca_dist_1820_1463_A,chi6_deg,600,-0.056399215556434346,-0.015729780469243674,0.05855166529648619,-1.8427853548642468
Z944,1,ca_dist_1820_1463_A,chi7_deg,600,0.018849460294045745,-0.028464240773811756,0.03413964200465984,2.556677988819937
Z944,1,ca_dist_351_356_A,chi1_deg,600,-0.05657309539756575,-0.03971668144344527,0.06912257162274986,-2.1828913567197064
Z944,1,ca_dist_351_356_A,chi2_deg,600,0.2399666242343126,0.2608315244056624,0.35442497777413123,0.7437589517788147
Z944,1,ca_dist_351_356_A,chi3_deg,600,0.060040624918494434,0.05764800370290046,0.08323562321225786,0.8057254600245796
Z944,1,ca_dist_351_356_A,chi4_deg,600,0.00021639717193357166,0.02389894187069489,0.02389992155373892,0.009054428412177268
Z944,1,ca_dist_351_356_A,chi5_deg,600,-0.02293584094773818,0.12061177537285747,0.12277317768377818,-0.18791881369620006
Z944,1,ca_dist_351_356_A,chi6_deg,600,0.03350118060722169,-0.010864045368071628,0.03521869650962689,1.8843845034506639
Z944,1,ca_dist_351_356_A,chi7_deg,600,-0.04282306535798417,0.03536922789190715,0.05554095073298481,-0.8804379838381633
Z944,1,ca_dist_353_926_A,chi1_deg,600,0.10317615908760759,0.06226172644051721,0.12050660721896168,1.027843402116102
Z944,1,ca_dist_353_926_A,chi2_deg,600,-0.0502466956565468,-0.10743536913078036,0.11860475945200796,-2.7041236018589134
Z944,1,ca_dist_353_926_A,chi3_deg,600,-0.008153051837132993,-0.009970592566942126,0.012879633938701025,-2.456145916602367
Z944,1,ca_dist_353_926_A,chi4_deg,600,0.01918716056304504,-0.022134418013096117,0.029292995600493723,2.4273988088060245
Z944,1,ca_dist_353_926_A,chi5_deg,600,0.019940909774218675,-0.08328123079223679,0.08563529228591059,2.906576651777942
Z944,1,ca_dist_353_926_A,chi6_deg,600,0.029477539563689606,0.009176785252105349,0.030872944891800397,1.2689918584843947
Z944,1,ca_dist_353_926_A,chi7_deg,600,0.007913153754550973,-0.02662107401080672,0.027772280853974044,2.852659337041379
Z944,1,ca_dist_357_1781_A,chi1_deg,600,-0.05839246221165533,-0.06643644046549586,0.0884504395967876,-2.42054554581487
Z944,1,ca_dist_357_1781_A,chi2_deg,600,0.12150136713410331,0.2771346139889551,0.3025990358316816,0.41318240664201095
Z944,1,ca_dist_357_1781_A,chi3_deg,600,0.05994668834542088,0.07920821872229881,0.09933552917633523,0.6478542421812488
Z944,1,ca_dist_357_1781_A,chi4_deg,600,-0.08294621399961451,0.1256537209433885,0.15056205366488862,-0.5834548158762638
Z944,1,ca_dist_357_1781_A,chi5_deg,600,0.14094686784296362,-0.07081591388767666,0.15773684799211846,2.0363859270968976
Z944,1,ca_dist_357_1781_A,chi6_deg,600,0.13430475632799815,-0.06833167353580047,0.15068837108591418,2.041443828707768
Z944,1,ca_dist_357_1781_A,chi7_deg,600,-0.000712969486387327,0.03799566663071925,0.03800235529807688,-0.01876229283327644
Z944,1,ca_dist_923_1816_A,chi1_deg,600,-0.06879748160020278,-0.010688816331279972,0.06962287173834528,-1.7249304006873356
Z944,1,ca_dist_923_1816_A,chi2_deg,600,0.16453387569560304,0.1691542424244485,0.23597574871500088,0.7715526854287188
Z944,1,ca_dist_923_1816_A,chi3_deg,600,-0.009774696311133186,-0.010253712400989594,0.01416627353883471,-2.380106763668499
Z944,1,ca_dist_923_1816_A,chi4_deg,600,0.0006308627774208337,0.06262529258535868,0.06262847003756132,0.010073269332448401
Z944,1,ca_dist_923_1816_A,chi5_deg,600,0.0061488519461192475,0.17795841558514403,0.17806461203122345,0.03453844390853617
Z944,1,ca_dist_923_1816_A,chi6_deg,600,0.06008228127665831,-0.016316778662201388,0.06225847564242764,1.8359745259469293
Z944,1,ca_dist_923_1816_A,chi7_deg,600,0.0007366436959816494,0.030121322254952655,0.030130328546524938,0.02445101455263023
Z944,1,ca_dist_384_917_A,chi1_deg,600,-0.0189327915906508,0.10076146133195034,0.10252474182930256,-0.18573158595865039
Z944,1,ca_dist_384_917_A,chi2_deg,600,-0.05117747570725614,-0.308435978130923,0.3126529811553794,-2.9771649397087656
Z944,1,ca_dist_384_917_A,chi3_deg,600,-0.019986561979419268,0.0028902896032049763,0.020194465423664047,-1.4271802841440422
Z944,1,ca_dist_384_917_A,chi4_deg,600,0.07847923759769489,-0.13270999592017124,0.1541782531716043,2.607551129428037
Z944,1,ca_dist_384_917_A,chi5_deg,600,-0.13657311852036597,-0.013073923628378697,0.13719746419456377,-1.6662338900724905
Z944,1,ca_dist_384_917_A,chi6_deg,600,-0.07822481081101473,0.018306735842311895,0.08033839433060157,-1.3409064255328143
Z944,1,ca_dist_384_917_A,chi7_deg,600,-0.03613806987710713,-0.010068470725482125,0.03751445317730979,-1.8425167248020748
Z944,1,ca_dist_1776_1465_A,chi1_deg,600,0.04272577997597453,0.039625257861933987,0.058272234684969365,0.8230304557763332
Z944,1,ca_dist_1776_1465_A,chi2_deg,600,0.027302312941131508,0.05842664555329682,0.06449100094234897,0.43714066524153683
Z944,1,ca_dist_1776_1465_A,chi3_deg,600,0.047541913008836964,0.040997564896090986,0.06277765382641352,0.8591784607927221
Z944,1,ca_dist_1776_1465_A,chi4_deg,600,-0.030287287676396595,0.004972109667233687,0.030692697329101,-1.4080827801511129
Z944,1,ca_dist_1776_1465_A,chi5_deg,600,0.0008517924612700609,-0.022842856057295385,0.02285873188196128,3.1043206948551227
Z944,1,ca_dist_1776_1465_A,chi6_deg,600,-0.0033727272995678,0.04961887407462038,0.049733368615752185,-0.06786827382817026
Z944,1,ca_dist_1776_1465_A,chi7_deg,600,-0.06426966800544197,0.007080088391748351,0.06465847103949103,-1.461076536300347
Z944,1,ca_dist_926_1459_A,chi1_deg,600,0.11496837015537154,0.08778302590167616,0.14464987304742744,0.9186853658889174
Z944,1,ca_dist_926_1459_A,chi2_deg,600,-0.20286544214836483,-0.20819874298184993,0.29069073634581816,-2.369168137124587
Z944,1,ca_dist_926_1459_A,chi3_deg,600,-0.060362336861158924,-0.11468298855705505,0.1295986094667595,-2.65709513323943
Z944,1,ca_dist_926_1459_A,chi4_deg,600,0.0313444975194168,-0.02956041431243527,0.04308474926313897,2.326909936235735
Z944,1,ca_dist_926_1459_A,chi5_deg,600,0.047327863614817514,-0.14803088833085443,0.1554125817762663,2.832147226699586
Z944,1,ca_dist_926_1459_A,chi6_deg,600,-0.027698030593534928,0.0360706489470589,0.04547826529477964,-0.6548482034379749
Z944,1,ca_dist_926_1459_A,chi7_deg,600,0.04691029118839915,-0.022207100839726386,0.051901163253689944,2.0129343746293844
Z944,1,ca_dist_926_1461_A,chi1_deg,600,0.016174329884880524,0.03287676274551295,0.03664001195209531,0.45720174685497084
Z944,1,ca_dist_926_1461_A,chi2_deg,600,-0.12471402486204158,-0.10754365786458597,0.16467916183957534,-2.282400640991982
Z944,1,ca_dist_926_1461_A,chi3_deg,600,-0.04936274125296606,-0.08896728343833404,0.101744079662672,-2.6350399585983477
Z944,1,ca_dist_926_1461_A,chi4_deg,600,-0.0385752260404838,0.05377929156300551,0.066183534697787,-0.622234487053064
Z944,1,ca_dist_926_1461_A,chi5_deg,600,0.06864885016711908,-0.027308159940048607,0.07388098692206839,1.9494002793480658
Z944,1,ca_dist_926_1461_A,chi6_deg,600,-0.0017872593649570691,0.01947618675971393,0.01955802001064737,-0.09151009409268304
Z944,1,ca_dist_926_1461_A,chi7_deg,600,0.06091211367278809,0.005393329726091436,0.06115041780414096,1.482483820968109
Z944,1,ca_dist_1776_1464_A,chi1_deg,600,0.038430424888315065,0.04651911989886709,0.06034008678533366,0.6904667303679981
Z944,1,ca_dist_1776_1464_A,chi2_deg,600,0.031152218575053476,0.07643139565015888,0.08253616760656526,0.3870272142301438
Z944,1,ca_dist_1776_1464_A,chi3_deg,600,0.03648380579880901,0.03885052142881347,0.053295694956121034,0.7539923282648584
Z944,1,ca_dist_1776_1464_A,chi4_deg,600,-0.013237685431494027,0.009688132208500573,0.016404152561853826,-0.9390062699814588
Z944,1,ca_dist_1776_1464_A,chi5_deg,600,0.03071229254271725,-0.05525871880784121,0.06322001991073325,2.6343143356249357
Z944,1,ca_dist_1776_1464_A,chi6_deg,600,0.010883762386358374,0.034835823843634636,0.036496450602044206,0.30282125028777074
Z944,1,ca_dist_1776_1464_A,chi7_deg,600,-0.06584281336851855,0.025166098930418594,0.07048835795829819,-1.2057153884863772
Z944,2,ca_dist_357_1462_A,chi1_deg,600,-0.08558778144856605,0.04337508805178086,0.09595137621101246,-1.1017309608358707
Z944,2,ca_dist_357_1462_A,chi2_deg,600,0.23162688249289215,0.13443192984162194,0.26781141957414517,1.0449272014128728
Z944,2,ca_dist_357_1462_A,chi3_deg,600,0.08075815485178292,0.1953194525298526,0.2113564953144944,0.3920617123111623
Z944,2,ca_dist_357_1462_A,chi4_deg,600,0.1378529397614874,-0.06899175343911396,0.15415347885626118,2.03482272316762
Z944,2,ca_dist_357_1462_A,chi5_deg,600,-0.16777740688750825,0.0859422093836536,0.18850814734551993,-1.0974051569046215
Z944,2,ca_dist_357_1462_A,chi6_deg,600,0.061946473108169794,-0.03814853257506598,0.07275078053307794,2.1227747141431603
Z944,2,ca_dist_357_1462_A,chi7_deg,600,-0.04457057702058277,-0.021233048986169924,0.04936981572982416,-2.015379480295376
Z944,2,ca_dist_1820_1462_A,chi1_deg,600,-0.01638258984525698,0.004236418032478401,0.01692148007072151,-1.3177469159618302
Z944,2,ca_dist_1820_1462_A,chi2_deg,600,-0.15054175471915968,-0.04698704645631657,0.15770416116454153,-1.8733346869568648
Z944,2,ca_dist_1820_1462_A,chi3_deg,600,-0.08376740017993858,-0.126271574264042,0.1515304847218059,-2.5558613906431953
Z944,2,ca_dist_1820_1462_A,chi4_deg,600,-0.10659499366973627,0.09908201322998637,0.1455326012313334,-0.8219099821262416
Z944,2,ca_dist_1820_1462_A,chi5_deg,600,0.12263010724926948,-0.057346870151581006,0.1353765368154675,2.008223306940963
Z944,2,ca_dist_1820_1462_A,chi6_deg,600,-0.021259025613681693,0.04957238286748574,0.05393855127090241,-0.40512556060052085
Z944,2,ca_dist_1820_1462_A,chi7_deg,600,-0.03622005865146612,-0.02362469397581409,0.04324371415785781,-2.1487547568323646
Z944,2,ca_dist_355_388_A,chi1_deg,600,-0.10568427250813196,-0.04646790831685068,0.11544882831331091,-1.9850402064859751
Z944,2,ca_dist_355_388_A,chi2_deg,600,-0.08009551099257711,-0.03833220729596061,0.08879554604450911,-2.017162558471728
Z944,2,ca_dist_355_388_A,chi3_deg,600,-0.12191909124264491,-0.1476744448856794,0.19149936418099653,-2.4514394507868746
Z944,2,ca_dist_355_388_A,chi4_deg,600,0.03423463432542399,-0.014768850630485199,0.03728443557761176,1.9780760424864097
Z944,2,ca_dist_355_388_A,chi5_deg,600,-0.016433919751932043,0.00884604809760961,0.018663501422781437,-1.0769958075286041
Z944,2,ca_dist_355_388_A,chi6_deg,600,0.041380599717673876,0.06255728587252676,0.07500512015010301,0.5844055270397097
Z944,2,ca_dist_355_388_A,chi7_deg,600,-0.09638369960732332,-0.052132486318221295,0.10957925752492699,-2.066614444730299
Z944,2,ca_dist_354_1459_A,chi1_deg,600,-0.0582920887916848,0.005702360467435049,0.058570338317259454,-1.473282672695651
Z944,2,ca_dist_354_1459_A,chi2_deg,600,0.06842511621151073,0.015584576141821507,0.07017745750651687,1.3468554387763438
Z944,2,ca_dist_354_1459_A,chi3_deg,600,0.009696101316702713,0.06320063981725976,0.06394009113267483,0.15223082390167925
Z944,2,ca_dist_354_1459_A,chi4_deg,600,0.011279739600616796,0.05961209992149659,0.06066988530159107,0.1870080126325082
Z944,2,ca_dist_354_1459_A,chi5_deg,600,-0.06623217641376054,0.00935863143593855,0.0668900977339489,-1.4304252350265672
Z944,2,ca_dist_354_1459_A,chi6_deg,600,0.03325562878415694,0.04251581381724086,0.05397713655217305,0.6637891405289658
Z944,2,ca_dist_354_1459_A,chi7_deg,600,0.042636757775783816,0.060426175946248634,0.0739541469636278,0.6144750048309636
Z944,2,ca_dist_357_1780_A,chi1_deg,600,-0.14287699073033208,0.062300749274658715,0.15586923314220574,-1.1596080664996244
Z944,2,ca_dist_357_1780_A,chi2_deg,600,0.03354659819779477,0.1285567409671681,0.13286161935918078,0.25525563525256617
Z944,2,ca_dist_357_1780_A,chi3_deg,600,-0.04404385035293278,0.07115733167818519,0.0836852830877138,-0.5542472823697092
Z944,2,ca_dist_357_1780_A,chi4_deg,600,0.06453618800629982,-0.05796344947375437,0.08674491937445646,2.3025907230986147
Z944,2,ca_dist_357_1780_A,chi5_deg,600,-0.03961935270227265,-0.05309745213533054,0.06624977382460108,-2.50055176880018
Z944,2,ca_dist_357_1780_A,chi6_deg,600,0.002604623070838242,-0.0056435128138887635,0.00621556901833368,2.709195855938747
Z944,2,ca_dist_357_1780_A,chi7_deg,600,-0.011398140689675679,0.009396741693246953,0.014772148307922107,-0.8813474160842948
Z944,2,ca_dist_384_872_A,chi1_deg,600,0.1267283489664845,0.036742396152796425,0.13194725501813254,1.2886031413354877
Z944,2,ca_dist_384_872_A,chi2_deg,600,0.12371123847220104,-0.10298353557860702,0.16096608066482831,2.265013614614028
Z944,2,ca_dist_384_872_A,chi3_deg,600,0.10102096083692144,0.10211304053968102,0.1436395056266672,0.7800220610508728
Z944,2,ca_dist_384_872_A,chi4_deg,600,0.1395310091925865,-0.007341642479075008,0.13972402170204026,1.6233644163817775
Z944,2,ca_dist_384_872_A,chi5_deg,600,-0.2070803450068948,0.29722541029974237,0.3622502088557366,-0.6085154687548624
Z944,2,ca_dist_384_872_A,chi6_deg,600,-0.055735634781327606,-0.0008100079423007701,0.05574152040753935,-1.5853283389570394
Z944,2,ca_dist_384_872_A,chi7_deg,600,-0.10895151678085113,-0.096487675574199,0.1455345476048899,-2.2955995150012534
Z944,2,ca_dist_384_1466_A,chi1_deg,600,0.12007143736296902,0.09194349017806598,0.15123080194369634,0.9172975528924183
Z944,2,ca_dist_384_1466_A,chi2_deg,600,0.07696737618708271,-0.10074956350066655,0.126785060408152,2.4892247463260544
Z944,2,ca_dist_384_1466_A,chi3_deg,600,0.07306273847303886,0.0379867647212758,0.0823477871419095,1.0913401628597363
Z944,2,ca_dist_384_1466_A,chi4_deg,600,0.09190939816179917,0.046985002806125734,0.10322271048153976,1.0982209934172307
Z944,2,ca_dist_384_1466_A,chi5_deg,600,-0.16814530892768634,0.29866833274895166,0.3427471632288524,-0.5127565848487559
Z944,2,ca_dist_384_1466_A,chi6_deg,600,-0.037997482932377966,0.0033077920135029994,0.038141187674231504,-1.483962309611561
Z944,2,ca_dist_384_1466_A,chi7_deg,600,-0.14516049804240225,-0.09232896577170817,0.17203548503838248,-2.1373004674389966
Z944,2,ca_dist_384_1463_A,chi1_deg,600,0.10984611936553158,0.041393428543408224,0.11738648076437447,1.2104213192307904
Z944,2,ca_dist_384_1463_A,chi2_deg,600,-0.06843556775733381,-0.133307790270609,0.14984790249149735,-2.6673102178660475
Z944,2,ca_dist_384_1463_A,chi3_deg,600,0.025074021577678955,-0.06087622198711318,0.0658378383720349,2.750882494001131
Z944,2,ca_dist_384_1463_A,chi4_deg,600,0.02680106902625197,0.052630925211985834,0.05906193012101424,0.47100164400302486
Z944,2,ca_dist_384_1463_A,chi5_deg,600,-0.05066352932748948,0.18831701996925837,0.19501305908584543,-0.2628105004800236
Z944,2,ca_dist_384_1463_A,chi6_deg,600,-0.0709476264527185,0.028753973424336797,0.07655296654579723,-1.1857426625396503
Z944,2,ca_dist_384_1463_A,chi7_deg,600,-0.12312059589086898,-0.08675645160702405,0.15061660940269692,-2.1846336987933506
Z944,2,ca_dist_384_950_A,chi1_deg,600,0.14242826010583043,0.010671065423044999,0.14282745154219126,1.4960136570055864
Z944,2,ca_dist_384_950_A,chi2_deg,600,0.12661912619673457,-0.030838417444310817,0.13032041708532924,1.809697704361994
Z944,2,ca_dist_384_950_A,chi3_deg,600,0.0644942562860404,0.08985153116883393,0.11060201963469472,0.6225640331355666
Z944,2,ca_dist_384_950_A,chi4_deg,600,0.09304710463505025,-0.01318384805364553,0.09397647328170813,1.7115494349843434
Z944,2,ca_dist_384_950_A,chi5_deg,600,-0.1342485785439446,0.2377282940642506,0.27301542564435527,-0.514069984493019
Z944,2,ca_dist_384_950_A,chi6_deg,600,-0.05344768639039299,-0.03572345339400518,0.06428701504098211,-2.1599852943469644
Z944,2,ca_dist_384_950_A,chi7_deg,600,-0.05604947705231103,-0.06577662162105291,0.08641821468716365,-2.435869968031899
Z944,2,ca_dist_1776_1782_A,chi1_deg,600,0.12696588567565176,-0.015448419139307232,0.12790226651356257,1.6918749435988074
Z944,2,ca_dist_1776_1782_A,chi2_deg,600,-0.050110052070799466,-0.13009735683247384,0.13941427320520042,-2.7739327321439657
Z944,2,ca_dist_1776_1782_A,chi3_deg,600,0.020602598159752433,-0.06623174528087604,0.06936217365310202,2.840012616810571
Z944,2,ca_dist_1776_1782_A,chi4_deg,600,0.08045542448560816,-0.015078845403760935,0.08185625759751003,1.7560656687885894
Z944,2,ca_dist_1776_1782_A,chi5_deg,600,-0.07654782378762448,0.14979021003140847,0.16821615959198055,-0.472435442695423
Z944,2,ca_dist_1776_1782_A,chi6_deg,600,-0.07227527597102533,0.013230985606315686,0.07347635331725715,-1.3897373476424486
Z944,2,ca_dist_1776_1782_A,chi7_deg,600,-0.059377915193823155,-0.03911720845180536,0.07110480159473653,-2.1533216863023084
Z944,2,ca_dist_356_1782_A,chi1_deg,600,-0.012622119488452642,0.015573275860794315,0.020046067480111278,-0.6811098710129689
Z944,2,ca_dist_356_1782_A,chi2_deg,600,0.12702529605682283,-0.012525598974268998,0.12764135876739835,1.6690857036667446
Z944,2,ca_dist_356_1782_A,chi3_deg,600,0.028418655864765045,0.05417149911232573,0.06117328924650572,0.48313753900746875
Z944,2,ca_dist_356_1782_A,chi4_deg,600,-0.12721730062736383,0.11288205956258958,0.17007822009300627,-0.8450328229227934
Z944,2,ca_dist_356_1782_A,chi5_deg,600,-0.011927123027664695,0.0004138264295901681,0.011934299980764552,-1.5361139906083632
Z944,2,ca_dist_356_1782_A,chi6_deg,600,0.022526557621317313,-0.03551860778268536,0.04205968731560859,2.5763917627892936
Z944,2,ca_dist_356_1782_A,chi7_deg,600,0.06960770846447004,0.11090403795285392,0.1309386830234775,0.560494830934238
Z944,2,ca_dist_1777_1464_A,chi1_deg,600,-0.02724703174228188,0.018405111204178932,0.03288082811005692,-0.9767097653194312
Z944,2,ca_dist_1777_1464_A,chi2_deg,600,-0.2695421607292501,-0.06754341121194568,0.27787603136783656,-1.8163261616165254
Z944,2,ca_dist_1777_1464_A,chi3_deg,600,-0.0868716810908707,-0.1238839141527579,0.15130734668667556,-2.530038611008026
Z944,2,ca_dist_1777_1464_A,chi4_deg,600,-0.020105804608556214,-0.0002379418593961083,0.020107212519041347,-1.5826302601609954
Z944,2,ca_dist_1777_1464_A,chi5_deg,600,0.07697073605549976,-0.05488586769823591,0.09453545727352074,2.1902433206527574
Z944,2,ca_dist_1777_1464_A,chi6_deg,600,-0.07124873010060437,0.059917496181331784,0.09309397343323936,-0.8715725671108487
Z944,2,ca_dist_1777_1464_A,chi7_deg,600,-0.04913663097460493,-0.044020667789559736,0.06597141575086354,-2.3013321292913274
Z944,2,ca_dist_357_1782_A,chi1_deg,600,-0.10305106641644862,0.04282654116401831,0.11159585528880837,-1.1769266903828954
Z944,2,ca_dist_357_1782_A,chi2_deg,600,0.043349300535004076,0.1122875896873279,0.12036471515632732,0.3684282185600587
Z944,2,ca_dist_357_1782_A,chi3_deg,600,-0.04063090459975453,0.047120286441777015,0.06221890229624329,-0.7115804694363261
Z944,2,ca_dist_357_1782_A,chi4_deg,600,-0.0845300034996131,0.032585933075812,0.0905934022214968,-1.202856050441516
Z944,2,ca_dist_357_1782_A,chi5_deg,600,0.046363953981567514,-0.10367274378492429,0.11356783890124646,2.7210575669179287
Z944,2,ca_dist_357_1782_A,chi6_deg,600,-0.00589279308067369,-0.01518452207306811,0.016287870360459294,-2.771405113879175
Z944,2,ca_dist_357_1782_A,chi7_deg,600,0.06710169438335783,0.07339064561165327,0.09944256760770429,0.7406643672173601
Z944,2,ca_dist_384_876_A,chi1_deg,600,0.11219721917835408,0.043959058022424294,0.12050151357379081,1.1973773920998187
Z944,2,ca_dist_384_876_A,chi2_deg,600,0.13049025165628614,-0.12260456007651496,0.17905190289096806,2.3250475010492875
Z944,2,ca_dist_384_876_A,chi3_deg,600,0.09345240170037622,0.07499001106617621,0.11982008656011608,0.8945689209259168
Z944,2,ca_dist_384_876_A,chi4_deg,600,0.161377240997808,-0.017264441264965118,0.16229810486957646,1.6773728504506402
Z944,2,ca_dist_384_876_A,chi5_deg,600,-0.23372367294541968,0.33454111428588906,0.40809865528171224,-0.60981236598964
Z944,2,ca_dist_384_876_A,chi6_deg,600,-0.037248920225714084,0.0035460798060713526,0.03741733207983486,-1.4758828363134147
Z944,2,ca_dist_384_876_A,chi7_deg,600,-0.1214560763987912,-0.09288414123716364,0.15290206730961609,-2.2236739481733867
Z944,2,ca_dist_384_919_A,chi1_deg,600,0.13116062550608323,0.04783063168499618,0.13960973823674613,1.2211107795591578
Z944,2,ca_dist_384_919_A,chi2_deg,600,0.09925027454244537,-0.141738332850218,0.17303286391870756,2.5307083586817005
Z944,2,ca_dist_384_919_A,chi3_deg,600,0.06775150746016664,0.041769724832045704,0.07959256671115608,1.0183228896683219
Z944,2,ca_dist_384_919_A,chi4_deg,600,0.15238574961633128,-0.0011129245848266016,0.15238981359415962,1.5780995346140645
Z944,2,ca_dist_384_919_A,chi5_deg,600,-0.22893660041130315,0.35095248578792454,0.4190222121661429,-0.5780109694160969
Z944,2,ca_dist_384_919_A,chi6_deg,600,-0.020086701830317272,-0.007106781641328088,0.02130685184905525,-1.9108571412770712
Z944,2,ca_dist_384_919_A,chi7_deg,600,-0.12038511260246813,-0.0990876658753921,0.1559196615726903,-2.259458246812923
Z944,2,ca_dist_356_1781_A,chi1_deg,600,0.060425414019525385,0.0038643459202267853,0.060548854892741186,1.5069309712981551
Z944,2,ca_dist_356_1781_A,chi2_deg,600,0.15364324143710337,-0.10735366055240193,0.18743279881947122,2.180662954174537
Z944,2,ca_dist_356_1781_A,chi3_deg,600,0.07909390145880524,0.02772008549118698,0.08381078920767844,1.2337023443018584
Z944,2,ca_dist_356_1781_A,chi4_deg,600,-0.08899019668609781,0.10528411183949564,0.13785499378717406,-0.7017233308654469
Z944,2,ca_dist_356_1781_A,chi5_deg,600,-0.07811494733993922,0.11636369905282307,0.1401515446050362,-0.5912034173206111
Z944,2,ca_dist_356_1781_A,chi6_deg,600,0.013324000099966926,-0.03870596961710066,0.04093508351846663,2.810061724930231
Z944,2,ca_dist_356_1781_A,chi7_deg,600,0.019030563683387115,0.07203423412859866,0.07450565911795708,0.25828664416903213
Z944,2,ca_dist_357_1460_A,chi1_deg,600,-0.08752065210717816,0.02555475618226484,0.09117516168782325,-1.2867084605495231
Z944,2,ca_dist_357_1460_A,chi2_deg,600,0.13781166092056746,0.09743300993036169,0.1687757248829802,0.9553870077041695
Z944,2,ca_dist_357_1460_A,chi3_deg,600,0.03337021332564962,0.11580872012212118,0.12052066542184024,0.2805495409320813
Z944,2,ca_dist_357_1460_A,chi4_deg,600,0.11520127333108636,-0.07414771020828428,0.13700078943654076,2.142684859998596
Z944,2,ca_dist_357_1460_A,chi5_deg,600,-0.11281299661883294,0.02006413050770723,0.11458333883750779,-1.394783779295967
Z944,2,ca_dist_357_1460_A,chi6_deg,600,0.030859718013145052,-0.025477687277734043,0.040017930292218264,2.2609514281712686
Z944,2,ca_dist_357_1460_A,chi7_deg,600,0.009638712711066089,0.015594348179128152,0.01833271605241145,0.5536149828915203
Z944,2,ca_dist_384_948_A,chi1_deg,600,0.13789999164014197,0.036902016715613314,0.1427521156832032,1.309322910830117
Z944,2,ca_dist_384_948_A,chi2_deg,600,0.059330562015444455,-0.13276981389202086,0.14542330992653948,2.7213464720529386
Z944,2,ca_dist_384_948_A,chi3_deg,600,0.04871149767409466,0.00951702699770024,0.049632487430394674,1.3778514531261967
Z944,2,ca_dist_384_948_A,chi4_deg,600,0.08628379567945768,0.0183487159945779,0.08821320068733522,1.3612622425383134
Z944,2,ca_dist_384_948_A,chi5_deg,600,-0.1762893272308045,0.28714291733133757,0.33694062068714875,-0.5506085306274077
Z944,2,ca_dist_384_948_A,chi6_deg,600,-0.058094206902695074,-0.012382917893118755,0.059399272143696044,-1.7808058212106732
Z944,2,ca_dist_384_948_A,chi7_deg,600,-0.07576175105933557,-0.07332189421048757,0.1054321729558424,-2.3398302602166337
Z944,2,ca_dist_387_955_A,chi1_deg,600,0.020104730381025428,0.047268143097742604,0.05136611271648263,0.4021531920441179
Z944,2,ca_dist_387_955_A,chi2_deg,600,0.2673587333939054,0.14730241099221203,0.3052518511100497,1.0672208373268457
Z944,2,ca_dist_387_955_A,chi3_deg,600,0.17918542936060905,0.2875422208428026,0.3388036995995718,0.5572766255859718
Z944,2,ca_dist_387_955_A,chi4_deg,600,0.11323266006494564,-0.05785995851434034,0.12715899537454958,2.0431916402970467
Z944,2,ca_dist_387_955_A,chi5_deg,600,-0.11448987204204922,0.09210556408927423,0.1469400072696616,-0.8933256541238538
Z944,2,ca_dist_387_955_A,chi6_deg,600,-0.02621191626466235,-0.07537100294272686,0.07979882604937376,-2.8069041633713505
Z944,2,ca_dist_387_955_A,chi7_deg,600,-0.014489425695556266,-0.03623207270855597,0.03902187270935535,-2.7611672558381763
Z944,2,ca_dist_1781_1816_A,chi1_deg,600,0.12340982004013881,-0.0547884306202191,0.13502501920816753,1.9886120330141213
Z944,2,ca_dist_1781_1816_A,chi2_deg,600,0.07902362317654515,-0.11115705438725286,0.13638410376579557,2.523576261942117
Z944,2,ca_dist_1781_1816_A,chi3_deg,600,0.029299873994906786,-0.06807310596570894,0.07411093287724864,2.7351420763037715
Z944,2,ca_dist_1781_1816_A,chi4_deg,600,-0.10340793336234987,0.09914058171973747,0.14325521151427661,-0.8064633409011244
Z944,2,ca_dist_1781_1816_A,chi5_deg,600,0.019887574229196677,0.10760526757583683,0.10942764375965175,0.1827574357793614
Z944,2,ca_dist_1781_1816_A,chi6_deg,600,0.04791024184642992,0.010429218512743414,0.04903223299595842,1.356457658955624
Z944,2,ca_dist_1781_1816_A,chi7_deg,600,-0.04138629080876432,-0.0049954412503709425,0.04168668252803907,-1.690918020073313
Z944,2,ca_dist_353_1461_A,chi1_deg,600,-0.08478721309085799,0.037565699057559944,0.09273647205602399,-1.1537298918011527
Z944,2,ca_dist_353_1461_A,chi2_deg,600,-0.07985558520767394,-0.05806577563873462,0.0987347395266121,-2.1995024008049597
Z944,2,ca_dist_353_1461_A,chi3_deg,600,-0.03914062256473942,-0.045545740241926466,0.06005333287121064,-2.431684166582911
Z944,2,ca_dist_353_1461_A,chi4_deg,600,0.018491304994457884,-0.006096496993276329,0.019470378424342204,1.889269116995982
Z944,2,ca_dist_353_1461_A,chi5_deg,600,-0.019768189635977255,-0.0628561615026668,0.06589141340366961,-2.8368878191708893
Z944,2,ca_dist_353_1461_A,chi6_deg,600,-0.013766173895716683,0.02760307366595003,0.030845375983037968,-0.46262218534580124
Z944,2,ca_dist_353_1461_A,chi7_deg,600,0.058740021240790544,0.04975564320966676,0.0769806087698466,0.8680182943958324
Z944,2,ca_dist_351_357_A,chi1_deg,600,-0.012513409164683298,-0.06472419175664867,0.06592273058266176,-2.9506145164316586
Z944,2,ca_dist_351_357_A,chi2_deg,600,0.16971588068353416,0.10740233200705702,0.2008450673448111,1.0065819148728188
Z944,2,ca_dist_351_357_A,chi3_deg,600,0.048527610016843095,0.09819129713703396,0.10952835143194709,0.4590088927086826
Z944,2,ca_dist_351_357_A,chi4_deg,600,0.13182529058207537,-0.08685921998094406,0.1578683987780539,2.1534002619018513
Z944,2,ca_dist_351_357_A,chi5_deg,600,-0.09024372252463823,0.06122413780621393,0.10905193489901117,-0.9746933539054342
Z944,2,ca_dist_351_357_A,chi6_deg,600,0.03231200204994859,0.02049760537163431,0.03826509247927063,1.0054909077365577
Z944,2,ca_dist_351_357_A,chi7_deg,600,-0.09548431301708406,-0.06902557519158238,0.11782098311792039,-2.196726421257005
Z944,2,ca_dist_354_1460_A,chi1_deg,600,-0.07181445670427945,0.024080930464793565,0.07574435559024217,-1.2472575019285106
Z944,2,ca_dist_354_1460_A,chi2_deg,600,0.1166563198016209,0.047794007329844956,0.126067299829509,1.181956587911259
Z944,2,ca_dist_354_1460_A,chi3_deg,600,0.02340302531140201,0.11379514181749426,0.11617674420894121,0.2028311922245943
Z944,2,ca_dist_354_1460_A,chi4_deg,600,0.06693545526312839,-0.008759386059702706,0.0675061627958898,1.7009200647607134
Z944,2,ca_dist_354_1460_A,chi5_deg,600,-0.13091378248312224,0.0252803737083327,0.13333235068381266,-1.3800373080033448
Z944,2,ca_dist_354_1460_A,chi6_deg,600,0.046158110875680065,-0.024811500923409044,0.05240402444167721,2.0640174706420384
Z944,2,ca_dist_354_1460_A,chi7_deg,600,0.044040126025630975,0.042340133219075954,0.06109189456353893,0.8050759624039548
Z944,2,ca_dist_384_1465_A,chi1_deg,600,0.1157614394581499,0.08912946029623439,0.1460984995067401,0.9146547477199178
Z944,2,ca_dist_384_1465_A,chi2_deg,600,0.0035099814638182986,-0.11356092834749862,0.11361515927472911,3.1106941356828277
Z944,2,ca_dist_384_1465_A,chi3_deg,600,0.06149787367062056,-0.001590371304940108,0.06151843420386431,1.5966511543082977
Z944,2,ca_dist_384_1465_A,chi4_deg,600,0.0534551727333474,0.052013778616059644,0.07458477497366651,0.7990638381825451
Z944,2,ca_dist_384_1465_A,chi5_deg,600,-0.10464348197115594,0.24041109254620535,0.26219792474065795,-0.4105362828665268
Z944,2,ca_dist_384_1465_A,chi6_deg,600,-0.06466588085577095,0.0035417706107270363,0.06476280017040471,-1.5160806806915212
Z944,2,ca_dist_384_1465_A,chi7_deg,600,-0.12914250429912577,-0.08037827937236122,0.15211329399993634,-2.127523708659841
Z944,2,ca_dist_1778_1464_A,chi1_deg,600,-0.02442347376440747,0.0022418069450228367,0.024526144603248437,-1.4792637834301858
Z944,2,ca_dist_1778_1464_A,chi2_deg,600,-0.28904955798846366,-0.040823914069710664,0.2919182058955853,-1.7111033207787776
Z944,2,ca_dist_1778_1464_A,chi3_deg,600,-0.11377723494558112,-0.1369716519956545,0.17806317037018252,-2.4484325920290537
Z944,2,ca_dist_1778_1464_A,chi4_deg,600,-0.03049258754415561,-0.004765946038847599,0.03086279534946893,-1.7258404235367388
Z944,2,ca_dist_1778_1464_A,chi5_deg,600,0.10901732181045032,-0.09948553254111314,0.14758776249985012,2.3105109072950745
Z944,2,ca_dist_1778_1464_A,chi6_deg,600,-0.08884920341561603,0.06522440082171763,0.110219795908637,-0.9375476520504719
Z944,2,ca_dist_1778_1464_A,chi7_deg,600,-0.026927195089190264,-0.04029549920124397,0.048464431197000196,-2.5524993677644336
Z944,2,ca_dist_926_1463_A,chi1_deg,600,-0.06448420702104318,-0.08849258576925746,0.10949498021033723,-2.5118659985260767
Z944,2,ca_dist_926_1463_A,chi2_deg,600,0.11888473680799005,0.017902070555772517,0.12022505885250763,1.421335843691365
Z944,2,ca_dist_926_1463_A,chi3_deg,600,0.03437715008007362,0.07828874439424108,0.08550389433502266,0.41375862567418675
Z944,2,ca_dist_926_1463_A,chi4_deg,600,0.030136006015989092,0.005833630029092651,0.030695440995562553,1.3795845309259165
Z944,2,ca_dist_926_1463_A,chi5_deg,600,-0.058914208349149205,0.09325751591183386,0.11030796988183994,-0.563429122774136
Z944,2,ca_dist_926_1463_A,chi6_deg,600,-0.01636746996239941,0.015021192250325503,0.022215541622730827,-0.8282624650008908
Z944,2,ca_dist_926_1463_A,chi7_deg,600,-0.040713958593101514,-0.06272813838131419,0.07478265687381057,-2.5658826407003312
Z944,2,ca_dist_1781_1820_A,chi1_deg,600,0.11798838067346948,-0.028950787731405584,0.12148829607915508,1.8114124483356344
Z944,2,ca_dist_1781_1820_A,chi2_deg,600,0.1003437012950713,-0.10801465247761055,0.14743141978375393,2.3929940139505064
Z944,2,ca_dist_1781_1820_A,chi3_deg,600,0.069575126703389,-0.035699102277717505,0.07819925932659189,2.044870121153935
Z944,2,ca_dist_1781_1820_A,chi4_deg,600,-0.09125957066647326,0.08832629572053463,0.12700332182246402,-0.8017302623289698
Z944,2,ca_dist_1781_1820_A,chi5_deg,600,0.007888721456551829,0.11162227055112102,0.11190068457881176,0.07055605159626697
Z944,2,ca_dist_1781_1820_A,chi6_deg,600,0.06768558675744142,0.004523644990851354,0.0678365831885892,1.504062359068156
Z944,2,ca_dist_1781_1820_A,chi7_deg,600,-0.059642372286713076,-0.01615430815627745,0.061791376776981204,-1.8353029178340938
Z944,2,ca_dist_925_1463_A,chi1_deg,600,-0.061143189472258185,-0.03675707817229592,0.07134123922812623,-2.1120711956283262
Z944,2,ca_dist_925_1463_A,chi2_deg,600,-0.09038645672733073,0.09068614894986857,0.1280378427304966,-0.783743070691598
Z944,2,ca_dist_925_1463_A,chi3_deg,600,-0.08285255494492663,-0.02209966127952982,0.08574929089836274,-1.8314623455270866
Z944,2,ca_dist_925_1463_A,chi4_deg,600,-0.01229726996022468,-0.021104140888892897,0.02442555242226643,-2.6139948692092116
Z944,2,ca_dist_925_1463_A,chi5_deg,600,0.10719146780538721,-0.11903075962975129,0.16018218536500553,2.408481573961324
Z944,2,ca_dist_925_1463_A,chi6_deg,600,0.016198649839072037,-0.015077733985679086,0.02212994167980952,2.320370773686088
Z944,2,ca_dist_925_1463_A,chi7_deg,600,0.012096711684878747,-0.031886483503121066,0.03410393325969739,2.77899800817054
Z944,2,ca_dist_384_920_A,chi1_deg,600,0.11893581926423533,0.058824458854126835,0.13268777661689757,1.1114861307128985
Z944,2,ca_dist_384_920_A,chi2_deg,600,0.1244921840794398,-0.1201959567087515,0.1730473111781896,2.33863832275901
Z944,2,ca_dist_384_920_A,chi3_deg,600,0.08927031556979521,0.08071983558680079,0.12035315159600506,0.8356556620357874
Z944,2,ca_dist_384_920_A,chi4_deg,600,0.1791995361295586,-0.02116849691034278,0.1804455014969677,1.688379497915699
Z944,2,ca_dist_384_920_A,chi5_deg,600,-0.24119906152893578,0.35435241236141446,0.42865209602752824,-0.5976385330742344
Z944,2,ca_dist_384_920_A,chi6_deg,600,-0.03457053040702643,-0.01618583419242098,0.03817201594267302,-2.0086797793517412
Z944,2,ca_dist_384_920_A,chi7_deg,600,-0.12510253760836332,-0.09375792281602895,0.1563367935158848,-2.2139444520575626
Z944,2,ca_dist_926_1466_A,chi1_deg,600,-0.031182944629218785,-0.0441932224481716,0.05408712366268429,-2.5271150542791654
Z944,2,ca_dist_926_1466_A,chi2_deg,600,-0.0009733491548503254,0.014954753608993461,0.014986395967107996,-0.06499459783249222
Z944,2,ca_dist_926_1466_A,chi3_deg,600,-0.026014873639445303,-0.0033806753430184085,0.026233616148964266,-1.700023768549326
Z944,2,ca_dist_926_1466_A,chi4_deg,600,-0.10711649640184971,0.11499270093772034,0.1571536352438577,-0.7499520597222148
Z944,2,ca_dist_926_1466_A,chi5_deg,600,0.038721054546582215,0.015222884540177797,0.04160596446331919,1.1962157014270058
Z944,2,ca_dist_926_1466_A,chi6_deg,600,-0.02286759129664751,0.09491806597498856,0.09763383624616412,-0.23641400438981916
Z944,2,ca_dist_926_1466_A,chi7_deg,600,-0.020988123349531533,-0.010492278394272275,0.02346463781178102,-2.0343759605481586
Z944,2,ca_dist_918_1462_A,chi1_deg,600,0.0015824085330989508,-0.04283556708832447,0.04286478536682496,3.104667980783817
Z944,2,ca_dist_918_1462_A,chi2_deg,600,0.1027498081023667,-0.15371031266460886,0.18489019250497035,2.552346784869882
Z944,2,ca_dist_918_1462_A,chi3_deg,600,0.025995404378879296,0.056572197006734645,0.06225893127086469,0.4307329883620522
Z944,2,ca_dist_918_1462_A,chi4_deg,600,0.09647313082080575,-0.031234738541822918,0.10140351996920194,1.8839118875718524
Z944,2,ca_dist_918_1462_A,chi5_deg,600,-0.23979469170645015,0.26752011459213104,0.35926105533717173,-0.7308011581832735
Z944,2,ca_dist_918_1462_A,chi6_deg,600,0.03167447250820727,0.04970779814127203,0.058941813721047176,0.5673337799960759
Z944,2,ca_dist_918_1462_A,chi7_deg,600,-0.13870771225889478,-0.07865482803279436,0.15945661294836536,-2.086638827500116
Z944,2,ca_dist_1778_1782_A,chi1_deg,600,0.017595104267703658,0.057267100752070074,0.05990916893714274,0.2980914376933401
Z944,2,ca_dist_1778_1782_A,chi2_deg,600,-0.05859307554918026,-0.09260843107187207,0.10958772745114129,-2.577477561363607
Z944,2,ca_dist_1778_1782_A,chi3_deg,600,0.025831947413059775,-0.02179668303107627,0.03379918487638857,2.2716728363808456
Z944,2,ca_dist_1778_1782_A,chi4_deg,600,0.11687480982078949,-0.01433309899266084,0.11775040932998546,1.6928233529696028
Z944,2,ca_dist_1778_1782_A,chi5_deg,600,-0.09211380604620953,0.10373095710457435,0.1387265826226169,-0.7261494297297167
Z944,2,ca_dist_1778_1782_A,chi6_deg,600,-0.041267628355652765,0.09703248534892439,0.10544344627851228,-0.4021222121867366
Z944,2,ca_dist_1778_1782_A,chi7_deg,600,-0.09025990979461729,-0.05566997529821952,0.1060471473724627,-2.1234585132899517
Z944,2,ca_dist_354_926_A,chi1_deg,600,-0.002993972267981662,-0.020158114874842897,0.020379241037114353,-2.9941461299835965
Z944,2,ca_dist_354_926_A,chi2_deg,600,0.14971053928058253,-0.01770000031972174,0.15075322743809166,1.688478192327155
Z944,2,ca_dist_354_926_A,chi3_deg,600,0.09364918216726809,0.0773083586351421,0.12143620397335347,0.8806927580996733
Z944,2,ca_dist_354_926_A,chi4_deg,600,0.0631253360673777,-0.019400070510388293,0.06603916102910011,1.8689607919971691
Z944,2,ca_dist_354_926_A,chi5_deg,600,-0.07853277265305478,0.15598401462815856,0.17463793745945916,-0.46641720104086654
Z944,2,ca_dist_354_926_A,chi6_deg,600,-0.002842532761225371,0.00810626208281318,0.008590196589944504,-0.3372616718700942
Z944,2,ca_dist_354_926_A,chi7_deg,600,-0.10343347920462635,-0.09518194353904495,0.1405634625222494,-2.3146730763586443
Z944,2,ca_dist_357_1461_A,chi1_deg,600,-0.08249328752499636,0.011841703995525261,0.08333887712346118,-1.4282228018752932
Z944,2,ca_dist_357_1461_A,chi2_deg,600,0.1277913920200357,0.07677804438605028,0.14908221883968842,1.0297831867027074
Z944,2,ca_dist_357_1461_A,chi3_deg,600,0.021947922017949845,0.08861434703137254,0.09129191519900615,0.2427930997792117
Z944,2,ca_dist_357_1461_A,chi4_deg,600,0.11674356698701446,-0.0818201260334458,0.142560841246748,2.1820948143084378
Z944,2,ca_dist_357_1461_A,chi5_deg,600,-0.10745166599410624,0.013324410376036017,0.10827465278992117,-1.4474223675195868
Z944,2,ca_dist_357_1461_A,chi6_deg,600,0.03350172289884303,-0.02608890436907977,0.042461704727552486,2.2324345307244293
Z944,2,ca_dist_357_1461_A,chi7_deg,600,0.015663719806960005,0.020308720457142958,0.02564753876685496,0.65698209217505
Z944,2,ca_dist_384_916_A,chi1_deg,600,0.12234313588006829,0.06676635253427264,0.1393757106805186,1.0712371289290403
Z944,2,ca_dist_384_916_A,chi2_deg,600,0.0969422824372056,-0.14005865495528982,0.1703356479191008,2.5361512940339286
Z944,2,ca_dist_384_916_A,chi3_deg,600,0.07477924409453388,0.0421544603492557,0.08584249457399785,1.057481549433957
Z944,2,ca_dist_384_916_A,chi4_deg,600,0.13819850850501503,0.003362715410572448,0.13823941408998816,1.5464686258117748
Z944,2,ca_dist_384_916_A,chi5_deg,600,-0.22467076520986612,0.34879207602496387,0.414888979171285,-0.5722443462747354
Z944,2,ca_dist_384_916_A,chi6_deg,600,-0.040246377861600895,-0.0041968902930639915,0.04046461193574916,-1.6747007338084214
Z944,2,ca_dist_384_916_A,chi7_deg,600,-0.13167231468183663,-0.10456745589332998,0.16814265159582836,-2.241959477366074
Z944,2,ca_dist_1777_1465_A,chi1_deg,600,-0.042503489492173196,0.06442548446941047,0.07718283272936753,-0.5831856078583778
Z944,2,ca_dist_1777_1465_A,chi2_deg,600,-0.2553653565929686,-0.025547022275805718,0.2566400508397209,-1.6705056376844438
Z944,2,ca_dist_1777_1465_A,chi3_deg,600,-0.06384872565088284,-0.07053053415985575,0.09513787897633771,-2.40587708191597
Z944,2,ca_dist_1777_1465_A,chi4_deg,600,0.01795853303687552,-0.02635998762862708,0.031896047664529255,2.5435412256012784
Z944,2,ca_dist_1777_1465_A,chi5_deg,600,0.0475885360412482,-0.05516706985839195,0.07285653271539812,2.429814194619075
Z944,2,ca_dist_1777_1465_A,chi6_deg,600,-0.06728753968916137,0.04100179614373149,0.07879568696592841,-1.0235287259511252
Z944,2,ca_dist_1777_1465_A,chi7_deg,600,-0.05411894448347594,-0.04592661038624786,0.07097967098807771,-2.2744907435814685
Z944,2,ca_dist_925_1465_A,chi1_deg,600,-0.046877061101338165,0.0006802857475201093,0.04688199703720897,-1.5562852209125306
Z944,2,ca_dist_925_1465_A,chi2_deg,600,-0.12748266307774198,0.10616649011501715,0.16590103377837978,-0.8763778511638005
Z944,2,ca_dist_925_1465_A,chi3_deg,600,-0.08421470894345645,-0.045211363265309515,0.09558339066353977,-2.063493966090813
Z944,2,ca_dist_925_1465_A,chi4_deg,600,-0.10853393357204372,0.06439579020543137,0.1261999704152213,-1.0353000931761442
Z944,2,ca_dist_925_1465_A,chi5_deg,600,0.16399278979249615,-0.136092701674809,0.2131076219966672,2.26348720290864
Z944,2,ca_dist_925_1465_A,chi6_deg,600,-0.01711991755283045,0.05041600554217786,0.053243452103001555,-0.32735576204638067
Z944,2,ca_dist_925_1465_A,chi7_deg,600,0.03055225417691984,0.021303040404128816,0.03724593623136705,0.9619077881263085
Z944,2,ca_dist_384_875_A,chi1_deg,600,0.11857365348743402,0.04496444937800845,0.12681290553104427,1.2083388261582477
Z944,2,ca_dist_384_875_A,chi2_deg,600,0.12882963465016106,-0.06911908633320361,0.1462002833773958,2.0632277868505935
Z944,2,ca_dist_384_875_A,chi3_deg,600,0.09255863181664653,0.0970329258133518,0.13409880318507306,0.7618028952996351
Z944,2,ca_dist_384_875_A,chi4_deg,600,0.1371043183136723,-0.024635168607511696,0.13929998432367935,1.748581160575604
Z944,2,ca_dist_384_875_A,chi5_deg,600,-0.19747495541062904,0.2918727622753767,0.3524004361130793,-0.5948335683852447
Z944,2,ca_dist_384_875_A,chi6_deg,600,-0.045654385132172515,-0.005483206059376199,0.04598247960350023,-1.6903263023495423
Z944,2,ca_dist_384_875_A,chi7_deg,600,-0.12641869813858012,-0.11442389811446875,0.17051250892167344,-2.306432123835712
Z944,2,ca_dist_384_921_A,chi1_deg,600,0.12347371044933889,0.06147804412903964,0.13793225540844073,1.1088269894155194
Z944,2,ca_dist_384_921_A,chi2_deg,600,0.10933525462518014,-0.07987975854953444,0.13540669750749,2.2017619375613795
Z944,2,ca_dist_384_921_A,chi3_deg,600,0.0795740431420144,0.07811042061229004,0.11150455663422923,0.7946798672778635
Z944,2,ca_dist_384_921_A,chi4_deg,600,0.1742081732217698,-0.018116682748120568,0.17514765716692357,1.6744182938377987
Z944,2,ca_dist_384_921_A,chi5_deg,600,-0.209210053300466,0.32131080899394804,0.3834181560363687,-0.5771581409081876
Z944,2,ca_dist_384_921_A,chi6_deg,600,-0.030191592556545348,-0.012443186858173205,0.032655247055991765,-1.9617248923883575
Z944,2,ca_dist_384_921_A,chi7_deg,600,-0.12385709202487573,-0.09410915148273666,0.15555420803584585,-2.220552954675951
Z944,2,ca_dist_1816_1463_A,chi1_deg,600,0.037618572105956816,-0.016576856738079467,0.04110899106772,1.9858528272063987
Z944,2,ca_dist_1816_1463_A,chi2_deg,600,-0.23912954452366914,-0.048023730568035924,0.24390411591805655,-1.7689871996717281
Z944,2,ca_dist_1816_1463_A,chi3_deg,600,-0.13045599981059358,-0.19423231475592004,0.23397640902882577,-2.550148457254577
Z944,2,ca_dist_1816_1463_A,chi4_deg,600,-0.1748349699142508,0.10915389160663325,0.20611122909193866,-1.012682350248393
Z944,2,ca_dist_1816_1463_A,chi5_deg,600,0.20533437355837664,-0.11272776182608062,0.23424293639494986,2.072868430812735
Z944,2,ca_dist_1816_1463_A,chi6_deg,600,-0.052111365703676804,0.07171872332984522,0.08865195830643127,-0.6283610855346642
Z944,2,ca_dist_1816_1463_A,chi7_deg,600,-0.00034146141131985615,-0.003775237500201544,0.003790648239859319,-3.0513904305443345
Z944,2,ca_dist_355_387_A,chi1_deg,600,-0.07125336661695861,-0.04991883495024787,0.08699961113154932,-2.1819128718182688
Z944,2,ca_dist_355_387_A,chi2_deg,600,-0.09086408571187561,-0.02103954323693151,0.09326813202736392,-1.798335966011999
Z944,2,ca_dist_355_387_A,chi3_deg,600,-0.12224508253224772,-0.1482347055096927,0.19213898126320275,-2.451987518796881
Z944,2,ca_dist_355_387_A,chi4_deg,600,0.048028467514101524,-0.029690776016837856,0.05646481977510545,2.1244844375784377
Z944,2,ca_dist_355_387_A,chi5_deg,600,-0.01248990704324178,0.007482533184789669,0.014559741783778285,-1.0310488774403
Z944,2,ca_dist_355_387_A,chi6_deg,600,0.060361064298770084,0.02932426863038255,0.06710715918579101,1.1185615388638568
Z944,2,ca_dist_355_387_A,chi7_deg,600,-0.0883272321469521,-0.06437491209399687,0.10929697729512648,-2.200605781855393
Z944,2,ca_dist_356_925_A,chi1_deg,600,-0.03707094571697834,-0.04308497155457608,0.05683810157112731,-2.431083268927977
Z944,2,ca_dist_356_925_A,chi2_deg,600,-0.08331356859534207,0.13358877310831124,0.15743922958613152,-0.5576329532853349
Z944,2,ca_dist_356_925_A,chi3_deg,600,-0.08852814260150846,0.008737122279725474,0.08895824491413874,-1.4724217404734632
Z944,2,ca_dist_356_925_A,chi4_deg,600,-0.03846531570019264,-0.0005570508820377934,0.03846934906650573,-1.585277215206083
Z944,2,ca_dist_356_925_A,chi5_deg,600,0.12737835592686358,-0.18387742637322815,0.2236876247991218,2.535759088642295
Z944,2,ca_dist_356_925_A,chi6_deg,600,0.003704513427548046,0.017580047114412328,0.01796612023448137,0.20768418327087484
Z944,2,ca_dist_356_925_A,chi7_deg,600,0.06454618777355185,-0.0026705651801904456,0.06460141077778613,1.6121472255606424
Z944,2,ca_dist_354_1461_A,chi1_deg,600,-0.052256432680388695,0.0010927652692154129,0.05226785716301749,-1.5498877808395124
Z944,2,ca_dist_354_1461_A,chi2_deg,600,0.020486283396384225,-0.009722702846253787,0.022676392085901134,2.013914772376591
Z944,2,ca_dist_354_1461_A,chi3_deg,600,-0.036256365639698016,0.015479993439059097,0.03942276304716334,-1.167267283759443
Z944,2,ca_dist_354_1461_A,chi4_deg,600,0.031426056966004576,-0.002848509398894347,0.031554889672222815,1.6611909507081215
Z944,2,ca_dist_354_1461_A,chi5_deg,600,-0.07449296966844683,-0.02074580092227666,0.07732781379252147,-1.842407420857864
Z944,2,ca_dist_354_1461_A,chi6_deg,600,0.026084492281546547,-0.010365779745280461,0.02806866807160126,1.9490527785608318
Z944,2,ca_dist_354_1461_A,chi7_deg,600,0.07735317213966544,0.06800953009029237,0.10299907486560789,0.849587982436028
Z944,2,ca_dist_384_926_A,chi1_deg,600,0.10738696779347037,0.060595203152023054,0.12330344478931149,1.0570636044716577
Z944,2,ca_dist_384_926_A,chi2_deg,600,0.09003462650800723,-0.13901228627071976,0.16562200851532052,2.5668544067863452
Z944,2,ca_dist_384_926_A,chi3_deg,600,0.06027575572233994,-0.005868509590330723,0.060560763970668334,1.6678514596159284
Z944,2,ca_dist_384_926_A,chi4_deg,600,0.13253907014124316,0.009455848483669838,0.13287595036142355,1.4995731467983078
Z944,2,ca_dist_384_926_A,chi5_deg,600,-0.19541724383542597,0.32143723551922176,0.37617787756123294,-0.5462434026195744
Z944,2,ca_dist_384_926_A,chi6_deg,600,-0.017762276945386006,-0.011574561682913277,0.021200683018151926,-2.148321668096176
Z944,2,ca_dist_384_926_A,chi7_deg,600,-0.11991028204008172,-0.08876904780543118,0.1491925587528241,-2.208057600112707
Z944,2,ca_dist_354_1780_A,chi1_deg,600,0.08426837874981555,-0.03747839693911947,0.0922268393378444,1.9892761336831815
Z944,2,ca_dist_354_1780_A,chi2_deg,600,0.021831012746005282,0.050668193257095664,0.055171178394653124,0.406825545672484
Z944,2,ca_dist_354_1780_A,chi3_deg,600,0.016224249337799704,-0.03949016846605297,0.04269308693515074,2.7517741668215416
Z944,2,ca_dist_354_1780_A,chi4_deg,600,-0.17257948656115035,0.07880799929010046,0.1897218488572646,-1.142428068366611
Z944,2,ca_dist_354_1780_A,chi5_deg,600,0.182844464987934,-0.17117162486671572,0.25046321793076814,2.323233805639439
Z944,2,ca_dist_354_1780_A,chi6_deg,600,-0.04536568044483397,0.01469359888139528,0.04768591836496526,-1.2575665446620057
Z944,2,ca_dist_354_1780_A,chi7_deg,600,0.11857386880336115,0.06355312220712658,0.13453163830590434,1.0787813669089952
Z944,2,ca_dist_355_924_A,chi1_deg,600,-0.007318527121605668,0.060962627545648754,0.061400348504704515,-0.11947762871382958
Z944,2,ca_dist_355_924_A,chi2_deg,600,-0.12889250529993165,0.11815631555503078,0.17485477639467822,-0.828828602157117
Z944,2,ca_dist_355_924_A,chi3_deg,600,-0.11979687709049464,-0.03198771769508257,0.12399397503094808,-1.8317251021089473
Z944,2,ca_dist_355_924_A,chi4_deg,600,-0.061021546681553455,0.011995111714228656,0.062189322752751,-1.3766993318518361
Z944,2,ca_dist_355_924_A,chi5_deg,600,0.13576133635585727,-0.19224557773256012,0.2353497452874212,2.5267263685989176
Z944,2,ca_dist_355_924_A,chi6_deg,600,0.024554572008321007,-0.01821797589049591,0.03057485326307408,2.2091179111171035
Z944,2,ca_dist_355_924_A,chi7_deg,600,0.08623430764278785,0.056160712044140325,0.10290957871809517,0.9935378315243403
Z944,2,ca_dist_1776_1781_A,chi1_deg,600,0.10664175144351475,-0.027727708757103696,0.11018751736861641,1.8251718809531352
Z944,2,ca_dist_1776_1781_A,chi2_deg,600,-0.040617403983237176,-0.07431217095231621,0.084688088052475,-2.6413804293935463
Z944,2,ca_dist_1776_1781_A,chi3_deg,600,0.013100777676764635,-0.0530099641913053,0.054604822857504856,2.899309425767525
Z944,2,ca_dist_1776_1781_A,chi4_deg,600,0.02921697379042831,-0.01363502760069574,0.03224198404475614,2.0074358483845467
Z944,2,ca_dist_1776_1781_A,chi5_deg,600,-0.009477871083088008,0.06824101498973281,0.06889605334920552,-0.13800533838901305
Z944,2,ca_dist_1776_1781_A,chi6_deg,600,-0.04232034445541184,-0.004364081793943712,0.042544761895313726,-1.673553308507816
Z944,2,ca_dist_1776_1781_A,chi7_deg,600,0.01592525522459034,0.004875630452836899,0.0166548949645734,1.273700404191158
Z944,2,ca_dist_384_960_A,chi1_deg,600,0.08395522381462811,0.0747445444451251,0.11240652352098422,0.8433715202743564
Z944,2,ca_dist_384_960_A,chi2_deg,600,0.16604879091739136,0.10305456848333498,0.19542887465882294,1.0153469292934516
Z944,2,ca_dist_384_960_A,chi3_deg,600,0.11925841436462493,0.23202402663639038,0.2608787425861467,0.47477817984242243
Z944,2,ca_dist_384_960_A,chi4_deg,600,0.15667192286285148,-0.07404490843941632,0.17328802578177416,2.012293828681048
Z944,2,ca_dist_384_960_A,chi5_deg,600,-0.12059026349230567,0.10485824616367652,0.15980382798189124,-0.8550662069618732
Z944,2,ca_dist_384_960_A,chi6_deg,600,-0.04091174871888954,-0.046056050488185604,0.061603011044979464,-2.4152774441237477
Z944,2,ca_dist_384_960_A,chi7_deg,600,-0.040699439966792775,-0.03484144510353436,0.05357584073547673,-2.2788020355165837
Z944,2,ca_dist_925_1459_A,chi1_deg,600,-0.08152908751142907,0.04156450153713352,0.09151284007436679,-1.0993300195561126
Z944,2,ca_dist_925_1459_A,chi2_deg,600,0.128251914268677,0.10862882474500049,0.16807371918018624,0.8680489793257515
Z944,2,ca_dist_925_1459_A,chi3_deg,600,0.011207309550168527,0.12553713610247155,0.1260364087403468,0.08903880865040112
Z944,2,ca_dist_925_1459_A,chi4_deg,600,0.07855348559605627,-0.002742372549472287,0.07860134036064473,1.605693050154125
Z944,2,ca_dist_925_1459_A,chi5_deg,600,-0.08541482002645233,0.0340826870932239,0.09196369413875159,-1.1911303602523287
Z944,2,ca_dist_925_1459_A,chi6_deg,600,0.06536078333031234,0.026997424025166854,0.07071699160418726,1.1790888233496437
Z944,2,ca_dist_925_1459_A,chi7_deg,600,-0.009054717188961121,0.0014346472911472528,0.009167666890876006,-1.4136605661176056
Z944,2,ca_dist_956_1464_A,chi1_deg,600,-0.016873501847433567,-0.022804481404011128,0.028368282230357787,-2.504573736800982
Z944,2,ca_dist_956_1464_A,chi2_deg,600,-0.1293906059604422,0.05034751936768894,0.1388409219837229,-1.1997107012402215
Z944,2,ca_dist_956_1464_A,chi3_deg,600,-0.036558336939669145,-0.04483594774479532,0.0578513112208219,-2.4575437406946556
Z944,2,ca_dist_956_1464_A,chi4_deg,600,-0.07676978468735539,0.009691030317113648,0.07737904050548909,-1.4452255619228982
Z944,2,ca_dist_956_1464_A,chi5_deg,600,0.16608873005038943,-0.14364177617727303,0.21958694431389342,2.283848442038423
Z944,2,ca_dist_956_1464_A,chi6_deg,600,-0.0689710846011865,0.062468395818566405,0.09305541890298012,-0.8348307333348576
Z944,2,ca_dist_956_1464_A,chi7_deg,600,0.017324201139543208,0.0029775042261524047,0.017578210276933928,1.4005896069880315
Z944,2,ca_dist_384_918_A,chi1_deg,600,0.12359913811337064,0.051768675824752614,0.13400277138558142,1.1741519611655007
Z944,2,ca_dist_384_918_A,chi2_deg,600,0.13064953602749135,-0.13019502357504756,0.1844452369347226,2.3544520271977447
Z944,2,ca_dist_384_918_A,chi3_deg,600,0.08208421154487268,0.06609068396380993,0.10538404192166674,0.8929187255135865
Z944,2,ca_dist_384_918_A,chi4_deg,600,0.16679387122854167,-0.0003136873135513741,0.1667941662023406,1.5726770130659535
Z944,2,ca_dist_384_918_A,chi5_deg,600,-0.25094358103362674,0.3656037166620766,0.4434396898103556,-0.6015273512507459
Z944,2,ca_dist_384_918_A,chi6_deg,600,-0.001671658960147524,-0.019606781381662046,0.019677914519260698,-3.056539120444142
Z944,2,ca_dist_384_918_A,chi7_deg,600,-0.1372159229193749,-0.1081475266534524,0.17471146792318765,-2.238273359632579
Z944,2,ca_dist_926_1460_A,chi1_deg,600,-0.08086628865980525,0.024785734194814446,0.08457948487184667,-1.273384499273529
Z944,2,ca_dist_926_1460_A,chi2_deg,600,0.24384954435652725,0.05702946016919844,0.25042955019341495,1.3410540693264945
Z944,2,ca_dist_926_1460_A,chi3_deg,600,0.09979662658417318,0.20710400262943296,0.2298943987632432,0.4490364274925142
Z944,2,ca_dist_926_1460_A,chi4_deg,600,0.11164485782903481,-0.023480240979702208,0.11408722976797307,1.778087218187884
Z944,2,ca_dist_926_1460_A,chi5_deg,600,-0.21475081285734435,0.15811159826274773,0.26667806270499766,-0.9361494894513649
Z944,2,ca_dist_926_1460_A,chi6_deg,600,0.04521907975584177,-0.02420115857854072,0.05128802248584804,2.062204216556676
Z944,2,ca_dist_926_1460_A,chi7_deg,600,-0.02737267054056451,-0.01783151074165249,0.0326684231001736,-2.1481795478799004
Z944,2,ca_dist_1778_1465_A,chi1_deg,600,-0.030569011462289082,0.04200667281891767,0.05195214166035081,-0.6290874498820048
Z944,2,ca_dist_1778_1465_A,chi2_deg,600,-0.2872014982876281,-0.0029412550362747404,0.28721655871458185,-1.5810370540688616
Z944,2,ca_dist_1778_1465_A,chi3_deg,600,-0.09325833037521429,-0.09658817300127846,0.134262397372077,-2.373732349284113
Z944,2,ca_dist_1778_1465_A,chi4_deg,600,-0.005501891545484798,-0.0275780361341079,0.028121502228587256,-2.944675351710492
Z944,2,ca_dist_1778_1465_A,chi5_deg,600,0.09655715748659066,-0.1105274438306276,0.14676375745265863,2.4235541616332266
Z944,2,ca_dist_1778_1465_A,chi6_deg,600,-0.09613541277852074,0.04605722058717272,0.10659871086608906,-1.1240187010408154
Z944,2,ca_dist_1778_1465_A,chi7_deg,600,-0.02984578890671075,-0.04254435838807427,0.0519691595671591,-2.529846170984796
Z944,2,ca_dist_353_355_A,chi1_deg,600,0.03290845391646584,-0.024509452375364477,0.041032664974534803,2.2109461858687838
Z944,2,ca_dist_353_355_A,chi2_deg,600,0.24959720895655557,-0.047194970416946515,0.2540199440035347,1.7576745501241453
Z944,2,ca_dist_353_355_A,chi3_deg,600,0.13795034392720829,0.14649131793841352,0.20122128023886643,0.7553800274817304
Z944,2,ca_dist_353_355_A,chi4_deg,600,0.11329750113561671,-0.0192086555972339,0.11491429942974118,1.7387410629718134
Z944,2,ca_dist_353_355_A,chi5_deg,600,-0.22746748648986687,0.2869722283655638,0.3661891823403786,-0.6702408910903259
Z944,2,ca_dist_353_355_A,chi6_deg,600,0.04195132559000765,-0.031488439655618275,0.05245412806161536,2.2146778893619623
Z944,2,ca_dist_353_355_A,chi7_deg,600,-0.14825414910572204,-0.06869473170083389,0.1633960185883096,-2.00470299372123
Z944,2,ca_dist_925_1461_A,chi1_deg,600,-0.06560078132456057,0.02264998952142178,0.06940089722556425,-1.2383414090604075
Z944,2,ca_dist_925_1461_A,chi2_deg,600,0.08951135114738093,0.053292633095632425,0.10417478930382067,1.0337860491027018
Z944,2,ca_dist_925_1461_A,chi3_deg,600,-0.0003728916253705507,0.0935334164118159,0.09353415971627918,-0.003986699771286002
Z944,2,ca_dist_925_1461_A,chi4_deg,600,0.08112260539042451,-0.04989925269432727,0.09524081333537035,2.1222514465408837
Z944,2,ca_dist_925_1461_A,chi5_deg,600,-0.10679668419191178,0.03847937396273682,0.11351737300938164,-1.2249708095954508
Z944,2,ca_dist_925_1461_A,chi6_deg,600,0.06551337146837526,-0.03002756044267118,0.07206702593621854,2.000566155712977
Z944,2,ca_dist_925_1461_A,chi7_deg,600,0.006249642464022528,0.009169370670410907,0.01109663865409275,0.5982549996230592
Z944,2,ca_dist_1777_1782_A,chi1_deg,600,0.039484919892014886,0.06459120531018778,0.07570391470922533,0.5486904813827679
Z944,2,ca_dist_1777_1782_A,chi2_deg,600,0.0343976596665813,-0.12269290190164778,0.12742349535146696,2.8682541006557893
Z944,2,ca_dist_1777_1782_A,chi3_deg,600,0.07934873213653561,0.012719897983687101,0.08036178878292273,1.4118449269639024
Z944,2,ca_dist_1777_1782_A,chi4_deg,600,0.12467001473697334,-0.0007520924679430638,0.12467228327738883,1.5768289188827591
Z944,2,ca_dist_1777_1782_A,chi5_deg,600,-0.16343695223823812,0.20337285241257075,0.2609064093795885,-0.6769517160997097
Z944,2,ca_dist_1777_1782_A,chi6_deg,600,-0.011652817466908128,0.04138524940174255,0.042994499915239286,-0.2744633602473327
Z944,2,ca_dist_1777_1782_A,chi7_deg,600,-0.12338501130789707,-0.05206818189583355,0.13392145676249007,-1.9701211907456755
Z944,2,ca_dist_1820_1463_A,chi1_deg,600,0.038377288475580563,-0.010140743349632057,0.03969446997279388,1.8291300546879736
Z944,2,ca_dist_1820_1463_A,chi2_deg,600,-0.24485501091930442,-0.08595477536962196,0.25950375677653464,-1.9084005207151524
Z944,2,ca_dist_1820_1463_A,chi3_deg,600,-0.11259032574892222,-0.19962487239794094,0.22918697853966882,-2.62805724556643
Z944,2,ca_dist_1820_1463_A,chi4_deg,600,-0.16764046597491483,0.1038360420973019,0.19719343161149974,-1.0162361106972002
Z944,2,ca_dist_1820_1463_A,chi5_deg,600,0.19228113359935683,-0.09097671732153115,0.21271764720599814,2.0127294686139927
Z944,2,ca_dist_1820_1463_A,chi6_deg,600,-0.0440528443233785,0.06812743371309002,0.0811295280234718,-0.5739983818120916
Z944,2,ca_dist_1820_1463_A,chi7_deg,600,-0.022615934147152114,-0.014530948951375428,0.026881758773856294,-2.141887669828151
Z944,2,ca_dist_351_356_A,chi1_deg,600,0.00336038749881103,-0.07330161023628705,0.07337859543064795,3.0957814308943665
Z944,2,ca_dist_351_356_A,chi2_deg,600,0.19907552541598755,0.03518220339230971,0.20216046165160326,1.3958745794510912
Z944,2,ca_dist_351_356_A,chi3_deg,600,0.05717316393842874,0.08505296842916465,0.10248306256812843,0.5918281192222852
Z944,2,ca_dist_351_356_A,chi4_deg,600,0.13907054568269153,-0.061240940552677356,0.15195745942946715,1.9856037765206975
Z944,2,ca_dist_351_356_A,chi5_deg,600,-0.14571196022076466,0.15106952797965295,0.2098903943380279,-0.7673478937360074
Z944,2,ca_dist_351_356_A,chi6_deg,600,0.04517442365138649,-0.0005684045183848227,0.04517799946800951,1.5833781038073025
Z944,2,ca_dist_351_356_A,chi7_deg,600,-0.12485739647687973,-0.061434690060171715,0.13915311925276452,-2.0280547582021025
Z944,2,ca_dist_353_926_A,chi1_deg,600,0.039096560295013266,-0.01983814170948154,0.04384167986502204,2.0403575224679384
Z944,2,ca_dist_353_926_A,chi2_deg,600,0.1122331139799383,-0.05314828742723672,0.12418136869145062,2.0130630851645503
Z944,2,ca_dist_353_926_A,chi3_deg,600,0.09693166362133686,0.031340781824009276,0.10187243011600415,1.258076868290736
Z944,2,ca_dist_353_926_A,chi4_deg,600,-0.002821806484179422,0.027520820449134797,0.027665107085057036,-0.10217644986362785
Z944,2,ca_dist_353_926_A,chi5_deg,600,-0.03909287532272209,0.15100903990330364,0.15598712457608624,-0.25331654997223024
Z944,2,ca_dist_353_926_A,chi6_deg,600,0.011584365061340751,-0.004500011088898432,0.012427695428945028,1.9413111622551857
Z944,2,ca_dist_353_926_A,chi7_deg,600,-0.08118495292380243,-0.08211204558078342,0.11547027587522544,-2.3618717696581024
Z944,2,ca_dist_357_1781_A,chi1_deg,600,-0.050985830881361945,0.0475496875160765,0.06971748513493127,-0.8202561676803061
Z944,2,ca_dist_357_1781_A,chi2_deg,600,0.08838195866917199,0.022466104267749584,0.09119263379883609,1.3218749120262603
Z944,2,ca_dist_357_1781_A,chi3_deg,600,0.010441245293365509,0.032804262116767305,0.0344258509887817,0.3081503695313519
Z944,2,ca_dist_357_1781_A,chi4_deg,600,-0.038237415278952164,0.02610471362598967,0.046298552900819426,-0.9717751667626896
Z944,2,ca_dist_357_1781_A,chi5_deg,600,-0.04043087999657054,0.016777291446215634,0.04377366292153705,-1.1774583163992596
Z944,2,ca_dist_357_1781_A,chi6_deg,600,-0.01369287907213652,-0.01809294008107583,0.02269029347676126,-2.4937487398475047
Z944,2,ca_dist_357_1781_A,chi7_deg,600,0.011800973735776559,0.04150513759624365,0.043150196152458055,0.27701532239198295
Z944,2,ca_dist_923_1816_A,chi1_deg,600,0.01949203214823433,-0.03474250516742226,0.03983692988391755,2.6303108406611715
Z944,2,ca_dist_923_1816_A,chi2_deg,600,-0.13691998820760792,-0.022873100590723422,0.13881736887509735,-1.7363223348012657
Z944,2,ca_dist_923_1816_A,chi3_deg,600,-0.14745557683597435,-0.14075639945651666,0.2038516890486621,-2.3329547505418975
Z944,2,ca_dist_923_1816_A,chi4_deg,600,-0.12490801783491934,0.10110210818106675,0.16069738391804844,-0.8903423625052623
Z944,2,ca_dist_923_1816_A,chi5_deg,600,0.10485824171750449,-0.02819937097284673,0.10858386334695791,1.833509208791646
Z944,2,ca_dist_923_1816_A,chi6_deg,600,4.7928745612704424e-05,0.03420424061613732,0.03420427419623568,0.0014012506455316543
Z944,2,ca_dist_923_1816_A,chi7_deg,600,-0.010464480073859868,-0.004736782922731024,0.01148662072470779,-1.9958546648933875
Z944,2,ca_dist_384_917_A,chi1_deg,600,0.11919887207742093,0.06816645524259513,0.13731364362243864,1.0513162658178372
Z944,2,ca_dist_384_917_A,chi2_deg,600,0.09710307387659278,-0.10180983314868228,0.1406920363135226,2.3798524879762084
Z944,2,ca_dist_384_917_A,chi3_deg,600,0.07460850902685545,0.06372827947293791,0.09812096220375771,0.8638868865536226
Z944,2,ca_dist_384_917_A,chi4_deg,600,0.15065354245510876,-0.009089557477747149,0.15092749885098647,1.6310574534078583
Z944,2,ca_dist_384_917_A,chi5_deg,600,-0.21113237706514681,0.3171611301253463,0.3810092690572845,-0.587329169396556
Z944,2,ca_dist_384_917_A,chi6_deg,600,-0.02993155928769269,-0.011144162472994027,0.03193885719021817,-1.927216640731967
Z944,2,ca_dist_384_917_A,chi7_deg,600,-0.10135060076199849,-0.09064952965088817,0.1359752973916412,-2.300517385999512
Z944,2,ca_dist_1776_1465_A,chi1_deg,600,0.002059793177823047,0.012045329518075904,0.012220176395389595,0.1693652821058131
Z944,2,ca_dist_1776_1465_A,chi2_deg,600,-0.2983434693029394,0.014626444194158431,0.2987017886546359,-1.521810026306863
Z944,2,ca_dist_1776_1465_A,chi3_deg,600,-0.11325784489000992,-0.1178159255550274,0.16342561532243746,-2.375917583856944
Z944,2,ca_dist_1776_1465_A,chi4_deg,600,-0.03803396910640864,-0.02873823996689373,0.04767042314037096,-2.2178680116419844
Z944,2,ca_dist_1776_1465_A,chi5_deg,600,0.14767415241256066,-0.150746578179497,0.2110265057370647,2.366489744174743
Z944,2,ca_dist_1776_1465_A,chi6_deg,600,-0.11552477482849306,0.027301622655514356,0.11870700147336768,-1.3387271934780232
Z944,2,ca_dist_1776_1465_A,chi7_deg,600,0.0177135282862584,-0.023648163346761703,0.029546653178036935,2.4987033020763887
Z944,2,ca_dist_926_1459_A,chi1_deg,600,-0.07865699297944378,-0.008604935421180092,0.0791262753968045,-1.6797612342412027
Z944,2,ca_dist_926_1459_A,chi2_deg,600,0.18680712258448962,0.037724617484138565,0.19057819343414162,1.3715320315661705
Z944,2,ca_dist_926_1459_A,chi3_deg,600,0.060345770310683194,0.14154617594311014,0.15387310329783963,0.4029989561018081
Z944,2,ca_dist_926_1459_A,chi4_deg,600,0.06997956422806793,0.02513389947295066,0.07435625267767784,1.2259840752960194
Z944,2,ca_dist_926_1459_A,chi5_deg,600,-0.13984239252019048,0.12509657564281204,0.1876300828314288,-0.8409982094975349
Z944,2,ca_dist_926_1459_A,chi6_deg,600,0.022091553466835244,0.0537081187600747,0.0580740798921888,0.3902320036288943
Z944,2,ca_dist_926_1459_A,chi7_deg,600,-0.022752741812763797,-0.007880392216980277,0.024078784053430384,-1.9042150010827257
Z944,2,ca_dist_926_1461_A,chi1_deg,600,-0.060635512063730884,-0.01951809138324835,0.06369946007993857,-1.8822146597655494
Z944,2,ca_dist_926_1461_A,chi2_deg,600,0.14354114246420063,-0.013104497082419045,0.1441380845707028,1.6618383142522763
Z944,2,ca_dist_926_1461_A,chi3_deg,600,0.035466655955159444,0.08822742692475682,0.09508923465043219,0.38222181503808966
Z944,2,ca_dist_926_1461_A,chi4_deg,600,0.08630827742127968,-0.031231481633927558,0.09178520684989999,1.9179972068863589
Z944,2,ca_dist_926_1461_A,chi5_deg,600,-0.1468851314435176,0.10955476222464616,0.18324161035441214,-0.9299543829135071
Z944,2,ca_dist_926_1461_A,chi6_deg,600,0.019562917246502484,-0.00033683770166626804,0.019565816896586968,1.5880127989817092
Z944,2,ca_dist_926_1461_A,chi7_deg,600,-0.0006268697031185898,-0.0011220717011610863,0.0012853056162775152,-2.632116096025561
Z944,2,ca_dist_1776_1464_A,chi1_deg,600,0.0012629889629226787,-0.014364739096712247,0.01442015500738733,3.053895307726286
Z944,2,ca_dist_1776_1464_A,chi2_deg,600,-0.29123387889643926,-0.028746460690641778,0.2926491606331794,-1.66918338776238
Z944,2,ca_dist_1776_1464_A,chi3_deg,600,-0.11597134076515354,-0.14549879387943493,0.18606249191934857,-2.468646663936842
Z944,2,ca_dist_1776_1464_A,chi4_deg,600,-0.05899180646025849,-0.0018043494156474698,0.059019394323038786,-1.6013732350969958
Z944,2,ca_dist_1776_1464_A,chi5_deg,600,0.14487950367298236,-0.12414514846377826,0.1907933134877196,2.2792742312580927
Z944,2,ca_dist_1776_1464_A,chi6_deg,600,-0.10018711735213975,0.049896315627796506,0.11192453170132145,-1.1087249550673928
Z944,2,ca_dist_1776_1464_A,chi7_deg,600,-0.00016532386152611975,-0.027107193630568998,0.027107697772115403,-3.1354938366483394
Z944,3,ca_dist_357_1462_A,chi1_deg,600,-0.011683582186146776,0.06160340381495226,0.06270155862726637,-0.18743190179531666
Z944,3,ca_dist_357_1462_A,chi2_deg,600,-0.038222476775581944,-0.13686617157856193,0.14210315497353412,-2.869261949363025
Z944,3,ca_dist_357_1462_A,chi3_deg,600,0.14709180626704885,0.21150566409858695,0.25762500929973264,0.6076663535568844
Z944,3,ca_dist_357_1462_A,chi4_deg,600,0.3197737027608104,0.01911739335917813,0.32034465143999,1.5110832677875685
Z944,3,ca_dist_357_1462_A,chi5_deg,600,0.02091898591232032,0.06782925319363288,0.07098176921157863,0.299151269800337
Z944,3,ca_dist_357_1462_A,chi6_deg,600,-0.02507470648824048,0.04488807190489194,0.05141672786953832,-0.5094258095601076
Z944,3,ca_dist_357_1462_A,chi7_deg,600,0.039066968313354836,0.02171940374330628,0.04469855156670535,1.06339405838773
Z944,3,ca_dist_1820_1462_A,chi1_deg,600,0.09230112835475662,0.019113946636270265,0.09425943587554216,1.3666000569559882
Z944,3,ca_dist_1820_1462_A,chi2_deg,600,0.07138865019659608,0.24471914010395496,0.254919196825408,0.28384018247301435
Z944,3,ca_dist_1820_1462_A,chi3_deg,600,-0.2224944880901485,-0.2811173757329932,0.35851189125258054,-2.4720778557535787
Z944,3,ca_dist_1820_1462_A,chi4_deg,600,-0.5000852024502409,0.07114466314193729,0.5051205527428855,-1.4294795382787475
Z944,3,ca_dist_1820_1462_A,chi5_deg,600,0.028540890728878936,-0.10708840945196822,0.11082648547414198,2.881129917937151
Z944,3,ca_dist_1820_1462_A,chi6_deg,600,-0.05189078103797413,0.04863888685351611,0.07112239078574424,-0.8177344949356365
Z944,3,ca_dist_1820_1462_A,chi7_deg,600,-0.09712299424784229,0.0606487765854737,0.11450393055690757,-1.0125902234377475
Z944,3,ca_dist_355_388_A,chi1_deg,600,0.022591133517445617,-0.0024392934897031187,0.02272244410999756,1.6783553187964553
Z944,3,ca_dist_355_388_A,chi2_deg,600,0.07161299160448942,0.18848813358632255,0.20163381926006374,0.3630890632782427
Z944,3,ca_dist_355_388_A,chi3_deg,600,-0.12452392048192304,-0.19315910529379024,0.2298187258038079,-2.568973341130921
Z944,3,ca_dist_355_388_A,chi4_deg,600,-0.3226833228361368,0.030303927621554455,0.3241031546681749,-1.4771586786821875
Z944,3,ca_dist_355_388_A,chi5_deg,600,0.037529407337162785,-0.03561631080103696,0.05173952077623786,2.330045857876919
Z944,3,ca_dist_355_388_A,chi6_deg,600,-0.043419704706270046,0.03948040473801821,0.058685373944939806,-0.8328810798663081
Z944,3,ca_dist_355_388_A,chi7_deg,600,-0.0666272460398855,0.045211990598251574,0.08051902886098308,-0.974590556247324
Z944,3,ca_dist_354_1459_A,chi1_deg,600,-0.010706218354445893,0.05550669806611047,0.05652978543790367,-0.19054162786672688
Z944,3,ca_dist_354_1459_A,chi2_deg,600,-0.02103200063476693,-0.15795974178856598,0.15935377333659617,-3.0092233652562856
Z944,3,ca_dist_354_1459_A,chi3_deg,600,0.12851789711046294,0.13304057611846445,0.18497741692333275,0.7681086132231607
Z944,3,ca_dist_354_1459_A,chi4_deg,600,0.21355698442771362,0.021331388473549373,0.21461969558283367,1.4712403821493694
Z944,3,ca_dist_354_1459_A,chi5_deg,600,-0.08835242796151796,0.078912668512329,0.11846248679827695,-0.8417742803384358
Z944,3,ca_dist_354_1459_A,chi6_deg,600,0.09586204159049985,-0.03444366902381111,0.10186214877824132,1.9157361226448575
Z944,3,ca_dist_354_1459_A,chi7_deg,600,0.08712279080443901,-0.019132744071341183,0.08919889334096855,1.7869714083433728
Z944,3,ca_dist_357_1780_A,chi1_deg,600,0.01075238687053021,0.02954327384135026,0.0314391293244352,0.3490513412357501
Z944,3,ca_dist_357_1780_A,chi2_deg,600,-0.010037166682203624,-0.11661520735739153,0.11704636389915649,-3.0557334353427303
Z944,3,ca_dist_357_1780_A,chi3_deg,600,0.05171805641500446,0.07678387856035933,0.09257711037895702,0.5927553249597124
Z944,3,ca_dist_357_1780_A,chi4_deg,600,0.11080854369713923,0.012836103296459744,0.11154953565173725,1.4554699728474434
Z944,3,ca_dist_357_1780_A,chi5_deg,600,-0.03759429662681069,0.010873978723296908,0.0391353363616482,-1.2892350731558933
Z944,3,ca_dist_357_1780_A,chi6_deg,600,7.571265755734746e-05,0.061544341726978466,0.06154438829831374,0.0012302125140622995
Z944,3,ca_dist_357_1780_A,chi7_deg,600,-0.021656634206288668,0.04386860575262573,0.04892304544715404,-0.4585711573410858
Z944,3,ca_dist_384_872_A,chi1_deg,600,-0.11304619339945543,-0.033439316420403306,0.1178882085908974,-1.8583975232537138
Z944,3,ca_dist_384_872_A,chi2_deg,600,-0.03855319952535555,-0.25441318570589355,0.25731773793243123,-2.991199142798628
Z944,3,ca_dist_384_872_A,chi3_deg,600,0.22707945498422494,0.2920585319940739,0.36995035475921106,0.6608784899909568
Z944,3,ca_dist_384_872_A,chi4_deg,600,0.43724817219799667,-0.027572010770477235,0.43811662815786423,1.6337709815913595
Z944,3,ca_dist_384_872_A,chi5_deg,600,-0.12334101294055874,0.07140855519107754,0.1425208308552832,-1.0459969097688016
Z944,3,ca_dist_384_872_A,chi6_deg,600,0.11844697915981717,-0.036608921454951246,0.12397540079459696,1.8705572691563273
Z944,3,ca_dist_384_872_A,chi7_deg,600,0.11730386029349525,-0.07664557087004967,0.14012401355139545,2.149553384595826
Z944,3,ca_dist_384_1466_A,chi1_deg,600,-0.06850750258511379,0.025361843304883405,0.0730513586887392,-1.2162358055636755
Z944,3,ca_dist_384_1466_A,chi2_deg,600,-0.0772417274983423,-0.10571583699794042,0.13092792925538568,-2.5105882121978227
Z944,3,ca_dist_384_1466_A,chi3_deg,600,0.006083538519218772,0.012977977756439996,0.014333085765510156,0.43834360018942486
Z944,3,ca_dist_384_1466_A,chi4_deg,600,0.08923302339223471,-0.008033282551084328,0.08959389539619686,1.6605801851559894
Z944,3,ca_dist_384_1466_A,chi5_deg,600,-0.05847702517737588,-0.05474742019302389,0.08010519640689343,-2.323266468972071
Z944,3,ca_dist_384_1466_A,chi6_deg,600,0.10398199552587924,0.031195533127757864,0.10856065899150119,1.279331287526224
Z944,3,ca_dist_384_1466_A,chi7_deg,600,0.03366391750141801,0.0004368900574116749,0.03366675235992541,1.5578190631814741
Z944,3,ca_dist_384_1463_A,chi1_deg,600,-0.0399719263794089,0.001754466296774261,0.04001041177577909,-1.526932018312689
Z944,3,ca_dist_384_1463_A,chi2_deg,600,-0.04736401010691052,-0.03998770800005866,0.061986823152227095,-2.271950653055438
Z944,3,ca_dist_384_1463_A,chi3_deg,600,-0.088396692727736,-0.11428997125618612,0.14448589140446075,-2.48325653199582
Z944,3,ca_dist_384_1463_A,chi4_deg,600,-0.04060874063283066,0.039480254122664045,0.05663709280475688,-0.7994876377307757
Z944,3,ca_dist_384_1463_A,chi5_deg,600,-0.025350672201569956,-0.09143159072947969,0.09488093783471224,-2.871123006895519
Z944,3,ca_dist_384_1463_A,chi6_deg,600,0.06676634667004337,0.054010104393566696,0.08587686780657748,0.8906266572616779
Z944,3,ca_dist_384_1463_A,chi7_deg,600,-0.01488911472395587,0.02076092748124276,0.025548030200869504,-0.6221567581892656
Z944,3,ca_dist_384_950_A,chi1_deg,600,-0.07299923821143287,-0.02887577352370254,0.07850286030484291,-1.9474715754720238
Z944,3,ca_dist_384_950_A,chi2_deg,600,-0.09363408637090387,-0.29216402941281044,0.30680150295140907,-2.83145014025194
Z944,3,ca_dist_384_950_A,chi3_deg,600,0.2881404586164288,0.3716841659855212,0.47029144488927116,0.659453313671878
Z944,3,ca_dist_384_950_A,chi4_deg,600,0.5839722123287105,-0.03346697378324493,0.5849304087721009,1.628042897952157
Z944,3,ca_dist_384_950_A,chi5_deg,600,-0.08774669019812721,0.07418765153634524,0.11490556679815084,-0.8689350072973857
Z944,3,ca_dist_384_950_A,chi6_deg,600,0.09182667614935575,-0.0004161792170565186,0.09182761925357408,1.5753285214136588
Z944,3,ca_dist_384_950_A,chi7_deg,600,0.15692044452424153,-0.06383487252253436,0.16940754664315807,1.9571490008323944
Z944,3,ca_dist_1776_1782_A,chi1_deg,600,0.03608686398292667,0.04208694654305015,0.05543981260285617,0.7087952480311001
Z944,3,ca_dist_1776_1782_A,chi2_deg,600,0.06005476110390341,-0.10337154072337057,0.11955019766930697,2.6152905887253906
Z944,3,ca_dist_1776_1782_A,chi3_deg,600,0.1050809697631064,0.11376922300885815,0.15487235489393897,0.745719454131063
Z944,3,ca_dist_1776_1782_A,chi4_deg,600,0.14401583816643065,0.03817353963390756,0.14898919682635064,1.3116899824791113
Z944,3,ca_dist_1776_1782_A,chi5_deg,600,-0.02549598246854257,0.007887063011425789,0.026688028870308706,-1.2707880429792793
Z944,3,ca_dist_1776_1782_A,chi6_deg,600,-0.02056582435384499,0.030274177418784562,0.03659889273922435,-0.5967108473349273
Z944,3,ca_dist_1776_1782_A,chi7_deg,600,-0.001793353485983723,0.014519749501225525,0.014630080051183207,-0.12288895375783009
Z944,3,ca_dist_356_1782_A,chi1_deg,600,-0.005099195997277331,0.008801377272166877,0.010171825878654471,-0.5251073191417773
Z944,3,ca_dist_356_1782_A,chi2_deg,600,0.08262347015611636,0.07188292255642376,0.10951617403786286,0.8548017436888177
Z944,3,ca_dist_356_1782_A,chi3_deg,600,-0.068216233229736,-0.14928008365412793,0.16412799228601185,-2.7129592014200345
Z944,3,ca_dist_356_1782_A,chi4_deg,600,-0.29169317112471654,0.05820692346646085,0.2974440317441646,-1.37383497645949
Z944,3,ca_dist_356_1782_A,chi5_deg,600,-0.057479808684435904,-0.02696853293220476,0.06349196937341577,-2.009487594955732
Z944,3,ca_dist_356_1782_A,chi6_deg,600,0.02392671904551174,0.07041312391597665,0.07436730399772158,0.3275635430727698
Z944,3,ca_dist_356_1782_A,chi7_deg,600,-0.05618110580467472,0.04582936892970564,0.07250274274764455,-0.8865291706451993
Z944,3,ca_dist_1777_1464_A,chi1_deg,600,0.05327343548686221,0.03468638132754029,0.06357046466852674,0.9936475824412291
Z944,3,ca_dist_1777_1464_A,chi2_deg,600,0.039807674393634265,0.05688299487009721,0.06942856793871749,0.6106029883867574
Z944,3,ca_dist_1777_1464_A,chi3_deg,600,0.0319460693733675,0.05540736352095288,0.06395723008973285,0.5230112871440795
Z944,3,ca_dist_1777_1464_A,chi4_deg,600,-0.012179623799324552,0.017506047605292986,0.021326156209027853,-0.6078598788635506
Z944,3,ca_dist_1777_1464_A,chi5_deg,600,-0.0009161060068923685,-0.03421388395108025,0.03422614651452674,-3.114823194461591
Z944,3,ca_dist_1777_1464_A,chi6_deg,600,-0.08744897531724517,0.006063070356655327,0.08765890774009169,-1.501574438685537
Z944,3,ca_dist_1777_1464_A,chi7_deg,600,0.01027283109457661,0.002269852657203062,0.010520612614439897,1.3533335048888295
Z944,3,ca_dist_357_1782_A,chi1_deg,600,0.01740100016405465,0.02366893095573587,0.029377084594915504,0.6339507156529082
Z944,3,ca_dist_357_1782_A,chi2_deg,600,0.08835660978358988,0.17100020496036303,0.1924784678579288,0.47692188776143823
Z944,3,ca_dist_357_1782_A,chi3_deg,600,-0.096866175674478,-0.2074308129523458,0.2289336107955097,-2.704707692516253
Z944,3,ca_dist_357_1782_A,chi4_deg,600,-0.42628468573049466,0.09869281518301808,0.4375601730700544,-1.3432861569812666
Z944,3,ca_dist_357_1782_A,chi5_deg,600,-0.04290501234774812,-0.08397970725665983,0.09430499093618908,-2.6692651951681547
Z944,3,ca_dist_357_1782_A,chi6_deg,600,-0.00025232114534314704,0.06781934967682687,0.0678198190542271,-0.0037204718467836995
Z944,3,ca_dist_357_1782_A,chi7_deg,600,-0.12698306418945765,0.07152099121637971,0.14573932473947238,-1.0578505864440382
Z944,3,ca_dist_384_876_A,chi1_deg,600,-0.11926485292662807,-0.04107915517431983,0.12614119919140643,-1.902506126720174
Z944,3,ca_dist_384_876_A,chi2_deg,600,-0.07008962670410217,-0.267260669324128,0.27629842768119633,-2.885116414379592
Z944,3,ca_dist_384_876_A,chi3_deg,600,0.22383187007834496,0.2947743253493051,0.3701251260694241,0.6494475135863406
Z944,3,ca_dist_384_876_A,chi4_deg,600,0.4801338957618378,-0.025346972705212974,0.48080248219488025,1.6235388334217546
Z944,3,ca_dist_384_876_A,chi5_deg,600,-0.10710179427226331,0.03503868133731379,0.11268763697139111,-1.254618279156866
Z944,3,ca_dist_384_876_A,chi6_deg,600,0.08223062683631976,-0.02426637473036266,0.08573641543969783,1.8577529740866054
Z944,3,ca_dist_384_876_A,chi7_deg,600,0.12498211243938648,-0.06331021529608859,0.14010250458378157,2.0396735460265636
Z944,3,ca_dist_384_919_A,chi1_deg,600,-0.12504040472176742,-0.01491885429152575,0.12592726085465042,-1.6895472286115005
Z944,3,ca_dist_384_919_A,chi2_deg,600,-0.08574352511266409,-0.26747586131919093,0.28088305126366936,-2.831376849076995
Z944,3,ca_dist_384_919_A,chi3_deg,600,0.12776898197180672,0.18862929015277502,0.22782871166218635,0.5953657227131284
Z944,3,ca_dist_384_919_A,chi4_deg,600,0.38585250308009017,-0.012058080170180382,0.3860408675652896,1.6020366507340897
Z944,3,ca_dist_384_919_A,chi5_deg,600,-0.07613488872548127,-0.006507949708831855,0.07641252967055927,-1.6560682489416014
Z944,3,ca_dist_384_919_A,chi6_deg,600,0.09322807668455273,0.012329767213655626,0.09403987155373927,1.4393056230332522
Z944,3,ca_dist_384_919_A,chi7_deg,600,0.08349870410854963,-0.03619769558613207,0.09100717968134936,1.9798546210390686
Z944,3,ca_dist_356_1781_A,chi1_deg,600,0.00577964277349987,0.020907915239018655,0.021692053619499878,0.2696981948507336
Z944,3,ca_dist_356_1781_A,chi2_deg,600,0.06307342258207167,-0.035793948471521175,0.07252215787880627,2.0869732665003227
Z944,3,ca_dist_356_1781_A,chi3_deg,600,-0.021288152499855398,-0.04650650284396966,0.051147240821311744,-2.7123160878386603
Z944,3,ca_dist_356_1781_A,chi4_deg,600,-0.07824404595861073,0.11730068987728429,0.14100206584890881,-0.5882598038796548
Z944,3,ca_dist_356_1781_A,chi5_deg,600,-0.0414957676939912,0.024009295740338114,0.04794105775283542,-1.046263566847494
Z944,3,ca_dist_356_1781_A,chi6_deg,600,-0.05157335594774273,0.10380327179045955,0.11590914665425066,-0.46111439368686197
Z944,3,ca_dist_356_1781_A,chi7_deg,600,0.010616396236351761,0.02273047386723895,0.025087493124592113,0.43694653243651643
Z944,3,ca_dist_357_1460_A,chi1_deg,600,-0.0014748757015694003,0.04898347844641761,0.04900567741645592,-0.03010056221827567
Z944,3,ca_dist_357_1460_A,chi2_deg,600,-0.037737109380031816,-0.16337311203500648,0.16767487337214024,-2.9145867992601002
Z944,3,ca_dist_357_1460_A,chi3_deg,600,0.18076394821329106,0.22929661839873572,0.2919803832156414,0.6675913157142642
Z944,3,ca_dist_357_1460_A,chi4_deg,600,0.3528585171310209,0.04785739240143354,0.3560891224389868,1.4359911761170572
Z944,3,ca_dist_357_1460_A,chi5_deg,600,-0.01535489730237962,0.06299648643113125,0.06484080639407817,-0.2390802791894358
Z944,3,ca_dist_357_1460_A,chi6_deg,600,-0.03968413109303484,0.0393243132926604,0.05586798615082239,-0.7899523008141274
Z944,3,ca_dist_357_1460_A,chi7_deg,600,0.04074122179463048,0.018144220284565124,0.04459887759859096,1.15181366613216
Z944,3,ca_dist_384_948_A,chi1_deg,600,-0.10212874968524985,-0.027134785691230335,0.10567203086333403,-1.8304884839101234
Z944,3,ca_dist_384_948_A,chi2_deg,600,-0.14759047737916758,-0.31238128234580725,0.34549242332216423,-2.7002113968537382
Z944,3,ca_dist_384_948_A,chi3_deg,600,0.2631913974248939,0.36086277553198665,0.4466448862834069,0.6301465963934836
Z944,3,ca_dist_384_948_A,chi4_deg,600,0.6350507379973509,-0.06275934377588702,0.6381443214995806,1.6693021870307647
Z944,3,ca_dist_384_948_A,chi5_deg,600,-0.06814571206153333,0.05324456799543689,0.08648018324098367,-0.9075411171296345
Z944,3,ca_dist_384_948_A,chi6_deg,600,0.11055129219902633,-0.02039262732900025,0.11241640207840664,1.7532088515779316
Z944,3,ca_dist_384_948_A,chi7_deg,600,0.14057134353419476,-0.07208542253344258,0.1579766146137888,2.0446338862813223
Z944,3,ca_dist_387_955_A,chi1_deg,600,-0.06978438024856383,-0.038038990803775125,0.07947845335715734,-2.0698645132892737
Z944,3,ca_dist_387_955_A,chi2_deg,600,-0.0773051675165578,-0.087822053039629,0.11699915352197414,-2.4197981764324195
Z944,3,ca_dist_387_955_A,chi3_deg,600,0.15205059545137872,0.16346117314638559,0.22324636324811986,0.7492486184706667
Z944,3,ca_dist_387_955_A,chi4_deg,600,0.2179878303289028,-0.05068788648405542,0.22380338694426183,1.799262685347117
Z944,3,ca_dist_387_955_A,chi5_deg,600,-0.028925677013780925,0.11035475776714024,0.11408272153376152,-0.2563484515973189
Z944,3,ca_dist_387_955_A,chi6_deg,600,0.059413316013977535,-0.06549523024356925,0.08842831732219554,2.4048470034748917
Z944,3,ca_dist_387_955_A,chi7_deg,600,0.09135243448079274,-0.017686176905184654,0.0930487406636383,1.7620341815263243
Z944,3,ca_dist_1781_1816_A,chi1_deg,600,0.05484106872965114,-0.02454611789697885,0.060083730936275136,1.991641310172431
Z944,3,ca_dist_1781_1816_A,chi2_deg,600,0.016632639176460327,0.06018660833488825,0.06244255367000586,0.26962194142071394
Z944,3,ca_dist_1781_1816_A,chi3_deg,600,-0.09514771137604199,-0.16945747754811077,0.19434228484060553,-2.629975106473442
Z944,3,ca_dist_1781_1816_A,chi4_deg,600,-0.21113286130511322,0.030293325530415065,0.2132950320438239,-1.4282890062837086
Z944,3,ca_dist_1781_1816_A,chi5_deg,600,-0.0099074595497302,-0.013946909377414017,0.017107718606270656,-2.5239411185826963
Z944,3,ca_dist_1781_1816_A,chi6_deg,600,-0.00913675634605805,0.06549547774755485,0.0661297052912508,-0.13860757428160864
Z944,3,ca_dist_1781_1816_A,chi7_deg,600,-0.10755803333868107,0.10132102125305653,0.14776562483692599,-0.8152487363870223
Z944,3,ca_dist_353_1461_A,chi1_deg,600,-0.02006696118603926,-0.003938585591534906,0.020449826104489314,-1.7646048581737108
Z944,3,ca_dist_353_1461_A,chi2_deg,600,-0.0364956700537717,-0.18179453144786661,0.1854216427416798,-2.943473834502119
Z944,3,ca_dist_353_1461_A,chi3_deg,600,0.19048681589255553,0.1933835823014597,0.2714450900875346,0.7778520972285288
Z944,3,ca_dist_353_1461_A,chi4_deg,600,0.27051454637985556,-0.033438194377295616,0.2725733527810685,1.693782076851262
Z944,3,ca_dist_353_1461_A,chi5_deg,600,-0.05212419250798955,0.09077271449354171,0.10467386083037156,-0.5212535615574597
Z944,3,ca_dist_353_1461_A,chi6_deg,600,0.05032296221579189,-0.03281123001725299,0.060074764597267474,2.1485854223258563
Z944,3,ca_dist_353_1461_A,chi7_deg,600,0.04484901716003768,-0.0059583211798779,0.04524307606146974,1.7028757701394936
Z944,3,ca_dist_351_357_A,chi1_deg,600,-0.03497170141545835,-0.07289650486823318,0.08085122337909498,-2.6942803090573246
Z944,3,ca_dist_351_357_A,chi2_deg,600,0.03579196912727775,-0.11195269642596656,0.11753497901072953,2.83215625763105
Z944,3,ca_dist_351_357_A,chi3_deg,600,0.0043612727728966835,0.027296270418018954,0.027642486844226346,0.15843626962837504
Z944,3,ca_dist_351_357_A,chi4_deg,600,0.09396105877187598,-0.02659856865080773,0.09765328678443785,1.8466595337689757
Z944,3,ca_dist_351_357_A,chi5_deg,600,-0.023937775517035978,0.10784622634047417,0.11047092663947737,-0.21842105671569714
Z944,3,ca_dist_351_357_A,chi6_deg,600,0.004699133091688186,0.03568969296035959,0.03599772264210807,0.13091335123707531
Z944,3,ca_dist_351_357_A,chi7_deg,600,0.08543725464769245,-0.03964133396605675,0.09418577302513946,2.0052165198510843
Z944,3,ca_dist_354_1460_A,chi1_deg,600,-0.027887124743253913,0.035107139473541826,0.04483528709019854,-0.6712822697112593
Z944,3,ca_dist_354_1460_A,chi2_deg,600,-0.016719787746082408,-0.15182215636283772,0.15274003556676288,-3.03190719698244
Z944,3,ca_dist_354_1460_A,chi3_deg,600,0.17361751284898358,0.18666194441155548,0.25492297318870577,0.7492075458806434
Z944,3,ca_dist_354_1460_A,chi4_deg,600,0.2611264364618032,0.0011223571940535172,0.2611288484731459,1.5664982162785162
Z944,3,ca_dist_354_1460_A,chi5_deg,600,-0.008758561787245711,0.07951947816982924,0.08000037383027,-0.10970141015109607
Z944,3,ca_dist_354_1460_A,chi6_deg,600,0.04824126233471539,-0.013102835915294452,0.049989035804563785,1.836008672749237
Z944,3,ca_dist_354_1460_A,chi7_deg,600,0.02070406930662639,0.04723623444992753,0.051574415467963465,0.4130893158853309
Z944,3,ca_dist_384_1465_A,chi1_deg,600,-0.0537414526227101,-0.01680185512171681,0.05630671421358341,-1.8738108936523994
Z944,3,ca_dist_384_1465_A,chi2_deg,600,-0.05562055797295773,-0.06074024696993996,0.08235911650322902,-2.4001645294687215
Z944,3,ca_dist_384_1465_A,chi3_deg,600,-0.03182323228460199,-0.04648600806128459,0.05633530916320199,-2.5412931537460346
Z944,3,ca_dist_384_1465_A,chi4_deg,600,0.027732576289952494,0.03768831266194604,0.046792143560459354,0.6343770880448472
Z944,3,ca_dist_384_1465_A,chi5_deg,600,-0.028962380984659357,-0.0626392609017355,0.06901084348576134,-2.708501346232694
Z944,3,ca_dist_384_1465_A,chi6_deg,600,0.09558118802077363,0.026362773762514672,0.09915018579869637,1.3016721044025414
Z944,3,ca_dist_384_1465_A,chi7_deg,600,-0.03142048625144914,0.04860525351919449,0.057876745122222205,-0.5738700524366959
Z944,3,ca_dist_1778_1464_A,chi1_deg,600,0.06022163615237899,0.05219389316119617,0.0796922075499975,0.8566884789460039
Z944,3,ca_dist_1778_1464_A,chi2_deg,600,0.03204804536318539,0.12469741066436803,0.12874984053581906,0.2515620696517919
Z944,3,ca_dist_1778_1464_A,chi3_deg,600,0.005610430173882399,0.018966559322824813,0.01977896102635937,0.28760505452988966
Z944,3,ca_dist_1778_1464_A,chi4_deg,600,-0.0971260177273325,0.029832017342648988,0.10160419567272906,-1.2727951247106442
Z944,3,ca_dist_1778_1464_A,chi5_deg,600,-0.0003779531325695529,-0.06632395221282364,0.06632502910439869,-3.1358941234384803
Z944,3,ca_dist_1778_1464_A,chi6_deg,600,-0.0768475389580655,0.0016560398264102612,0.07686538045061672,-1.549249982285412
Z944,3,ca_dist_1778_1464_A,chi7_deg,600,0.007040934067656245,0.005712579804460317,0.009066880420928148,0.889179895230616
Z944,3,ca_dist_926_1463_A,chi1_deg,600,-0.03711575677435523,0.0019674716344551847,0.03716786711079184,-1.5178368274768022
Z944,3,ca_dist_926_1463_A,chi2_deg,600,-0.024585283794542917,0.06482366245907717,0.06932923909770383,-0.3625037517401992
Z944,3,ca_dist_926_1463_A,chi3_deg,600,0.004898527298073597,-0.0012796025341194695,0.005062899597591995,1.8263085600303557
Z944,3,ca_dist_926_1463_A,chi4_deg,600,-0.019234756487163655,0.06764468033884302,0.07032623006577803,-0.27703776976455174
Z944,3,ca_dist_926_1463_A,chi5_deg,600,0.035927221342431835,-0.02198102201750088,0.042118055063380455,2.1198622978501707
Z944,3,ca_dist_926_1463_A,chi6_deg,600,-0.04260655761630699,0.0012528052340834827,0.04262497240897915,-1.541400749360148
Z944,3,ca_dist_926_1463_A,chi7_deg,600,0.019690091733133196,-0.020783308279017344,0.028629453635720524,2.3831986657457542
Z944,3,ca_dist_1781_1820_A,chi1_deg,600,0.04108217210613766,-0.02551952190711741,0.048363114698354165,2.126645684004449
Z944,3,ca_dist_1781_1820_A,chi2_deg,600,0.04295560328553018,0.09920234428704418,0.1081031404061376,0.40863554743976155
Z944,3,ca_dist_1781_1820_A,chi3_deg,600,-0.14432409611029018,-0.21282352310535663,0.2571445054925898,-2.545689131628608
Z944,3,ca_dist_1781_1820_A,chi4_deg,600,-0.33958780986923287,0.023093442522812722,0.3403721312025071,-1.502896534524719
Z944,3,ca_dist_1781_1820_A,chi5_deg,600,-0.006737604140107496,-0.03538475449853742,0.036020496394005425,-2.9534352120683844
Z944,3,ca_dist_1781_1820_A,chi6_deg,600,-0.018724033169616176,0.05725623018354317,0.060240064018622745,-0.31605942379137525
Z944,3,ca_dist_1781_1820_A,chi7_deg,600,-0.11033825116127019,0.09639401543939803,0.14651394432564585,-0.8527468487617261
Z944,3,ca_dist_925_1463_A,chi1_deg,600,-0.029995228262149426,0.00963303287676878,0.031504111492047446,-1.2600485781367665
Z944,3,ca_dist_925_1463_A,chi2_deg,600,-0.02064280241458432,-0.0001410597096422675,0.020643284364878875,-1.5776295808892358
Z944,3,ca_dist_925_1463_A,chi3_deg,600,-0.09980422750347848,-0.11025446647076313,0.14871762237313613,-2.405902646439703
Z944,3,ca_dist_925_1463_A,chi4_deg,600,-0.053301120433778534,0.010425921657554398,0.05431122611307561,-1.3776310732010515
Z944,3,ca_dist_925_1463_A,chi5_deg,600,0.03674359737306622,0.0344792622052602,0.05038761226862296,0.8171797115306192
Z944,3,ca_dist_925_1463_A,chi6_deg,600,0.004663101077426521,0.00521676534458127,0.006997081700160469,0.7294170651134835
Z944,3,ca_dist_925_1463_A,chi7_deg,600,-0.05087695624404666,0.03891551971800068,0.06405374580444721,-0.9178304931561024
Z944,3,ca_dist_384_920_A,chi1_deg,600,-0.11214457286334177,-0.010780463187287695,0.1126615445004809,-1.6666318938417621
Z944,3,ca_dist_384_920_A,chi2_deg,600,-0.06497123898768303,-0.23551800737773015,0.2443153570588046,-2.8724221849891864
Z944,3,ca_dist_384_920_A,chi3_deg,600,0.13887111144098216,0.2021117876012595,0.24522308268234114,0.6020160208017251
Z944,3,ca_dist_384_920_A,chi4_deg,600,0.37124680163283424,0.004247727974601127,0.37127110164346916,1.5593550359680632
Z944,3,ca_dist_384_920_A,chi5_deg,600,-0.06634708481054111,-0.008778562375897948,0.06692532271304089,-1.7023449262790842
Z944,3,ca_dist_384_920_A,chi6_deg,600,0.07708183892816663,-0.011966117375987833,0.07800511430415151,1.7248061351323194
Z944,3,ca_dist_384_920_A,chi7_deg,600,0.09308594452537099,-0.0421934920675629,0.10220217141057199,1.9963700537374856
Z944,3,ca_dist_926_1466_A,chi1_deg,600,-0.021930752238988608,0.11438843707150871,0.11647176666227062,-0.18942318854542725
Z944,3,ca_dist_926_1466_A,chi2_deg,600,-0.02181391079604892,0.06426867386098663,0.06786979552104047,-0.32721624825318046
Z944,3,ca_dist_926_1466_A,chi3_deg,600,0.021178416497953986,-0.007756348805551684,0.022554074402515226,1.9218635326963331
Z944,3,ca_dist_926_1466_A,chi4_deg,600,-0.09183278102644105,0.007050520126669589,0.09210303743692085,-1.494171011257968
Z944,3,ca_dist_926_1466_A,chi5_deg,600,-0.08016209186795956,-0.004063577795911381,0.08026502125552956,-1.6214449857758322
Z944,3,ca_dist_926_1466_A,chi6_deg,600,-0.0058891277021420295,0.011912659128647817,0.013288840152830977,-0.4591244619778498
Z944,3,ca_dist_926_1466_A,chi7_deg,600,0.0613025251219496,-0.07714920168099426,0.09853932669925236,2.470154910280708
Z944,3,ca_dist_918_1462_A,chi1_deg,600,-0.06141135251173402,-0.05058595218907795,0.07956313704345838,-2.25983614274263
Z944,3,ca_dist_918_1462_A,chi2_deg,600,-0.049916859114498224,-0.1337502998382503,0.14276146374522264,-2.7843928136926244
Z944,3,ca_dist_918_1462_A,chi3_deg,600,-0.012901482465961064,-0.028609606244432647,0.031384037651025404,-2.717949553125776
Z944,3,ca_dist_918_1462_A,chi4_deg,600,-0.018461252172922056,-0.09527249920631388,0.09704466464885793,-2.9501915570678823
Z944,3,ca_dist_918_1462_A,chi5_deg,600,0.10054524261292205,0.03131290243964795,0.10530832669493076,1.2688856751496138
Z944,3,ca_dist_918_1462_A,chi6_deg,600,0.059062570115434136,-0.02419859490791866,0.06382757385455066,1.9596462709352602
Z944,3,ca_dist_918_1462_A,chi7_deg,600,-0.08955868881781237,0.08453637490465526,0.12315501380287439,-0.8142382768875057
Z944,3,ca_dist_1778_1782_A,chi1_deg,600,-0.007656439493739897,0.017747132690959455,0.019328263876298407,-0.40729450035560805
Z944,3,ca_dist_1778_1782_A,chi2_deg,600,0.027056879285202055,-0.20603479572384245,0.20780378188478546,3.0110179461708326
Z944,3,ca_dist_1778_1782_A,chi3_deg,600,0.18347910036571907,0.25444942383997615,0.31370223072765907,0.6247357991550799
Z944,3,ca_dist_1778_1782_A,chi4_deg,600,0.3815258737179637,-0.010822972128227054,0.38167935370143347,1.5991563178689243
Z944,3,ca_dist_1778_1782_A,chi5_deg,600,0.027628228279446537,0.0566636524839654,0.06304037206968886,0.4536646793078905
Z944,3,ca_dist_1778_1782_A,chi6_deg,600,-0.0688679753165457,0.044524964267030544,0.08200774638520861,-0.9968668802885949
Z944,3,ca_dist_1778_1782_A,chi7_deg,600,0.017508571167933487,0.025970677858760508,0.0313213373403197,0.5931771084180711
Z944,3,ca_dist_354_926_A,chi1_deg,600,-0.05106444094381177,-0.00887174549093578,0.0518293835286508,-1.742815552243681
Z944,3,ca_dist_354_926_A,chi2_deg,600,-0.03975204949851417,0.027290939465228283,0.048218469658701066,-0.9691685524409837
Z944,3,ca_dist_354_926_A,chi3_deg,600,-0.031168507676206967,-0.025260459755368662,0.040119405501756536,-2.251875709225481
Z944,3,ca_dist_354_926_A,chi4_deg,600,-0.03872080464159248,0.030950091583886945,0.04957024189111204,-0.8964736542726042
Z944,3,ca_dist_354_926_A,chi5_deg,600,-0.012212722893441028,-0.046747394648024895,0.048316348235873184,-2.886054781399182
Z944,3,ca_dist_354_926_A,chi6_deg,600,-0.021615193024611585,0.0558184864581022,0.059857497441544914,-0.3694588721923897
Z944,3,ca_dist_354_926_A,chi7_deg,600,0.10325135454997646,-0.08048701983295006,0.13091601345135226,2.23292727429712
Z944,3,ca_dist_357_1461_A,chi1_deg,600,0.00029355387077175527,0.036910627775302365,0.03691179508831787,0.007952931159156885
Z944,3,ca_dist_357_1461_A,chi2_deg,600,-0.033742338621732954,-0.17593818024511443,0.17914460271977514,-2.952108275487727
Z944,3,ca_dist_357_1461_A,chi3_deg,600,0.1833190328580711,0.23041863515803385,0.2944462858249526,0.67204684720813
Z944,3,ca_dist_357_1461_A,chi4_deg,600,0.36966433476913485,0.04170469382478774,0.37200941101983737,1.4584536092160418
Z944,3,ca_dist_357_1461_A,chi5_deg,600,-0.016175276973139047,0.06320124824243287,0.0652383120915876,-0.2505547007513578
Z944,3,ca_dist_357_1461_A,chi6_deg,600,-0.03541995432829019,0.03547614402773945,0.05013112765233868,-0.7846055995048381
Z944,3,ca_dist_357_1461_A,chi7_deg,600,0.044959408010776615,0.015758739628581993,0.0476412242009053,1.2336668895124605
Z944,3,ca_dist_384_916_A,chi1_deg,600,-0.12298594915157522,-0.03152294610961413,0.12696156828010388,-1.8217081249032052
Z944,3,ca_dist_384_916_A,chi2_deg,600,-0.11421732623944056,-0.29267925427654906,0.31417629365877314,-2.7695218350373905
Z944,3,ca_dist_384_916_A,chi3_deg,600,0.1765234474029519,0.25169859472635925,0.3074291952145189,0.6116171506147187
Z944,3,ca_dist_384_916_A,chi4_deg,600,0.46327879349027856,-0.026683922617637745,0.46404662720902545,1.6283307388511976
Z944,3,ca_dist_384_916_A,chi5_deg,600,-0.07036300054372134,-0.00994930287124316,0.071062933186996,-1.7112647370111476
Z944,3,ca_dist_384_916_A,chi6_deg,600,0.08876361392825649,0.0038319190605027673,0.0888462872679034,1.5276531839424554
Z944,3,ca_dist_384_916_A,chi7_deg,600,0.10547827983556124,-0.04212852192984333,0.11358027943733126,1.9507894188692494
Z944,3,ca_dist_1777_1465_A,chi1_deg,600,0.04439853317245433,0.021871981851452515,0.049493568652662294,1.113063305905274
Z944,3,ca_dist_1777_1465_A,chi2_deg,600,0.00025308800669276293,0.042215430985314155,0.04221618962927557,0.005995082099104163
Z944,3,ca_dist_1777_1465_A,chi3_deg,600,0.07938794176319494,0.12617241885473116,0.14907020016438613,0.5616152930781758
Z944,3,ca_dist_1777_1465_A,chi4_deg,600,0.08722620021008462,-0.00949895510057254,0.08774189507351923,1.6792691230219194
Z944,3,ca_dist_1777_1465_A,chi5_deg,600,0.03302363567407732,-0.009490430255028437,0.034360279096068924,1.8506380438496974
Z944,3,ca_dist_1777_1465_A,chi6_deg,600,-0.053419917640561906,-0.025100955187261575,0.05902326280406168,-2.0100589871175916
Z944,3,ca_dist_1777_1465_A,chi7_deg,600,-0.006831490661223499,0.028729922822608465,0.02953096222691402,-0.2334477857208881
Z944,3,ca_dist_925_1465_A,chi1_deg,600,-0.02801784901873824,0.08182985241857679,0.0864934946136579,-0.32988066565491747
Z944,3,ca_dist_925_1465_A,chi2_deg,600,-0.007191574622906798,0.029430624531011366,0.030296541153111936,-0.23966044908075784
Z944,3,ca_dist_925_1465_A,chi3_deg,600,0.020222349073539064,-0.02774856380415845,0.034335494684735776,2.5118171027107885
Z944,3,ca_dist_925_1465_A,chi4_deg,600,-0.025198954051410045,0.027191230170246966,0.03707223062423441,-0.7473888180330482
Z944,3,ca_dist_925_1465_A,chi5_deg,600,-0.06072620736106995,0.033008473749947614,0.06911752020841493,-1.0729091604456371
Z944,3,ca_dist_925_1465_A,chi6_deg,600,0.014354128304261832,-0.003252352763438618,0.014717975331989704,1.7936137531456045
Z944,3,ca_dist_925_1465_A,chi7_deg,600,0.005063608691908313,-0.02383954311130155,0.024371375602135686,2.932299340414582
Z944,3,ca_dist_384_875_A,chi1_deg,600,-0.09339474039812197,-0.03861639338687559,0.1010633631552133,-1.9628648698583098
Z944,3,ca_dist_384_875_A,chi2_deg,600,-0.09620378820825594,-0.29893466529073354,0.31403360167042926,-2.8302377163806627
Z944,3,ca_dist_384_875_A,chi3_deg,600,0.2901772463800838,0.379650053891159,0.47784620720090243,0.6526082752008378
Z944,3,ca_dist_384_875_A,chi4_deg,600,0.5401313381044889,-0.07275268117733101,0.5450090045320684,1.7046849391432448
Z944,3,ca_dist_384_875_A,chi5_deg,600,-0.12563635110813068,0.11246287599443766,0.16861907127221923,-0.8406694799420419
Z944,3,ca_dist_384_875_A,chi6_deg,600,0.10169489248507994,-0.028440264069144284,0.10559687390199876,1.8434921865551364
Z944,3,ca_dist_384_875_A,chi7_deg,600,0.1477380319792839,-0.0785228809607563,0.16730920156252319,2.0593258483103374
Z944,3,ca_dist_384_921_A,chi1_deg,600,-0.11686972357003336,-0.005212636860618201,0.11698591312793472,-1.6153689007463092
Z944,3,ca_dist_384_921_A,chi2_deg,600,-0.08640959568834086,-0.19803043013591878,0.2160617261035363,-2.73015203320193
Z944,3,ca_dist_384_921_A,chi3_deg,600,0.1148684532730257,0.15569903570191945,0.19348630772187697,0.6356210959921518
Z944,3,ca_dist_384_921_A,chi4_deg,600,0.2943095824642347,0.00014114812307444193,0.2943096163108926,1.5703167361846593
Z944,3,ca_dist_384_921_A,chi5_deg,600,-0.05607550780256521,-0.02899140235098731,0.06312657115345632,-2.0479563925284183
Z944,3,ca_dist_384_921_A,chi6_deg,600,0.09904619965007609,0.0023600013175700887,0.09907431186408346,1.5469735566507177
Z944,3,ca_dist_384_921_A,chi7_deg,600,0.06284942946886149,-0.007835879563277838,0.06333602287080861,1.6948332974518303
Z944,3,ca_dist_1816_1463_A,chi1_deg,600,0.07521293074756182,-0.0085992595793106,0.07570292079536889,1.6846342166478783
Z944,3,ca_dist_1816_1463_A,chi2_deg,600,0.06368346414408164,0.23067120374787595,0.2393006223223931,0.2693690268535866
Z944,3,ca_dist_1816_1463_A,chi3_deg,600,-0.2026867479045602,-0.29700344174711685,0.3595733057190978,-2.5427500429882013
Z944,3,ca_dist_1816_1463_A,chi4_deg,600,-0.45142373212194437,0.09205701571977462,0.4607145320761391,-1.369628675935483
Z944,3,ca_dist_1816_1463_A,chi5_deg,600,-0.01675174840682249,-0.10256119838454103,0.10392026024196947,-2.979688145308046
Z944,3,ca_dist_1816_1463_A,chi6_deg,600,-0.0476601050993473,0.06484001797054699,0.08047181834966628,-0.6338587427755464
Z944,3,ca_dist_1816_1463_A,chi7_deg,600,-0.10399870311928712,0.07484710974692618,0.12813204161318134,-0.9469756728136572
Z944,3,ca_dist_355_387_A,chi1_deg,600,0.05255780283469664,-0.011728096419150848,0.053850449250008536,1.7903460033012373
Z944,3,ca_dist_355_387_A,chi2_deg,600,0.08154864403027279,0.13491830133530927,0.15764875317737675,0.543670353088927
Z944,3,ca_dist_355_387_A,chi3_deg,600,-0.08476450273826491,-0.14776203286417913,0.17034858168068226,-2.6207693887939314
Z944,3,ca_dist_355_387_A,chi4_deg,600,-0.2621875418189825,0.07340145844991644,0.27226839917194856,-1.2978267170849296
Z944,3,ca_dist_355_387_A,chi5_deg,600,0.041161899509057714,0.00726271114139632,0.04179771458246405,1.3961513045362184
Z944,3,ca_dist_355_387_A,chi6_deg,600,-0.09027899297708691,0.09517193333469821,0.13117924175577914,-0.7590202661447956
Z944,3,ca_dist_355_387_A,chi7_deg,600,-0.10665800718784485,0.07819380035585541,0.13225052329338338,-0.9381820745037611
Z944,3,ca_dist_356_925_A,chi1_deg,600,-0.07270416787515385,-0.04032630756691031,0.08313908291772047,-2.0772124803664793
Z944,3,ca_dist_356_925_A,chi2_deg,600,-0.005646905624761368,-0.028593918976413835,0.029146178918765333,-2.946615332299044
Z944,3,ca_dist_356_925_A,chi3_deg,600,-0.045693563347101035,-0.0312773737600321,0.055373060604234976,-2.1710456155004225
Z944,3,ca_dist_356_925_A,chi4_deg,600,-0.0429515108457313,-0.1442312651350271,0.15049083070533387,-2.8521589936602405
Z944,3,ca_dist_356_925_A,chi5_deg,600,-0.028496303261258092,0.00524341397021592,0.0289746905008603,-1.3888284444115506
Z944,3,ca_dist_356_925_A,chi6_deg,600,0.0865125713157299,-0.02837623599535627,0.09104743689376107,1.887740401084775
Z944,3,ca_dist_356_925_A,chi7_deg,600,0.09161440075100927,-0.07252956755198278,0.11684920450839262,2.24044533926417
Z944,3,ca_dist_354_1461_A,chi1_deg,600,-0.025431151989517745,0.009479344704213508,0.02714040286243469,-1.2140037632831344
Z944,3,ca_dist_354_1461_A,chi2_deg,600,-0.01875656090110147,-0.19297735572089747,0.1938867411605717,-3.0447013422055775
Z944,3,ca_dist_354_1461_A,chi3_deg,600,0.18802398937897957,0.2035839704776677,0.27712714341514527,0.7456854865171084
Z944,3,ca_dist_354_1461_A,chi4_deg,600,0.3192667005707478,-0.0231130867376041,0.32010223503104684,1.643064543755531
Z944,3,ca_dist_354_1461_A,chi5_deg,600,-0.029034243120179236,0.07224837005974633,0.07786407547676735,-0.38211491103323597
Z944,3,ca_dist_354_1461_A,chi6_deg,600,0.0608233002116213,-0.022592612383182126,0.06488374205399783,1.9264481162971614
Z944,3,ca_dist_354_1461_A,chi7_deg,600,0.03765569409833598,0.019231419036566146,0.04228236956684729,1.0986115864204742
Z944,3,ca_dist_384_926_A,chi1_deg,600,-0.1049240812147531,-0.021304474373956182,0.10706513646893027,-1.7711195533363455
Z944,3,ca_dist_384_926_A,chi2_deg,600,-0.11005005597683971,-0.23169144127569768,0.25649939333440075,-2.6981562152086314
Z944,3,ca_dist_384_926_A,chi3_deg,600,0.11074855532108835,0.166047138636607,0.19959182036123813,0.5882129712283297
Z944,3,ca_dist_384_926_A,chi4_deg,600,0.3705970182124693,-0.004851951162757356,0.3706287783457446,1.5838878351802488
Z944,3,ca_dist_384_926_A,chi5_deg,600,-0.03048638727341342,-0.015464259556161875,0.03418425269923108,-2.040228133381268
Z944,3,ca_dist_384_926_A,chi6_deg,600,0.10514632580875552,0.04424087157709643,0.11407455697473519,1.1725264833665134
Z944,3,ca_dist_384_926_A,chi7_deg,600,0.09460058122604273,-0.042507775997633064,0.10371200985695946,1.993100828386944
Z944,3,ca_dist_354_1780_A,chi1_deg,600,-0.014371503249898228,-0.025408413992017993,0.02919122483301465,-2.626836379676905
Z944,3,ca_dist_354_1780_A,chi2_deg,600,-0.013569356053168788,0.0002351429380186426,0.013571393292472533,-1.5534690929845887
Z944,3,ca_dist_354_1780_A,chi3_deg,600,-0.09697810223864045,-0.14588234257551505,0.17517536981301945,-2.5549047645882266
Z944,3,ca_dist_354_1780_A,chi4_deg,600,-0.20404975632914474,-0.013783031436892156,0.20451473055399627,-1.6382412798946953
Z944,3,ca_dist_354_1780_A,chi5_deg,600,-0.023214561377054816,-0.030946295837342225,0.038685773689837846,-2.497991466683143
Z944,3,ca_dist_354_1780_A,chi6_deg,600,0.03698829535072741,0.050355067687101476,0.062480131519749654,0.6335393079621321
Z944,3,ca_dist_354_1780_A,chi7_deg,600,-0.029478797915838205,0.011765647703768901,0.03174003768825786,-1.1910467557229327
Z944,3,ca_dist_355_924_A,chi1_deg,600,-0.05243553476588482,-0.017690947287239845,0.05533945176909701,-1.8961886708771878
Z944,3,ca_dist_355_924_A,chi2_deg,600,0.036767801057242464,-0.03256966557120722,0.049118777570347175,2.2957218913883826
Z944,3,ca_dist_355_924_A,chi3_deg,600,-0.012094184885406131,-0.013508920546060852,0.018131746809454712,-2.411394764216726
Z944,3,ca_dist_355_924_A,chi4_deg,600,-0.05168922474844259,-0.08937146759825748,0.10324260349178238,-2.617234037190881
Z944,3,ca_dist_355_924_A,chi5_deg,600,-0.03298858862411063,0.007372106686425316,0.0338022918809781,-1.3509343987920621
Z944,3,ca_dist_355_924_A,chi6_deg,600,0.06901167146379536,0.002650723449827864,0.0690625595604036,1.532405414089215
Z944,3,ca_dist_355_924_A,chi7_deg,600,0.02963526724558991,-0.01971335237993967,0.03559305166423929,2.1577822175082466
Z944,3,ca_dist_1776_1781_A,chi1_deg,600,0.050617747943807856,0.046113975940223956,0.06847375543898858,0.8319239737064913
Z944,3,ca_dist_1776_1781_A,chi2_deg,600,0.10212258858447418,-0.013351482596541266,0.10299167532727836,1.7007987265429692
Z944,3,ca_dist_1776_1781_A,chi3_deg,600,0.05910140974892234,0.036067406361209774,0.06923752187892522,1.0228646246738213
Z944,3,ca_dist_1776_1781_A,chi4_deg,600,-0.02205209827526782,0.06371200543270833,0.06742043217452352,-0.3332154632224141
Z944,3,ca_dist_1776_1781_A,chi5_deg,600,-0.024814456331469305,-0.02413444625623174,0.03461544076162162,-2.342303140268169
Z944,3,ca_dist_1776_1781_A,chi6_deg,600,-0.026778784080505977,0.032592987348637165,0.042183007255751484,-0.6877806727997584
Z944,3,ca_dist_1776_1781_A,chi7_deg,600,-0.05065519102084466,0.037887096189859026,0.0632564655593236,-0.9286142560489771
Z944,3,ca_dist_384_960_A,chi1_deg,600,-0.053591800042734866,-0.06060993100193539,0.08090515909310014,-2.417571108909192
Z944,3,ca_dist_384_960_A,chi2_deg,600,-0.04586407799815838,-0.1564699241969863,0.16305321471480344,-2.856461949035295
Z944,3,ca_dist_384_960_A,chi3_deg,600,0.05901397169614293,0.09300884376650252,0.1101512318321263,0.5654005563915729
Z944,3,ca_dist_384_960_A,chi4_deg,600,0.22823468000349376,-0.013686584958056618,0.22864468453062997,1.6306917569657096
Z944,3,ca_dist_384_960_A,chi5_deg,600,-0.07247122793410302,0.02095550926585702,0.07544012358730685,-1.2893173659988932
Z944,3,ca_dist_384_960_A,chi6_deg,600,0.05299247589221756,-0.0013975683900276405,0.05301090169570844,1.5971631738493246
Z944,3,ca_dist_384_960_A,chi7_deg,600,0.06279582673094834,-0.04992204430222873,0.08022173248027603,2.2424748189430845
Z944,3,ca_dist_925_1459_A,chi1_deg,600,-0.033115990453993424,0.07063656644992941,0.07801405862781577,-0.43839575146788695
Z944,3,ca_dist_925_1459_A,chi2_deg,600,0.0014246512216587563,0.05555488829404344,0.05557315219120667,0.02563841089926453
Z944,3,ca_dist_925_1459_A,chi3_deg,600,-0.03961500223345743,-0.10727921364347953,0.114359862197889,-2.787854926377922
Z944,3,ca_dist_925_1459_A,chi4_deg,600,-0.16844548655862773,0.08328976884419595,0.18791239324773773,-1.111589512951893
Z944,3,ca_dist_925_1459_A,chi5_deg,600,-0.05556546519936766,0.026458941947398798,0.061543452387707004,-1.1263889027969554
Z944,3,ca_dist_925_1459_A,chi6_deg,600,0.09595179623045011,-0.06833446983734062,0.1177979073150293,2.189646777440024
Z944,3,ca_dist_925_1459_A,chi7_deg,600,-0.05533941445716309,0.050751235589423065,0.07508754028675325,-0.8286189519203971
Z944,3,ca_dist_956_1464_A,chi1_deg,600,0.03397760854035895,-0.02008014546983123,0.039467583207126546,2.1045583475456344
Z944,3,ca_dist_956_1464_A,chi2_deg,600,0.04809040846976338,0.04143408527457261,0.0634781128368609,0.8596135828519423
Z944,3,ca_dist_956_1464_A,chi3_deg,600,-0.22978504593409202,-0.27385087859101764,0.35748492421360245,-2.4434676498868657
Z944,3,ca_dist_956_1464_A,chi4_deg,600,-0.31105214425778355,-0.016381728208136954,0.3114832218056861,-1.6234132525778573
Z944,3,ca_dist_956_1464_A,chi5_deg,600,0.035055051624048844,-0.005435476178213071,0.03547394883077794,1.7246267580865944
Z944,3,ca_dist_956_1464_A,chi6_deg,600,0.05046489810312962,0.08072720859552979,0.09520287888601602,0.5586918862648709
Z944,3,ca_dist_956_1464_A,chi7_deg,600,-0.09345412798124891,0.049511182392774356,0.10575930795285217,-1.0836007067133187
Z944,3,ca_dist_384_918_A,chi1_deg,600,-0.11425136860464295,-0.007497081738179184,0.11449708058558931,-1.6363215720437947
Z944,3,ca_dist_384_918_A,chi2_deg,600,-0.08756106760792841,-0.24917523036319664,0.2641121655418249,-2.803667977888668
Z944,3,ca_dist_384_918_A,chi3_deg,600,0.10642067108869331,0.1440595475345561,0.1791047527868227,0.6362472362787044
Z944,3,ca_dist_384_918_A,chi4_deg,600,0.3214060896632063,-0.007328710936588824,0.3214896335445127,1.5935944050618749
Z944,3,ca_dist_384_918_A,chi5_deg,600,-0.04516031723217285,-0.030639414421979948,0.05457314329074623,-2.1669183421942084
Z944,3,ca_dist_384_918_A,chi6_deg,600,0.09030444797126104,0.011201753415531916,0.09099655269831144,1.447382424540179
Z944,3,ca_dist_384_918_A,chi7_deg,600,0.0650467052464371,-0.02463867038955672,0.0695567246352363,1.932880600388879
Z944,3,ca_dist_926_1460_A,chi1_deg,600,-0.06900742652236058,0.02993896254404199,0.07522211372630089,-1.161452489596526
Z944,3,ca_dist_926_1460_A,chi2_deg,600,-0.011483296360786578,0.04557997625566756,0.047004258645115045,-0.2468011758299035
Z944,3,ca_dist_926_1460_A,chi3_deg,600,0.08734947731259562,0.05001563922703858,0.1006553294866841,1.0507733704605124
Z944,3,ca_dist_926_1460_A,chi4_deg,600,-0.04484753688385559,0.07418816193067454,0.08669016631199167,-0.5437295841410971
Z944,3,ca_dist_926_1460_A,chi5_deg,600,0.020103747792837846,0.01900282208627155,0.027663476328193503,0.813542667216818
Z944,3,ca_dist_926_1460_A,chi6_deg,600,0.017703364108400062,-0.016588296606125836,0.02426068187515333,2.323688781318524
Z944,3,ca_dist_926_1460_A,chi7_deg,600,-0.06251912617837346,0.08639165608510177,0.10664032717144993,-0.6264364478325704
Z944,3,ca_dist_1778_1465_A,chi1_deg,600,0.05267273828467189,0.026118811813869096,0.058792939108143316,1.1104584612497221
Z944,3,ca_dist_1778_1465_A,chi2_deg,600,-0.007018421904167647,0.08525293430809,0.08554134119923774,-0.08213946743730426
Z944,3,ca_dist_1778_1465_A,chi3_deg,600,0.05018179753442624,0.0852777563497878,0.09894699859945183,0.5318844506541865
Z944,3,ca_dist_1778_1465_A,chi4_deg,600,0.01363730675123587,0.0003030956708452853,0.013640674558576222,1.5485745065891596
Z944,3,ca_dist_1778_1465_A,chi5_deg,600,0.011363325596203844,-0.032632463962043654,0.03455434665623732,2.806503120511331
Z944,3,ca_dist_1778_1465_A,chi6_deg,600,-0.03005789150992745,-0.03590448485043046,0.046825301647692136,-2.4445987402830567
Z944,3,ca_dist_1778_1465_A,chi7_deg,600,-2.6971523764504624e-05,0.024836107873929397,0.024836122519196754,-0.0010859798684414628
Z944,3,ca_dist_353_355_A,chi1_deg,600,0.03581985105813541,0.03986211426603031,0.05359150943559121,0.7320376845135758
Z944,3,ca_dist_353_355_A,chi2_deg,600,0.02577492457654819,-0.09203770488980208,0.09557868935232919,2.8685399504898355
Z944,3,ca_dist_353_355_A,chi3_deg,600,0.03492312103178973,0.058613145369642294,0.06822847787195502,0.537343283213579
Z944,3,ca_dist_353_355_A,chi4_deg,600,0.16668434882392588,0.0720132548903255,0.18157527646338636,1.1629831939485216
Z944,3,ca_dist_353_355_A,chi5_deg,600,0.059888930207749436,0.05684607971109172,0.08257215474933711,0.8114585682607205
Z944,3,ca_dist_353_355_A,chi6_deg,600,-0.057330951874113856,0.07050923809224358,0.09087568816323016,-0.6826769246156962
Z944,3,ca_dist_353_355_A,chi7_deg,600,-0.011644494383599237,0.025962595535701904,0.028454360235298258,-0.4216144920683735
Z944,3,ca_dist_925_1461_A,chi1_deg,600,-0.08643196694255623,-0.005078670712403845,0.08658104761299762,-1.6294880126321767
Z944,3,ca_dist_925_1461_A,chi2_deg,600,0.006235530941937822,-0.07401995413540874,0.07428213416654018,3.0575498683131856
Z944,3,ca_dist_925_1461_A,chi3_deg,600,0.06397354075111886,0.01402391051586363,0.06549262540463634,1.3549956391571545
Z944,3,ca_dist_925_1461_A,chi4_deg,600,0.026371622527719,0.013993771707137968,0.029854448937067846,1.0829401858454843
Z944,3,ca_dist_925_1461_A,chi5_deg,600,-0.025069809728953493,0.07296598983156481,0.07715264760166012,-0.33094593310914094
Z944,3,ca_dist_925_1461_A,chi6_deg,600,0.0812688134582556,-0.018724115256876013,0.08339791683888467,1.7972420215270446
Z944,3,ca_dist_925_1461_A,chi7_deg,600,-0.07976378488515129,0.09832930675564099,0.12661324554030529,-0.6815271783045193
Z944,3,ca_dist_1777_1782_A,chi1_deg,600,-0.009380455390382837,0.00029930135390689866,0.009385229066539234,-1.5389002369526945
Z944,3,ca_dist_1777_1782_A,chi2_deg,600,0.05116843730290431,-0.20603395283209402,0.21229271936559388,2.89816796729751
Z944,3,ca_dist_1777_1782_A,chi3_deg,600,0.1516958196053088,0.17825650648886676,0.23406623804244342,0.7050728085603266
Z944,3,ca_dist_1777_1782_A,chi4_deg,600,0.28160896581378864,0.020047897961672008,0.2823216744059747,1.4997256763808569
Z944,3,ca_dist_1777_1782_A,chi5_deg,600,-0.028903021220267357,0.06951732322921746,0.07528640557640351,-0.39402444581197654
Z944,3,ca_dist_1777_1782_A,chi6_deg,600,-0.02468770258528509,0.035471261622247494,0.043216814551901205,-0.6080307406087794
Z944,3,ca_dist_1777_1782_A,chi7_deg,600,0.00850443487570296,0.023803455955899527,0.025277063278781448,0.3431431846754912
Z944,3,ca_dist_1820_1463_A,chi1_deg,600,0.0781656137395986,-0.008577972655854275,0.0786348827567811,1.6800999432899926
Z944,3,ca_dist_1820_1463_A,chi2_deg,600,0.08925157435811426,0.26293099024937616,0.2776662549877452,0.32724422134599684
Z944,3,ca_dist_1820_1463_A,chi3_deg,600,-0.25283172760295347,-0.34269136389612004,0.4258652995627573,-2.505956639209046
Z944,3,ca_dist_1820_1463_A,chi4_deg,600,-0.587009587217712,0.06966680250566147,0.5911291896505124,-1.4526680172663118
Z944,3,ca_dist_1820_1463_A,chi5_deg,600,-0.00011995990533059456,-0.11488187118734378,0.11488193381852664,-3.140548451745838
Z944,3,ca_dist_1820_1463_A,chi6_deg,600,-0.05757804084414765,0.05752482684268995,0.08139002697340625,-0.7858604802687466
Z944,3,ca_dist_1820_1463_A,chi7_deg,600,-0.1227743335234028,0.08177738772152485,0.1475163655825087,-0.983200778928234
Z944,3,ca_dist_351_356_A,chi1_deg,600,-0.015379852228612201,-0.041195386290170666,0.043972715474147474,-2.784278828669524
Z944,3,ca_dist_351_356_A,chi2_deg,600,0.034196251235068725,-0.10993563740889423,0.11513135094765371,2.840022930118505
Z944,3,ca_dist_351_356_A,chi3_deg,600,-0.0010393281066712091,0.023652747163230792,0.02367557076991047,-0.04391286789207476
Z944,3,ca_dist_351_356_A,chi4_deg,600,0.11983360534873008,0.05556707397760028,0.13209009304753816,1.1366064784719936
Z944,3,ca_dist_351_356_A,chi5_deg,600,-0.003595921450204858,0.08425429459560106,0.08433099554065737,-0.042653499042797714
Z944,3,ca_dist_351_356_A,chi6_deg,600,-0.04992784528507157,0.09247627252239868,0.10509353317139448,-0.49505504773259484
Z944,3,ca_dist_351_356_A,chi7_deg,600,0.047447735648042826,0.0017309472715689792,0.04747929861090522,1.5343313623437123
Z944,3,ca_dist_353_926_A,chi1_deg,600,-0.025379969356806253,0.008771440627604522,0.02685295170434743,-1.2380423572944597
Z944,3,ca_dist_353_926_A,chi2_deg,600,-0.060545578422048836,-0.006086373302941293,0.06085072724662559,-1.6709852289119367
Z944,3,ca_dist_353_926_A,chi3_deg,600,-0.016193543768652098,-0.001727955009328732,0.01628547476438791,-1.6771004911604053
Z944,3,ca_dist_353_926_A,chi4_deg,600,0.047145713881389384,0.017449729883838555,0.0502713776457813,1.2163079091949185
Z944,3,ca_dist_353_926_A,chi5_deg,600,-0.02078196258659199,-0.08271919400137367,0.08528982955304462,-2.8954519088303896
Z944,3,ca_dist_353_926_A,chi6_deg,600,0.021198026334889573,0.047642165127451036,0.05214529910285282,0.4186401946610019
Z944,3,ca_dist_353_926_A,chi7_deg,600,0.1180321992007651,-0.07827999929262239,0.1416310641682186,2.1564012364979708
Z944,3,ca_dist_357_1781_A,chi1_deg,600,0.025476489345226772,0.027474816911485515,0.0374688814041346,0.7476770980467117
Z944,3,ca_dist_357_1781_A,chi2_deg,600,0.05018569823557079,-0.008826558187203348,0.05095598528950117,1.7448937367363364
Z944,3,ca_dist_357_1781_A,chi3_deg,600,-0.01173059892714666,-0.04241778995229001,0.044009951779412,-2.8717868872102046
Z944,3,ca_dist_357_1781_A,chi4_deg,600,-0.0815624048494077,0.1407396304504769,0.16266551405923596,-0.5252297266160988
Z944,3,ca_dist_357_1781_A,chi5_deg,600,-0.027494058231796105,-0.011188432993423907,0.029683400595311375,-1.957271137704266
Z944,3,ca_dist_357_1781_A,chi6_deg,600,-0.06559484438639282,0.09137409360138213,0.11248070319636712,-0.6226197374151063
Z944,3,ca_dist_357_1781_A,chi7_deg,600,-0.02743141846400031,0.029807338674036975,0.04050876643117928,-0.7439130373445964
Z944,3,ca_dist_923_1816_A,chi1_deg,600,0.04123657739242656,-0.01926718270128952,0.045515707665447276,2.0078902903058693
Z944,3,ca_dist_923_1816_A,chi2_deg,600,0.06224818399690071,0.2068985361426547,0.2160598080830523,0.29224865841382286
Z944,3,ca_dist_923_1816_A,chi3_deg,600,-0.09564034639346608,-0.1671154884377813,0.1925478183051171,-2.621789176095739
Z944,3,ca_dist_923_1816_A,chi4_deg,600,-0.311859272110223,0.08623732710926221,0.3235631038732136,-1.3010115727426108
Z944,3,ca_dist_923_1816_A,chi5_deg,600,-0.035520158197542936,-0.04722432882200926,0.05909161421951284,-2.4967118348025923
Z944,3,ca_dist_923_1816_A,chi6_deg,600,-0.049952975778189204,0.0035728917138266314,0.05008058849789095,-1.499392821580616
Z944,3,ca_dist_923_1816_A,chi7_deg,600,-0.09602883551440478,0.07515069451645118,0.12193918212189868,-0.9067650642160671
Z944,3,ca_dist_384_917_A,chi1_deg,600,-0.11259398935386725,-0.00910686462025406,0.11296168121018033,-1.65150297347669
Z944,3,ca_dist_384_917_A,chi2_deg,600,-0.0854359139645265,-0.24124825321829652,0.2559297072944704,-2.801233461033119
Z944,3,ca_dist_384_917_A,chi3_deg,600,0.1552457404002707,0.21546583142602754,0.26556875649168066,0.6243602392534738
Z944,3,ca_dist_384_917_A,chi4_deg,600,0.39564933242789,0.0021032206473534047,0.39565492261278196,1.5654805062840667
Z944,3,ca_dist_384_917_A,chi5_deg,600,-0.06330327467499147,-0.034100984321954894,0.071903975664101,-2.0649165433147627
Z944,3,ca_dist_384_917_A,chi6_deg,600,0.08234336790709684,0.007777926769795301,0.08270989289752348,1.4766185196055974
Z944,3,ca_dist_384_917_A,chi7_deg,600,0.0841044047328582,-0.026114970198226096,0.0880655583297049,1.871864086934745
Z944,3,ca_dist_1776_1465_A,chi1_deg,600,0.08031265297008705,0.03318396849589872,0.08689820476989402,1.1789756569125918
Z944,3,ca_dist_1776_1465_A,chi2_deg,600,0.007593669764647506,0.12390371598433982,0.12413619397751192,0.06121030025904886
Z944,3,ca_dist_1776_1465_A,chi3_deg,600,0.03186333753653925,0.048503038952238536,0.058032896417202884,0.5812349102081705
Z944,3,ca_dist_1776_1465_A,chi4_deg,600,-0.059804878913565486,-0.001332543610990708,0.05981972262006421,-1.5930741606427865
Z944,3,ca_dist_1776_1465_A,chi5_deg,600,0.0016353407775448192,-0.06158475349091829,0.061606462339562025,3.115044580070924
Z944,3,ca_dist_1776_1465_A,chi6_deg,600,-0.01716983956515314,-0.03976408742714359,0.04331265449734773,-2.7339826912677268
Z944,3,ca_dist_1776_1465_A,chi7_deg,600,-0.014583802552461517,0.02238713413714885,0.026718365813871898,-0.5773845955022321
Z944,3,ca_dist_926_1459_A,chi1_deg,600,-0.031131357871184397,0.055298873718268256,0.063459647630701,-0.5127430011811427
Z944,3,ca_dist_926_1459_A,chi2_deg,600,-0.007910146711260592,0.07922819478393546,0.07962209033751176,-0.09951028093121654
Z944,3,ca_dist_926_1459_A,chi3_deg,600,0.029407398848552133,-0.024517688805188058,0.03828723248533209,2.26576581033258
Z944,3,ca_dist_926_1459_A,chi4_deg,600,-0.11814550302936283,0.11586717310554413,0.16547979239028346,-0.7951337810539213
Z944,3,ca_dist_926_1459_A,chi5_deg,600,-0.058686297874032595,0.005442152367041847,0.05893809108332049,-1.4783278491469083
Z944,3,ca_dist_926_1459_A,chi6_deg,600,0.06180618296511071,-0.06417231457506081,0.08909596068642676,2.3749743096527753
Z944,3,ca_dist_926_1459_A,chi7_deg,600,-0.0030223638542674408,0.006236041457729427,0.006929855433564433,-0.45130099019514147
Z944,3,ca_dist_926_1461_A,chi1_deg,600,-0.06667465223750073,-0.015723907209920406,0.06850365325249338,-1.8023950443852714
Z944,3,ca_dist_926_1461_A,chi2_deg,600,-0.023119427333582944,-0.0611575518965604,0.0653816034845682,-2.7801676512959186
Z944,3,ca_dist_926_1461_A,chi3_deg,600,0.151358456340404,0.12795405802399268,0.1981959214276552,0.8689957492967519
Z944,3,ca_dist_926_1461_A,chi4_deg,600,0.13731339643044635,0.04250564941829868,0.1437417791448827,1.2705993444482406
Z944,3,ca_dist_926_1461_A,chi5_deg,600,-0.0024834547388149775,0.03235807069092956,0.0324532322932391,-0.07659899490738355
Z944,3,ca_dist_926_1461_A,chi6_deg,600,0.037907838038036865,-0.026466990580540813,0.04623316747864536,2.1803085702945464
Z944,3,ca_dist_926_1461_A,chi7_deg,600,-0.0036284042277766222,0.03494412979575967,0.035132001429224693,-0.1034636709851302
Z944,3,ca_dist_1776_1464_A,chi1_deg,600,0.1012282815649328,0.060181389879444665,0.11776656858553296,1.0344221716363682
Z944,3,ca_dist_1776_1464_A,chi2_deg,600,0.0459341804202727,0.192953215491395,0.19834538638282181,0.23370854765499466
Z944,3,ca_dist_1776_1464_A,chi3_deg,600,-0.046871212699560294,-0.06602639441381386,0.08097157117912393,-2.5242625620256383
Z944,3,ca_dist_1776_1464_A,chi4_deg,600,-0.2253024293030375,0.036441402494389416,0.22823049854392446,-1.4104406871815678
Z944,3,ca_dist_1776_1464_A,chi5_deg,600,-0.014443619045699171,-0.10484151363570574,0.10583175852532715,-3.0046882201973553
Z944,3,ca_dist_1776_1464_A,chi6_deg,600,-0.0546671093736462,-0.0005605204146309443,0.054669982901089466,-1.5810493066873392
Z944,3,ca_dist_1776_1464_A,chi7_deg,600,-0.018849706514920257,0.0009987254322373282,0.018876146009914864,-1.5178622166043418
mZ944,1,ca_dist_357_1462_A,chi1_deg,600,-0.17033331229784726,-0.10777739708917455,0.2015673698833062,-2.1349450558087
mZ944,1,ca_dist_357_1462_A,chi2_deg,600,-0.3070022885863944,-0.40686474563297276,0.509695327069287,-2.495181991769553
mZ944,1,ca_dist_357_1462_A,chi3_deg,600,0.4048074317761602,0.30926868087264936,0.5094272998082446,0.9184018089595597
mZ944,1,ca_dist_357_1462_A,chi4_deg,600,-0.2926400878844887,-0.06281391407255345,0.29930554428235273,-1.7822337427826755
mZ944,1,ca_dist_357_1462_A,chi5_deg,600,0.17182685899515962,-0.1875487875064543,0.25436001487514426,2.3999145090998755
mZ944,1,ca_dist_357_1462_A,chi6_deg,600,-0.23166282089711232,0.1032552403809037,0.2536322283388405,-1.1515127925284097
mZ944,1,ca_dist_357_1462_A,chi7_deg,600,0.1571456474516259,0.3514195322262854,0.3849551170501984,0.4205012663327713
mZ944,1,ca_dist_1820_1462_A,chi1_deg,600,-0.12156955943761481,-0.06721516798220022,0.1389137739345208,-2.0758592574836623
mZ944,1,ca_dist_1820_1462_A,chi2_deg,600,-0.18276698812817146,-0.1725959471595843,0.2513824435503744,-2.3275807435895524
mZ944,1,ca_dist_1820_1462_A,chi3_deg,600,0.35265735847043755,0.3070194853826078,0.46757692082474306,0.85447027294765
mZ944,1,ca_dist_1820_1462_A,chi4_deg,600,-0.13306854325444378,0.11959210917520634,0.1789120168709588,-0.8386857481083374
mZ944,1,ca_dist_1820_1462_A,chi5_deg,600,0.16034536629143628,-0.11730913190665083,0.19867578845905426,2.2024189386381487
mZ944,1,ca_dist_1820_1462_A,chi6_deg,600,-0.14157066849874567,0.17203072138017222,0.22279322987416872,-0.6885720534187322
mZ944,1,ca_dist_1820_1462_A,chi7_deg,600,0.21182502680387583,0.32745065324498623,0.38999201567600195,0.5741868409222513
mZ944,1,ca_dist_355_388_A,chi1_deg,600,-0.08569570737100222,-0.10005451274722214,0.13173708582969523,-2.43334275350871
mZ944,1,ca_dist_355_388_A,chi2_deg,600,-0.02469853802881962,-0.04310323869138506,0.04967803303722444,-2.6212560494971187
mZ944,1,ca_dist_355_388_A,chi3_deg,600,0.027429535180118522,-0.005299778819187334,0.02793684047507281,1.761658755915998
mZ944,1,ca_dist_355_388_A,chi4_deg,600,-0.0021354351981288967,-0.047117658606235305,0.047166024170149715,-3.0963023105946568
mZ944,1,ca_dist_355_388_A,chi5_deg,600,0.03624731760696819,-0.02357654753280431,0.04324027783521988,2.147477741934967
mZ944,1,ca_dist_355_388_A,chi6_deg,600,0.017415817247919584,0.02149479603916726,0.027664723876777333,0.680950183659107
mZ944,1,ca_dist_355_388_A,chi7_deg,600,-0.03793296806201154,-0.08637584297110534,0.09433820177935678,-2.7277882666173525
mZ944,1,ca_dist_354_1459_A,chi1_deg,600,-0.15069504926890942,-0.056001561570961485,0.1607643392439543,-1.9266019804331878
mZ944,1,ca_dist_354_1459_A,chi2_deg,600,-0.3429629419403423,-0.3776396859537715,0.5101326415273167,-2.4042792634917682
mZ944,1,ca_dist_354_1459_A,chi3_deg,600,0.4923336250951462,0.41224294030864134,0.6421344409340166,0.8737073056657702
mZ944,1,ca_dist_354_1459_A,chi4_deg,600,-0.3580240931253989,0.00609165900793553,0.3580759131353759,-1.5537833062064386
mZ944,1,ca_dist_354_1459_A,chi5_deg,600,0.23600461406076978,-0.23270792107995858,0.33143800987715505,2.3491610989929343
mZ944,1,ca_dist_354_1459_A,chi6_deg,600,-0.225485384594992,0.12681916653717554,0.2587020673808683,-1.0584619915876816
mZ944,1,ca_dist_354_1459_A,chi7_deg,600,0.2584117080003969,0.48757515521786665,0.5518207524345284,0.4873535769460474
mZ944,1,ca_dist_357_1780_A,chi1_deg,600,-0.05936919340871118,-0.011446926675541938,0.06046266001687478,-1.7612681917888364
mZ944,1,ca_dist_357_1780_A,chi2_deg,600,-0.11813942428342919,-0.1583884678034502,0.19759511710349698,-2.50073099190705
mZ944,1,ca_dist_357_1780_A,chi3_deg,600,0.20752267769497085,0.16718499156663846,0.26648918019842327,0.8926362660738524
mZ944,1,ca_dist_357_1780_A,chi4_deg,600,-0.022021442465103618,-0.06153724497745636,0.06535882838346589,-2.7979368158413407
mZ944,1,ca_dist_357_1780_A,chi5_deg,600,0.05196352406355288,-0.0976978552069816,0.11065748390934876,2.652767587033722
mZ944,1,ca_dist_357_1780_A,chi6_deg,600,-0.10628723021522893,0.10208515140870486,0.14737148111138487,-0.8055616288488002
mZ944,1,ca_dist_357_1780_A,chi7_deg,600,0.3120419086754822,0.5451611319059638,0.6281487184662798,0.5198666157321299
mZ944,1,ca_dist_384_872_A,chi1_deg,600,0.04756820736716473,0.09700925463975349,0.10804411061175949,0.4558955172665818
mZ944,1,ca_dist_384_872_A,chi2_deg,600,0.10979446711091367,0.08602784470005159,0.1394833863652073,0.9061757531449407
mZ944,1,ca_dist_384_872_A,chi3_deg,600,-0.07703454225755492,-0.08213649964254965,0.11260872645741792,-2.3882368210463247
mZ944,1,ca_dist_384_872_A,chi4_deg,600,0.12705288410841042,-0.08275194145231797,0.1516255887849839,2.1480981411080062
mZ944,1,ca_dist_384_872_A,chi5_deg,600,-0.12312421300459352,0.07748413338428155,0.1454763305638194,-1.009098830219302
mZ944,1,ca_dist_384_872_A,chi6_deg,600,-0.0021404038427125707,-0.019347631903367576,0.019465666926106222,-3.0314119612964445
mZ944,1,ca_dist_384_872_A,chi7_deg,600,-0.10202278231086545,-0.09505983756639892,0.1394454044728631,-2.3208790989438643
mZ944,1,ca_dist_384_1466_A,chi1_deg,600,0.05389057414641009,0.04423977842616189,0.06972339619543516,0.8834296123511687
mZ944,1,ca_dist_384_1466_A,chi2_deg,600,0.022825190546304927,0.06161933871766263,0.06571097493932931,0.3547515075941643
mZ944,1,ca_dist_384_1466_A,chi3_deg,600,-0.12051438565240921,-0.029284170435786697,0.12402128763760606,-1.8091695151535414
mZ944,1,ca_dist_384_1466_A,chi4_deg,600,0.06384768964384405,-0.022167844187674965,0.0675865429563139,1.9049735101032081
mZ944,1,ca_dist_384_1466_A,chi5_deg,600,-0.031151770699019726,0.014746080831681468,0.034465630961565,-1.1286848707419113
mZ944,1,ca_dist_384_1466_A,chi6_deg,600,-0.035447208227878675,0.02923722805925021,0.045949103100487144,-0.8811090731167077
mZ944,1,ca_dist_384_1466_A,chi7_deg,600,-0.17945405437164122,-0.314671743430862,0.3622458609069788,-2.623305493865365
mZ944,1,ca_dist_384_1463_A,chi1_deg,600,0.060690968131552746,0.05651200622965801,0.08292768211427386,0.8210388314148607
mZ944,1,ca_dist_384_1463_A,chi2_deg,600,0.17903885975400616,0.2491880453044067,0.3068380602608577,0.6230271875974227
mZ944,1,ca_dist_384_1463_A,chi3_deg,600,-0.2201683971312809,-0.13372168188371872,0.25759582935515063,-2.11661070155133
mZ944,1,ca_dist_384_1463_A,chi4_deg,600,0.2087456289072672,-0.04790748625261837,0.2141725118378531,1.7963914424498646
mZ944,1,ca_dist_384_1463_A,chi5_deg,600,-0.1359463734026079,0.13284272216012916,0.19007526212591308,-0.7969444402733947
mZ944,1,ca_dist_384_1463_A,chi6_deg,600,0.0906286486705131,-0.0207642425556593,0.09297690965370675,1.796022546094617
mZ944,1,ca_dist_384_1463_A,chi7_deg,600,-0.12391471273357821,-0.3052011210482001,0.3293972985938459,-2.75591598741992
mZ944,1,ca_dist_384_950_A,chi1_deg,600,0.07504610062705869,0.017312535247135045,0.07701714806463501,1.3440708032778392
mZ944,1,ca_dist_384_950_A,chi2_deg,600,0.09201141496851865,0.12695753548594846,0.15679386563630224,0.6271388373532092
mZ944,1,ca_dist_384_950_A,chi3_deg,600,-0.17120054714205457,-0.13013063497366098,0.21504327355299224,-2.220734229583955
mZ944,1,ca_dist_384_950_A,chi4_deg,600,0.11276674939744412,-0.017074349224883344,0.11405206342332978,1.7210678716711831
mZ944,1,ca_dist_384_950_A,chi5_deg,600,-0.07144408700575529,0.03778896433198422,0.08082241887848883,-1.084272992659064
mZ944,1,ca_dist_384_950_A,chi6_deg,600,0.0530413109937521,-0.033714095044864154,0.06284919153521437,2.1369957624072353
mZ944,1,ca_dist_384_950_A,chi7_deg,600,-0.16376743382350373,-0.22855829966240637,0.2811737340608223,-2.519862839816245
mZ944,1,ca_dist_1776_1782_A,chi1_deg,600,-0.017362763938691614,0.029252960388917875,0.034017661046966886,-0.5356549951940983
mZ944,1,ca_dist_1776_1782_A,chi2_deg,600,-0.1480438507979082,-0.15073641115864067,0.21127812808726812,-2.3652060877326018
mZ944,1,ca_dist_1776_1782_A,chi3_deg,600,0.1563072401274871,0.16764104693600107,0.2292061821462729,0.7504259586946503
mZ944,1,ca_dist_1776_1782_A,chi4_deg,600,-0.18018619433962638,-0.0519973846686375,0.1875387763716503,-1.8517395810080168
mZ944,1,ca_dist_1776_1782_A,chi5_deg,600,0.14676396741460568,-0.13120169449450647,0.19685920544771393,2.3002665618568763
mZ944,1,ca_dist_1776_1782_A,chi6_deg,600,-0.005327217703186893,0.001150470261792335,0.005450030300871396,-1.3581019873885203
mZ944,1,ca_dist_1776_1782_A,chi7_deg,600,-0.2403910780649014,-0.389933814620554,0.4580788689709907,-2.589134856223339
mZ944,1,ca_dist_356_1782_A,chi1_deg,600,-0.03404876190092386,0.011389687843804668,0.035903247432023694,-1.2479861823695604
mZ944,1,ca_dist_356_1782_A,chi2_deg,600,-0.1542411423203634,-0.1927426072338421,0.24686037071103517,-2.4667028621234226
mZ944,1,ca_dist_356_1782_A,chi3_deg,600,0.21833073648688162,0.1974862678262726,0.29439622360834455,0.8354851839430408
mZ944,1,ca_dist_356_1782_A,chi4_deg,600,-0.11385431383457471,-0.04100316146948543,0.12101266061546835,-1.916473265181784
mZ944,1,ca_dist_356_1782_A,chi5_deg,600,0.11904790221214381,-0.1523347993212251,0.19333466865865023,2.4782415395090363
mZ944,1,ca_dist_356_1782_A,chi6_deg,600,-0.11371421035019579,0.10800091130114586,0.1568283089159816,-0.8111611105627086
mZ944,1,ca_dist_356_1782_A,chi7_deg,600,0.25618924347075533,0.43791532902631475,0.5073487595987038,0.5293320003057257
mZ944,1,ca_dist_1777_1464_A,chi1_deg,600,0.10079102285372468,0.054771424249006134,0.11471154781522508,1.0730222911639535
mZ944,1,ca_dist_1777_1464_A,chi2_deg,600,0.3067637332862983,0.37741096197027735,0.48635688776358177,0.6825037813456512
mZ944,1,ca_dist_1777_1464_A,chi3_deg,600,-0.3241962204434562,-0.25970104745557465,0.4153887617634169,-2.246184071325873
mZ944,1,ca_dist_1777_1464_A,chi4_deg,600,0.3279597407735556,-0.03134545661116522,0.32945429002886006,1.6660840272557589
mZ944,1,ca_dist_1777_1464_A,chi5_deg,600,-0.20992877847059616,0.19601193020453225,0.28721206244282826,-0.8196676996986694
mZ944,1,ca_dist_1777_1464_A,chi6_deg,600,0.1611685609954947,-0.029997262715899597,0.16393639261556658,1.7548142313065183
mZ944,1,ca_dist_1777_1464_A,chi7_deg,600,-0.05402289486460922,-0.21626311302596246,0.22290851761481176,-2.896800627571736
mZ944,1,ca_dist_357_1782_A,chi1_deg,600,-0.07486404421787338,-0.017731075862980096,0.07693514260670774,-1.8033547613479204
mZ944,1,ca_dist_357_1782_A,chi2_deg,600,-0.1553247696369978,-0.20393215049391344,0.2563476273887835,-2.490677616906721
mZ944,1,ca_dist_357_1782_A,chi3_deg,600,0.25885858931396877,0.2099906767593936,0.33332244687012313,0.8892526369490608
mZ944,1,ca_dist_357_1782_A,chi4_deg,600,-0.0963183523677625,-0.08931628884660377,0.13135685918965334,-2.318492768482465
mZ944,1,ca_dist_357_1782_A,chi5_deg,600,0.10571405754625504,-0.1504172277414491,0.18384995067803495,2.528986272378611
mZ944,1,ca_dist_357_1782_A,chi6_deg,600,-0.09408524930732794,0.09920922015235747,0.13672784464205157,-0.7588957438095704
mZ944,1,ca_dist_357_1782_A,chi7_deg,600,0.23856939432403074,0.432666273054102,0.49408041829914856,0.5039124889894157
mZ944,1,ca_dist_384_876_A,chi1_deg,600,0.03185326697718375,0.05704089816263473,0.06533218716926452,0.509291240264018
mZ944,1,ca_dist_384_876_A,chi2_deg,600,0.0275778798956142,0.0064576304054857064,0.028323849491034503,1.3407807584932243
mZ944,1,ca_dist_384_876_A,chi3_deg,600,-0.042117275046731434,-0.03207810111491638,0.05294213282916382,-2.2217040024948775
mZ944,1,ca_dist_384_876_A,chi4_deg,600,0.10834714896640324,-0.05464399708072768,0.12134690398237011,2.0379113469269883
mZ944,1,ca_dist_384_876_A,chi5_deg,600,-0.06483069498478164,0.021904270389800046,0.06843110457620323,-1.2449694038418933
mZ944,1,ca_dist_384_876_A,chi6_deg,600,-0.03754412785851084,-0.0027692889446601816,0.03764612195054395,-1.644423899727931
mZ944,1,ca_dist_384_876_A,chi7_deg,600,-0.10502344388318985,-0.09682039519572146,0.14284296514333916,-2.315576272710699
mZ944,1,ca_dist_384_919_A,chi1_deg,600,-0.030693282506307575,0.015263549238569436,0.034279053755467644,-1.109316800260828
mZ944,1,ca_dist_384_919_A,chi2_deg,600,-0.009513117800890255,-0.04872451489802361,0.04964451391988182,-2.94877534102661
mZ944,1,ca_dist_384_919_A,chi3_deg,600,0.0031701823138693963,0.01950547001028167,0.019761412303405036,0.16111904840588454
mZ944,1,ca_dist_384_919_A,chi4_deg,600,0.04548999853249585,0.011706281073816412,0.04697208727601603,1.3189238221323403
mZ944,1,ca_dist_384_919_A,chi5_deg,600,0.04440925428728102,-0.08125615989523746,0.09259992109755162,2.6414143712945015
mZ944,1,ca_dist_384_919_A,chi6_deg,600,-0.058829119939312585,0.04298808961871361,0.07286179521464303,-0.9397437679190075
mZ944,1,ca_dist_384_919_A,chi7_deg,600,-0.058216751387372714,-0.040409024951262654,0.07086663135503854,-2.1775605909631297
mZ944,1,ca_dist_356_1781_A,chi1_deg,600,-0.023531988734521656,0.016457297623067982,0.028715799463986603,-0.9605009925655239
mZ944,1,ca_dist_356_1781_A,chi2_deg,600,-0.1862412272822891,-0.1984471906841158,0.27215268183508884,-2.3879133284686143
mZ944,1,ca_dist_356_1781_A,chi3_deg,600,0.21891375517881068,0.206248005694609,0.3007681367091463,0.815179780234976
mZ944,1,ca_dist_356_1781_A,chi4_deg,600,-0.14373728975949884,-0.028957064135366382,0.1466251002753139,-1.7695936646482646
mZ944,1,ca_dist_356_1781_A,chi5_deg,600,0.1364712483736942,-0.15657670081851685,0.2077033097278083,2.4246952095958503
mZ944,1,ca_dist_356_1781_A,chi6_deg,600,-0.09924246208211594,0.07699075424698527,0.12560510546804976,-0.9109963838046228
mZ944,1,ca_dist_356_1781_A,chi7_deg,600,0.15382821040430916,0.2559758077705697,0.2986414781640154,0.541116441716074
mZ944,1,ca_dist_357_1460_A,chi1_deg,600,-0.125466569379113,-0.1182745964577512,0.17242604269369421,-2.3266964495913096
mZ944,1,ca_dist_357_1460_A,chi2_deg,600,-0.23498241094443353,-0.31310439507530624,0.39147298204184167,-2.497776601701948
mZ944,1,ca_dist_357_1460_A,chi3_deg,600,0.33075092137444484,0.25584751135780304,0.4181556182308512,0.9124019911433947
mZ944,1,ca_dist_357_1460_A,chi4_deg,600,-0.2652202711793552,-0.08331714611761279,0.2779991710088977,-1.8751775067756131
mZ944,1,ca_dist_357_1460_A,chi5_deg,600,0.12949496895382573,-0.1361092703661066,0.1878687852304001,2.38109219004681
mZ944,1,ca_dist_357_1460_A,chi6_deg,600,-0.19414361480786252,0.07189681905079619,0.2070287317265085,-1.2161279234756412
mZ944,1,ca_dist_357_1460_A,chi7_deg,600,0.07459670535566713,0.21655310279719825,0.22904129492520367,0.33174256313728073
mZ944,1,ca_dist_384_948_A,chi1_deg,600,0.03268695883847358,0.047968993001684904,0.05804706338570247,0.5981459933089001
mZ944,1,ca_dist_384_948_A,chi2_deg,600,-0.024386415762338323,-0.03075334553100632,0.03924876475869132,-2.471154311157683
mZ944,1,ca_dist_384_948_A,chi3_deg,600,-0.007564089652765522,0.020627687263429808,0.021970820060091947,-0.35147061845622657
mZ944,1,ca_dist_384_948_A,chi4_deg,600,0.024526885845973408,0.00989274747426403,0.026446825554137268,1.1874113879265384
mZ944,1,ca_dist_384_948_A,chi5_deg,600,-0.02723404915450561,-0.021337663001732555,0.03459753308728144,-2.2353901249761967
mZ944,1,ca_dist_384_948_A,chi6_deg,600,-0.024305932264847334,-0.02905500047024076,0.03788101629562012,-2.444959592010235
mZ944,1,ca_dist_384_948_A,chi7_deg,600,-0.09464231612316054,-0.07023003808083561,0.11785341000578589,-2.209194810057166
mZ944,1,ca_dist_387_955_A,chi1_deg,600,0.005747701310567416,0.06944825726826315,0.06968569801583653,0.08257416443575848
mZ944,1,ca_dist_387_955_A,chi2_deg,600,0.05539138508922151,0.061316902381347134,0.08263151977148965,0.7346696874477111
mZ944,1,ca_dist_387_955_A,chi3_deg,600,-0.016698372958992264,-0.04299180144650315,0.04612082665231787,-2.7711188787645953
mZ944,1,ca_dist_387_955_A,chi4_deg,600,0.030434743539980387,-0.01352338245108319,0.03330398605666659,1.9889336699140638
mZ944,1,ca_dist_387_955_A,chi5_deg,600,-0.019489503270264025,-0.011843546334633769,0.022805927464197746,-2.116849939922478
mZ944,1,ca_dist_387_955_A,chi6_deg,600,0.009703850512920156,-0.0009224147873826798,0.009747592719081107,1.6655681407791507
mZ944,1,ca_dist_387_955_A,chi7_deg,600,-0.021891818334912896,0.054080472826402576,0.05834337366947592,-0.38463812910447237
mZ944,1,ca_dist_1781_1816_A,chi1_deg,600,-0.13277721309233442,-0.05793351770112004,0.14486573366325514,-1.9822169512887007
mZ944,1,ca_dist_1781_1816_A,chi2_deg,600,-0.2543414391301536,-0.27107837526060247,0.3717163612120479,-2.3880381285721093
mZ944,1,ca_dist_1781_1816_A,chi3_deg,600,0.40970451819790576,0.35085540697959083,0.5394045873355106,0.8626203324331619
mZ944,1,ca_dist_1781_1816_A,chi4_deg,600,-0.2947563674845758,0.10928010540868262,0.3143619849963336,-1.215759319442606
mZ944,1,ca_dist_1781_1816_A,chi5_deg,600,0.24666891137899047,-0.18731367686512473,0.3097288578444518,2.22026912860615
mZ944,1,ca_dist_1781_1816_A,chi6_deg,600,-0.16078058894942932,0.09726416433456506,0.18791145640068524,-1.0267453088638299
mZ944,1,ca_dist_1781_1816_A,chi7_deg,600,-0.00938256375904109,0.05247883672808193,0.05331098204896579,-0.17691831156513185
mZ944,1,ca_dist_353_1461_A,chi1_deg,600,-0.04267064227964314,-0.028668705696078954,0.051406987840620054,-2.1623858310785535
mZ944,1,ca_dist_353_1461_A,chi2_deg,600,-0.14306648542900371,-0.14589012740751456,0.20433293549496168,-2.365966033678502
mZ944,1,ca_dist_353_1461_A,chi3_deg,600,0.157807369979266,0.1518686834962597,0.21901429872649877,0.8045729060725946
mZ944,1,ca_dist_353_1461_A,chi4_deg,600,-0.1873987522082523,-0.030880059611984534,0.18992596033941664,-1.7341113311769927
mZ944,1,ca_dist_353_1461_A,chi5_deg,600,0.10318859545089401,-0.10085399042346571,0.14428933992317236,2.3447532356711753
mZ944,1,ca_dist_353_1461_A,chi6_deg,600,-0.05036486190313684,-0.018158814579423085,0.05353841482012624,-1.9168345666011495
mZ944,1,ca_dist_353_1461_A,chi7_deg,600,0.05958645438500143,0.12793286063155274,0.14112888568804102,0.43588523534764406
mZ944,1,ca_dist_351_357_A,chi1_deg,600,-0.052577123268104695,-0.06798133060908991,0.08594076566177346,-2.4832796358662352
mZ944,1,ca_dist_351_357_A,chi2_deg,600,-0.06651668268983824,-0.10418886685861466,0.1236114438607638,-2.5733982451382253
mZ944,1,ca_dist_351_357_A,chi3_deg,600,0.10233998490992041,0.08494483890365247,0.1330003690511053,0.8780131514071938
mZ944,1,ca_dist_351_357_A,chi4_deg,600,-0.08777487926726882,-0.05837757621049661,0.10541523056274153,-2.157701714056769
mZ944,1,ca_dist_351_357_A,chi5_deg,600,0.05293576215843078,-0.030902042112524657,0.061295441282514636,2.0991927438005513
mZ944,1,ca_dist_351_357_A,chi6_deg,600,-0.0574189250923095,0.011305497799370935,0.058521340032913045,-1.376388143202983
mZ944,1,ca_dist_351_357_A,chi7_deg,600,0.013047268881628507,0.02157104595021847,0.02520994344809104,0.5439787852799776
mZ944,1,ca_dist_354_1460_A,chi1_deg,600,-0.14925887014990463,-0.0660106706970775,0.16320422471340654,-1.9871919321528648
mZ944,1,ca_dist_354_1460_A,chi2_deg,600,-0.3367660852004526,-0.3735286667088631,0.5029264966121187,-2.4079051468604256
mZ944,1,ca_dist_354_1460_A,chi3_deg,600,0.4349059382493091,0.361868837145329,0.5657669400216175,0.876808635123881
mZ944,1,ca_dist_354_1460_A,chi4_deg,600,-0.31459560948600396,0.038442191616123535,0.3169356395297333,-1.4492035579385627
mZ944,1,ca_dist_354_1460_A,chi5_deg,600,0.22092154294334845,-0.21027636285258178,0.30499586376044574,2.331512046013293
mZ944,1,ca_dist_354_1460_A,chi6_deg,600,-0.1650746181757068,0.07139306768930828,0.1798516046076474,-1.1625990007937579
mZ944,1,ca_dist_354_1460_A,chi7_deg,600,0.1622296747559611,0.37940918567447557,0.41263761043510516,0.40405812242812483
mZ944,1,ca_dist_384_1465_A,chi1_deg,600,0.11419911289273113,0.08355835629727268,0.1415041917845147,0.9391169290057293
mZ944,1,ca_dist_384_1465_A,chi2_deg,600,0.22691184391177682,0.27799414026685915,0.35884499011432874,0.6845693517269478
mZ944,1,ca_dist_384_1465_A,chi3_deg,600,-0.39224850126320365,-0.26241142699279796,0.4719307616161782,-2.160407608641082
mZ944,1,ca_dist_384_1465_A,chi4_deg,600,0.2563238387012735,-0.04991861760530607,0.26113938552080046,1.7631370595928875
mZ944,1,ca_dist_384_1465_A,chi5_deg,600,-0.1851555617605147,0.1602585591976666,0.2448783123246397,-0.8573524317118453
mZ944,1,ca_dist_384_1465_A,chi6_deg,600,0.11518967350715352,-0.060433700572729,0.13008033305461242,2.0539650902034694
mZ944,1,ca_dist_384_1465_A,chi7_deg,600,-0.16656704056259747,-0.38242670211024393,0.4171267930602148,-2.7308177079349827
mZ944,1,ca_dist_1778_1464_A,chi1_deg,600,0.10313957981143071,0.0423549352328456,0.11149759397519315,1.1811372315429645
mZ944,1,ca_dist_1778_1464_A,chi2_deg,600,0.27331284076656776,0.3413621389670905,0.43729625981487474,0.6751393790732972
mZ944,1,ca_dist_1778_1464_A,chi3_deg,600,-0.2674496740251584,-0.21006603502470045,0.34008391200873084,-2.2365967912196987
mZ944,1,ca_dist_1778_1464_A,chi4_deg,600,0.2919729565386579,-0.040592967576798304,0.29478126868343585,1.7089406789262962
mZ944,1,ca_dist_1778_1464_A,chi5_deg,600,-0.18880011272819475,0.17464480629420914,0.2571892123159929,-0.8243260854389243
mZ944,1,ca_dist_1778_1464_A,chi6_deg,600,0.14071810210895397,-0.0010706446673061643,0.14072217501570117,1.578404615939736
mZ944,1,ca_dist_1778_1464_A,chi7_deg,600,-0.01661555812597576,-0.1657090380638977,0.16653997138194776,-3.0416572020302155
mZ944,1,ca_dist_926_1463_A,chi1_deg,600,-0.12499732139446282,-0.055094697581344845,0.13660071763124262,-1.9859456350738791
mZ944,1,ca_dist_926_1463_A,chi2_deg,600,-0.03564076199473824,-0.0060301243909979,0.036147286422862863,-1.7384008723680202
mZ944,1,ca_dist_926_1463_A,chi3_deg,600,0.05588048387102951,0.038903960074115854,0.06808925456420263,0.9626256488158401
mZ944,1,ca_dist_926_1463_A,chi4_deg,600,-0.04503540140773556,-0.003041812723753909,0.045138010640725645,-1.6382365993098682
mZ944,1,ca_dist_926_1463_A,chi5_deg,600,0.06563500307397413,-0.05887471573067797,0.08817134330885933,2.3019524914092684
mZ944,1,ca_dist_926_1463_A,chi6_deg,600,0.053565033870779974,0.02180005631697248,0.05783126584297613,1.1842846846335915
mZ944,1,ca_dist_926_1463_A,chi7_deg,600,0.05603360979810604,0.14159781671841848,0.15228167035605183,0.3768144712285525
mZ944,1,ca_dist_1781_1820_A,chi1_deg,600,-0.09791980088930266,-0.042393294872249666,0.10670275936603602,-1.979372065548124
mZ944,1,ca_dist_1781_1820_A,chi2_deg,600,-0.28200218728945015,-0.29491570787970944,0.4080447382214654,-2.3785743897785427
mZ944,1,ca_dist_1781_1820_A,chi3_deg,600,0.38547705918127556,0.33127048953388516,0.5082644000823435,0.8608830045658753
mZ944,1,ca_dist_1781_1820_A,chi4_deg,600,-0.3271024192005417,0.0939234614185632,0.3403198631459693,-1.2911811054728
mZ944,1,ca_dist_1781_1820_A,chi5_deg,600,0.26592029939447587,-0.2072367736689708,0.33713600518302983,2.2327991531899802
mZ944,1,ca_dist_1781_1820_A,chi6_deg,600,-0.14626972684043665,0.06862776379800131,0.16156918937065387,-1.1321020573443028
mZ944,1,ca_dist_1781_1820_A,chi7_deg,600,-0.031849808710249825,0.033861580771732985,0.046486739692519874,-0.7547924512163292
mZ944,1,ca_dist_925_1463_A,chi1_deg,600,-0.07850044408265128,-0.048430443537175016,0.0922378858299612,-2.123582182870629
mZ944,1,ca_dist_925_1463_A,chi2_deg,600,0.09369659373581879,0.10302891925870777,0.1392623778387846,0.7379953921396512
mZ944,1,ca_dist_925_1463_A,chi3_deg,600,-0.040251347894745736,-0.06284347761623735,0.07462890650576609,-2.571923698663925
mZ944,1,ca_dist_925_1463_A,chi4_deg,600,0.02358812274393227,-0.06199874206817978,0.06633433162864837,2.778042601673334
mZ944,1,ca_dist_925_1463_A,chi5_deg,600,-0.013229692978137794,0.0032025726670747885,0.01361180546377603,-1.3332906582244974
mZ944,1,ca_dist_925_1463_A,chi6_deg,600,0.06543876005534345,0.017983610673678145,0.06786487729631023,1.3026012953916724
mZ944,1,ca_dist_925_1463_A,chi7_deg,600,0.019704369448602016,-0.04449833825167216,0.04866584307835661,2.7247328642189768
mZ944,1,ca_dist_384_920_A,chi1_deg,600,0.0006838141058240835,0.03437201287190522,0.034378814269804915,0.019891878718659727
mZ944,1,ca_dist_384_920_A,chi2_deg,600,0.07502689795314203,0.0894567186374791,0.1167541859029315,0.6978941754193165
mZ944,1,ca_dist_384_920_A,chi3_deg,600,-0.146980609041435,-0.10713843680749979,0.18188442504993602,-2.2006750893775173
mZ944,1,ca_dist_384_920_A,chi4_deg,600,0.14714534613610694,-0.004761220741517707,0.147222356021306,1.6031423048052276
mZ944,1,ca_dist_384_920_A,chi5_deg,600,-0.036832498837434585,0.01476810447880933,0.039682866334309175,-1.189468584474777
mZ944,1,ca_dist_384_920_A,chi6_deg,600,0.02913332355139018,-0.02663186109211778,0.03947159189062233,2.3113674763451106
mZ944,1,ca_dist_384_920_A,chi7_deg,600,-0.12589126210084023,-0.13631083028011348,0.18555121213561596,-2.395912283979685
mZ944,1,ca_dist_926_1466_A,chi1_deg,600,-0.19085096468697432,-0.022444123613928585,0.19216615052278596,-1.687858913998584
mZ944,1,ca_dist_926_1466_A,chi2_deg,600,-0.3084214914687611,-0.31396573188928945,0.44011168718927723,-2.3651022787344833
mZ944,1,ca_dist_926_1466_A,chi3_deg,600,0.43783156513486027,0.3623995693629517,0.5683572180441577,0.8793832133675151
mZ944,1,ca_dist_926_1466_A,chi4_deg,600,-0.27135456203577824,0.042309672457467765,0.27463322217293235,-1.4161214876760013
mZ944,1,ca_dist_926_1466_A,chi5_deg,600,0.1960459348549148,-0.18063540176855042,0.266576737442004,2.3153059658927857
mZ944,1,ca_dist_926_1466_A,chi6_deg,600,-0.20516604265212152,0.14594898826782618,0.251782072900225,-0.9524801138959557
mZ944,1,ca_dist_926_1466_A,chi7_deg,600,0.15724079485631706,0.35397212490818053,0.3873253577795533,0.4180352338205292
mZ944,1,ca_dist_918_1462_A,chi1_deg,600,0.0646666992589795,0.05174059955986652,0.08281830495648748,0.8959871193561472
mZ944,1,ca_dist_918_1462_A,chi2_deg,600,0.27009023960330014,0.26836215881992387,0.3807453030773435,0.7886074997388733
mZ944,1,ca_dist_918_1462_A,chi3_deg,600,-0.31850134624344806,-0.27618969478778704,0.4215730720359873,-2.2851652190523457
mZ944,1,ca_dist_918_1462_A,chi4_deg,600,0.2435227918520006,-0.07262425180594345,0.25412129407384554,1.8606226314441514
mZ944,1,ca_dist_918_1462_A,chi5_deg,600,-0.16859431538780728,0.140079781394931,0.21919486384661271,-0.8775142060100939
mZ944,1,ca_dist_918_1462_A,chi6_deg,600,0.20760317613146895,-0.1589383848121429,0.2614583884800152,2.224198990048649
mZ944,1,ca_dist_918_1462_A,chi7_deg,600,-0.17404572553813571,-0.2780200852288335,0.32800469869918614,-2.58226124621462
mZ944,1,ca_dist_1778_1782_A,chi1_deg,600,0.0771939630755991,0.0524503776581718,0.09332711316547729,0.9739875328744297
mZ944,1,ca_dist_1778_1782_A,chi2_deg,600,0.07082002771181807,0.11169392629474512,0.13225358027758127,0.5650838797442256
mZ944,1,ca_dist_1778_1782_A,chi3_deg,600,-0.10963738939021592,-0.044413645141813465,0.11829171157390851,-1.9556878947859428
mZ944,1,ca_dist_1778_1782_A,chi4_deg,600,0.021008120541939623,-0.07361092469672303,0.07655004482958383,2.863589078834329
mZ944,1,ca_dist_1778_1782_A,chi5_deg,600,0.0014541787100386255,-0.0004921988768211844,0.0015352183737415456,1.8971645917466335
mZ944,1,ca_dist_1778_1782_A,chi6_deg,600,0.08454655234205716,-0.043361918699947266,0.09501776416159795,2.0446917934559163
mZ944,1,ca_dist_1778_1782_A,chi7_deg,600,-0.28660957158215983,-0.5547604838455384,0.6244231265408458,-2.6647245158698567
mZ944,1,ca_dist_354_926_A,chi1_deg,600,-0.047057916705870756,-0.061153055845261615,0.07716309845975831,-2.485721328717675
mZ944,1,ca_dist_354_926_A,chi2_deg,600,-0.04503559500616832,-0.0965165350481127,0.1065065554567097,-2.7050119035179314
mZ944,1,ca_dist_354_926_A,chi3_deg,600,0.07855529703945015,0.08675757473870944,0.11703764978629314,0.7358221279516441
mZ944,1,ca_dist_354_926_A,chi4_deg,600,-0.10964283721529465,-0.053765512789450534,0.12211585531016098,-2.0267099663805674
mZ944,1,ca_dist_354_926_A,chi5_deg,600,0.05918025768278874,-0.07081924214169927,0.09229121278283166,2.4454874075128217
mZ944,1,ca_dist_354_926_A,chi6_deg,600,-0.05756021652322376,0.06817521161412592,0.08922464908774509,-0.7011746168617157
mZ944,1,ca_dist_354_926_A,chi7_deg,600,0.03447394598055309,0.14085617266742828,0.1450134970614338,0.24002738146771158
mZ944,1,ca_dist_357_1461_A,chi1_deg,600,-0.08501645702622362,-0.11438981381872852,0.14252307697623956,-2.5024468018241453
mZ944,1,ca_dist_357_1461_A,chi2_deg,600,-0.1668541736742022,-0.24731068401014902,0.2983335209091808,-2.5480667426337456
mZ944,1,ca_dist_357_1461_A,chi3_deg,600,0.24507707158832054,0.17831928920403817,0.30308503744088094,0.9417827863363598
mZ944,1,ca_dist_357_1461_A,chi4_deg,600,-0.2177316312807973,-0.0995573694909311,0.23941331015662193,-1.9996613819189435
mZ944,1,ca_dist_357_1461_A,chi5_deg,600,0.0861737789435312,-0.0917957309543893,0.1259062206519567,2.3877733999806847
mZ944,1,ca_dist_357_1461_A,chi6_deg,600,-0.1644595178218061,0.03810240085427837,0.16881565671773774,-1.3431305100066573
mZ944,1,ca_dist_357_1461_A,chi7_deg,600,0.06683628152001148,0.15959934308596102,0.17302901155844508,0.3965865789360019
mZ944,1,ca_dist_384_916_A,chi1_deg,600,0.042593016684274745,0.013405475992265742,0.04465279226259115,1.2658773922499322
mZ944,1,ca_dist_384_916_A,chi2_deg,600,0.07723294515634943,0.041753112205270525,0.08779664114503236,1.0751887999992902
mZ944,1,ca_dist_384_916_A,chi3_deg,600,-0.06551720496146414,-0.039299162273903704,0.07639979254810263,-2.111090562014979
mZ944,1,ca_dist_384_916_A,chi4_deg,600,0.09656531903554064,-0.02707906741724465,0.10029026240180762,1.8441965717015119
mZ944,1,ca_dist_384_916_A,chi5_deg,600,-0.0005043395512392516,-0.014883554308920317,0.014892096805001125,-3.1077199213550917
mZ944,1,ca_dist_384_916_A,chi6_deg,600,-0.013518294367812447,0.002353139904638651,0.01372157243269271,-1.398452420693744
mZ944,1,ca_dist_384_916_A,chi7_deg,600,-0.1241178622220713,-0.14968773624043125,0.19445221033292984,-2.4493113878069925
mZ944,1,ca_dist_1777_1465_A,chi1_deg,600,0.13172170348990314,0.059005994894828065,0.1443340382716788,1.1496405364012414
mZ944,1,ca_dist_1777_1465_A,chi2_deg,600,0.34564189534357426,0.40657602674857124,0.5336406893625647,0.7045686997705161
mZ944,1,ca_dist_1777_1465_A,chi3_deg,600,-0.4543762738869086,-0.3512743231072375,0.5743269524807266,-2.228912791793266
mZ944,1,ca_dist_1777_1465_A,chi4_deg,600,0.3627755934776916,-0.03789816584449847,0.36474978025691596,1.6748860072764673
mZ944,1,ca_dist_1777_1465_A,chi5_deg,600,-0.23870031810962153,0.21052790058657778,0.31827635600375104,-0.848029071369635
mZ944,1,ca_dist_1777_1465_A,chi6_deg,600,0.18487312177755055,-0.06035634035113664,0.1944761141537934,1.8863611860977108
mZ944,1,ca_dist_1777_1465_A,chi7_deg,600,-0.1095559036556633,-0.313295688944875,0.33189860610923455,-2.80519535496779
mZ944,1,ca_dist_925_1465_A,chi1_deg,600,-0.16727729302743996,0.025220762777948817,0.16916790368651372,-1.4211512728389764
mZ944,1,ca_dist_925_1465_A,chi2_deg,600,-0.1319073102129281,-0.14181051563376368,0.1936743680302677,-2.3923590608589818
mZ944,1,ca_dist_925_1465_A,chi3_deg,600,0.23236644487463773,0.18674533250715436,0.29810733623459473,0.8938231728655993
mZ944,1,ca_dist_925_1465_A,chi4_deg,600,-0.12821208205389112,-0.024853955390664678,0.13059884028258006,-1.7622718175666106
mZ944,1,ca_dist_925_1465_A,chi5_deg,600,0.07485272796713789,-0.0798468129180677,0.10944607995399035,2.3884657634633126
mZ944,1,ca_dist_925_1465_A,chi6_deg,600,-0.09931362116361693,0.09929907100166269,0.14044038183664864,-0.785471422370828
mZ944,1,ca_dist_925_1465_A,chi7_deg,600,0.26498039947060775,0.3997750910624941,0.47961936526544496,0.5853373575399332
mZ944,1,ca_dist_384_875_A,chi1_deg,600,0.0815689126489887,0.04659038856962966,0.09393695661350451,1.051838938698764
mZ944,1,ca_dist_384_875_A,chi2_deg,600,0.1062330149983015,0.107319002862747,0.15100603249898215,0.7803128520342056
mZ944,1,ca_dist_384_875_A,chi3_deg,600,-0.09103843193781251,-0.07482385393201442,0.1178414409574796,-2.2587448588612693
mZ944,1,ca_dist_384_875_A,chi4_deg,600,0.12380548562321683,-0.027655160038566214,0.12685663619676843,1.7905643773945488
mZ944,1,ca_dist_384_875_A,chi5_deg,600,-0.10107567397919939,0.06567104795857948,0.12053621202911369,-0.9946168474697875
mZ944,1,ca_dist_384_875_A,chi6_deg,600,0.0308643714484802,-0.008853227802146738,0.03210901847497777,1.8501391698392455
mZ944,1,ca_dist_384_875_A,chi7_deg,600,-0.11597298018452748,-0.10011272941026939,0.1532066928135146,-2.2829279081058877
mZ944,1,ca_dist_384_921_A,chi1_deg,600,0.07046817102014423,0.02036855225766511,0.07335285303243173,1.2894190000773422
mZ944,1,ca_dist_384_921_A,chi2_deg,600,0.18472125838936704,0.20095963124222033,0.27295918502582117,0.7433198847738632
mZ944,1,ca_dist_384_921_A,chi3_deg,600,-0.2504004810700769,-0.18942974894996464,0.3139809400383606,-2.2184490068976563
mZ944,1,ca_dist_384_921_A,chi4_deg,600,0.1976607744326666,-0.0205746266293162,0.19872870202931756,1.6745134066129412
mZ944,1,ca_dist_384_921_A,chi5_deg,600,-0.13956902050699838,0.1186800316220266,0.1832060626482873,-0.8661094376001272
mZ944,1,ca_dist_384_921_A,chi6_deg,600,0.07167327140440313,-0.060925952023463986,0.09406928012786463,2.2753201279550512
mZ944,1,ca_dist_384_921_A,chi7_deg,600,-0.1451226811840039,-0.21828712595314778,0.2621256606113172,-2.5548663161485075
mZ944,1,ca_dist_1816_1463_A,chi1_deg,600,-0.12907370299378929,-0.06820299067968608,0.1459851661717117,-2.0569076590319386
mZ944,1,ca_dist_1816_1463_A,chi2_deg,600,-0.11147746591477245,-0.10328947794706969,0.1519734899953194,-2.318087954076444
mZ944,1,ca_dist_1816_1463_A,chi3_deg,600,0.32299706911687087,0.2804534477546068,0.4277630687840345,0.8557823030998459
mZ944,1,ca_dist_1816_1463_A,chi4_deg,600,-0.06371353050169035,0.09431865914010719,0.11382189346069391,-0.5941023736253053
mZ944,1,ca_dist_1816_1463_A,chi5_deg,600,0.10454177939827253,-0.05443418515384734,0.11786460093310634,2.0508610549394044
mZ944,1,ca_dist_1816_1463_A,chi6_deg,600,-0.09909726225381262,0.16399714152890935,0.19161244692309012,-0.5435475282682696
mZ944,1,ca_dist_1816_1463_A,chi7_deg,600,0.11308717317654186,0.12088812555282155,0.16553745085851695,0.752069586459743
mZ944,1,ca_dist_355_387_A,chi1_deg,600,-0.08649318056566814,-0.05931578917738355,0.10487818233598963,-2.171918676079154
mZ944,1,ca_dist_355_387_A,chi2_deg,600,-0.08096544387902792,-0.13283438149540655,0.15556470039760056,-2.594201271633977
mZ944,1,ca_dist_355_387_A,chi3_deg,600,0.10845883868812416,0.0765659603147486,0.13276168863228652,0.9560916527862678
mZ944,1,ca_dist_355_387_A,chi4_deg,600,-0.06112429500482064,-0.08457352738103732,0.10434970519128174,-2.515770334728618
mZ944,1,ca_dist_355_387_A,chi5_deg,600,0.03037326521041497,-0.029562893263020282,0.04238513769734545,2.3426747286143184
mZ944,1,ca_dist_355_387_A,chi6_deg,600,-0.048071240085347744,0.039480942133781706,0.06220601992664507,-0.8832014407251826
mZ944,1,ca_dist_355_387_A,chi7_deg,600,-0.03287735100869155,-0.07161697901741645,0.07880299418759278,-2.711220097986099
mZ944,1,ca_dist_356_925_A,chi1_deg,600,0.06935982654475191,-0.004445628460791457,0.06950215213020004,1.6348039204969569
mZ944,1,ca_dist_356_925_A,chi2_deg,600,0.04121009891585978,0.023296608699213836,0.047339246186850426,1.056272482327608
mZ944,1,ca_dist_356_925_A,chi3_deg,600,-0.009015648376382603,-0.03857708453139934,0.03961657944080105,-2.9120084982718653
mZ944,1,ca_dist_356_925_A,chi4_deg,600,0.022251961935994973,-0.01642701438094127,0.027658572115577845,2.206720483994926
mZ944,1,ca_dist_356_925_A,chi5_deg,600,0.05076655899402861,-0.049792971527968015,0.07110965845565018,2.3465130901016833
mZ944,1,ca_dist_356_925_A,chi6_deg,600,-0.006880211923526797,0.03999034469892852,0.040577887885543784,-0.17037881737918253
mZ944,1,ca_dist_356_925_A,chi7_deg,600,0.0729874155895047,0.1607136697874844,0.17651075460434598,0.42629610641112387
mZ944,1,ca_dist_354_1461_A,chi1_deg,600,-0.06467427007110971,-0.03648580049089775,0.07425614349461215,-2.0844360993720796
mZ944,1,ca_dist_354_1461_A,chi2_deg,600,-0.18677930091191935,-0.2297325055045594,0.2960802785302455,-2.4589572437879665
mZ944,1,ca_dist_354_1461_A,chi3_deg,600,0.2384532145428221,0.1917076778907901,0.30596040477173525,0.8936432923480779
mZ944,1,ca_dist_354_1461_A,chi4_deg,600,-0.2016303931316544,-0.004227646133006283,0.20167470943638777,-1.5917605609081118
mZ944,1,ca_dist_354_1461_A,chi5_deg,600,0.12804898996496827,-0.12280157870765576,0.17741694272008274,2.3352790659457696
mZ944,1,ca_dist_354_1461_A,chi6_deg,600,-0.06815011373534675,-0.0057693604427471405,0.06839388512183699,-1.655251606064485
mZ944,1,ca_dist_354_1461_A,chi7_deg,600,0.1282019727680938,0.23381628898063495,0.266656713424408,0.5015387408735987
mZ944,1,ca_dist_384_926_A,chi1_deg,600,0.02742850285013961,-0.0055878592836399385,0.027991908473233434,1.771770602056202
mZ944,1,ca_dist_384_926_A,chi2_deg,600,0.04124154185933454,0.054907702710191734,0.06867110448977823,0.6442090028307226
mZ944,1,ca_dist_384_926_A,chi3_deg,600,-0.06376993054800792,-0.06391960206230982,0.09029019642188067,-2.357366641446216
mZ944,1,ca_dist_384_926_A,chi4_deg,600,0.05246905785066251,0.0555172074010317,0.07638823436462804,0.7571784600182949
mZ944,1,ca_dist_384_926_A,chi5_deg,600,0.07250135127832727,-0.06441926944791296,0.09698602071116341,2.2972354034654434
mZ944,1,ca_dist_384_926_A,chi6_deg,600,0.04739912125776369,0.0396704962313861,0.06180958637017889,0.8739298776539566
mZ944,1,ca_dist_384_926_A,chi7_deg,600,0.024038577469621427,0.047625533085279614,0.05334833276139053,0.4674335176720485
mZ944,1,ca_dist_354_1780_A,chi1_deg,600,-0.04098870370032799,0.030578901242569057,0.051138469201141255,-0.9298393177472539
mZ944,1,ca_dist_354_1780_A,chi2_deg,600,-0.18481429249436707,-0.19316931881044222,0.2673400614196902,-2.3782950938203724
mZ944,1,ca_dist_354_1780_A,chi3_deg,600,0.2471203338953626,0.24388421315254774,0.3472001855552396,0.791988884207867
mZ944,1,ca_dist_354_1780_A,chi4_deg,600,-0.1496834318062492,0.0431226915203832,0.1557712947922633,-1.2902992177002057
mZ944,1,ca_dist_354_1780_A,chi5_deg,600,0.12226197615076694,-0.12808428517655598,0.1770694070738365,2.3794473224662265
mZ944,1,ca_dist_354_1780_A,chi6_deg,600,-0.1008496686278254,0.07998153696266463,0.12871558537042932,-0.9002911002583759
mZ944,1,ca_dist_354_1780_A,chi7_deg,600,0.26368854477990433,0.4526146990836638,0.5238241255180398,0.5275192406651242
mZ944,1,ca_dist_355_924_A,chi1_deg,600,0.04094844630078715,-0.005272223177188194,0.041286457727425944,1.698844568621699
mZ944,1,ca_dist_355_924_A,chi2_deg,600,0.0466581761757304,0.08213768425766307,0.09446472664046114,0.5165942385540634
mZ944,1,ca_dist_355_924_A,chi3_deg,600,-0.04425288567124042,-0.07834713147966106,0.08998105856969661,-2.6274342556505106
mZ944,1,ca_dist_355_924_A,chi4_deg,600,0.10426472768713266,0.043966797330303536,0.11315570116947671,1.171737467008195
mZ944,1,ca_dist_355_924_A,chi5_deg,600,0.030913848099204447,-0.015968330741443094,0.03479444770317246,2.047590551346148
mZ944,1,ca_dist_355_924_A,chi6_deg,600,0.03427192416824611,0.040055301272381064,0.05271614502422597,0.7077449513342982
mZ944,1,ca_dist_355_924_A,chi7_deg,600,-0.029249975477380098,0.035990412816510296,0.046377482468652455,-0.6824465010156677
mZ944,1,ca_dist_1776_1781_A,chi1_deg,600,-0.02805363197747973,0.01855024295984009,0.03363209450802864,-0.9865585897815433
mZ944,1,ca_dist_1776_1781_A,chi2_deg,600,-0.1854942562366768,-0.1933966380324544,0.2679745859201094,-2.377048082540582
mZ944,1,ca_dist_1776_1781_A,chi3_deg,600,0.2094279893536975,0.2035212413044173,0.2920290711330351,0.7997009997316029
mZ944,1,ca_dist_1776_1781_A,chi4_deg,600,-0.22481005860458586,-0.02970097248891032,0.22676355575044316,-1.7021514538117564
mZ944,1,ca_dist_1776_1781_A,chi5_deg,600,0.18745694879303407,-0.17088735530184626,0.2536584235795327,2.3099880919789526
mZ944,1,ca_dist_1776_1781_A,chi6_deg,600,-0.02611260555544275,0.009476565771573162,0.02777901128040902,-1.2226656490796033
mZ944,1,ca_dist_1776_1781_A,chi7_deg,600,-0.19009283837980437,-0.2811365661438645,0.33937156042670097,-2.5470476351271167
mZ944,1,ca_dist_384_960_A,chi1_deg,600,-0.046174393406339935,0.06379189418368132,0.07874947853786363,-0.6265399066211815
mZ944,1,ca_dist_384_960_A,chi2_deg,600,0.07404091241226991,0.05643916551958851,0.0930990661359658,0.9194885623528688
mZ944,1,ca_dist_384_960_A,chi3_deg,600,-0.05613700346075892,-0.03569217717715463,0.06652288831070594,-2.137127695293232
mZ944,1,ca_dist_384_960_A,chi4_deg,600,0.09478854253808534,-0.06894642270422266,0.11721124946097863,2.19965678742395
mZ944,1,ca_dist_384_960_A,chi5_deg,600,-0.1131337379751295,0.0920389334844876,0.14584377924747832,-0.8878530463714174
mZ944,1,ca_dist_384_960_A,chi6_deg,600,0.027156007200181697,-0.05219895243503653,0.05884028689912657,2.6618840986388896
mZ944,1,ca_dist_384_960_A,chi7_deg,600,-0.07666214256455142,-0.025493474831062055,0.08078985927422823,-1.8918356000342953
mZ944,1,ca_dist_925_1459_A,chi1_deg,600,-0.19675450836970992,-0.06562396980607285,0.20740984059806472,-1.892725876900658
mZ944,1,ca_dist_925_1459_A,chi2_deg,600,-0.28383630274954413,-0.32831866447905755,0.4340002214329422,-2.4287321952423953
mZ944,1,ca_dist_925_1459_A,chi3_deg,600,0.47736044936106903,0.379370171576066,0.6097497238177771,0.8992802778824346
mZ944,1,ca_dist_925_1459_A,chi4_deg,600,-0.3234579456046398,-0.005195843166304025,0.3234996744372132,-1.5868583725885173
mZ944,1,ca_dist_925_1459_A,chi5_deg,600,0.2022606848130988,-0.2037763484677943,0.287113539938352,2.359927294076705
mZ944,1,ca_dist_925_1459_A,chi6_deg,600,-0.19397821615500166,0.11695229632024917,0.22650692695203806,-1.028236502341007
mZ944,1,ca_dist_925_1459_A,chi7_deg,600,0.23608342191924714,0.4275089978340314,0.4883639271426168,0.504553920235003
mZ944,1,ca_dist_956_1464_A,chi1_deg,600,0.17442283266525793,0.09689228680432102,0.19952804263346888,1.063738509465285
mZ944,1,ca_dist_956_1464_A,chi2_deg,600,0.34056597255451576,0.40018857701506766,0.5254865163211592,0.7050822908558576
mZ944,1,ca_dist_956_1464_A,chi3_deg,600,-0.43573650065562514,-0.34305446714313703,0.5545743101068343,-2.2377440042817747
mZ944,1,ca_dist_956_1464_A,chi4_deg,600,0.29313730290370416,-0.0406348319741164,0.29594031141975685,1.7085390060347336
mZ944,1,ca_dist_956_1464_A,chi5_deg,600,-0.232466935844081,0.23530930340770495,0.33077385708510193,-0.7793218979867355
mZ944,1,ca_dist_956_1464_A,chi6_deg,600,0.18237163587984706,-0.0902790136430972,0.20349376864627094,2.0304581991667447
mZ944,1,ca_dist_956_1464_A,chi7_deg,600,-0.14274269817968355,-0.355638077940053,0.3832152402560622,-2.7599052121351098
mZ944,1,ca_dist_384_918_A,chi1_deg,600,-0.03414994628156773,0.00859425810321506,0.035214771096496414,-1.3242536467078367
mZ944,1,ca_dist_384_918_A,chi2_deg,600,0.034651653870773,0.013109072450796594,0.037048412874239184,1.2091267681563158
mZ944,1,ca_dist_384_918_A,chi3_deg,600,-0.02161591090150427,-0.006949655560162998,0.022705623015162466,-1.8818652245122436
mZ944,1,ca_dist_384_918_A,chi4_deg,600,0.08305337410612199,-0.009938905265776165,0.08364594902500376,1.6898988324249529
mZ944,1,ca_dist_384_918_A,chi5_deg,600,-0.014937481876550772,-0.010739163689969466,0.018397228094803885,-2.1941213876181003
mZ944,1,ca_dist_384_918_A,chi6_deg,600,-0.0534683787817082,0.024780081160436652,0.05893148523380394,-1.1368113652367728
mZ944,1,ca_dist_384_918_A,chi7_deg,600,-0.05093874158702304,-0.03031344658204623,0.059276137172998046,-2.107602217750382
mZ944,1,ca_dist_926_1460_A,chi1_deg,600,-0.18222595006264908,-0.0618443805344443,0.19243446749458432,-1.8979816193372152
mZ944,1,ca_dist_926_1460_A,chi2_deg,600,-0.2746043836875801,-0.30778095528908567,0.41247628292921024,-2.413099688248686
mZ944,1,ca_dist_926_1460_A,chi3_deg,600,0.3676651416836959,0.3030303035248494,0.4764504394621276,0.8814713588013001
mZ944,1,ca_dist_926_1460_A,chi4_deg,600,-0.2583299187885611,0.033873710584542235,0.2605413119067107,-1.4404144177576101
mZ944,1,ca_dist_926_1460_A,chi5_deg,600,0.17392797519749945,-0.16601010227940782,0.24043771462713878,2.3329065973822556
mZ944,1,ca_dist_926_1460_A,chi6_deg,600,-0.10511424712872197,0.05105481806391175,0.11685717520536411,-1.1186476479952263
mZ944,1,ca_dist_926_1460_A,chi7_deg,600,0.08687357897065438,0.2770923144250055,0.29039140730499696,0.3038125253112725
mZ944,1,ca_dist_1778_1465_A,chi1_deg,600,0.13935947895202022,0.03508827291753894,0.14370891158906696,1.3241407558693754
mZ944,1,ca_dist_1778_1465_A,chi2_deg,600,0.3162832157375488,0.37559710457155193,0.4910277563639536,0.6998787206760636
mZ944,1,ca_dist_1778_1465_A,chi3_deg,600,-0.3991993822224475,-0.3008733398148289,0.4998849001301332,-2.2166560657674164
mZ944,1,ca_dist_1778_1465_A,chi4_deg,600,0.32035532979416814,-0.04212444307705719,0.32311299266987464,1.7015391135758848
mZ944,1,ca_dist_1778_1465_A,chi5_deg,600,-0.21544261299783346,0.1907148479080708,0.28772847045075817,-0.846205320463154
mZ944,1,ca_dist_1778_1465_A,chi6_deg,600,0.1666705454250015,-0.022720943712482858,0.1682121041882935,1.70628364505328
mZ944,1,ca_dist_1778_1465_A,chi7_deg,600,-0.08232311920216723,-0.27409836795453524,0.2861940098438715,-2.849822571682103
mZ944,1,ca_dist_353_355_A,chi1_deg,600,-0.09263786007166226,-0.08978778176966605,0.12901015027420926,-2.3405725281716743
mZ944,1,ca_dist_353_355_A,chi2_deg,600,-0.14544882749945479,-0.2237779011432571,0.2668930693387288,-2.5652388210715613
mZ944,1,ca_dist_353_355_A,chi3_deg,600,0.23118959148290516,0.20459209890282914,0.3087175961028098,0.846356529163638
mZ944,1,ca_dist_353_355_A,chi4_deg,600,-0.15958781083150547,-0.08200638119898618,0.17942495903119446,-2.04547327436798
mZ944,1,ca_dist_353_355_A,chi5_deg,600,0.041699790616372856,-0.07027063355555033,0.08171189924207962,2.6060276335106933
mZ944,1,ca_dist_353_355_A,chi6_deg,600,-0.17078899147762916,0.10037505921151965,0.1981010654228335,-1.0394597294039734
mZ944,1,ca_dist_353_355_A,chi7_deg,600,0.08122463714104747,0.1349487324210022,0.15750746668247215,0.5418099218567075
mZ944,1,ca_dist_925_1461_A,chi1_deg,600,-0.07800131447898104,-0.035770642889811584,0.08581225992362237,-2.000770907039048
mZ944,1,ca_dist_925_1461_A,chi2_deg,600,-0.022302227947398764,-0.08646001271434631,0.08929010678671327,-2.8891471817135694
mZ944,1,ca_dist_925_1461_A,chi3_deg,600,0.09446924731589121,0.05314293293106602,0.1083910052031385,1.0583748525959378
mZ944,1,ca_dist_925_1461_A,chi4_deg,600,-0.07816082918536893,-0.0692330723625667,0.10441424006190352,-2.295697667680375
mZ944,1,ca_dist_925_1461_A,chi5_deg,600,0.018320363808246157,-0.0311136220129207,0.03610669196740957,2.6094333254619158
mZ944,1,ca_dist_925_1461_A,chi6_deg,600,0.0012613483379410456,-0.026027615669304737,0.02605816142897776,3.093168614556652
mZ944,1,ca_dist_925_1461_A,chi7_deg,600,0.0024961152776117913,-0.027615958653694754,0.027728536994253865,3.0514509030835155
mZ944,1,ca_dist_1777_1782_A,chi1_deg,600,0.052736215753640986,0.038952580385482556,0.06556227551497928,0.9346114592281572
mZ944,1,ca_dist_1777_1782_A,chi2_deg,600,-0.02408044867566063,-0.0034913209313570184,0.02433222822239791,-1.7147787520442896
mZ944,1,ca_dist_1777_1782_A,chi3_deg,600,0.028630564850750165,0.06578763604107238,0.07174762922595851,0.41047558091135394
mZ944,1,ca_dist_1777_1782_A,chi4_deg,600,-0.06870945936852199,-0.05487363643806659,0.08793239324988081,-2.2447031299912967
mZ944,1,ca_dist_1777_1782_A,chi5_deg,600,0.0797506079990372,-0.0667369795425295,0.1039903068303777,2.2675893412912584
mZ944,1,ca_dist_1777_1782_A,chi6_deg,600,0.053294704925005675,-0.01553798499623026,0.05551355285681597,1.8544814214955756
mZ944,1,ca_dist_1777_1782_A,chi7_deg,600,-0.24638826029339903,-0.4504133893074222,0.5133998403562346,-2.6410348837638677
mZ944,1,ca_dist_1820_1463_A,chi1_deg,600,-0.0703293390227451,-0.023582600437378996,0.07417786038141896,-1.8943308294538015
mZ944,1,ca_dist_1820_1463_A,chi2_deg,600,-0.04858050853138192,-0.01197343028372641,0.050034276670367965,-1.8124458577898845
mZ944,1,ca_dist_1820_1463_A,chi3_deg,600,0.202758912121585,0.19037965604919022,0.27812872897659563,0.8168760394306748
mZ944,1,ca_dist_1820_1463_A,chi4_deg,600,0.0029352423501824362,0.08470992653872907,0.08476076510892984,0.0346366544616808
mZ944,1,ca_dist_1820_1463_A,chi5_deg,600,0.07556538833781692,-0.02528815402593933,0.07968449440565403,1.8937337550442814
mZ944,1,ca_dist_1820_1463_A,chi6_deg,600,-0.04995868941482401,0.1242213209270064,0.13389102740996936,-0.38237982885699934
mZ944,1,ca_dist_1820_1463_A,chi7_deg,600,0.12362770216820693,0.13327022435561192,0.18178218131375257,0.747881325869152
mZ944,1,ca_dist_351_356_A,chi1_deg,600,-0.06608031316587303,-0.059760553057570026,0.08909506995253157,-2.306016393393879
mZ944,1,ca_dist_351_356_A,chi2_deg,600,-0.06069539507348499,-0.10471658937603663,0.12103509851970995,-2.616296358515411
mZ944,1,ca_dist_351_356_A,chi3_deg,600,0.10254933870815205,0.09514939364249776,0.13989200827786513,0.8228111099414657
mZ944,1,ca_dist_351_356_A,chi4_deg,600,-0.08269904460538399,-0.07109851246469494,0.10906021480510514,-2.2809097612668854
mZ944,1,ca_dist_351_356_A,chi5_deg,600,0.03194105342542869,-0.016335327099288952,0.03587581086702925,2.0435389743634147
mZ944,1,ca_dist_351_356_A,chi6_deg,600,-0.05958411836974711,0.013967544196327675,0.0611993419309097,-1.340536705425919
mZ944,1,ca_dist_351_356_A,chi7_deg,600,-0.022406398652806827,-0.04504098889417173,0.050306434788736566,-2.679973621076312
mZ944,1,ca_dist_353_926_A,chi1_deg,600,-0.03744351826758425,-0.039836023348911134,0.05467106928266456,-2.3871437051126527
mZ944,1,ca_dist_353_926_A,chi2_deg,600,-0.047596840905898885,-0.10691554892300643,0.11703159345120971,-2.722752884510664
mZ944,1,ca_dist_353_926_A,chi3_deg,600,0.07218219722747599,0.09258673835680539,0.11739920662482256,0.6621881383927722
mZ944,1,ca_dist_353_926_A,chi4_deg,600,-0.10656523613336046,-0.025025408048827195,0.10946424347780959,-1.8014533469569454
mZ944,1,ca_dist_353_926_A,chi5_deg,600,0.05242480488833183,-0.06114434269979289,0.08054185751377589,2.432821506797957
mZ944,1,ca_dist_353_926_A,chi6_deg,600,-0.076871605653901,0.06003312834349977,0.09753573834505985,-0.9077776527033294
mZ944,1,ca_dist_353_926_A,chi7_deg,600,0.05992495533045239,0.15817512625174834,0.16914600449349446,0.36214343997062715
mZ944,1,ca_dist_357_1781_A,chi1_deg,600,-0.059917551429664734,-0.02250620596772434,0.06400501758759346,-1.9301100866144512
mZ944,1,ca_dist_357_1781_A,chi2_deg,600,-0.16678379030797238,-0.18864163483929636,0.251798528797005,-2.4176148336283436
mZ944,1,ca_dist_357_1781_A,chi3_deg,600,0.2304444765165538,0.19979587146799466,0.3049967983645795,0.8565140400247394
mZ944,1,ca_dist_357_1781_A,chi4_deg,600,-0.11607100571032017,-0.11155449956494193,0.1609872191814922,-2.3363552653808344
mZ944,1,ca_dist_357_1781_A,chi5_deg,600,0.1048567502360544,-0.13965271458502349,0.1746362469850756,2.4975545918789197
mZ944,1,ca_dist_357_1781_A,chi6_deg,600,-0.07727365902096733,0.08080185694760614,0.1118041075482924,-0.7630821696743403
mZ944,1,ca_dist_357_1781_A,chi7_deg,600,0.08375851813141402,0.14509111818715006,0.16753185349767954,0.523547713019714
mZ944,1,ca_dist_923_1816_A,chi1_deg,600,-0.16165605280882173,-0.07053294621080777,0.1763733991023172,-1.982211637575343
mZ944,1,ca_dist_923_1816_A,chi2_deg,600,-0.1702042120465803,-0.20988458063827914,0.27022400150264886,-2.4602153078872013
mZ944,1,ca_dist_923_1816_A,chi3_deg,600,0.41087437584204456,0.32475773176162187,0.523722576430063,0.9019325841724734
mZ944,1,ca_dist_923_1816_A,chi4_deg,600,-0.13088462245876775,0.0846316562204502,0.15586308617113495,-0.9968060388945743
mZ944,1,ca_dist_923_1816_A,chi5_deg,600,0.1517410126476916,-0.11239901683326675,0.1888355737260114,2.208337749276141
mZ944,1,ca_dist_923_1816_A,chi6_deg,600,-0.1351336863760742,0.17196296760809715,0.2187061394249614,-0.6660408781103179
mZ944,1,ca_dist_923_1816_A,chi7_deg,600,0.19892809811130568,0.28286011716834053,0.3458066426526081,0.6129197410771335
mZ944,1,ca_dist_384_917_A,chi1_deg,600,0.0595170827043385,0.02648721677776241,0.06514488303978486,1.1520785139424459
mZ944,1,ca_dist_384_917_A,chi2_deg,600,0.1544631794675994,0.16673439595990383,0.22728667494455942,0.7472121609461747
mZ944,1,ca_dist_384_917_A,chi3_deg,600,-0.20899538369730666,-0.1429746405865571,0.2532208882727482,-2.170774182199978
mZ944,1,ca_dist_384_917_A,chi4_deg,600,0.1988363206160193,0.0010886975363646623,0.19883930109121314,1.565321036095063
mZ944,1,ca_dist_384_917_A,chi5_deg,600,-0.09452405031166122,0.08071500711094268,0.12429685619612826,-0.8640368323949253
mZ944,1,ca_dist_384_917_A,chi6_deg,600,0.035833232027068576,-0.025307187124510723,0.043868829909865785,2.1857040029282566
mZ944,1,ca_dist_384_917_A,chi7_deg,600,-0.1557565961227555,-0.22124722425326773,0.27057429936252797,-2.528191548449865
mZ944,1,ca_dist_1776_1465_A,chi1_deg,600,0.11392460416306407,0.05151550708201097,0.12503064785734558,1.1461231230666304
mZ944,1,ca_dist_1776_1465_A,chi2_deg,600,0.25050451852415545,0.29083610221888634,0.3838465216136437,0.71103240071648
mZ944,1,ca_dist_1776_1465_A,chi3_deg,600,-0.36951018601439084,-0.2615138596745989,0.45268893996904264,-2.1866921422322276
mZ944,1,ca_dist_1776_1465_A,chi4_deg,600,0.26856683386834557,-0.10479301167249128,0.2882875639868262,1.9428202752448411
mZ944,1,ca_dist_1776_1465_A,chi5_deg,600,-0.1990432929680912,0.1526824024715774,0.25085882185020747,-0.9164524679948188
mZ944,1,ca_dist_1776_1465_A,chi6_deg,600,0.14607419848248746,-0.03022581247886652,0.14916859992072307,1.77483770669011
mZ944,1,ca_dist_1776_1465_A,chi7_deg,600,-0.1307706403333498,-0.3467711151656415,0.37060918321921943,-2.7809739473450508
mZ944,1,ca_dist_926_1459_A,chi1_deg,600,-0.19190272081726728,-0.06605656721248304,0.20295350287434638,-1.902311801786315
mZ944,1,ca_dist_926_1459_A,chi2_deg,600,-0.3112608857522788,-0.3365605677348297,0.45842813477499833,-2.3952281335865924
mZ944,1,ca_dist_926_1459_A,chi3_deg,600,0.4734092913779659,0.3878427718161439,0.6119954026077461,0.884424506066891
mZ944,1,ca_dist_926_1459_A,chi4_deg,600,-0.32898692812241875,0.019220217522792626,0.3295478958164488,-1.512440224484853
mZ944,1,ca_dist_926_1459_A,chi5_deg,600,0.21668951614687226,-0.20945805096451559,0.30137521716594284,2.339226726592556
mZ944,1,ca_dist_926_1459_A,chi6_deg,600,-0.17910850812604567,0.11204166857265466,0.211265693333495,-1.0118002339337306
mZ944,1,ca_dist_926_1459_A,chi7_deg,600,0.2242696155222961,0.46105859483939904,0.5127103356884857,0.45272732792399384
mZ944,1,ca_dist_926_1461_A,chi1_deg,600,-0.09148711379723315,-0.04562466025812251,0.10223258587464659,-2.0334037155328084
mZ944,1,ca_dist_926_1461_A,chi2_deg,600,-0.0897081603815352,-0.12979643538784402,0.15778044453743312,-2.536834381860511
mZ944,1,ca_dist_926_1461_A,chi3_deg,600,0.1332597853910577,0.10216384505343173,0.1679155193499766,0.9167230095184883
mZ944,1,ca_dist_926_1461_A,chi4_deg,600,-0.12777334712244856,-0.024360314995387496,0.13007479841056158,-1.7591880157040614
mZ944,1,ca_dist_926_1461_A,chi5_deg,600,0.06598761647683692,-0.06431297913844945,0.09214404383331977,2.343343089660082
mZ944,1,ca_dist_926_1461_A,chi6_deg,600,0.010639129152843412,-0.02863568257537618,0.030548214116189926,2.785864141900301
mZ944,1,ca_dist_926_1461_A,chi7_deg,600,0.03670698816914454,0.11013452816962133,0.11609055635836547,0.32171360732077187
mZ944,1,ca_dist_1776_1464_A,chi1_deg,600,0.07543077982016545,0.059410314783605984,0.09601764445645099,0.9036537779466244
mZ944,1,ca_dist_1776_1464_A,chi2_deg,600,0.21269146123667443,0.25624485200813063,0.33301513758936024,0.6927868614459816
mZ944,1,ca_dist_1776_1464_A,chi3_deg,600,-0.21911563780439935,-0.15531926008193098,0.2685809659726974,-2.187434614992996
mZ944,1,ca_dist_1776_1464_A,chi4_deg,600,0.24071559567995363,-0.09719713453343835,0.259598306937981,1.954560612068045
mZ944,1,ca_dist_1776_1464_A,chi5_deg,600,-0.17031135980032056,0.1408512121996182,0.22100910219974226,-0.8797944536429859
mZ944,1,ca_dist_1776_1464_A,chi6_deg,600,0.11807610413333085,0.007441054701039215,0.11831033624484823,1.5078604121743147
mZ944,1,ca_dist_1776_1464_A,chi7_deg,600,-0.06656712251213881,-0.2400604765114414,0.24911887560449208,-2.8710957841947597
mZ944,2,ca_dist_357_1462_A,chi1_deg,600,-0.14936881426737264,0.09726277225572827,0.17824446567147753,-0.9936071297415281
mZ944,2,ca_dist_357_1462_A,chi2_deg,600,-0.06639535581081193,0.1822313986230676,0.19395006036957987,-0.34939798144042206
mZ944,2,ca_dist_357_1462_A,chi3_deg,600,0.13114398932197155,0.14216205924596745,0.19341353888581675,0.7451059457143709
mZ944,2,ca_dist_357_1462_A,chi4_deg,600,0.23105837441419338,-0.18095004355657227,0.293480647828873,2.235169186318606
mZ944,2,ca_dist_357_1462_A,chi5_deg,600,-0.27152936386804194,0.14166219891413623,0.3062619369816821,-1.0899243756775916
mZ944,2,ca_dist_357_1462_A,chi6_deg,600,0.1715844012513247,0.06829643228948395,0.18467704084765832,1.1919858915810804
mZ944,2,ca_dist_357_1462_A,chi7_deg,600,0.009481814323984226,-0.015601601385075905,0.018256910161725474,2.595496860297529
mZ944,2,ca_dist_1820_1462_A,chi1_deg,600,-0.14506536057823582,0.04342275470001747,0.1514248806023352,-1.2799521714561366
mZ944,2,ca_dist_1820_1462_A,chi2_deg,600,-0.2783929008197227,0.3878306594023166,0.4774046790713887,-0.6225863516813841
mZ944,2,ca_dist_1820_1462_A,chi3_deg,600,0.21714101091520338,0.21918571993227123,0.3085329778864887,0.7807120098680032
mZ944,2,ca_dist_1820_1462_A,chi4_deg,600,0.5027495698430091,-0.4365206593062537,0.6658133492041873,2.2857999693552236
mZ944,2,ca_dist_1820_1462_A,chi5_deg,600,-0.49942579720724256,0.31934089408147553,0.5927940059994247,-1.001897478504367
mZ944,2,ca_dist_1820_1462_A,chi6_deg,600,0.26305886851146276,0.02641147047240833,0.2643814177945302,1.470730295269027
mZ944,2,ca_dist_1820_1462_A,chi7_deg,600,0.08803990774531018,-0.09600664564864111,0.13026243266769766,2.3994540216513602
mZ944,2,ca_dist_355_388_A,chi1_deg,600,-0.15182387852940155,0.07603507528210501,0.1697993603193659,-1.1065000922063775
mZ944,2,ca_dist_355_388_A,chi2_deg,600,-0.3111772824939633,0.48553999485923116,0.576697830538862,-0.5699436713882864
mZ944,2,ca_dist_355_388_A,chi3_deg,600,0.2495245711128264,0.2585032245149986,0.3592859984381408,0.7677264556398887
mZ944,2,ca_dist_355_388_A,chi4_deg,600,0.5519669755208363,-0.5350669930167563,0.7687419782226108,2.340648866426052
mZ944,2,ca_dist_355_388_A,chi5_deg,600,-0.41149607568033464,0.24154146872707621,0.47714913959384736,-1.040002652412585
mZ944,2,ca_dist_355_388_A,chi6_deg,600,0.28926719998988176,0.0725118355443323,0.2982171679900313,1.3251831854888585
mZ944,2,ca_dist_355_388_A,chi7_deg,600,0.0635889938885148,-0.0872030547565754,0.10792558965616941,2.511533041208258
mZ944,2,ca_dist_354_1459_A,chi1_deg,600,-0.04319029189532237,-0.008732690797379226,0.044064284886581116,-1.7702977823723456
mZ944,2,ca_dist_354_1459_A,chi2_deg,600,-0.12074026470259039,0.23438769188834147,0.2636584943239942,-0.4756786641749944
mZ944,2,ca_dist_354_1459_A,chi3_deg,600,0.04062037620639654,0.005304603481429115,0.04096527531024753,1.4409414489484669
mZ944,2,ca_dist_354_1459_A,chi4_deg,600,0.2359657376231719,-0.23963982692149272,0.3363139544815389,2.3639194128779852
mZ944,2,ca_dist_354_1459_A,chi5_deg,600,-0.09776083759119605,0.0827158677281708,0.12805895572179427,-0.8685682535188505
mZ944,2,ca_dist_354_1459_A,chi6_deg,600,0.0847814587314936,0.015632274427690496,0.08621057793810792,1.3884610403798883
mZ944,2,ca_dist_354_1459_A,chi7_deg,600,0.07217308381438747,-0.06535936193383196,0.09736940083864253,2.306692313906713
mZ944,2,ca_dist_357_1780_A,chi1_deg,600,-0.20040535786253172,0.09679170171002566,0.2225554784316306,-1.1208575078763758
mZ944,2,ca_dist_357_1780_A,chi2_deg,600,-0.08733702021996412,0.1688833548237259,0.1901298047056771,-0.47726858451282544
mZ944,2,ca_dist_357_1780_A,chi3_deg,600,0.10751116165466312,0.18307781042008486,0.21231140936969836,0.5309865379696874
mZ944,2,ca_dist_357_1780_A,chi4_deg,600,0.26789725334541686,-0.21630495538355546,0.3443207401152309,2.2500438544205035
mZ944,2,ca_dist_357_1780_A,chi5_deg,600,-0.3003704863994189,0.19679122295669566,0.3590949937448521,-0.9908010849182934
mZ944,2,ca_dist_357_1780_A,chi6_deg,600,0.18644651521776537,0.038172373978346275,0.1903140382945807,1.3688507858219348
mZ944,2,ca_dist_357_1780_A,chi7_deg,600,0.0013169365658144104,-0.04633360408102695,0.04635231589743641,3.1131773785622796
mZ944,2,ca_dist_384_872_A,chi1_deg,600,0.09998482150344801,-0.02448053539376563,0.10293814231975323,1.8109150291360234
mZ944,2,ca_dist_384_872_A,chi2_deg,600,0.3556190899618197,-0.6126564058635136,0.7083874708031411,2.6156689292910866
mZ944,2,ca_dist_384_872_A,chi3_deg,600,-0.26372693441880796,-0.26458422442049667,0.3735728948279545,-2.3578171877918335
mZ944,2,ca_dist_384_872_A,chi4_deg,600,-0.5848157663837742,0.6801885993350145,0.897031778297943,-0.7101472433830093
mZ944,2,ca_dist_384_872_A,chi5_deg,600,0.2196780098769832,-0.15998564534064014,0.2717606202866284,2.2002467784782005
mZ944,2,ca_dist_384_872_A,chi6_deg,600,-0.2011054602810698,0.0015565895076546689,0.20111148432090167,-1.5630563160491837
mZ944,2,ca_dist_384_872_A,chi7_deg,600,-0.07848342854210673,0.10697267095629522,0.132675547435267,-0.6329725255338952
mZ944,2,ca_dist_384_1466_A,chi1_deg,600,0.1002654487906674,-0.061863618493809114,0.11781454712530838,2.123620957997606
mZ944,2,ca_dist_384_1466_A,chi2_deg,600,0.34880561282216604,-0.5668722597873748,0.6655895991169721,2.589987387826535
mZ944,2,ca_dist_384_1466_A,chi3_deg,600,-0.24981932045411315,-0.2545276341916031,0.3566426915546278,-2.3655296847906526
mZ944,2,ca_dist_384_1466_A,chi4_deg,600,-0.5233635329390679,0.6310182399828166,0.8198130316123758,-0.69240965756862
mZ944,2,ca_dist_384_1466_A,chi5_deg,600,0.29320706260627005,-0.26464447540111535,0.39497731570626776,2.3050381070888624
mZ944,2,ca_dist_384_1466_A,chi6_deg,600,-0.18291949489551984,0.010914441805677896,0.18324482708322665,-1.511198979774415
mZ944,2,ca_dist_384_1466_A,chi7_deg,600,-0.06485402505271864,0.10965138864365462,0.12739494337304147,-0.534113820865923
mZ944,2,ca_dist_384_1463_A,chi1_deg,600,0.028674980290838366,-0.024226424973720982,0.037538968575166,2.2723004278894785
mZ944,2,ca_dist_384_1463_A,chi2_deg,600,0.19291679113790433,-0.3476035572477225,0.39754889172806973,2.6349257785632623
mZ944,2,ca_dist_384_1463_A,chi3_deg,600,-0.11260811943705784,-0.13066751312036318,0.17249518123185636,-2.43029286688081
mZ944,2,ca_dist_384_1463_A,chi4_deg,600,-0.2663853234878373,0.39586435370274686,0.4771474898835927,-0.5923198400009043
mZ944,2,ca_dist_384_1463_A,chi5_deg,600,0.03864476557921844,-0.10403912690134309,0.11098449366045024,2.7859427371839067
mZ944,2,ca_dist_384_1463_A,chi6_deg,600,-0.06843557809475735,0.01864959017718569,0.07093120302758592,-1.3047436523592806
mZ944,2,ca_dist_384_1463_A,chi7_deg,600,-0.038731021059237425,0.08304638314324256,0.09163402067717719,-0.4363902379699173
mZ944,2,ca_dist_384_950_A,chi1_deg,600,0.1576850904281033,-0.07900302255339993,0.1763691166726537,2.0352577705214467
mZ944,2,ca_dist_384_950_A,chi2_deg,600,0.3878640355128113,-0.6642976689791374,0.7692398215481301,2.6131172605280506
mZ944,2,ca_dist_384_950_A,chi3_deg,600,-0.31155367600267686,-0.30176389284430827,0.4337362563301944,-2.3402338323702407
mZ944,2,ca_dist_384_950_A,chi4_deg,600,-0.70950752216939,0.7192810353267036,1.0103297143980285,-0.7785578505521871
mZ944,2,ca_dist_384_950_A,chi5_deg,600,0.4330999367317306,-0.2840983056069953,0.5179646729708454,2.1513532937510953
mZ944,2,ca_dist_384_950_A,chi6_deg,600,-0.2809136891785986,-0.009408603026839987,0.281071205531351,-1.6042766720168788
mZ944,2,ca_dist_384_950_A,chi7_deg,600,-0.09861016407998843,0.1021295787885285,0.14196624712728195,-0.7678677325684004
mZ944,2,ca_dist_1776_1782_A,chi1_deg,600,-0.011013938740754679,-0.02990185640630603,0.031865778872144986,-2.78867690357812
mZ944,2,ca_dist_1776_1782_A,chi2_deg,600,0.2566524126061228,-0.24495526533724368,0.3547866160285404,2.332879401111677
mZ944,2,ca_dist_1776_1782_A,chi3_deg,600,-0.16052611027401542,-0.02044593808126125,0.16182295406934125,-1.6974825041337758
mZ944,2,ca_dist_1776_1782_A,chi4_deg,600,-0.19976035006979467,0.25530246952546704,0.32416592727461185,-0.6639451450929424
mZ944,2,ca_dist_1776_1782_A,chi5_deg,600,0.09788566262624944,-0.020024446094774717,0.09991286898684505,1.772581996303815
mZ944,2,ca_dist_1776_1782_A,chi6_deg,600,-0.13565379354576426,-0.04480037356395182,0.14286015950861342,-1.8897740266243404
mZ944,2,ca_dist_1776_1782_A,chi7_deg,600,0.0017803117652933215,-0.018909287363624308,0.018992910745374545,3.0477192484761306
mZ944,2,ca_dist_356_1782_A,chi1_deg,600,-0.14293709884690617,0.0638266335501313,0.15654026120175274,-1.1508263701384316
mZ944,2,ca_dist_356_1782_A,chi2_deg,600,-0.014880558922871294,0.09247575193836974,0.09366533900234354,-0.15954543275551475
mZ944,2,ca_dist_356_1782_A,chi3_deg,600,0.032595582080576675,0.1611314170791793,0.16439527225901615,0.19959834477236219
mZ944,2,ca_dist_356_1782_A,chi4_deg,600,0.20997307436020707,-0.15134066839656254,0.2588294609718827,2.195321216069998
mZ944,2,ca_dist_356_1782_A,chi5_deg,600,-0.23872041695718318,0.17234697643620045,0.29443321442886095,-0.945482582665077
mZ944,2,ca_dist_356_1782_A,chi6_deg,600,0.12039112338025454,-0.00031064114904521926,0.12039152414801946,1.5733765872902987
mZ944,2,ca_dist_356_1782_A,chi7_deg,600,0.026971913092307537,-0.03603316389138413,0.04500969890903893,2.4990328500766616
mZ944,2,ca_dist_1777_1464_A,chi1_deg,600,-0.07096224546897476,0.01952350069842271,0.07359896304650182,-1.3023137389230206
mZ944,2,ca_dist_1777_1464_A,chi2_deg,600,-0.14489822855727896,0.22376274350378708,0.26658068575832544,-0.5746530628686966
mZ944,2,ca_dist_1777_1464_A,chi3_deg,600,0.14677653411998123,0.13610508361632173,0.2001697898147469,0.8231043696293071
mZ944,2,ca_dist_1777_1464_A,chi4_deg,600,0.2904681320472786,-0.22318623472657562,0.36631111245287307,2.2259492937669765
mZ944,2,ca_dist_1777_1464_A,chi5_deg,600,-0.32149746513913674,0.17845670571085084,0.36770561037881877,-1.0640615469855526
mZ944,2,ca_dist_1777_1464_A,chi6_deg,600,0.13295835294656416,0.023955378927918214,0.13509916283176324,1.3925367436754765
mZ944,2,ca_dist_1777_1464_A,chi7_deg,600,0.07408726404804764,-0.08700870522053988,0.11427789584289666,2.436232726667595
mZ944,2,ca_dist_357_1782_A,chi1_deg,600,-0.18433092740328516,0.09976535380147084,0.20959727244524876,-1.0747115565195826
mZ944,2,ca_dist_357_1782_A,chi2_deg,600,-0.07275627848946423,0.1474128752151019,0.16438987754366047,-0.45847787501698783
mZ944,2,ca_dist_357_1782_A,chi3_deg,600,0.0841786513524056,0.19271209997705868,0.2102950280464988,0.4118314914265442
mZ944,2,ca_dist_357_1782_A,chi4_deg,600,0.27133808807820814,-0.20332978800733809,0.3390683717674748,2.213887422574508
mZ944,2,ca_dist_357_1782_A,chi5_deg,600,-0.3317843804950432,0.21658409952560215,0.39621906479597313,-0.992465284480197
mZ944,2,ca_dist_357_1782_A,chi6_deg,600,0.20578552191190808,0.02348117459569691,0.20712085020332938,1.457182623140742
mZ944,2,ca_dist_357_1782_A,chi7_deg,600,0.00044072208510125693,-0.032238745894105345,0.03224175821479018,3.1279229334674956
mZ944,2,ca_dist_384_876_A,chi1_deg,600,0.1221520012038397,-0.0455875909969059,0.13038151652363933,1.9279913169798089
mZ944,2,ca_dist_384_876_A,chi2_deg,600,0.3901842114509113,-0.659235845504924,0.7660519687750704,2.607169966871335
mZ944,2,ca_dist_384_876_A,chi3_deg,600,-0.25051325262243745,-0.24235476224254754,0.3485580590391146,-2.3396429082254384
mZ944,2,ca_dist_384_876_A,chi4_deg,600,-0.6237958087739583,0.7290814624431925,0.9595212295318228,-0.7077312006550364
mZ944,2,ca_dist_384_876_A,chi5_deg,600,0.21616141554664295,-0.1660383852304853,0.27257017984562343,2.225795127327564
mZ944,2,ca_dist_384_876_A,chi6_deg,600,-0.18185855629516542,0.034204183732533505,0.18504718501660805,-1.3848869310956653
mZ944,2,ca_dist_384_876_A,chi7_deg,600,-0.09525032669842844,0.1238567329740506,0.15624696809590458,-0.6555734543554449
mZ944,2,ca_dist_384_919_A,chi1_deg,600,0.10001403035353369,-0.03479780095768116,0.10589472705969809,1.9056251401958302
mZ944,2,ca_dist_384_919_A,chi2_deg,600,0.2565595127160103,-0.5562515313758383,0.612567179763201,2.7094397654865388
mZ944,2,ca_dist_384_919_A,chi3_deg,600,-0.1873722905590885,-0.2122837949158631,0.2831479910810594,-2.418446304164529
mZ944,2,ca_dist_384_919_A,chi4_deg,600,-0.41028151108845534,0.6142723675033676,0.7386890142808532,-0.5888660918892159
mZ944,2,ca_dist_384_919_A,chi5_deg,600,-0.07732637178661159,0.055615771725252186,0.09524957657793887,-0.9472777987700248
mZ944,2,ca_dist_384_919_A,chi6_deg,600,-0.05521904036796792,0.02549951820714485,0.06082242882322098,-1.1381824358330246
mZ944,2,ca_dist_384_919_A,chi7_deg,600,-0.08630549749994215,0.1342434887385018,0.1595930862142743,-0.5713696941606137
mZ944,2,ca_dist_356_1781_A,chi1_deg,600,-0.1224671056830635,0.040353282322369434,0.12894409396546822,-1.2524969980394929
mZ944,2,ca_dist_356_1781_A,chi2_deg,600,0.02663096190040228,0.01759673107302145,0.0319194780063352,0.9868926276674442
mZ944,2,ca_dist_356_1781_A,chi3_deg,600,-0.014901993676624557,0.11716082805121056,0.11810473760685253,-0.12651330449882747
mZ944,2,ca_dist_356_1781_A,chi4_deg,600,0.12167651306136791,-0.06943391492966253,0.14009369141125824,2.0893504404402163
mZ944,2,ca_dist_356_1781_A,chi5_deg,600,-0.15144497406665286,0.11292401430600207,0.18891112507481214,-0.9300889850787931
mZ944,2,ca_dist_356_1781_A,chi6_deg,600,0.05666335680411037,-0.015717694511750417,0.058802907454263094,1.8413806169918463
mZ944,2,ca_dist_356_1781_A,chi7_deg,600,0.008985247303874332,-0.021951699468264974,0.023719438835200248,2.7530785743530384
mZ944,2,ca_dist_357_1460_A,chi1_deg,600,-0.10571965653449826,0.06484081735910006,0.12402006843075218,-1.0206344778954552
mZ944,2,ca_dist_357_1460_A,chi2_deg,600,-0.03803660485625475,0.19098349826731742,0.19473438299235524,-0.19658940595444116
mZ944,2,ca_dist_357_1460_A,chi3_deg,600,0.11634600372289415,0.13649469609234785,0.17935215260383716,0.7058769330870018
mZ944,2,ca_dist_357_1460_A,chi4_deg,600,0.19923092869437892,-0.19760413615276717,0.28060712316886405,2.35209509582693
mZ944,2,ca_dist_357_1460_A,chi5_deg,600,-0.16405941564821472,0.07762119476181299,0.18149529398605624,-1.1288760261183521
mZ944,2,ca_dist_357_1460_A,chi6_deg,600,0.14610374831217524,0.049989917614014806,0.1544192252730321,1.2411286834131834
mZ944,2,ca_dist_357_1460_A,chi7_deg,600,-0.0002761055972621898,-0.003749384380843581,0.003759536877881811,-3.0680850879418715
mZ944,2,ca_dist_384_948_A,chi1_deg,600,0.17453768105234285,-0.08869424279128403,0.19578067016804443,2.040955955362108
mZ944,2,ca_dist_384_948_A,chi2_deg,600,0.39942735587344785,-0.6928588093045621,0.7997471739562383,2.6186380409867906
mZ944,2,ca_dist_384_948_A,chi3_deg,600,-0.330209765721845,-0.31892453199533144,0.4590766237639605,-2.338811189044208
mZ944,2,ca_dist_384_948_A,chi4_deg,600,-0.7293370958314158,0.7546416246565228,1.0494839593914906,-0.7683480019955992
mZ944,2,ca_dist_384_948_A,chi5_deg,600,0.42885097882943224,-0.29313232271420997,0.5194609905111162,2.170382567923766
mZ944,2,ca_dist_384_948_A,chi6_deg,600,-0.2628779998449163,0.014297665760525846,0.2632665304376223,-1.5164608842179628
mZ944,2,ca_dist_384_948_A,chi7_deg,600,-0.11132818329855997,0.11104507882543087,0.15724176903069972,-0.7866712675353904
mZ944,2,ca_dist_387_955_A,chi1_deg,600,0.16788847047000005,-0.09130490286089442,0.19111023992238993,2.06889988193619
mZ944,2,ca_dist_387_955_A,chi2_deg,600,0.4090416064871009,-0.6021986763047119,0.7279823360361813,2.544931125753828
mZ944,2,ca_dist_387_955_A,chi3_deg,600,-0.3087380363930088,-0.31301075563952685,0.43965316814716393,-2.3630664810066313
mZ944,2,ca_dist_387_955_A,chi4_deg,600,-0.698112994726098,0.6679318675981654,0.9661753118138623,-0.8074883732908218
mZ944,2,ca_dist_387_955_A,chi5_deg,600,0.5252103949584024,-0.36010852156920203,0.6368077467172628,2.17182378247509
mZ944,2,ca_dist_387_955_A,chi6_deg,600,-0.29562619413968677,-0.017879119391551464,0.2961663545572541,-1.6312015572026213
mZ944,2,ca_dist_387_955_A,chi7_deg,600,-0.10457008913110291,0.11127625069949677,0.15270005733667574,-0.7543390079748358
mZ944,2,ca_dist_1781_1816_A,chi1_deg,600,0.15176975378028906,-0.03140153873125192,0.15498424048018522,1.7748199931081616
mZ944,2,ca_dist_1781_1816_A,chi2_deg,600,-0.023884744664008382,-0.055094950127549065,0.0600494342789505,-2.7325279559039752
mZ944,2,ca_dist_1781_1816_A,chi3_deg,600,-0.06653637293768586,-0.08632185472135755,0.1089887678902646,-2.4849156268099737
mZ944,2,ca_dist_1781_1816_A,chi4_deg,600,-0.0995287401499633,0.026482310172310623,0.1029916640699692,-1.3107445196749925
mZ944,2,ca_dist_1781_1816_A,chi5_deg,600,0.18943234666024528,-0.14277303451735274,0.23721035674375715,2.2166540786237263
mZ944,2,ca_dist_1781_1816_A,chi6_deg,600,-0.0789729503372374,-0.007870311665053961,0.0793641524283656,-1.6701266721910515
mZ944,2,ca_dist_1781_1816_A,chi7_deg,600,-0.06504456432992396,0.012118684924204162,0.06616387135863311,-1.3865947597749042
mZ944,2,ca_dist_353_1461_A,chi1_deg,600,-0.07537922531296368,-0.034346779716539495,0.0828355532707969,-1.9983414391896994
mZ944,2,ca_dist_353_1461_A,chi2_deg,600,0.016289571964022972,0.10738514282647775,0.10861362278569898,0.15054525787833772
mZ944,2,ca_dist_353_1461_A,chi3_deg,600,-0.000530649240535544,0.051343450081977625,0.05134619221458403,-0.010334918019302463
mZ944,2,ca_dist_353_1461_A,chi4_deg,600,0.06852920835369475,-0.12254172833401752,0.14040202128414056,2.6316894710164394
mZ944,2,ca_dist_353_1461_A,chi5_deg,600,0.029967505563962337,0.006107092950427471,0.030583459157382354,1.3697587261093442
mZ944,2,ca_dist_353_1461_A,chi6_deg,600,0.044150599683075026,-0.012850178246912893,0.04598263295367695,1.8540250748235867
mZ944,2,ca_dist_353_1461_A,chi7_deg,600,0.0757532722156859,-0.06932621375082708,0.10268730283929545,2.3119231793923323
mZ944,2,ca_dist_351_357_A,chi1_deg,600,0.002871618326780418,0.024328263531606904,0.024497154901702678,0.11749265913629177
mZ944,2,ca_dist_351_357_A,chi2_deg,600,-0.1130170639599665,0.27884167643389196,0.3008746205026181,-0.3850747768378299
mZ944,2,ca_dist_351_357_A,chi3_deg,600,0.1306990723676766,0.08981851219010903,0.15858629401627347,0.9687017590296421
mZ944,2,ca_dist_351_357_A,chi4_deg,600,0.1802253388865418,-0.2859852785833787,0.33803661390917633,2.5792692146839653
mZ944,2,ca_dist_351_357_A,chi5_deg,600,0.06404544151132455,-0.07945212557720445,0.10205125593110728,2.4631502462881296
mZ944,2,ca_dist_351_357_A,chi6_deg,600,0.05673842279225573,-0.006143710234632272,0.057070077942822976,1.6786573865305265
mZ944,2,ca_dist_351_357_A,chi7_deg,600,-0.04773624283674218,0.004823450308531121,0.0479793138034225,-1.4700943382122826
mZ944,2,ca_dist_354_1460_A,chi1_deg,600,-0.09703844400775882,-0.003675295287411999,0.09710801929241794,-1.6086528634219648
mZ944,2,ca_dist_354_1460_A,chi2_deg,600,-0.05359693484980161,0.20971134366033045,0.21645202490416923,-0.2502186129690177
mZ944,2,ca_dist_354_1460_A,chi3_deg,600,0.08861389018637515,0.09794365567386992,0.13208096464186103,0.7354296716763941
mZ944,2,ca_dist_354_1460_A,chi4_deg,600,0.2133558372408768,-0.22060015462204424,0.3068959783119117,2.3728866080203663
mZ944,2,ca_dist_354_1460_A,chi5_deg,600,-0.12944980747392476,0.10237711710817496,0.165040379187692,-0.901651353934121
mZ944,2,ca_dist_354_1460_A,chi6_deg,600,0.12056840101131783,0.02286315575527781,0.12271700458174506,1.3833933553288515
mZ944,2,ca_dist_354_1460_A,chi7_deg,600,-0.0022679220457196315,0.01835201875889201,0.018491621425180252,-0.12295550059708654
mZ944,2,ca_dist_384_1465_A,chi1_deg,600,0.07064087985393577,-0.03852693255178893,0.08046401952666969,2.0700944266680934
mZ944,2,ca_dist_384_1465_A,chi2_deg,600,0.2839977023100812,-0.44823208729905584,0.5306285885644251,2.5768363774866354
mZ944,2,ca_dist_384_1465_A,chi3_deg,600,-0.16929717095952054,-0.20534518160227053,0.26613563403303697,-2.4521189823323897
mZ944,2,ca_dist_384_1465_A,chi4_deg,600,-0.400815627139782,0.5242011798024683,0.6598788099838913,-0.6527935455022046
mZ944,2,ca_dist_384_1465_A,chi5_deg,600,0.16421560658898401,-0.19499793401858828,0.25493324561325004,2.4416793207476593
mZ944,2,ca_dist_384_1465_A,chi6_deg,600,-0.11947687450726538,-0.011554409272781585,0.12003427808616912,-1.6672048513243523
mZ944,2,ca_dist_384_1465_A,chi7_deg,600,-0.046541024137804796,0.1100989441401782,0.11953177162820691,-0.3999378712234766
mZ944,2,ca_dist_1778_1464_A,chi1_deg,600,-0.12147745992403701,0.026533183097763438,0.12434139726935457,-1.3557529793780363
mZ944,2,ca_dist_1778_1464_A,chi2_deg,600,-0.11994095476326726,0.24046922516763444,0.26872156757924476,-0.46267018250044123
mZ944,2,ca_dist_1778_1464_A,chi3_deg,600,0.15481468795048126,0.17636400346481013,0.2346739212680873,0.7204212176048408
mZ944,2,ca_dist_1778_1464_A,chi4_deg,600,0.32042965733098444,-0.24552654058032594,0.40368112096875985,2.224611298845942
mZ944,2,ca_dist_1778_1464_A,chi5_deg,600,-0.3687889336960649,0.2065748109920123,0.42270371438285964,-1.06019859040163
mZ944,2,ca_dist_1778_1464_A,chi6_deg,600,0.15377387046367205,0.00770612897434322,0.15396683948547948,1.5207248307604426
mZ944,2,ca_dist_1778_1464_A,chi7_deg,600,0.07936781652197325,-0.0900985889168946,0.12007083752635846,2.4194310056822275
mZ944,2,ca_dist_926_1463_A,chi1_deg,600,-0.03079644242622167,-0.017936412827178724,0.03563896422763388,-2.098187812843071
mZ944,2,ca_dist_926_1463_A,chi2_deg,600,-0.03628683409651724,0.07158668645206243,0.08025825817904389,-0.46914727829562275
mZ944,2,ca_dist_926_1463_A,chi3_deg,600,-0.0034816077385940343,0.014126990616533077,0.014549689217473048,-0.2416354333914099
mZ944,2,ca_dist_926_1463_A,chi4_deg,600,0.04039124614576636,-0.08721964223965757,0.0961182540291996,2.7078999326242954
mZ944,2,ca_dist_926_1463_A,chi5_deg,600,0.07651178035445216,-0.0139656516227437,0.07777590859807282,1.7513382281191903
mZ944,2,ca_dist_926_1463_A,chi6_deg,600,-0.03569956480883935,0.038583799130198826,0.05256584901682891,-0.7465901977707735
mZ944,2,ca_dist_926_1463_A,chi7_deg,600,0.002342091052077607,-0.03563764004511188,0.03571451775512562,3.0759674359938107
mZ944,2,ca_dist_1781_1820_A,chi1_deg,600,0.12299665615606764,-0.06274508173656122,0.138076510340107,2.0425202008505186
mZ944,2,ca_dist_1781_1820_A,chi2_deg,600,-0.03898830432309429,0.00698284212040802,0.03960868538677795,-1.3935743653518033
mZ944,2,ca_dist_1781_1820_A,chi3_deg,600,-0.020565073401869274,-0.03897170660726662,0.044064908486313004,-2.6560373395083325
mZ944,2,ca_dist_1781_1820_A,chi4_deg,600,-0.030064853196200735,-0.03153112139569032,0.043567269987673796,-2.379994606110051
mZ944,2,ca_dist_1781_1820_A,chi5_deg,600,0.1468479542576527,-0.148157127988782,0.20860214822369877,2.360632261660349
mZ944,2,ca_dist_1781_1820_A,chi6_deg,600,-0.05447755090953699,-0.023454803205507135,0.059312151760918794,-1.9773506256730058
mZ944,2,ca_dist_1781_1820_A,chi7_deg,600,-0.07973273294234298,0.009790431660784832,0.08033157072135141,-1.448617310689425
mZ944,2,ca_dist_925_1463_A,chi1_deg,600,-0.032509098996003905,-0.04154852369640143,0.052755296785085136,-2.4776530274814927
mZ944,2,ca_dist_925_1463_A,chi2_deg,600,0.05460055568912821,-0.05800142995566396,0.07965793468615279,2.3863879252600135
mZ944,2,ca_dist_925_1463_A,chi3_deg,600,-0.06862032456434378,-0.05382293234375648,0.08721041789486202,-2.2359267117104453
mZ944,2,ca_dist_925_1463_A,chi4_deg,600,-0.09466080490859036,0.06848368671424578,0.1168361388095189,-0.9444956551787876
mZ944,2,ca_dist_925_1463_A,chi5_deg,600,0.17371886128189543,-0.13784401402741148,0.22176387209883316,2.241554548506953
mZ944,2,ca_dist_925_1463_A,chi6_deg,600,-0.04841946912494009,0.011576976973543002,0.04978424837422949,-1.3361048101540733
mZ944,2,ca_dist_925_1463_A,chi7_deg,600,-0.03294164443411833,-0.003921707766312935,0.033174263063830645,-1.6892887831882266
mZ944,2,ca_dist_384_920_A,chi1_deg,600,0.06195989038934959,-0.03838567612249124,0.07288681738449697,2.1254485809766734
mZ944,2,ca_dist_384_920_A,chi2_deg,600,0.3233494982243275,-0.5714810259353033,0.6566166773742433,2.626692568464105
mZ944,2,ca_dist_384_920_A,chi3_deg,600,-0.18036853460931335,-0.13827389534187398,0.22727181613681577,-2.2248488539075684
mZ944,2,ca_dist_384_920_A,chi4_deg,600,-0.41506311176716915,0.631981742990508,0.7560941146597863,-0.581115823725213
mZ944,2,ca_dist_384_920_A,chi5_deg,600,-0.11329140623255882,0.06682328819023348,0.13153058416469404,-1.037884282065456
mZ944,2,ca_dist_384_920_A,chi6_deg,600,-0.0555117885988497,0.010674644318288018,0.056528813049323244,-1.380820192925209
mZ944,2,ca_dist_384_920_A,chi7_deg,600,-0.08933612506341945,0.14365394672509538,0.1691667805777584,-0.5563556285596198
mZ944,2,ca_dist_926_1466_A,chi1_deg,600,0.03471571697905025,-0.026358497139226666,0.04358843168557614,2.2202019613868154
mZ944,2,ca_dist_926_1466_A,chi2_deg,600,0.036035806716791484,-0.0899435141094056,0.09689383414892197,2.7605266532739816
mZ944,2,ca_dist_926_1466_A,chi3_deg,600,-0.1687703531045766,-0.14401382274169763,0.22186350134197508,-2.2772102271510883
mZ944,2,ca_dist_926_1466_A,chi4_deg,600,-0.08845464593892058,0.07540432028815283,0.11623268002716851,-0.8648740521697174
mZ944,2,ca_dist_926_1466_A,chi5_deg,600,0.20663517051324423,-0.11019055393305403,0.23417952914187612,2.0606976238607326
mZ944,2,ca_dist_926_1466_A,chi6_deg,600,-0.10802073374491186,-0.005956857256209933,0.108184855997316,-1.6258860278575866
mZ944,2,ca_dist_926_1466_A,chi7_deg,600,0.038566720504727744,-0.04209944182690227,0.057094263570226705,2.3999608637846395
mZ944,2,ca_dist_918_1462_A,chi1_deg,600,0.055792259560982715,-0.010644363156611823,0.05679858003445071,1.7593164514240738
mZ944,2,ca_dist_918_1462_A,chi2_deg,600,0.1518232099298042,-0.16309359611470287,0.222822369090303,2.3919676782488586
mZ944,2,ca_dist_918_1462_A,chi3_deg,600,-0.11334697883079031,-0.09526311916564924,0.14806282275857202,-2.269723294719177
mZ944,2,ca_dist_918_1462_A,chi4_deg,600,-0.23679171748563643,0.16960568539638754,0.29126689820262075,-0.9492372753709502
mZ944,2,ca_dist_918_1462_A,chi5_deg,600,0.31802379959864346,-0.253576456067793,0.4067433541965492,2.243919670251516
mZ944,2,ca_dist_918_1462_A,chi6_deg,600,-0.17934662075178986,-0.10393024845877741,0.2072841212437401,-2.0960012319518695
mZ944,2,ca_dist_918_1462_A,chi7_deg,600,-0.07515910847595819,0.06754418160404785,0.1010500274886724,-0.838709557692642
mZ944,2,ca_dist_1778_1782_A,chi1_deg,600,0.022277515114887465,-0.03793543446459721,0.04399300930502242,2.6106022547175556
mZ944,2,ca_dist_1778_1782_A,chi2_deg,600,0.16833429449938672,-0.18782828702584362,0.2522219263102813,2.410873342212979
mZ944,2,ca_dist_1778_1782_A,chi3_deg,600,-0.1437669002828642,-0.04652602643154698,0.15110788448142615,-1.8837807041430805
mZ944,2,ca_dist_1778_1782_A,chi4_deg,600,-0.16619137766714379,0.176138226897414,0.24216574692856155,-0.7563499851673503
mZ944,2,ca_dist_1778_1782_A,chi5_deg,600,0.11036955183982816,-0.061218424487125424,0.12621067098312405,2.077216113007875
mZ944,2,ca_dist_1778_1782_A,chi6_deg,600,-0.08456362427537874,-0.05956192777254419,0.10343418095856512,-2.1844321482164175
mZ944,2,ca_dist_1778_1782_A,chi7_deg,600,0.0029384671814743774,0.006822334538697808,0.0074282459527475935,0.4066995181461704
mZ944,2,ca_dist_354_926_A,chi1_deg,600,-0.0003568084297140735,0.006665891607027002,0.006675434305882131,-0.053476453036952865
mZ944,2,ca_dist_354_926_A,chi2_deg,600,-0.03406609423524085,-0.09478971434164284,0.10072531321080397,-2.796580753667953
mZ944,2,ca_dist_354_926_A,chi3_deg,600,0.055185216077662066,-0.040917176547691496,0.06869951535617415,2.208804088152457
mZ944,2,ca_dist_354_926_A,chi4_deg,600,-0.02574310889702728,0.09893306994558156,0.10222749133448172,-0.25456224044868425
mZ944,2,ca_dist_354_926_A,chi5_deg,600,-0.01877634806170501,-0.010004365991693943,0.021275304590770396,-2.0603519317739756
mZ944,2,ca_dist_354_926_A,chi6_deg,600,-0.035203206192959205,0.019759129524736928,0.04036940581479163,-1.0593281974543802
mZ944,2,ca_dist_354_926_A,chi7_deg,600,-0.08930716160479546,0.06185055075285339,0.10863360319135303,-0.9650812526452286
mZ944,2,ca_dist_357_1461_A,chi1_deg,600,-0.09220887818533577,0.05255355022604782,0.10613365563081213,-1.0527729042733582
mZ944,2,ca_dist_357_1461_A,chi2_deg,600,0.0030481663990155825,0.14870416491022162,0.14873540257800924,0.020495320938002586
mZ944,2,ca_dist_357_1461_A,chi3_deg,600,0.09974524502017473,0.11951037047662552,0.15566580406625913,0.6954946722326102
mZ944,2,ca_dist_357_1461_A,chi4_deg,600,0.1369135099925638,-0.1534048923340578,0.2056170474705532,2.4129379781326428
mZ944,2,ca_dist_357_1461_A,chi5_deg,600,-0.09660069212563058,0.04366803486420741,0.10601222093726977,-1.146241574918727
mZ944,2,ca_dist_357_1461_A,chi6_deg,600,0.0879595284041147,0.042748285496234176,0.09779721136076328,1.1184117314579727
mZ944,2,ca_dist_357_1461_A,chi7_deg,600,0.022471031374481712,-0.035690867532069376,0.04217564790521499,2.579691082203661
mZ944,2,ca_dist_384_916_A,chi1_deg,600,0.11419190929675044,-0.04040257152376701,0.12112869162411681,1.910863899769471
mZ944,2,ca_dist_384_916_A,chi2_deg,600,0.3607827995036202,-0.6567419199513502,0.7493158064788538,2.639246718304707
mZ944,2,ca_dist_384_916_A,chi3_deg,600,-0.24400335350842367,-0.233571050547187,0.3377766602017868,-2.334353612623307
mZ944,2,ca_dist_384_916_A,chi4_deg,600,-0.5424393714639586,0.7225931831149053,0.9035382559683599,-0.643938929009804
mZ944,2,ca_dist_384_916_A,chi5_deg,600,0.07337685281052385,-0.06418215608533821,0.09748595636367322,2.289451934109408
mZ944,2,ca_dist_384_916_A,chi6_deg,600,-0.12699089218232829,0.03420778016810731,0.13151752324801924,-1.3076699909210636
mZ944,2,ca_dist_384_916_A,chi7_deg,600,-0.11913999743471143,0.1582132004506051,0.19805493123264162,-0.645440358251748
mZ944,2,ca_dist_1777_1465_A,chi1_deg,600,-0.03343541135510726,0.003690170838474057,0.033638431790176546,-1.4608740604708104
mZ944,2,ca_dist_1777_1465_A,chi2_deg,600,-0.08016886027953762,0.1787070233260004,0.19586537811609195,-0.42169321931221787
mZ944,2,ca_dist_1777_1465_A,chi3_deg,600,0.13007803319294747,0.10705143952090265,0.16846455242229155,0.8822002343926978
mZ944,2,ca_dist_1777_1465_A,chi4_deg,600,0.20666072271744035,-0.15916042957051008,0.26084611681059017,2.227071252886785
mZ944,2,ca_dist_1777_1465_A,chi5_deg,600,-0.22632775537968228,0.10532654563850864,0.24963560257172082,-1.1352330310571865
mZ944,2,ca_dist_1777_1465_A,chi6_deg,600,0.11076377950293106,0.011429159359517178,0.11135187709885798,1.4679752244954403
mZ944,2,ca_dist_1777_1465_A,chi7_deg,600,0.06100897900146056,-0.07317763445581794,0.09527361493797729,2.4466316931519594
mZ944,2,ca_dist_925_1465_A,chi1_deg,600,0.01443741844048349,-0.003817525450562881,0.014933604782212099,1.8292989540866817
mZ944,2,ca_dist_925_1465_A,chi2_deg,600,-0.04881807700125086,-0.023809458450050502,0.05431477656940825,-2.0245702062491118
mZ944,2,ca_dist_925_1465_A,chi3_deg,600,-0.10980667472184315,-0.15539851913528782,0.19027928306284184,-2.526441947536619
mZ944,2,ca_dist_925_1465_A,chi4_deg,600,-0.005255409212189217,0.01727857264460661,0.01806013285174035,-0.2952667295999149
mZ944,2,ca_dist_925_1465_A,chi5_deg,600,0.09721861643070079,-0.032032658049324494,0.10235990700662383,1.8890847940925222
mZ944,2,ca_dist_925_1465_A,chi6_deg,600,-0.05633874950031903,-0.045259585106231695,0.07226676095721966,-2.2475750058630646
mZ944,2,ca_dist_925_1465_A,chi7_deg,600,0.03740515616431215,-0.009526008166975394,0.03859910023917476,1.8201663615692125
mZ944,2,ca_dist_384_875_A,chi1_deg,600,0.13384817273006563,-0.045154732562147235,0.14125963052456467,1.8961645678199694
mZ944,2,ca_dist_384_875_A,chi2_deg,600,0.39069650971922026,-0.6471606155824631,0.755950147210683,2.5984506114453945
mZ944,2,ca_dist_384_875_A,chi3_deg,600,-0.2922294426386029,-0.29403843747580305,0.41455596709983594,-2.359280091770475
mZ944,2,ca_dist_384_875_A,chi4_deg,600,-0.6791816539950137,0.706851359147166,0.9802686178041192,-0.7654375780253241
mZ944,2,ca_dist_384_875_A,chi5_deg,600,0.409592237827776,-0.28580366871574864,0.49944923499805943,2.180028171762739
mZ944,2,ca_dist_384_875_A,chi6_deg,600,-0.26851255139335345,-0.017856146453878452,0.26910561536681216,-1.6371987886255963
mZ944,2,ca_dist_384_875_A,chi7_deg,600,-0.10125137238954987,0.10439961680127133,0.14543424768265417,-0.7700906828816412
mZ944,2,ca_dist_384_921_A,chi1_deg,600,0.06568540496594627,-0.03533326287420314,0.07458560109617607,2.0643150666262264
mZ944,2,ca_dist_384_921_A,chi2_deg,600,0.3055234160717567,-0.5982205569986021,0.6717234494819081,2.669405586357721
mZ944,2,ca_dist_384_921_A,chi3_deg,600,-0.17653579839457417,-0.1726279690348461,0.24691153032595606,-2.345002990468036
mZ944,2,ca_dist_384_921_A,chi4_deg,600,-0.44051684164042026,0.6620531549237626,0.7952166168493706,-0.587111214611639
mZ944,2,ca_dist_384_921_A,chi5_deg,600,-0.06253672123729397,-0.013118507539628723,0.06389786180443215,-1.777570975139328
mZ944,2,ca_dist_384_921_A,chi6_deg,600,-0.06315575011220112,0.016663504673499294,0.0653170816880127,-1.31282751472827
mZ944,2,ca_dist_384_921_A,chi7_deg,600,-0.10045197901772793,0.16519450934565705,0.19333863040409288,-0.546341721783461
mZ944,2,ca_dist_1816_1463_A,chi1_deg,600,-0.0922411810122917,0.07794706070849386,0.12076497732221868,-0.8691915553425379
mZ944,2,ca_dist_1816_1463_A,chi2_deg,600,-0.25067441125784107,0.25607884398234937,0.35834904045469645,-0.7747337467697909
mZ944,2,ca_dist_1816_1463_A,chi3_deg,600,0.13769148675835857,0.11679313348534737,0.18055354207285274,0.8673346069963807
mZ944,2,ca_dist_1816_1463_A,chi4_deg,600,0.34610111021204826,-0.3102038664969634,0.46477136021884813,2.3015529564930937
mZ944,2,ca_dist_1816_1463_A,chi5_deg,600,-0.33385139992495566,0.21524152807724287,0.39722244730236383,-0.99814003504344
mZ944,2,ca_dist_1816_1463_A,chi6_deg,600,0.19892978943278372,0.03341494526613348,0.20171668173681215,1.4043763459117125
mZ944,2,ca_dist_1816_1463_A,chi7_deg,600,0.010950548801846517,-0.058575187994945724,0.059589992177418984,2.956777439666339
mZ944,2,ca_dist_355_387_A,chi1_deg,600,-0.15389913746238493,0.0725377149660289,0.17013719347679068,-1.1303443269829192
mZ944,2,ca_dist_355_387_A,chi2_deg,600,-0.2695214487690145,0.40454162885206446,0.4861026031825277,-0.5877065341003896
mZ944,2,ca_dist_355_387_A,chi3_deg,600,0.2588872326275156,0.2579910594590691,0.3654886947339771,0.787131980205322
mZ944,2,ca_dist_355_387_A,chi4_deg,600,0.5049041918359756,-0.4410738695018551,0.6704285206424911,2.2888211368004017
mZ944,2,ca_dist_355_387_A,chi5_deg,600,-0.46111208491519773,0.2581686862875864,0.5284651600950613,-1.0603972940737432
mZ944,2,ca_dist_355_387_A,chi6_deg,600,0.2960343530527958,0.050581153920010204,0.3003244767235383,1.4015680670248831
mZ944,2,ca_dist_355_387_A,chi7_deg,600,0.04337349740941253,-0.06288993434087785,0.07639636194822527,2.537831155691005
mZ944,2,ca_dist_356_925_A,chi1_deg,600,-0.048125241371807494,0.05154022586697295,0.07051548581349573,-0.7511470925731738
mZ944,2,ca_dist_356_925_A,chi2_deg,600,-0.012429642054579013,-0.005638346194884715,0.013648697718769,-1.9966573646978003
mZ944,2,ca_dist_356_925_A,chi3_deg,600,0.04495396517818103,-0.009928756742416969,0.04603736738445415,1.7881715321444782
mZ944,2,ca_dist_356_925_A,chi4_deg,600,0.009176771468174208,0.019856895563293196,0.021874858536471253,0.4329079529582377
mZ944,2,ca_dist_356_925_A,chi5_deg,600,0.002566153299174312,-0.10417605628233104,0.10420765732562202,3.1169647827363334
mZ944,2,ca_dist_356_925_A,chi6_deg,600,0.06611818066078702,0.061412236649740486,0.09023899724739963,0.8222819900310242
mZ944,2,ca_dist_356_925_A,chi7_deg,600,-0.16948431801501196,0.0972443382361587,0.19540060228157471,-1.0498899295733357
mZ944,2,ca_dist_354_1461_A,chi1_deg,600,-0.042630303319937744,-0.02991051821964189,0.05207669211189805,-2.182612560380777
mZ944,2,ca_dist_354_1461_A,chi2_deg,600,0.061734487991662465,0.04754904701359397,0.07792341675962167,0.9144804289702663
mZ944,2,ca_dist_354_1461_A,chi3_deg,600,0.006764338728096238,0.018065197614891865,0.019290091842537126,0.3582799187544202
mZ944,2,ca_dist_354_1461_A,chi4_deg,600,-0.0022996623170833848,-0.04726055377470816,0.04731647059814051,-3.0929717695463532
mZ944,2,ca_dist_354_1461_A,chi5_deg,600,0.09337478886348573,-0.021766705497423537,0.09587825959784682,1.7998175494550086
mZ944,2,ca_dist_354_1461_A,chi6_deg,600,-0.02604261759262809,0.0007380827844518153,0.026053074622250753,-1.542462567339689
mZ944,2,ca_dist_354_1461_A,chi7_deg,600,-0.009719334139578444,-0.015825484579558347,0.018571790928572668,-2.590828483233668
mZ944,2,ca_dist_384_926_A,chi1_deg,600,0.08299420447622338,-0.03156348718039529,0.08879353410934918,1.9342137855310555
mZ944,2,ca_dist_384_926_A,chi2_deg,600,0.28523076742790165,-0.6243907393431202,0.686454941030333,2.7130862266035427
mZ944,2,ca_dist_384_926_A,chi3_deg,600,-0.18847561870271357,-0.2662333902461256,0.3261951515999532,-2.5255618063100314
mZ944,2,ca_dist_384_926_A,chi4_deg,600,-0.4918600044580461,0.6834573444253397,0.8420452515360481,-0.6238020773721358
mZ944,2,ca_dist_384_926_A,chi5_deg,600,0.07982634442812912,-0.0831440323913038,0.11526133517812674,2.3765492922286535
mZ944,2,ca_dist_384_926_A,chi6_deg,600,-0.07064622942528612,0.08743194885852999,0.11240656303441879,-0.6796083962110537
mZ944,2,ca_dist_384_926_A,chi7_deg,600,-0.15973405420899003,0.1755145539602554,0.2373190399565698,-0.7383618447453305
mZ944,2,ca_dist_354_1780_A,chi1_deg,600,-0.08141799466425237,0.02504047677197762,0.08518166077340932,-1.2724232204670038
mZ944,2,ca_dist_354_1780_A,chi2_deg,600,-0.01230755221694777,-0.010692667520045815,0.016303649292938642,-2.286097816636501
mZ944,2,ca_dist_354_1780_A,chi3_deg,600,-0.037206753870631395,0.05310842699111562,0.06484479586721206,-0.611115777977869
mZ944,2,ca_dist_354_1780_A,chi4_deg,600,0.07864295661269351,-0.033040599291757636,0.08530179263265508,1.9685384289248047
mZ944,2,ca_dist_354_1780_A,chi5_deg,600,-0.12939854544104462,0.12600995825267708,0.18061697910523117,-0.7986647083188019
mZ944,2,ca_dist_354_1780_A,chi6_deg,600,0.05521636973929139,-0.030073632474305254,0.06287504160941543,2.0695232876135417
mZ944,2,ca_dist_354_1780_A,chi7_deg,600,-0.012403577011214625,0.007158909978009182,0.014321267916856083,-1.0473365473569538
mZ944,2,ca_dist_355_924_A,chi1_deg,600,-0.0735810493525379,0.06806612608318799,0.10023556426634742,-0.8243127350519462
mZ944,2,ca_dist_355_924_A,chi2_deg,600,-0.07662391456068969,0.06304533952155975,0.09922670566935404,-0.8823130944012403
mZ944,2,ca_dist_355_924_A,chi3_deg,600,0.08041401512543855,0.03243867712294176,0.08671033157635095,1.1873659557051888
mZ944,2,ca_dist_355_924_A,chi4_deg,600,0.10084228005803492,-0.07623656743286045,0.12641669059601357,2.2181251508272792
mZ944,2,ca_dist_355_924_A,chi5_deg,600,-0.10635859268529413,0.015546985546593124,0.10748887848322856,-1.4256491251545345
mZ944,2,ca_dist_355_924_A,chi6_deg,600,0.11142186215747704,0.08279548527250763,0.13881615089084498,0.9317380087100424
mZ944,2,ca_dist_355_924_A,chi7_deg,600,-0.1448499746688468,0.0704668566031123,0.1610810139063234,-1.1180217551372378
mZ944,2,ca_dist_1776_1781_A,chi1_deg,600,0.006403933413693892,-0.029659619811375534,0.03034309493974478,2.9289428390825063
mZ944,2,ca_dist_1776_1781_A,chi2_deg,600,0.2281620456164309,-0.22199626193969413,0.31833984886449823,2.3424984236354836
mZ944,2,ca_dist_1776_1781_A,chi3_deg,600,-0.13827019004355443,-5.3710546604190945e-06,0.13827019014787276,-1.570835171426961
mZ944,2,ca_dist_1776_1781_A,chi4_deg,600,-0.16862848816287862,0.22715485468683816,0.28290439202652307,-0.6385873361014602
mZ944,2,ca_dist_1776_1781_A,chi5_deg,600,0.043516305347079696,0.008346093064707363,0.04430943579538148,1.3813050808706764
mZ944,2,ca_dist_1776_1781_A,chi6_deg,600,-0.10416864900003531,-0.04046080453796681,0.11175054424186091,-1.941277071591683
mZ944,2,ca_dist_1776_1781_A,chi7_deg,600,0.005857026856416973,-0.02238637312979943,0.023139889055555033,2.8856950660694682
mZ944,2,ca_dist_384_960_A,chi1_deg,600,0.09932941049094032,-0.022973520182420132,0.10195152974845345,1.7980859331367978
mZ944,2,ca_dist_384_960_A,chi2_deg,600,0.25494599110077654,-0.4782061867135114,0.5419212261846135,2.6517937644290055
mZ944,2,ca_dist_384_960_A,chi3_deg,600,-0.15543536550311596,-0.15733289698818712,0.22116462945910395,-2.362261308447941
mZ944,2,ca_dist_384_960_A,chi4_deg,600,-0.41036617599029346,0.5231546871448925,0.6648994097444868,-0.6651604068259982
mZ944,2,ca_dist_384_960_A,chi5_deg,600,0.1161801154517908,-0.11319593949780202,0.1622070896884026,2.3431852525665167
mZ944,2,ca_dist_384_960_A,chi6_deg,600,-0.0875027962083835,0.03513751530302774,0.09429413728305913,-1.1889469042981688
mZ944,2,ca_dist_384_960_A,chi7_deg,600,-0.10326024898056194,0.05603899714986745,0.11748637461889143,-1.0735775362897793
mZ944,2,ca_dist_925_1459_A,chi1_deg,600,-0.04103375252534362,-0.01453117095621589,0.043530722204782185,-1.9111432635052918
mZ944,2,ca_dist_925_1459_A,chi2_deg,600,-0.15771936127271508,0.18716325648353827,0.2447559631506369,-0.7002310097985401
mZ944,2,ca_dist_925_1459_A,chi3_deg,600,0.04705747800056831,-0.005140294929898967,0.04733739396861973,1.6795993344280453
mZ944,2,ca_dist_925_1459_A,chi4_deg,600,0.20215153432940805,-0.20319099096425655,0.2866213907592565,2.3587588753517377
mZ944,2,ca_dist_925_1459_A,chi5_deg,600,-0.1151796233307236,0.09751127454695752,0.15091320119320076,-0.868278413525061
mZ944,2,ca_dist_925_1459_A,chi6_deg,600,0.08758864674811373,0.012499099212004715,0.0884759770800944,1.4290510453438394
mZ944,2,ca_dist_925_1459_A,chi7_deg,600,0.08256750815258668,-0.07124571283868755,0.10905661373992957,2.282719569813221
mZ944,2,ca_dist_956_1464_A,chi1_deg,600,0.08373994301947361,-0.03632657273752486,0.09127977839455666,1.9800988433042261
mZ944,2,ca_dist_956_1464_A,chi2_deg,600,0.17613642619463643,-0.3279143338710729,0.37222553780030737,2.648675112373705
mZ944,2,ca_dist_956_1464_A,chi3_deg,600,-0.22954265237860882,-0.2084701987916394,0.31008007521482656,-2.308122341858113
mZ944,2,ca_dist_956_1464_A,chi4_deg,600,-0.36964784980430865,0.34804271472262843,0.5077137620120669,-0.8154927658242206
mZ944,2,ca_dist_956_1464_A,chi5_deg,600,0.3321017764240015,-0.2691355963064157,0.4274641027071015,2.251847215355871
mZ944,2,ca_dist_956_1464_A,chi6_deg,600,-0.18502829733503662,-0.10083156515174443,0.21071894871048782,-2.069755756487876
mZ944,2,ca_dist_956_1464_A,chi7_deg,600,0.03071318460856952,-0.016573316068474113,0.03489949160526001,2.065631990821003
mZ944,2,ca_dist_384_918_A,chi1_deg,600,0.07551238035052991,-0.02000136985079446,0.07811641557388156,1.8297256035953975
mZ944,2,ca_dist_384_918_A,chi2_deg,600,0.21918371005021403,-0.50589143796543,0.5513326090103022,2.7327445929840994
mZ944,2,ca_dist_384_918_A,chi3_deg,600,-0.1316321805232312,-0.14406712497576632,0.19514704058243773,-2.4012672282070953
mZ944,2,ca_dist_384_918_A,chi4_deg,600,-0.343938813275718,0.5588576556312584,0.6562132172816816,-0.5516892581786262
mZ944,2,ca_dist_384_918_A,chi5_deg,600,-0.1558585301278851,0.09547322410060727,0.18277586802909634,-1.021190243533129
mZ944,2,ca_dist_384_918_A,chi6_deg,600,-0.01879693239321844,0.03771907285863582,0.04214324530349202,-0.462318931813612
mZ944,2,ca_dist_384_918_A,chi7_deg,600,-0.09330916604280629,0.14477556084880272,0.17223984291298391,-0.5725054936173531
mZ944,2,ca_dist_926_1460_A,chi1_deg,600,-0.07314470441880863,-0.004474414540104095,0.07328143127690383,-1.6318922865052583
mZ944,2,ca_dist_926_1460_A,chi2_deg,600,-0.09581147058700012,0.1561532020214727,0.18320387658999593,-0.5503402969364588
mZ944,2,ca_dist_926_1460_A,chi3_deg,600,0.0862131151948271,0.0631233870665823,0.10685159440248937,0.938798898232019
mZ944,2,ca_dist_926_1460_A,chi4_deg,600,0.18396223460034647,-0.17661069396708332,0.2550165504093561,2.335808816036651
mZ944,2,ca_dist_926_1460_A,chi5_deg,600,-0.11661802928038766,0.10420680136951353,0.15639316546737778,-0.8415430454943263
mZ944,2,ca_dist_926_1460_A,chi6_deg,600,0.09428377117161127,0.04099465528943184,0.10281046283642584,1.1606537214294605
mZ944,2,ca_dist_926_1460_A,chi7_deg,600,-0.009181858838332007,0.02196554470421781,0.02380738721237689,-0.39593679711654695
mZ944,2,ca_dist_1778_1465_A,chi1_deg,600,-0.07195958816359983,0.022045896147331878,0.07526090529361071,-1.2735103997964015
mZ944,2,ca_dist_1778_1465_A,chi2_deg,600,-0.07113769160456931,0.19838416925295982,0.2107530540158643,-0.3443028260095652
mZ944,2,ca_dist_1778_1465_A,chi3_deg,600,0.1258407898190826,0.12524407028087256,0.1775443086184704,0.7877747241129767
mZ944,2,ca_dist_1778_1465_A,chi4_deg,600,0.21901945214267327,-0.18464528969918967,0.28646710705589645,2.271244204847966
mZ944,2,ca_dist_1778_1465_A,chi5_deg,600,-0.2377640416595624,0.1041357898128424,0.25956887761485314,-1.1579834420508237
mZ944,2,ca_dist_1778_1465_A,chi6_deg,600,0.11974426093803528,0.009815611048843554,0.1201458873530778,1.489007734661017
mZ944,2,ca_dist_1778_1465_A,chi7_deg,600,0.05489039156162984,-0.06276712854896549,0.08338265714206644,2.423041056224072
mZ944,2,ca_dist_353_355_A,chi1_deg,600,0.009035104626442698,-0.023971261448968665,0.02561746457137352,2.781144991243488
mZ944,2,ca_dist_353_355_A,chi2_deg,600,0.03944871374485764,0.0790796736548725,0.08837304906748922,0.4627253484790748
mZ944,2,ca_dist_353_355_A,chi3_deg,600,0.07004661527406605,0.08598896196424367,0.11090820479586336,0.683580244593106
mZ944,2,ca_dist_353_355_A,chi4_deg,600,0.06476070874647738,-0.03371361690071373,0.07301066608293724,2.050777977791341
mZ944,2,ca_dist_353_355_A,chi5_deg,600,-0.0009798458162310827,-0.015202393336266273,0.015233937802621448,-3.0772282914513998
mZ944,2,ca_dist_353_355_A,chi6_deg,600,-0.037400501166638636,-0.029777874223570314,0.04780710491956725,-2.2432092727328676
mZ944,2,ca_dist_353_355_A,chi7_deg,600,-0.006507389510269947,-0.0033403900364139764,0.0073146649843820665,-2.04504511432262
mZ944,2,ca_dist_925_1461_A,chi1_deg,600,-0.023314859474542496,-0.04580330592231598,0.05139577322826198,-2.6707540577999414
mZ944,2,ca_dist_925_1461_A,chi2_deg,600,0.07585759410441754,-0.08202559716391847,0.11172543655501192,2.395241509503324
mZ944,2,ca_dist_925_1461_A,chi3_deg,600,-0.0018464495737989875,-0.04611956269941954,0.04615651026252172,-3.1015778776513243
mZ944,2,ca_dist_925_1461_A,chi4_deg,600,-0.11759708314564597,0.10056775660908918,0.15473508856671447,-0.8632973626541548
mZ944,2,ca_dist_925_1461_A,chi5_deg,600,0.1881990479688564,-0.13429221080594728,0.23119965298315848,2.1905682694566386
mZ944,2,ca_dist_925_1461_A,chi6_deg,600,-0.070494607599969,0.003390512652018943,0.07057609564659346,-1.5227373043538175
mZ944,2,ca_dist_925_1461_A,chi7_deg,600,-0.08783478415683707,0.030425425785529352,0.09295512811087353,-1.237337751632148
mZ944,2,ca_dist_1777_1782_A,chi1_deg,600,0.03071206194973464,-0.0225289325138088,0.0380891526476514,2.2036881489186375
mZ944,2,ca_dist_1777_1782_A,chi2_deg,600,0.20789176964332234,-0.2473855613588668,0.3231386758874181,2.442724546759998
mZ944,2,ca_dist_1777_1782_A,chi3_deg,600,-0.19300991095323075,-0.06722514484350106,0.20438210740033913,-1.9059549104193076
mZ944,2,ca_dist_1777_1782_A,chi4_deg,600,-0.23122601406037613,0.24077243505676768,0.33382156170836935,-0.7651753859532895
mZ944,2,ca_dist_1777_1782_A,chi5_deg,600,0.16641357460501074,-0.10190599881445016,0.19513664547487794,2.120258820181271
mZ944,2,ca_dist_1777_1782_A,chi6_deg,600,-0.12732972016448152,-0.04966971950741904,0.13667457215265338,-1.9427282600446998
mZ944,2,ca_dist_1777_1782_A,chi7_deg,600,-0.013720970563854587,0.009052522743832933,0.016438162952160336,-0.9875917748004802
mZ944,2,ca_dist_1820_1463_A,chi1_deg,600,-0.10876608127851548,0.036309937747419856,0.11466678689100056,-1.2485942328000532
mZ944,2,ca_dist_1820_1463_A,chi2_deg,600,-0.28440483967313657,0.36652015911140035,0.4639214802793127,-0.6599093118146099
mZ944,2,ca_dist_1820_1463_A,chi3_deg,600,0.20871903654224658,0.1779179823772695,0.274259812346472,0.8648942838426086
mZ944,2,ca_dist_1820_1463_A,chi4_deg,600,0.4576066440657843,-0.4119844822293729,0.6157394370112684,2.3037786229235824
mZ944,2,ca_dist_1820_1463_A,chi5_deg,600,-0.3784539578512955,0.2169015365309298,0.4362037078737278,-1.0503720783058426
mZ944,2,ca_dist_1820_1463_A,chi6_deg,600,0.21172538197851098,0.018966612401090634,0.2125732103533265,1.4814536095898736
mZ944,2,ca_dist_1820_1463_A,chi7_deg,600,0.00654062445395661,-0.0638683701775466,0.064202402426886,3.0395405332296725
mZ944,2,ca_dist_351_356_A,chi1_deg,600,0.008348775162833874,0.006150129082028373,0.010369480914933154,0.935893809534474
mZ944,2,ca_dist_351_356_A,chi2_deg,600,-0.10094953804748683,0.2683452952586625,0.2867054354550324,-0.35981590467568364
mZ944,2,ca_dist_351_356_A,chi3_deg,600,0.14019851752273643,0.1115377272540349,0.17915437174841287,0.8987624794064505
mZ944,2,ca_dist_351_356_A,chi4_deg,600,0.1861760804663604,-0.2655418848018504,0.32430545095933233,2.5301170373150255
mZ944,2,ca_dist_351_356_A,chi5_deg,600,-0.000246315310477932,-0.04078258127319137,0.04078332510397645,-3.1355530085303704
mZ944,2,ca_dist_351_356_A,chi6_deg,600,0.10205717552824443,0.007389547172274403,0.10232434941994091,1.498516508463736
mZ944,2,ca_dist_351_356_A,chi7_deg,600,-0.019596982654870494,-0.016407521519113233,0.025558726329288375,-2.267840064215719
mZ944,2,ca_dist_353_926_A,chi1_deg,600,0.043651411497259145,-0.00047295447642699967,0.043653973606532316,1.5816307065854092
mZ944,2,ca_dist_353_926_A,chi2_deg,600,0.039243672066755886,-0.22408664563899797,0.22749701218042606,2.968223546780454
mZ944,2,ca_dist_353_926_A,chi3_deg,600,-0.016187278276321153,-0.14313455839573969,0.14404697076002143,-3.02897978525539
mZ944,2,ca_dist_353_926_A,chi4_deg,600,-0.1584504766711276,0.2521415843076467,0.2977951176471462,-0.561053901610532
mZ944,2,ca_dist_353_926_A,chi5_deg,600,0.05014688047639897,-0.0025238110289586176,0.05021034996516293,1.6210822737129984
mZ944,2,ca_dist_353_926_A,chi6_deg,600,-0.12356677472082671,-0.02063370157302668,0.12527768139422227,-1.7362539597177284
mZ944,2,ca_dist_353_926_A,chi7_deg,600,-0.06823838728571421,0.07829649070329697,0.10385960694999087,-0.71686600139777
mZ944,2,ca_dist_357_1781_A,chi1_deg,600,-0.1619743896220985,0.07406275032440135,0.17810388507572197,-1.1419298812162
mZ944,2,ca_dist_357_1781_A,chi2_deg,600,-0.011562211980693089,0.05705325516040618,0.05821304553349616,-0.1999485597398527
mZ944,2,ca_dist_357_1781_A,chi3_deg,600,0.014480403866388464,0.13655083751954347,0.13731647142066564,0.10564921035635215
mZ944,2,ca_dist_357_1781_A,chi4_deg,600,0.16410331458028227,-0.10947062433162033,0.19726559620924736,2.1590874976317584
mZ944,2,ca_dist_357_1781_A,chi5_deg,600,-0.21552734310655225,0.14848536763581505,0.2617249319963856,-0.9675319391886819
mZ944,2,ca_dist_357_1781_A,chi6_deg,600,0.12231283255428889,0.0015086595161933267,0.12232213643077575,1.5584625186130576
mZ944,2,ca_dist_357_1781_A,chi7_deg,600,-0.011769316243090022,-0.012985931653945407,0.01752573039136469,-2.405300737629259
mZ944,2,ca_dist_923_1816_A,chi1_deg,600,-0.07420142836024846,0.0769789176856727,0.10691868750952126,-0.7670282035134401
mZ944,2,ca_dist_923_1816_A,chi2_deg,600,-0.24059859129661923,0.2197858193589043,0.3258734240854607,-0.8305747819239276
mZ944,2,ca_dist_923_1816_A,chi3_deg,600,0.1281973481595171,0.11413868874586289,0.171645566047473,0.8433462911742022
mZ944,2,ca_dist_923_1816_A,chi4_deg,600,0.3163639019311899,-0.2787581043504814,0.4216541226956063,2.2930883310485575
mZ944,2,ca_dist_923_1816_A,chi5_deg,600,-0.34448507315013477,0.260993911819213,0.4321895274413169,-0.9224267662148543
mZ944,2,ca_dist_923_1816_A,chi6_deg,600,0.210246497194479,0.048202657369856905,0.21570138098784597,1.3454238896288166
mZ944,2,ca_dist_923_1816_A,chi7_deg,600,-0.006880879052933761,-0.04017219403217455,0.04075722843741688,-2.9719542232280127
mZ944,2,ca_dist_384_917_A,chi1_deg,600,0.08558847016268695,-0.03992665923207736,0.09444323343799482,2.0072831419924917
mZ944,2,ca_dist_384_917_A,chi2_deg,600,0.2997290561001376,-0.585004415147169,0.6573185474428367,2.6681111611001698
mZ944,2,ca_dist_384_917_A,chi3_deg,600,-0.17314217659682782,-0.16293414084445743,0.23775144073045826,-2.325829666241427
mZ944,2,ca_dist_384_917_A,chi4_deg,600,-0.4337962803587136,0.6461736110368124,0.7782798651214159,-0.5912247070208272
mZ944,2,ca_dist_384_917_A,chi5_deg,600,-0.07405758068033111,0.04119039131704873,0.08474180546268385,-1.0632099909253865
mZ944,2,ca_dist_384_917_A,chi6_deg,600,-0.0730989901639494,0.01991557123320993,0.0757633971026526,-1.3048055390691387
mZ944,2,ca_dist_384_917_A,chi7_deg,600,-0.10327973747580178,0.15408425669477643,0.18549572052813587,-0.5905006073972046
mZ944,2,ca_dist_1776_1465_A,chi1_deg,600,-0.13968410333871822,0.009585246073702133,0.14001259110464007,-1.5022828515553928
mZ944,2,ca_dist_1776_1465_A,chi2_deg,600,0.02457009614489988,0.16103295726048739,0.1628966020168241,0.1514103187162274
mZ944,2,ca_dist_1776_1465_A,chi3_deg,600,0.13969222134225678,0.22628950659880023,0.2659339344654279,0.5530549330242864
mZ944,2,ca_dist_1776_1465_A,chi4_deg,600,0.25150645603034943,-0.14910041364756682,0.29238062653811664,2.105926621020986
mZ944,2,ca_dist_1776_1465_A,chi5_deg,600,-0.34568012176844687,0.24915547263565924,0.4261140646941227,-0.946267086270032
mZ944,2,ca_dist_1776_1465_A,chi6_deg,600,0.12097927705713268,0.016356647951300568,0.12207999594310795,1.436409156928783
mZ944,2,ca_dist_1776_1465_A,chi7_deg,600,0.08566782899245676,-0.0995027239534019,0.1313003008314441,2.430770266003624
mZ944,2,ca_dist_926_1459_A,chi1_deg,600,-0.03236009713763048,-0.006048597520471466,0.032920531871789886,-1.75557938240171
mZ944,2,ca_dist_926_1459_A,chi2_deg,600,-0.17649349872627113,0.2296980218032634,0.2896741899323665,-0.6551557968714298
mZ944,2,ca_dist_926_1459_A,chi3_deg,600,0.06280921634309938,0.02804407941644936,0.06878566746023754,1.1508599411515397
mZ944,2,ca_dist_926_1459_A,chi4_deg,600,0.24471795755950082,-0.25364160177629863,0.352449912617013,2.3740986128589108
mZ944,2,ca_dist_926_1459_A,chi5_deg,600,-0.13004164907025245,0.12030987274151522,0.1771589567930176,-0.8242510487664664
mZ944,2,ca_dist_926_1459_A,chi6_deg,600,0.09132720611225804,0.03143460301083751,0.09658567617778434,1.2393000271731898
mZ944,2,ca_dist_926_1459_A,chi7_deg,600,0.08214789627940797,-0.08325563515495352,0.11696058159990101,2.362891580059894
mZ944,2,ca_dist_926_1461_A,chi1_deg,600,-0.01287464552294065,-0.034463943752451806,0.03679021495334782,-2.784077542692187
mZ944,2,ca_dist_926_1461_A,chi2_deg,600,0.01890767550392758,-0.014624387100524779,0.023903407519176394,2.229145419861545
mZ944,2,ca_dist_926_1461_A,chi3_deg,600,0.020971666803972826,-0.013448887984952232,0.024913518349856736,2.1410230465441686
mZ944,2,ca_dist_926_1461_A,chi4_deg,600,-0.03649507354072485,0.004682559312380225,0.03679424893182186,-1.4431869252012828
mZ944,2,ca_dist_926_1461_A,chi5_deg,600,0.12096855612467636,-0.029018801057642978,0.12440049190301473,1.806234592243465
mZ944,2,ca_dist_926_1461_A,chi6_deg,600,-0.07646119092386007,0.012117365378588625,0.07741540067204458,-1.4136260790104167
mZ944,2,ca_dist_926_1461_A,chi7_deg,600,-0.03328729676604594,-0.008248016726944599,0.034293933952213335,-1.8136870460209438
mZ944,2,ca_dist_1776_1464_A,chi1_deg,600,-0.15218370539106152,0.020770008583881283,0.15359450980789616,-1.435154527013414
mZ944,2,ca_dist_1776_1464_A,chi2_deg,600,-0.027471723684910177,0.17305615640404903,0.17522308315847754,-0.157430921623889
mZ944,2,ca_dist_1776_1464_A,chi3_deg,600,0.13500323558447325,0.21815644377770363,0.25655039968788035,0.5541550700766822
mZ944,2,ca_dist_1776_1464_A,chi4_deg,600,0.30112617833210065,-0.17309929841220706,0.3473331864185949,2.092510169489851
mZ944,2,ca_dist_1776_1464_A,chi5_deg,600,-0.4170178080013744,0.29928042384188913,0.513295844796402,-0.9483106613184811
mZ944,2,ca_dist_1776_1464_A,chi6_deg,600,0.13903947942574732,0.02285549648756222,0.14090546674517557,1.4078720273072862
mZ944,2,ca_dist_1776_1464_A,chi7_deg,600,0.0925978022496533,-0.11103561478265697,0.14457959998432868,2.4464924055639368
mZ944,3,ca_dist_357_1462_A,chi1_deg,600,-0.005281333705631712,0.06992594226085525,0.07012510168818797,-0.07538440631975457
mZ944,3,ca_dist_357_1462_A,chi2_deg,600,-0.09484521314769714,-0.16849024494224307,0.1933509169818679,-2.628890129118551
mZ944,3,ca_dist_357_1462_A,chi3_deg,600,-0.09123125001772181,0.03873686743884234,0.09911450892160295,-1.169263801030088
mZ944,3,ca_dist_357_1462_A,chi4_deg,600,-0.021628936046745213,0.023355658706809827,0.03183233683132886,-0.7470322433873581
mZ944,3,ca_dist_357_1462_A,chi5_deg,600,-0.11824172638155302,0.14952633665471532,0.19062851625889898,-0.6690907297934277
mZ944,3,ca_dist_357_1462_A,chi6_deg,600,-0.02182546907307255,-0.023401184997562184,0.03199947748869934,-2.3910208300371827
mZ944,3,ca_dist_357_1462_A,chi7_deg,600,-0.051115630138686356,-0.07927072141797592,0.09432208075843815,-2.5688650062208054
mZ944,3,ca_dist_1820_1462_A,chi1_deg,600,-0.14200419395560337,-0.02435424816662108,0.14407748090781566,-1.740647607451933
mZ944,3,ca_dist_1820_1462_A,chi2_deg,600,0.2115451251283455,0.3242100660775399,0.3871220826968802,0.5781264792824071
mZ944,3,ca_dist_1820_1462_A,chi3_deg,600,0.02451801486615579,-0.13213643846678658,0.13439185772830106,2.9581284183890357
mZ944,3,ca_dist_1820_1462_A,chi4_deg,600,-0.07827677502470684,0.026449690574296032,0.08262469146535177,-1.2449417819902004
mZ944,3,ca_dist_1820_1462_A,chi5_deg,600,0.1146757229553975,-0.1462669816656046,0.1858616457500293,2.4766740346243195
mZ944,3,ca_dist_1820_1462_A,chi6_deg,600,0.11203090608668137,0.0016251215903179093,0.11204269248275918,1.5562913328331622
mZ944,3,ca_dist_1820_1462_A,chi7_deg,600,-0.12033974562022673,-0.07940510402284519,0.14417636741442663,-2.1540586049554142
mZ944,3,ca_dist_355_388_A,chi1_deg,600,0.06096093055091646,-0.06419759837054675,0.0885300327017882,2.3820492730064506
mZ944,3,ca_dist_355_388_A,chi2_deg,600,-0.2979196470107046,-0.25130982273378616,0.389759853085807,-2.2715333153523627
mZ944,3,ca_dist_355_388_A,chi3_deg,600,0.05379600121472093,0.03139976462362648,0.062289284512774754,1.0424616751214
mZ944,3,ca_dist_355_388_A,chi4_deg,600,-0.15002661018502966,-0.048141656584909535,0.1575614256801144,-1.8813040814406425
mZ944,3,ca_dist_355_388_A,chi5_deg,600,-0.2277650782970332,0.22029271053790916,0.31686875707111406,-0.8020738585795372
mZ944,3,ca_dist_355_388_A,chi6_deg,600,-0.0552797086028138,-0.07066249265100497,0.08971640903906786,-2.477734093359902
mZ944,3,ca_dist_355_388_A,chi7_deg,600,-0.04893070883109387,0.05880298142366348,0.07649839796378091,-0.6940174818062023
mZ944,3,ca_dist_354_1459_A,chi1_deg,600,0.009273667646249727,0.04380145186066815,0.044772403293943566,0.20863950488718744
mZ944,3,ca_dist_354_1459_A,chi2_deg,600,-0.150333393796191,-0.23242738612386135,0.27680791013020417,-2.5674722239841468
mZ944,3,ca_dist_354_1459_A,chi3_deg,600,-0.10806773455678907,0.031233797406520755,0.11249082341537112,-1.2894425983197577
mZ944,3,ca_dist_354_1459_A,chi4_deg,600,-0.14415335910982324,0.03256429358285453,0.1477857373334653,-1.3486250883500344
mZ944,3,ca_dist_354_1459_A,chi5_deg,600,-0.1990504555856898,0.2161047155023743,0.2938066233617493,-0.7443420047364319
mZ944,3,ca_dist_354_1459_A,chi6_deg,600,-0.022726329117109503,0.01885539466076715,0.0295298483394762,-0.8782228432514049
mZ944,3,ca_dist_354_1459_A,chi7_deg,600,-0.14680414655719712,-0.22689447165484986,0.2702453676086243,-2.567318652205158
mZ944,3,ca_dist_357_1780_A,chi1_deg,600,0.02203097605378644,0.010432644425167698,0.024376299464530998,1.1285363329349702
mZ944,3,ca_dist_357_1780_A,chi2_deg,600,-0.20774057278507474,-0.24417366488752845,0.32058840310541176,-2.436639988820536
mZ944,3,ca_dist_357_1780_A,chi3_deg,600,-0.014106839591005643,0.04390428308075959,0.04611495414810511,-0.31088986713828454
mZ944,3,ca_dist_357_1780_A,chi4_deg,600,-0.10691702098016605,-0.09353391057840765,0.14205577004600278,-2.2895284091765147
mZ944,3,ca_dist_357_1780_A,chi5_deg,600,-0.20549734537048606,0.2315261400295569,0.30956988301723215,-0.7259091805210043
mZ944,3,ca_dist_357_1780_A,chi6_deg,600,-0.03477404233242108,-0.011549935797612347,0.03664198462236974,-1.8914747082364494
mZ944,3,ca_dist_357_1780_A,chi7_deg,600,-0.030774151219958176,-0.041962055453438896,0.05203712598891617,-2.508813178142418
mZ944,3,ca_dist_384_872_A,chi1_deg,600,-0.05262609260354762,0.0022218411250033727,0.05267297410154401,-1.5286020026703542
mZ944,3,ca_dist_384_872_A,chi2_deg,600,0.270916116043127,0.19931272571163167,0.33633481021519784,0.9365108354009896
mZ944,3,ca_dist_384_872_A,chi3_deg,600,-0.03253228394813135,-0.09568433209730787,0.10106354885808111,-2.813857790669172
mZ944,3,ca_dist_384_872_A,chi4_deg,600,0.06676750413790855,0.10486167990352589,0.12431360151244578,0.5669826561070125
mZ944,3,ca_dist_384_872_A,chi5_deg,600,0.25490595479407097,-0.23387900826560562,0.34594282229406087,2.313202189789027
mZ944,3,ca_dist_384_872_A,chi6_deg,600,0.08911536602454215,0.05027555902819807,0.10231901239401185,1.057144759100593
mZ944,3,ca_dist_384_872_A,chi7_deg,600,0.020576857152625555,-0.04993805385974021,0.054011260618299514,2.7507437184313455
mZ944,3,ca_dist_384_1466_A,chi1_deg,600,-0.1179183012140044,0.01253888708210493,0.1185830909128888,-1.464859037503787
mZ944,3,ca_dist_384_1466_A,chi2_deg,600,0.371953362015613,0.38746051455420205,0.5370986444344509,0.7649811046555236
mZ944,3,ca_dist_384_1466_A,chi3_deg,600,-0.04169578758603123,-0.18146620113356224,0.18619484648149073,-2.9157411581491863
mZ944,3,ca_dist_384_1466_A,chi4_deg,600,0.07266803395665522,0.08768194882517895,0.11388049573525265,0.6920381991581974
mZ944,3,ca_dist_384_1466_A,chi5_deg,600,0.3239978633312641,-0.31533486163265634,0.45211800495458154,2.342645251696418
mZ944,3,ca_dist_384_1466_A,chi6_deg,600,0.1002718306129578,0.060206164087570326,0.11695820710242245,1.030061085101851
mZ944,3,ca_dist_384_1466_A,chi7_deg,600,0.043655216139452765,0.1263049201243861,0.1336364873221752,0.33277959000036916
mZ944,3,ca_dist_384_1463_A,chi1_deg,600,-0.13738917879429655,0.01710501258679347,0.1384498750644635,-1.4469332413893372
mZ944,3,ca_dist_384_1463_A,chi2_deg,600,0.3884696711893868,0.45051327619843956,0.5948704879761996,0.7115815564902538
mZ944,3,ca_dist_384_1463_A,chi3_deg,600,-0.043112808012306665,-0.2292712939850651,0.23328960641291366,-2.955720423897925
mZ944,3,ca_dist_384_1463_A,chi4_deg,600,0.05694251620472221,0.08711406256271076,0.10407357997063874,0.578940138901806
mZ944,3,ca_dist_384_1463_A,chi5_deg,600,0.3335523141096028,-0.339214685022139,0.4757349564437535,2.3646108322863366
mZ944,3,ca_dist_384_1463_A,chi6_deg,600,0.10307258729352872,0.05702654904660696,0.11779637323596669,1.065449155962279
mZ944,3,ca_dist_384_1463_A,chi7_deg,600,0.02216171827272346,0.14723881350590923,0.1488973134728343,0.14939403031570256
mZ944,3,ca_dist_384_950_A,chi1_deg,600,0.05083606495012334,-0.008786005721688864,0.051589721807301,1.7419358663457287
mZ944,3,ca_dist_384_950_A,chi2_deg,600,0.09095006047483087,-0.05466900638876805,0.10611603912656443,2.1120155758468186
mZ944,3,ca_dist_384_950_A,chi3_deg,600,-0.08440326896488917,-0.02602122675018117,0.08832336074642862,-1.869847041203618
mZ944,3,ca_dist_384_950_A,chi4_deg,600,0.10146749078554514,0.061383400223707744,0.11858993848273373,1.0267404381351675
mZ944,3,ca_dist_384_950_A,chi5_deg,600,0.16003329665555993,-0.1191665980471503,0.1995277778370158,2.2108558049606026
mZ944,3,ca_dist_384_950_A,chi6_deg,600,0.06489896160814011,0.062207418997523925,0.08989793210162482,0.8065705105923158
mZ944,3,ca_dist_384_950_A,chi7_deg,600,0.07438181902113342,-0.07021313829109199,0.10228655722809647,2.3273724176982697
mZ944,3,ca_dist_1776_1782_A,chi1_deg,600,-0.02926175721639376,0.02426621770564962,0.03801446773439233,-0.8784543947402266
mZ944,3,ca_dist_1776_1782_A,chi2_deg,600,-0.048656504680246876,0.005818993745601433,0.04900322577045551,-1.451768310544419
mZ944,3,ca_dist_1776_1782_A,chi3_deg,600,-0.0055379400490100025,0.0064651211326714475,0.008512729952638217,-0.708305867764057
mZ944,3,ca_dist_1776_1782_A,chi4_deg,600,-0.012418332319689189,-0.11198671454992051,0.11267315214055039,-3.031152744910247
mZ944,3,ca_dist_1776_1782_A,chi5_deg,600,-0.08944326121422361,0.06708475346260939,0.1118054610641847,-0.9272787068085465
mZ944,3,ca_dist_1776_1782_A,chi6_deg,600,0.013918982719533804,-0.05615417192681201,0.05785351419518647,2.8986188914785185
mZ944,3,ca_dist_1776_1782_A,chi7_deg,600,0.01244068141405169,0.02743970156916453,0.03012818906357867,0.4256632802310598
mZ944,3,ca_dist_356_1782_A,chi1_deg,600,0.036866867123978464,-0.04277524743634395,0.05647023715885682,2.4302454714623423
mZ944,3,ca_dist_356_1782_A,chi2_deg,600,-0.24740406141275106,-0.3185288495362181,0.4033229445374896,-2.481216079253392
mZ944,3,ca_dist_356_1782_A,chi3_deg,600,-0.019125733553799096,0.07047238212600666,0.07302157439061979,-0.2650100244243709
mZ944,3,ca_dist_356_1782_A,chi4_deg,600,-0.15574481351605918,-0.10217722705883102,0.1862703214862313,-2.1514166525403895
mZ944,3,ca_dist_356_1782_A,chi5_deg,600,-0.28454033143825486,0.3127003858211348,0.422782132436647,-0.7382827987180536
mZ944,3,ca_dist_356_1782_A,chi6_deg,600,-0.07733336495976703,-0.0275281672154788,0.08208684015263278,-1.9127775113066492
mZ944,3,ca_dist_356_1782_A,chi7_deg,600,-0.007832219732204826,-0.06336969183793284,0.06385187162149682,-3.0186206188247358
mZ944,3,ca_dist_1777_1464_A,chi1_deg,600,-0.1526167079840763,0.03747213862114771,0.15714967619673714,-1.3300281487626129
mZ944,3,ca_dist_1777_1464_A,chi2_deg,600,0.12358059366603283,0.15729849869924686,0.20003744855372976,0.6659256682332862
mZ944,3,ca_dist_1777_1464_A,chi3_deg,600,-0.03084030812924332,-0.05603705146906541,0.06396308109255962,-2.6384764285049935
mZ944,3,ca_dist_1777_1464_A,chi4_deg,600,0.05492452842787211,0.009827679996492956,0.05579683787758585,1.3937393995401435
mZ944,3,ca_dist_1777_1464_A,chi5_deg,600,0.13751959545591613,-0.17823464246058351,0.22512047198646964,2.484432251706525
mZ944,3,ca_dist_1777_1464_A,chi6_deg,600,0.06144402543764409,-0.00909836554512107,0.062113996148810934,1.7178037648198143
mZ944,3,ca_dist_1777_1464_A,chi7_deg,600,-0.06331361431355179,0.02724112743050152,0.06892526953977048,-1.1644813704200085
mZ944,3,ca_dist_357_1782_A,chi1_deg,600,-0.021850004614176202,-0.00019982464863017337,0.021850918322343378,-1.5799413627603474
mZ944,3,ca_dist_357_1782_A,chi2_deg,600,-0.1231552507354448,-0.08673010697666589,0.15062976877063242,-2.184358210497976
mZ944,3,ca_dist_357_1782_A,chi3_deg,600,-0.014611823692735032,-0.06717550704823286,0.06874630272832681,-2.9274118228176667
mZ944,3,ca_dist_357_1782_A,chi4_deg,600,-0.1027558016201555,-0.05714293649504518,0.1175758051551318,-2.0783140077605995
mZ944,3,ca_dist_357_1782_A,chi5_deg,600,-0.13508531944096935,0.16313299849563495,0.21180278262252733,-0.6916231857784774
mZ944,3,ca_dist_357_1782_A,chi6_deg,600,-0.01415722885194037,-0.020805083883119593,0.02516502819688179,-2.5440948923411297
mZ944,3,ca_dist_357_1782_A,chi7_deg,600,-0.006689166866579721,0.08415045791016394,0.08441590205559152,-0.07932376308411537
mZ944,3,ca_dist_384_876_A,chi1_deg,600,-0.045784713359669785,0.005124550179782557,0.046070608764940735,-1.4593331404077712
mZ944,3,ca_dist_384_876_A,chi2_deg,600,0.2684242015952396,0.1804714778401315,0.323452479223522,0.9788784890884871
mZ944,3,ca_dist_384_876_A,chi3_deg,600,-0.036613194210824665,-0.0690485535254684,0.07815515807852377,-2.654036672818074
mZ944,3,ca_dist_384_876_A,chi4_deg,600,0.07197884418936462,0.11090370645278944,0.13221416760621124,0.5756867494220821
mZ944,3,ca_dist_384_876_A,chi5_deg,600,0.2510695264886056,-0.2238801927605441,0.336390023398006,2.2990101413240978
mZ944,3,ca_dist_384_876_A,chi6_deg,600,0.08962329394709076,0.05169228816140911,0.10346220311441658,1.0476306779430973
mZ944,3,ca_dist_384_876_A,chi7_deg,600,0.004331089303916041,-0.08271739490407895,0.0828307053831841,3.089280346114792
mZ944,3,ca_dist_384_919_A,chi1_deg,600,-0.05198830198881028,0.027848455509853674,0.058977283914775476,-1.0790233286550122
mZ944,3,ca_dist_384_919_A,chi2_deg,600,0.32062236528049853,0.2557149892434967,0.41010834768614873,0.8975460753814023
mZ944,3,ca_dist_384_919_A,chi3_deg,600,-0.008522923239938238,-0.060412889795232884,0.06101112582115521,-3.001439695913562
mZ944,3,ca_dist_384_919_A,chi4_deg,600,0.06817855090493372,0.12780331082598892,0.14485165191181276,0.49005957161717834
mZ944,3,ca_dist_384_919_A,chi5_deg,600,0.24277207853613705,-0.23691996273131366,0.33921873600578634,2.343995360340358
mZ944,3,ca_dist_384_919_A,chi6_deg,600,0.10268354829838297,0.05209040702405537,0.11514044291680532,1.1013331993130615
mZ944,3,ca_dist_384_919_A,chi7_deg,600,-0.01350579475668904,-0.1000046232156718,0.10091249256914771,-3.007353147586473
mZ944,3,ca_dist_356_1781_A,chi1_deg,600,0.09547616839837558,-0.04305072657169016,0.10473329838396861,1.9944029872101487
mZ944,3,ca_dist_356_1781_A,chi2_deg,600,-0.33844597164914936,-0.44530872405113975,0.559325965284637,-2.4917060605142045
mZ944,3,ca_dist_356_1781_A,chi3_deg,600,-0.00559409807772647,0.13680749084015306,0.1369218152205184,-0.04086752385076458
mZ944,3,ca_dist_356_1781_A,chi4_deg,600,-0.14321803935891797,-0.12145023679875896,0.18778063482768184,-2.2741335816543935
mZ944,3,ca_dist_356_1781_A,chi5_deg,600,-0.3397042314028028,0.37218694062741214,0.5039068203612269,-0.7398010331093642
mZ944,3,ca_dist_356_1781_A,chi6_deg,600,-0.10396394170641425,-0.03557281276307231,0.10988141873406668,-1.9004741307115096
mZ944,3,ca_dist_356_1781_A,chi7_deg,600,-0.012575807486554708,-0.13022399962782236,0.13082981698758872,-3.045320604314949
mZ944,3,ca_dist_357_1460_A,chi1_deg,600,-0.0062370235896611545,0.04965167549409453,0.05004187589038661,-0.1249610496567965
mZ944,3,ca_dist_357_1460_A,chi2_deg,600,-0.14975110286536075,-0.23913452566129695,0.28215370664346295,-2.5821156741928153
mZ944,3,ca_dist_357_1460_A,chi3_deg,600,-0.12044937632768793,0.027414177267245786,0.12352971048686613,-1.3470093447758331
mZ944,3,ca_dist_357_1460_A,chi4_deg,600,-0.06388552935193562,0.018495708264048696,0.06650903761719776,-1.2889879382732548
mZ944,3,ca_dist_357_1460_A,chi5_deg,600,-0.1708333035493243,0.21437032911249948,0.2741143112013251,-0.6728523692085963
mZ944,3,ca_dist_357_1460_A,chi6_deg,600,-0.06066473977216024,-0.042786633616117536,0.07423548119210785,-2.185068205985779
mZ944,3,ca_dist_357_1460_A,chi7_deg,600,-0.08878882494954493,-0.14429064069979664,0.16942031882120498,-2.589964894121324
mZ944,3,ca_dist_384_948_A,chi1_deg,600,0.005324313626594045,0.007717215998321252,0.00937569935306591,0.6039333414674337
mZ944,3,ca_dist_384_948_A,chi2_deg,600,0.22255174484182363,0.09336180342440395,0.2413414706816821,1.1735882919044238
mZ944,3,ca_dist_384_948_A,chi3_deg,600,-0.03095645591742275,-0.04936027085526681,0.058264384506082616,-2.581446408314118
mZ944,3,ca_dist_384_948_A,chi4_deg,600,0.1213261447896227,0.07891082634519835,0.14473061847444216,0.994138214621265
mZ944,3,ca_dist_384_948_A,chi5_deg,600,0.2547979971115107,-0.21829630274392092,0.3355224211937303,2.27919182637334
mZ944,3,ca_dist_384_948_A,chi6_deg,600,0.07871391784955836,0.057975342976658024,0.09776001870134925,0.9359704103483961
mZ944,3,ca_dist_384_948_A,chi7_deg,600,0.05765248672409645,-0.07698863257627997,0.09618242444146205,2.4988317026102083
mZ944,3,ca_dist_387_955_A,chi1_deg,600,-0.08197057399226892,0.027064003616558398,0.0863228549827861,-1.2518978979115951
mZ944,3,ca_dist_387_955_A,chi2_deg,600,0.3632345762668427,0.3992689939603662,0.5397731810064998,0.7381752656854351
mZ944,3,ca_dist_387_955_A,chi3_deg,600,-0.0939841787282619,-0.22473975335905388,0.2436000463692777,-2.745503258559654
mZ944,3,ca_dist_387_955_A,chi4_deg,600,0.10873869908797026,0.07265987794018973,0.13078058931518627,0.9817286176962681
mZ944,3,ca_dist_387_955_A,chi5_deg,600,0.2855455687717941,-0.2671058163715958,0.39100100893059603,2.322840888730782
mZ944,3,ca_dist_387_955_A,chi6_deg,600,0.05069680632528989,0.07118690571363732,0.08739417438631847,0.6188436675217641
mZ944,3,ca_dist_387_955_A,chi7_deg,600,0.027676804292100766,0.015299747743645883,0.03162416444496905,1.0658056598639247
mZ944,3,ca_dist_1781_1816_A,chi1_deg,600,0.025952377215578307,-0.07492538600697357,0.0792927446329969,2.8081497242724605
mZ944,3,ca_dist_1781_1816_A,chi2_deg,600,0.015779383012011837,0.03590520558854867,0.039219545083997526,0.41406560809527787
mZ944,3,ca_dist_1781_1816_A,chi3_deg,600,0.10419470000113576,0.03546835741442386,0.11006607054857549,1.242695170699939
mZ944,3,ca_dist_1781_1816_A,chi4_deg,600,-0.036813845414611,0.02071613541128727,0.042242365944507254,-1.0582346375026066
mZ944,3,ca_dist_1781_1816_A,chi5_deg,600,-0.0665751696956716,0.04965638620897479,0.08305425883928128,-0.9299440058006441
mZ944,3,ca_dist_1781_1816_A,chi6_deg,600,-0.036892419736785836,-0.06258319148176365,0.07264782508842423,-2.608933923867572
mZ944,3,ca_dist_1781_1816_A,chi7_deg,600,-0.07931489055429447,-0.13637002459073472,0.1577581550047962,-2.6148010244820914
mZ944,3,ca_dist_353_1461_A,chi1_deg,600,-0.09190413792152119,0.06757370941415167,0.11407268196674522,-0.9367938244705345
mZ944,3,ca_dist_353_1461_A,chi2_deg,600,0.09326105245971025,0.06358236960750885,0.11287312182622883,0.9724119221751489
mZ944,3,ca_dist_353_1461_A,chi3_deg,600,-0.0701274112552221,-0.02440480484935914,0.07425259799558769,-1.9056942228996052
mZ944,3,ca_dist_353_1461_A,chi4_deg,600,0.004791326479930105,0.09018079812730115,0.09030799056735965,0.05308032138750461
mZ944,3,ca_dist_353_1461_A,chi5_deg,600,-0.03195944364179312,0.05380592593963261,0.06258181608194333,-0.5359785202672257
mZ944,3,ca_dist_353_1461_A,chi6_deg,600,0.0050398487093842575,0.03928840229400138,0.0396103348866022,0.12758152740623263
mZ944,3,ca_dist_353_1461_A,chi7_deg,600,-0.11902280154198641,-0.13924975468435258,0.1831854837768415,-2.4343512689408215
mZ944,3,ca_dist_351_357_A,chi1_deg,600,0.10225375568213675,-0.05562806432652317,0.11640580780965319,2.069036596785597
mZ944,3,ca_dist_351_357_A,chi2_deg,600,-0.30264669378819725,-0.32835792044252043,0.44655788558513154,-2.3969184579429252
mZ944,3,ca_dist_351_357_A,chi3_deg,600,-0.0033429244370087458,0.11240212920549324,0.11245182877001132,-0.02973199319030786
mZ944,3,ca_dist_351_357_A,chi4_deg,600,-0.09512817283998569,-0.06874508798228238,0.11736803819424578,-2.196567375733322
mZ944,3,ca_dist_351_357_A,chi5_deg,600,-0.28761769905446094,0.28818249669148654,0.4071524188909125,-0.7844172720048112
mZ944,3,ca_dist_351_357_A,chi6_deg,600,-0.12230736167917347,-0.03789252252652512,0.12804270375286272,-1.8712322175961877
mZ944,3,ca_dist_351_357_A,chi7_deg,600,-0.04673343544743705,-0.08824257313154159,0.09985372152100908,-2.654544913027602
mZ944,3,ca_dist_354_1460_A,chi1_deg,600,0.032068675251574925,0.0016240309177151992,0.03210977123575733,1.520197270691945
mZ944,3,ca_dist_354_1460_A,chi2_deg,600,-0.22386796466498182,-0.3655636964520241,0.4286649994656773,-2.5921118140670507
mZ944,3,ca_dist_354_1460_A,chi3_deg,600,-0.08193085427856579,0.10360842393820742,0.13208849455488125,-0.6690899984597575
mZ944,3,ca_dist_354_1460_A,chi4_deg,600,-0.0757191693785289,0.02170704816554115,0.07876921068181064,-1.2916055704013485
mZ944,3,ca_dist_354_1460_A,chi5_deg,600,-0.2416139250106425,0.27876754309876206,0.3689019271356122,-0.7141222199586069
mZ944,3,ca_dist_354_1460_A,chi6_deg,600,-0.057289445425431997,-0.009344945232203708,0.05804660677891894,-1.732490366193009
mZ944,3,ca_dist_354_1460_A,chi7_deg,600,-0.08127355205271933,-0.19984482394731617,0.21573906443154858,-2.755338123415393
mZ944,3,ca_dist_384_1465_A,chi1_deg,600,-0.1282844521481991,0.02624647731503563,0.13094188876907292,-1.3689855306115717
mZ944,3,ca_dist_384_1465_A,chi2_deg,600,0.3996843834354652,0.4276143651706017,0.5853218359692766,0.7516505265285632
mZ944,3,ca_dist_384_1465_A,chi3_deg,600,-0.05969164880377444,-0.204817666375214,0.21333862612359164,-2.8580093066545067
mZ944,3,ca_dist_384_1465_A,chi4_deg,600,0.07051524544897288,0.10769784326499394,0.12872927128147696,0.5797077045292831
mZ944,3,ca_dist_384_1465_A,chi5_deg,600,0.3267080548325437,-0.3273821204727785,0.46251184406209234,2.3572250291410435
mZ944,3,ca_dist_384_1465_A,chi6_deg,600,0.10427267558961736,0.06685613490090538,0.12386498152627982,1.0006561127239173
mZ944,3,ca_dist_384_1465_A,chi7_deg,600,0.0281518658681432,0.09226848242832039,0.09646761322580338,0.29613655599600774
mZ944,3,ca_dist_1778_1464_A,chi1_deg,600,-0.17197580295170292,0.056262443234537655,0.1809451279244692,-1.254618119119479
mZ944,3,ca_dist_1778_1464_A,chi2_deg,600,0.1364363769680558,0.18048477499150212,0.22625127394978925,0.647294407380182
mZ944,3,ca_dist_1778_1464_A,chi3_deg,600,-0.03279038842287551,-0.058209286866390486,0.06680965985856228,-2.6285813779949847
mZ944,3,ca_dist_1778_1464_A,chi4_deg,600,0.06834524188160464,-0.00611994872991385,0.06861869905726732,1.6601027618348472
mZ944,3,ca_dist_1778_1464_A,chi5_deg,600,0.09437032521263031,-0.12981804339422565,0.1604944942091244,2.5130120237025935
mZ944,3,ca_dist_1778_1464_A,chi6_deg,600,0.06865720894635981,-0.01634215945804588,0.07057533929111717,1.8044734129428832
mZ944,3,ca_dist_1778_1464_A,chi7_deg,600,-0.005450487017074658,0.053427579883443155,0.05370487967517476,-0.10166464357943926
mZ944,3,ca_dist_926_1463_A,chi1_deg,600,-0.055906700597797024,0.037648722207583474,0.06740167249850337,-0.978132507458684
mZ944,3,ca_dist_926_1463_A,chi2_deg,600,0.2657212858824475,0.2551978034109409,0.36842057575112525,0.8055971759789415
mZ944,3,ca_dist_926_1463_A,chi3_deg,600,-0.03858761197297746,-0.007533776135483009,0.03931617454224975,-1.763609074005861
mZ944,3,ca_dist_926_1463_A,chi4_deg,600,0.06167210776963291,0.10611633892799377,0.12273600231484673,0.526462181958787
mZ944,3,ca_dist_926_1463_A,chi5_deg,600,0.09265575583766848,-0.12799912608782654,0.1580153959875333,2.5150202670365114
mZ944,3,ca_dist_926_1463_A,chi6_deg,600,0.08488727864840381,0.040488542128673005,0.09404877521816583,1.1257432488024706
mZ944,3,ca_dist_926_1463_A,chi7_deg,600,-0.08867428386798845,-0.14257696960000546,0.167902712544561,-2.5851969996511164
mZ944,3,ca_dist_1781_1820_A,chi1_deg,600,0.008854434572185932,-0.06373364111042955,0.06434576925320076,3.003547531415453
mZ944,3,ca_dist_1781_1820_A,chi2_deg,600,0.02570091496282479,0.10485665200896468,0.10796043025319725,0.24036655200188475
mZ944,3,ca_dist_1781_1820_A,chi3_deg,600,0.11613598247332019,-0.015448073206010247,0.11715890657914824,1.7030371502589035
mZ944,3,ca_dist_1781_1820_A,chi4_deg,600,-0.026342311991790924,0.026524116767352002,0.03738243131955137,-0.7819592312974764
mZ944,3,ca_dist_1781_1820_A,chi5_deg,600,0.005988660226519692,-0.02209385963291344,0.022891104927189095,2.876897380349134
mZ944,3,ca_dist_1781_1820_A,chi6_deg,600,0.018130547047969726,-0.009756472380725072,0.020588965238070973,2.0644755563328925
mZ944,3,ca_dist_1781_1820_A,chi7_deg,600,-0.0713969227273808,-0.06958654833126326,0.09969858716952223,-2.343354155883913
mZ944,3,ca_dist_925_1463_A,chi1_deg,600,-0.07297435641843206,0.03883980529985291,0.08266672347695195,-1.0816913045057392
mZ944,3,ca_dist_925_1463_A,chi2_deg,600,0.2510293213331066,0.28498923512154223,0.379782285400625,0.7221268744873061
mZ944,3,ca_dist_925_1463_A,chi3_deg,600,-0.03543016068278414,-0.09064274677277595,0.09732113762447235,-2.7689756278132
mZ944,3,ca_dist_925_1463_A,chi4_deg,600,0.10306722600408126,0.11863005861264349,0.15714943169676304,0.7153145615999701
mZ944,3,ca_dist_925_1463_A,chi5_deg,600,0.18158967301747964,-0.2098979376330531,0.27754630887331977,2.4283783344627428
mZ944,3,ca_dist_925_1463_A,chi6_deg,600,0.07433173398358786,0.05409627249131243,0.09193265673557573,0.9416760486300216
mZ944,3,ca_dist_925_1463_A,chi7_deg,600,-0.026931616573040468,0.07096068479486667,0.07589947798103548,-0.362735115481497
mZ944,3,ca_dist_384_920_A,chi1_deg,600,-0.05125171269905322,0.01816015596587838,0.05437397648959768,-1.2302668983529492
mZ944,3,ca_dist_384_920_A,chi2_deg,600,0.3090727499800871,0.2268337392950372,0.3833790683681392,0.9376680583390241
mZ944,3,ca_dist_384_920_A,chi3_deg,600,-0.03652575655606162,-0.05532522378403095,0.06629488124090564,-2.5580797932959327
mZ944,3,ca_dist_384_920_A,chi4_deg,600,0.06089088164023982,0.12951527997992285,0.14311501394054887,0.43947914174129876
mZ944,3,ca_dist_384_920_A,chi5_deg,600,0.23654326075731652,-0.21945722460588177,0.3226673017853223,2.3187426728344667
mZ944,3,ca_dist_384_920_A,chi6_deg,600,0.09900624892783944,0.062247750013648705,0.11694879096648673,1.0095225090083446
mZ944,3,ca_dist_384_920_A,chi7_deg,600,-0.014491430426585003,-0.100295508226551,0.1013370145910699,-2.9980983792057954
mZ944,3,ca_dist_926_1466_A,chi1_deg,600,-0.05361496991535873,0.02538427650576791,0.0593205402263508,-1.1286093122148309
mZ944,3,ca_dist_926_1466_A,chi2_deg,600,0.2241309212112372,0.26190347405478676,0.34471451893554494,0.7078382580396407
mZ944,3,ca_dist_926_1466_A,chi3_deg,600,0.022133259040873283,-0.03238759275026293,0.03922801702772245,2.5421036026449846
mZ944,3,ca_dist_926_1466_A,chi4_deg,600,0.020705765408473943,0.057624732515833686,0.061231842358956796,0.3449541821592049
mZ944,3,ca_dist_926_1466_A,chi5_deg,600,0.12001908377271607,-0.15213566718353672,0.1937778152911785,2.4736597609821915
mZ944,3,ca_dist_926_1466_A,chi6_deg,600,0.04902946103021314,0.034396634667674,0.0598917066493736,0.9590306287324071
mZ944,3,ca_dist_926_1466_A,chi7_deg,600,-0.08185473358080625,-0.06637750846179721,0.10538581991511349,-2.2521594542503225
mZ944,3,ca_dist_918_1462_A,chi1_deg,600,0.03383854250070818,0.0266588562796117,0.043078319102644036,0.9035232605089861
mZ944,3,ca_dist_918_1462_A,chi2_deg,600,-0.040826438203084514,-0.17651672082220513,0.1811765735026871,-2.914300037658537
mZ944,3,ca_dist_918_1462_A,chi3_deg,600,-0.05870722030285286,0.06675024982085152,0.0888939456140506,-0.721376168210934
mZ944,3,ca_dist_918_1462_A,chi4_deg,600,0.04963513654855721,0.05176866622021348,0.07171918559502605,0.7643613297275329
mZ944,3,ca_dist_918_1462_A,chi5_deg,600,0.014151383189665724,0.03392133261709594,0.03675484257482829,0.39523048660209764
mZ944,3,ca_dist_918_1462_A,chi6_deg,600,-0.018177113918452784,0.031535051975458056,0.03639872214102098,-0.5228931582720368
mZ944,3,ca_dist_918_1462_A,chi7_deg,600,0.028288533457163284,-0.07254299737323955,0.07786351901276288,2.769775293448152
mZ944,3,ca_dist_1778_1782_A,chi1_deg,600,-0.07212205728833,-0.011290315839566314,0.07300042725394364,-1.7260805973311217
mZ944,3,ca_dist_1778_1782_A,chi2_deg,600,0.010219035289434249,0.012423613681651579,0.016086480633054043,0.6883401083983155
mZ944,3,ca_dist_1778_1782_A,chi3_deg,600,0.023558125492691536,0.08523386687541917,0.08842961799796537,0.26966169655957345
mZ944,3,ca_dist_1778_1782_A,chi4_deg,600,0.019523773392933076,-0.04191332025065691,0.04623747551427011,2.7056666493281742
mZ944,3,ca_dist_1778_1782_A,chi5_deg,600,-0.02943287727632677,0.01004419809303736,0.031099520576618026,-1.2419308134721567
mZ944,3,ca_dist_1778_1782_A,chi6_deg,600,-0.014209380067687075,-0.06122721929721257,0.06285442597603563,-2.9135532799036565
mZ944,3,ca_dist_1778_1782_A,chi7_deg,600,-0.0316552199257757,-0.04608860726239361,0.055912544817208844,-2.539757729772994
mZ944,3,ca_dist_354_926_A,chi1_deg,600,-0.11533777791475082,0.04045837996582852,0.12222799811733699,-1.2334252994801174
mZ944,3,ca_dist_354_926_A,chi2_deg,600,0.35813327058035205,0.4304628128625553,0.5599622065408727,0.6939346896656127
mZ944,3,ca_dist_354_926_A,chi3_deg,600,-0.003881333781749624,-0.06154011284958602,0.06166238919686078,-3.0786061000825793
mZ944,3,ca_dist_354_926_A,chi4_deg,600,0.06503195356029094,0.09406124564612599,0.11435328117884809,0.6049164767933998
mZ944,3,ca_dist_354_926_A,chi5_deg,600,0.25632136806123634,-0.2822365573211705,0.3812585972975431,2.404276996484018
mZ944,3,ca_dist_354_926_A,chi6_deg,600,0.13190563356667778,0.025211837556141772,0.13429345821589359,1.3819387575340343
mZ944,3,ca_dist_354_926_A,chi7_deg,600,-0.05753230646360155,0.048706660440015266,0.07538106564808378,-0.8682813783386759
mZ944,3,ca_dist_357_1461_A,chi1_deg,600,0.018864492623853295,0.02051581828355282,0.027870555821496914,0.7434899415502013
mZ944,3,ca_dist_357_1461_A,chi2_deg,600,-0.16618177410989193,-0.29430569060983036,0.3379825758402944,-2.627566136792913
mZ944,3,ca_dist_357_1461_A,chi3_deg,600,-0.0935473077845979,0.08127994047921365,0.12392549180072195,-0.8554518501787851
mZ944,3,ca_dist_357_1461_A,chi4_deg,600,-0.07125521253393169,0.017837257670892788,0.07345388399855789,-1.3255078877557482
mZ944,3,ca_dist_357_1461_A,chi5_deg,600,-0.2027533784830382,0.2493462842783136,0.32137595113774103,-0.6827017973098755
mZ944,3,ca_dist_357_1461_A,chi6_deg,600,-0.08615774910018324,-0.04845144661070374,0.09884685330692121,-2.0830774450261047
mZ944,3,ca_dist_357_1461_A,chi7_deg,600,-0.11566444838395062,-0.19964930528754987,0.2307338504029369,-2.616504291188589
mZ944,3,ca_dist_384_916_A,chi1_deg,600,-0.04543260820607248,0.015114144803695861,0.04788067732972844,-1.249641324947159
mZ944,3,ca_dist_384_916_A,chi2_deg,600,0.29879551351907274,0.2143151317066121,0.36770876325911633,0.9485778043714016
mZ944,3,ca_dist_384_916_A,chi3_deg,600,-0.02657874797256797,-0.06310221761284887,0.06847130575247284,-2.742943774018424
mZ944,3,ca_dist_384_916_A,chi4_deg,600,0.07056193860821669,0.11951842190930984,0.13879351698059075,0.5333199909735057
mZ944,3,ca_dist_384_916_A,chi5_deg,600,0.2399227565108837,-0.22161357965694875,0.326612167226127,2.316545214483244
mZ944,3,ca_dist_384_916_A,chi6_deg,600,0.09473843367382409,0.066217720259791,0.115586146623951,0.9607733371491607
mZ944,3,ca_dist_384_916_A,chi7_deg,600,-7.134430650149182e-05,-0.08532703154348856,0.08532706136996376,-3.140756525945539
mZ944,3,ca_dist_1777_1465_A,chi1_deg,600,-0.13105705595781186,0.05094593672146759,0.14061095399988155,-1.2000422172626566
mZ944,3,ca_dist_1777_1465_A,chi2_deg,600,0.15797911536789935,0.12519278422735122,0.20157041974213422,0.9006673405996405
mZ944,3,ca_dist_1777_1465_A,chi3_deg,600,-0.07238884868683194,-0.01900304179617264,0.07484157275012421,-1.8275171805108636
mZ944,3,ca_dist_1777_1465_A,chi4_deg,600,0.07582985511930204,0.04644037687747042,0.08892061365024326,1.0212881896010635
mZ944,3,ca_dist_1777_1465_A,chi5_deg,600,0.11214525875564244,-0.14420883904677653,0.18268209633291682,2.480623681674267
mZ944,3,ca_dist_1777_1465_A,chi6_deg,600,0.0527443966338832,0.0013884857894800595,0.052762669275350144,1.5444776034161891
mZ944,3,ca_dist_1777_1465_A,chi7_deg,600,-0.05177323075145697,-0.0554467260989278,0.07586044329908131,-2.3904423961367987
mZ944,3,ca_dist_925_1465_A,chi1_deg,600,-0.04739760248957882,0.04702117338157985,0.06676468728258017,-0.7893849457947827
mZ944,3,ca_dist_925_1465_A,chi2_deg,600,0.23452982714702703,0.2363054253159589,0.3329331672503817,0.7816270146944243
mZ944,3,ca_dist_925_1465_A,chi3_deg,600,0.024073327953818117,0.0063405949435412015,0.02489434198789237,1.313258616795131
mZ944,3,ca_dist_925_1465_A,chi4_deg,600,0.012182407110180052,0.11492115804044202,0.11556506223056524,0.10561222706713842
mZ944,3,ca_dist_925_1465_A,chi5_deg,600,0.1202610162328531,-0.15762073445291758,0.1982599504560508,2.4898377805316785
mZ944,3,ca_dist_925_1465_A,chi6_deg,600,0.03336980237656855,0.0503241439423057,0.06038263967546586,0.5855274089608549
mZ944,3,ca_dist_925_1465_A,chi7_deg,600,-0.12559044137819847,-0.16362210609308311,0.20626476327261245,-2.4869450114798433
mZ944,3,ca_dist_384_875_A,chi1_deg,600,-0.020001960139164908,-0.0018506677231969228,0.0200873935698593,-1.6630579670102912
mZ944,3,ca_dist_384_875_A,chi2_deg,600,0.235438534793668,0.14368613413558573,0.275820609832947,1.0228439000319147
mZ944,3,ca_dist_384_875_A,chi3_deg,600,-0.053775618166974265,-0.07584395602389296,0.09297377466035475,-2.524832153892037
mZ944,3,ca_dist_384_875_A,chi4_deg,600,0.10798422636235158,0.09320627595872004,0.14264642659796514,0.8587190155736395
mZ944,3,ca_dist_384_875_A,chi5_deg,600,0.2614801100545585,-0.22971450611038774,0.3480525854977713,2.2916143215715015
mZ944,3,ca_dist_384_875_A,chi6_deg,600,0.08046221242675196,0.07152454821744127,0.10765653081126494,0.8441360631524876
mZ944,3,ca_dist_384_875_A,chi7_deg,600,0.05218313988493395,-0.04488603188843952,0.06883193987489089,2.281161309887765
mZ944,3,ca_dist_384_921_A,chi1_deg,600,-0.07437898594139383,0.013042803023254832,0.07551389448554145,-1.3972052393608743
mZ944,3,ca_dist_384_921_A,chi2_deg,600,0.3502045636122044,0.2798351920944823,0.448275552656366,0.8966275398916514
mZ944,3,ca_dist_384_921_A,chi3_deg,600,-0.04517418444836309,-0.10061082659590433,0.110287104272829,-2.719571273798651
mZ944,3,ca_dist_384_921_A,chi4_deg,600,0.07853117707864883,0.1163909316571299,0.14040653384145904,0.5935566213115524
mZ944,3,ca_dist_384_921_A,chi5_deg,600,0.2772904891300863,-0.25513383999057504,0.37680670332458105,2.3146038432880056
mZ944,3,ca_dist_384_921_A,chi6_deg,600,0.09479912094290509,0.06549855524262362,0.11522557906306466,0.9661907338146295
mZ944,3,ca_dist_384_921_A,chi7_deg,600,0.009915722821962694,-0.04303448880100641,0.04416207406186827,2.9151316725124867
mZ944,3,ca_dist_1816_1463_A,chi1_deg,600,-0.058231214881427414,-0.03781154861561086,0.06943045149844322,-2.1467037095328037
mZ944,3,ca_dist_1816_1463_A,chi2_deg,600,0.10057408334881211,0.15948035625945908,0.1885447699462857,0.5626420390654101
mZ944,3,ca_dist_1816_1463_A,chi3_deg,600,0.08545197808763261,-0.012855220784681431,0.08641352475459006,1.720114564143198
mZ944,3,ca_dist_1816_1463_A,chi4_deg,600,-0.09817808637066655,-0.010168873117967641,0.0987033060433914,-1.6740041002931894
mZ944,3,ca_dist_1816_1463_A,chi5_deg,600,-0.04584239088215871,0.0030806805913085253,0.04594578756206376,-1.5036956465244409
mZ944,3,ca_dist_1816_1463_A,chi6_deg,600,0.023546559163970596,-0.04471349634428242,0.050534514975336654,2.6568846272246907
mZ944,3,ca_dist_1816_1463_A,chi7_deg,600,-0.07045632541532715,-0.1220224356118626,0.14090269189650576,-2.617953070672845
mZ944,3,ca_dist_355_387_A,chi1_deg,600,0.042875138706258364,-0.09251938370369857,0.10197114238838897,2.7076365939191662
mZ944,3,ca_dist_355_387_A,chi2_deg,600,-0.20238119383542294,-0.13686268584859484,0.24431443345807916,-2.1654123827971126
mZ944,3,ca_dist_355_387_A,chi3_deg,600,0.05264887582440258,-0.045956539802149296,0.06988496030019546,2.288428550462217
mZ944,3,ca_dist_355_387_A,chi4_deg,600,-0.11718550995735671,-0.043351798442584674,0.12494727757007047,-1.925124902649766
mZ944,3,ca_dist_355_387_A,chi5_deg,600,-0.12345903895713564,0.13889411628501186,0.18583247789020607,-0.7266326970837498
mZ944,3,ca_dist_355_387_A,chi6_deg,600,-0.04066596301124776,-0.05213371431725661,0.0661184143499033,-2.4791464935562653
mZ944,3,ca_dist_355_387_A,chi7_deg,600,0.0030090255222614305,0.2022141563706985,0.2022365428682634,0.014879291903169844
mZ944,3,ca_dist_356_925_A,chi1_deg,600,-0.11371595420757334,0.08013037704032255,0.13911216900747098,-0.9569538436411614
mZ944,3,ca_dist_356_925_A,chi2_deg,600,0.11333313929588937,0.2327143073536639,0.2588442568606787,0.45319804390171686
mZ944,3,ca_dist_356_925_A,chi3_deg,600,-0.010759085045051693,-0.12457888346721138,0.12504261720287083,-3.055442783662209
mZ944,3,ca_dist_356_925_A,chi4_deg,600,0.10776183274299553,0.02670341372368249,0.1110211011503106,1.327889045316586
mZ944,3,ca_dist_356_925_A,chi5_deg,600,0.215191481197735,-0.2326641041258552,0.31692263871292303,2.39518868077896
mZ944,3,ca_dist_356_925_A,chi6_deg,600,0.13559595607182806,0.00994103899120466,0.13595987481333519,1.497613572579435
mZ944,3,ca_dist_356_925_A,chi7_deg,600,0.11613604536035084,0.37132334693162,0.3890611892857494,0.3031240628020367
mZ944,3,ca_dist_354_1461_A,chi1_deg,600,0.06437582022015191,-0.0152511305667479,0.06615771468680967,1.8034154234227786
mZ944,3,ca_dist_354_1461_A,chi2_deg,600,-0.2465810813490982,-0.40272546305808854,0.47221819985536606,-2.5921920328526564
mZ944,3,ca_dist_354_1461_A,chi3_deg,600,-0.04701960749771453,0.14038594130361393,0.14805085614389693,-0.3231877888318742
mZ944,3,ca_dist_354_1461_A,chi4_deg,600,-0.0892009904524545,0.010037230857683516,0.08976392761565924,-1.4587439012051329
mZ944,3,ca_dist_354_1461_A,chi5_deg,600,-0.27026354924818624,0.3092586579102098,0.41071072976567213,-0.71821106599763
mZ944,3,ca_dist_354_1461_A,chi6_deg,600,-0.08341555048595309,-0.011246326613669054,0.08417026746527487,-1.7048111228027998
mZ944,3,ca_dist_354_1461_A,chi7_deg,600,-0.09398388071901587,-0.22913972342721847,0.24766506149900994,-2.7523587105838443
mZ944,3,ca_dist_384_926_A,chi1_deg,600,-0.03718711416958105,-0.01650544551006665,0.040685515748816986,-1.9885229169690757
mZ944,3,ca_dist_384_926_A,chi2_deg,600,0.27885494360787433,0.1878005228891328,0.3361980308865334,0.9780982935762156
mZ944,3,ca_dist_384_926_A,chi3_deg,600,-0.006904471778297169,-0.017331164951851816,0.01865585723373758,-2.7624795103841824
mZ944,3,ca_dist_384_926_A,chi4_deg,600,0.041103960884473316,0.1168218582589503,0.12384216635486715,0.33832342232766677
mZ944,3,ca_dist_384_926_A,chi5_deg,600,0.20792686227636833,-0.19388514121458958,0.28429742883096426,2.3212627084097064
mZ944,3,ca_dist_384_926_A,chi6_deg,600,0.09479718569969624,0.05945417664817033,0.11189863956945381,1.0106363749761755
mZ944,3,ca_dist_384_926_A,chi7_deg,600,-0.016228429235444652,-0.07960815093602171,0.08124542824616195,-2.9404942157810194
mZ944,3,ca_dist_354_1780_A,chi1_deg,600,0.029327874764089573,-0.08202163983279939,0.08710725365341045,2.798196459131769
mZ944,3,ca_dist_354_1780_A,chi2_deg,600,-0.07752953319365008,-0.0910639461155914,0.11959711869175037,-2.4363010884587206
mZ944,3,ca_dist_354_1780_A,chi3_deg,600,0.0442387149508066,0.00951802092935388,0.04525104002020658,1.358875471907427
mZ944,3,ca_dist_354_1780_A,chi4_deg,600,-0.08229307035692349,-0.0324333150310888,0.08845376957866413,-1.9462231693788958
mZ944,3,ca_dist_354_1780_A,chi5_deg,600,-0.09329251946668847,0.12399170186812339,0.15516905722661345,-0.6450413291905851
mZ944,3,ca_dist_354_1780_A,chi6_deg,600,-0.07253478534914999,0.025502451557639666,0.07688738596868164,-1.2327063871281903
mZ944,3,ca_dist_354_1780_A,chi7_deg,600,-0.06277061334554906,-0.08015778730503495,0.10181071046513547,-2.477249219740107
mZ944,3,ca_dist_355_924_A,chi1_deg,600,-0.04138164276063652,0.0551279625547335,0.06893136160707287,-0.6439150956320605
mZ944,3,ca_dist_355_924_A,chi2_deg,600,0.0012028802957043186,0.08007965322270334,0.08008868697434249,0.015019918171047196
mZ944,3,ca_dist_355_924_A,chi3_deg,600,0.02783209971226494,-0.08773217560767359,0.09204108002000592,2.8343959162695356
mZ944,3,ca_dist_355_924_A,chi4_deg,600,0.05822283124018939,0.004140375040259816,0.058369861941738224,1.4998032685034728
mZ944,3,ca_dist_355_924_A,chi5_deg,600,0.09135537201073485,-0.11266687651976205,0.14505043626249134,2.46027380854735
mZ944,3,ca_dist_355_924_A,chi6_deg,600,0.12476298318038893,0.013009538739721726,0.1254394278936664,1.4668977791101485
mZ944,3,ca_dist_355_924_A,chi7_deg,600,0.1228255728538575,0.27304730955776246,0.2994009929903554,0.4227146820676439
mZ944,3,ca_dist_1776_1781_A,chi1_deg,600,-0.041564000873084844,0.01464168217081576,0.04406750532273164,-1.2321021331280524
mZ944,3,ca_dist_1776_1781_A,chi2_deg,600,-0.007467223603056608,0.031747023970982405,0.03261338619880151,-0.23101114270038145
mZ944,3,ca_dist_1776_1781_A,chi3_deg,600,-0.008514983853280436,1.7460323718326842e-05,0.008515001754816665,-1.5687457886438763
mZ944,3,ca_dist_1776_1781_A,chi4_deg,600,-0.00292553565377574,-0.09822977195441042,0.09827332729218538,-3.111818878587831
mZ944,3,ca_dist_1776_1781_A,chi5_deg,600,-0.058589829355668616,0.04126230975010767,0.07166133064519664,-0.9572188853460768
mZ944,3,ca_dist_1776_1781_A,chi6_deg,600,0.01155245302049578,-0.05998289725018924,0.06108524480852574,2.9513265647789324
mZ944,3,ca_dist_1776_1781_A,chi7_deg,600,0.001626970799512963,0.020160557928563864,0.020226100216637094,0.08052617421683801
mZ944,3,ca_dist_384_960_A,chi1_deg,600,0.011183817692086442,0.006877050507353249,0.01312903659262603,1.0194850711342105
mZ944,3,ca_dist_384_960_A,chi2_deg,600,0.1546194370072636,0.07444927324098218,0.17160962847857222,1.122057874291278
mZ944,3,ca_dist_384_960_A,chi3_deg,600,-0.04823772530757836,-0.02934706424932586,0.056463513200149404,-2.1173577977428186
mZ944,3,ca_dist_384_960_A,chi4_deg,600,0.09327901523453769,0.13794265941762146,0.16652072534772067,0.5945844854474157
mZ944,3,ca_dist_384_960_A,chi5_deg,600,0.20552702323520688,-0.17119765758782168,0.2674883086108294,2.2653196014118655
mZ944,3,ca_dist_384_960_A,chi6_deg,600,0.06733651553791731,0.03620832572077908,0.07645422928975355,1.0774284477844713
mZ944,3,ca_dist_384_960_A,chi7_deg,600,0.043878849423051876,0.014339715413843955,0.046162548292321276,1.2549350397396957
mZ944,3,ca_dist_925_1459_A,chi1_deg,600,-0.02918295607261067,0.02933926492439176,0.041381606921911195,-0.7827272381074681
mZ944,3,ca_dist_925_1459_A,chi2_deg,600,0.24926929417311433,0.2632987815525957,0.36257610150786845,0.758034021683622
mZ944,3,ca_dist_925_1459_A,chi3_deg,600,-0.0296304822368372,-0.045280821914984504,0.05411393823114397,-2.562150413743339
mZ944,3,ca_dist_925_1459_A,chi4_deg,600,0.020509944250212492,0.1702660071744636,0.17149685423435998,0.1198806405355148
mZ944,3,ca_dist_925_1459_A,chi5_deg,600,0.09743556505817756,-0.13053673905255012,0.1628911586940185,2.500385049953627
mZ944,3,ca_dist_925_1459_A,chi6_deg,600,0.05319320776713395,0.06681212908131018,0.08540127601467752,0.6723956667541489
mZ944,3,ca_dist_925_1459_A,chi7_deg,600,-0.07005403552616737,-0.14483568905265876,0.1608879881061976,-2.6910865843988927
mZ944,3,ca_dist_956_1464_A,chi1_deg,600,0.01208448044634964,-0.028668976888538762,0.031111812925218238,2.742675261355433
mZ944,3,ca_dist_956_1464_A,chi2_deg,600,0.03956919485333457,0.08902186811361538,0.09741978332853697,0.41826110101912267
mZ944,3,ca_dist_956_1464_A,chi3_deg,600,-0.017326077270867005,-0.12182180385538442,0.12304773402292221,-3.00031538531947
mZ944,3,ca_dist_956_1464_A,chi4_deg,600,0.0007148046118760978,-0.0327723805513105,0.03278017499393611,3.11978492155017
mZ944,3,ca_dist_956_1464_A,chi5_deg,600,0.09022694109853324,-0.11195181692547299,0.14378494431932992,2.4632375665682753
mZ944,3,ca_dist_956_1464_A,chi6_deg,600,0.04994821051736125,0.03649908871409647,0.06186280959385955,0.9397368642986603
mZ944,3,ca_dist_956_1464_A,chi7_deg,600,0.05586578342217344,0.047748328101104055,0.07349073814994561,0.8635816147753833
mZ944,3,ca_dist_384_918_A,chi1_deg,600,-0.06969164591352302,0.026018224070365647,0.07439000936894431,-1.2134875229383655
mZ944,3,ca_dist_384_918_A,chi2_deg,600,0.3547439660524257,0.29533437671648677,0.46159037633070327,0.8765333641470615
mZ944,3,ca_dist_384_918_A,chi3_deg,600,-0.02205120601291536,-0.08307506267224372,0.08595185701671172,-2.8821385227257657
mZ944,3,ca_dist_384_918_A,chi4_deg,600,0.06137066433541816,0.12282012522412243,0.13729945958028997,0.46339095183403584
mZ944,3,ca_dist_384_918_A,chi5_deg,600,0.2620692421507308,-0.2541339270034536,0.3650538871668881,2.3408232359301366
mZ944,3,ca_dist_384_918_A,chi6_deg,600,0.10063947437639698,0.05126802705039902,0.11294562585774585,1.0996390492834267
mZ944,3,ca_dist_384_918_A,chi7_deg,600,-0.01825209277109746,-0.06605385329619978,0.06852919396724749,-2.871998369418739
mZ944,3,ca_dist_926_1460_A,chi1_deg,600,-0.011808205927974297,0.012947512418383239,0.017523464413797735,-0.7394086616141092
mZ944,3,ca_dist_926_1460_A,chi2_deg,600,0.19225631250680345,0.12635060498133432,0.23005861226622848,0.9893771201223276
mZ944,3,ca_dist_926_1460_A,chi3_deg,600,-0.0351913380008275,0.05483610689752273,0.06515695580646035,-0.5705571327248978
mZ944,3,ca_dist_926_1460_A,chi4_deg,600,0.04615494523290482,0.15080236856702087,0.15770742954875666,0.29700937049217735
mZ944,3,ca_dist_926_1460_A,chi5_deg,600,0.024933440129959725,-0.03870636381780418,0.04604192694393347,2.5693274737932383
mZ944,3,ca_dist_926_1460_A,chi6_deg,600,0.04401070444808405,0.04091078359752154,0.06008855398975617,0.8218853369494513
mZ944,3,ca_dist_926_1460_A,chi7_deg,600,-0.08666241224671989,-0.2306056766350188,0.24635208907722964,-2.7821177620958393
mZ944,3,ca_dist_1778_1465_A,chi1_deg,600,-0.15884526121839232,0.07955911681956887,0.17765548142584597,-1.1064615620340699
mZ944,3,ca_dist_1778_1465_A,chi2_deg,600,0.17865873359215786,0.17467779722534693,0.24986251405973856,0.7966643857880995
mZ944,3,ca_dist_1778_1465_A,chi3_deg,600,-0.08979388429620179,-0.06872350478719597,0.11307458497485375,-2.2240475551240033
mZ944,3,ca_dist_1778_1465_A,chi4_deg,600,0.07948075526015305,0.03487436915196779,0.0867952307472713,1.1573141043486002
mZ944,3,ca_dist_1778_1465_A,chi5_deg,600,0.10545479512357853,-0.13506994762905314,0.17136103573178788,2.4787051329774283
mZ944,3,ca_dist_1778_1465_A,chi6_deg,600,0.07140980945205357,0.00925500838014364,0.07200705566883794,1.441910603764697
mZ944,3,ca_dist_1778_1465_A,chi7_deg,600,-0.004553959336616897,-0.003570249526685939,0.0057866421456973976,-2.2356973196207335
mZ944,3,ca_dist_353_355_A,chi1_deg,600,0.09151908052511197,-0.06147541157041866,0.11024957291488387,2.1622908545130524
mZ944,3,ca_dist_353_355_A,chi2_deg,600,-0.25092588976585684,-0.3101041014398853,0.3989089568869388,-2.461287244034284
mZ944,3,ca_dist_353_355_A,chi3_deg,600,-0.0340188791229422,0.06050891719904654,0.06941623151239501,-0.5121711553024542
mZ944,3,ca_dist_353_355_A,chi4_deg,600,-0.1035763706764641,-0.09627820181590814,0.14141271762968502,-2.3196933119743193
mZ944,3,ca_dist_353_355_A,chi5_deg,600,-0.1902447156349915,0.23051713304532456,0.2988832555605527,-0.6899757513521473
mZ944,3,ca_dist_353_355_A,chi6_deg,600,-0.10604315385231264,-0.06637437574801133,0.12510279067584162,-2.1300558906664513
mZ944,3,ca_dist_353_355_A,chi7_deg,600,-0.07419657082305796,-0.0601611297044923,0.0955222102404556,-2.252108765896686
mZ944,3,ca_dist_925_1461_A,chi1_deg,600,0.025208119742786687,0.0030779199613661934,0.025395332095785803,1.4492973947781866
mZ944,3,ca_dist_925_1461_A,chi2_deg,600,0.1360156133832801,0.05174867713206111,0.14552722311975938,1.2072462849987433
mZ944,3,ca_dist_925_1461_A,chi3_deg,600,0.012489503854862829,0.0831520515497277,0.0840847868729487,0.14908631371943332
mZ944,3,ca_dist_925_1461_A,chi4_deg,600,0.0641386333338972,0.15865482121649627,0.17112894723330271,0.3841779131037668
mZ944,3,ca_dist_925_1461_A,chi5_deg,600,0.0277938585455825,-0.026197518564675365,0.038194352354744276,2.326636528418818
mZ944,3,ca_dist_925_1461_A,chi6_deg,600,0.01709591313998134,0.060564707576237414,0.0629313439383344,0.2751172190512235
mZ944,3,ca_dist_925_1461_A,chi7_deg,600,-0.03437848200728192,-0.10892875196045554,0.11422501052215951,-2.8358813425971907
mZ944,3,ca_dist_1777_1782_A,chi1_deg,600,-0.07570204055205573,-0.008932923756651494,0.0762272659262238,-1.6882542609333169
mZ944,3,ca_dist_1777_1782_A,chi2_deg,600,0.0027898650802492897,0.07715099645010344,0.07720142226934597,0.03614535299603409
mZ944,3,ca_dist_1777_1782_A,chi3_deg,600,0.033040111794254666,0.006550320301525983,0.0336831661728738,1.3750805837615292
mZ944,3,ca_dist_1777_1782_A,chi4_deg,600,-0.0010197876807453016,-0.0602831039289295,0.06029172900340407,-3.124677625124143
mZ944,3,ca_dist_1777_1782_A,chi5_deg,600,-0.02177059068595283,-0.004888897717783973,0.022312775257915574,-1.7916960362956895
mZ944,3,ca_dist_1777_1782_A,chi6_deg,600,0.009768425239318227,-0.06219009163520719,0.06295259827244318,2.9857919835753286
mZ944,3,ca_dist_1777_1782_A,chi7_deg,600,-0.015888984452485475,0.04332934502684288,0.046150752619935884,-0.35147648829598055
mZ944,3,ca_dist_1820_1463_A,chi1_deg,600,-0.07382044251048865,-0.03776745682421746,0.08292067611526989,-2.0436906733316014
mZ944,3,ca_dist_1820_1463_A,chi2_deg,600,0.12794379620927868,0.257431643697705,0.2874728964012843,0.4612455690281481
mZ944,3,ca_dist_1820_1463_A,chi3_deg,600,0.10139540856619791,-0.0719582390144396,0.12433429551159816,2.187989076890237
mZ944,3,ca_dist_1820_1463_A,chi4_deg,600,-0.0784798744691041,0.006456648381936799,0.07874502527153257,-1.4887098065122002
mZ944,3,ca_dist_1820_1463_A,chi5_deg,600,0.05617836804071667,-0.1014919234760797,0.11600267051491803,2.6360467522195683
mZ944,3,ca_dist_1820_1463_A,chi6_deg,600,0.09968183720173755,0.01165869988654239,0.10036131700490071,1.4543661841812765
mZ944,3,ca_dist_1820_1463_A,chi7_deg,600,-0.061601680792038746,-0.04595640419990059,0.0768554367848422,-2.211748685160364
mZ944,3,ca_dist_351_356_A,chi1_deg,600,0.10332588470365292,-0.08121584948939405,0.1314239424841474,2.2369523902110524
mZ944,3,ca_dist_351_356_A,chi2_deg,600,-0.29194126418711486,-0.32480716237015494,0.4367257657410689,-2.4094331199622703
mZ944,3,ca_dist_351_356_A,chi3_deg,600,-0.01569122113276756,0.09336324464975664,0.0946726458496208,-0.1665102359680691
mZ944,3,ca_dist_351_356_A,chi4_deg,600,-0.09578417637432964,-0.05459693719213409,0.11025168476930645,-2.0888645137250563
mZ944,3,ca_dist_351_356_A,chi5_deg,600,-0.2644034959390925,0.26749257843239055,0.37611366391188494,-0.7795905481279833
mZ944,3,ca_dist_351_356_A,chi6_deg,600,-0.14091842640742203,-0.04193353990130237,0.14702525181001438,-1.860025168029135
mZ944,3,ca_dist_351_356_A,chi7_deg,600,-0.04365514905144939,-0.07636074850256996,0.08795871730861589,-2.6222448187087837
mZ944,3,ca_dist_353_926_A,chi1_deg,600,-0.061935865406489043,0.022079792486137336,0.06575384901191422,-1.2283475593096573
mZ944,3,ca_dist_353_926_A,chi2_deg,600,0.31025160283729614,0.3224816951685553,0.4474935762465159,0.7660715851730894
mZ944,3,ca_dist_353_926_A,chi3_deg,600,-0.003858404429296046,0.012074520674716531,0.012676014131586012,-0.3092940407628726
mZ944,3,ca_dist_353_926_A,chi4_deg,600,0.03204308466903235,0.09891871204487544,0.10397918478101163,0.3132669846647774
mZ944,3,ca_dist_353_926_A,chi5_deg,600,0.21138065890814323,-0.23201119221976,0.3138645827035526,2.40268985230887
mZ944,3,ca_dist_353_926_A,chi6_deg,600,0.11271133402137969,0.018576365259127585,0.1142318964349255,1.4074511339635583
mZ944,3,ca_dist_353_926_A,chi7_deg,600,-0.08969138683833859,-0.045902837608153106,0.10075522504299701,-2.0438285844465303
mZ944,3,ca_dist_357_1781_A,chi1_deg,600,0.07989541570578032,-0.00922413343374895,0.0804261281450441,1.6857400226152022
mZ944,3,ca_dist_357_1781_A,chi2_deg,600,-0.3206098774891699,-0.3683316792661408,0.48832255681530395,-2.4253523101807093
mZ944,3,ca_dist_357_1781_A,chi3_deg,600,0.0021715018336937453,0.08330507343981906,0.08333337075282256,0.02606096018944469
mZ944,3,ca_dist_357_1781_A,chi4_deg,600,-0.1277355486065332,-0.11762092821989989,0.17364058607688138,-2.3149936356434258
mZ944,3,ca_dist_357_1781_A,chi5_deg,600,-0.29371215867473405,0.3338459392748374,0.44465710758254,-0.7215328411657999
mZ944,3,ca_dist_357_1781_A,chi6_deg,600,-0.06860486925560937,-0.032860615617964106,0.07606870673523274,-2.0174900008073884
mZ944,3,ca_dist_357_1781_A,chi7_deg,600,-0.013004198462542915,-0.0671970269240193,0.06844376965860792,-2.9504322597049137
mZ944,3,ca_dist_923_1816_A,chi1_deg,600,-0.02115320127002026,-0.05702477465055627,0.06082173006349549,-2.7863795282818984
mZ944,3,ca_dist_923_1816_A,chi2_deg,600,0.03842236812303229,0.024176697960408743,0.04539593700377425,1.009157428818331
mZ944,3,ca_dist_923_1816_A,chi3_deg,600,0.0917508546665031,0.1105868094819022,0.14369294263609578,0.6925739979794957
mZ944,3,ca_dist_923_1816_A,chi4_deg,600,-0.0843387777905694,0.020231937567620536,0.08673154407104222,-1.3353563873948469
mZ944,3,ca_dist_923_1816_A,chi5_deg,600,-0.178564798414295,0.13220029937016153,0.22217629573448683,-0.9335004182244199
mZ944,3,ca_dist_923_1816_A,chi6_deg,600,-0.03835212236794765,-0.10056453658587797,0.10762950947049058,-2.777250573468724
mZ944,3,ca_dist_923_1816_A,chi7_deg,600,-0.10815513951183918,-0.23151039430073556,0.25552807452823545,-2.7045507326591407
mZ944,3,ca_dist_384_917_A,chi1_deg,600,-0.04864386250543959,0.024184878529806324,0.05432433809030349,-1.109405234676094
mZ944,3,ca_dist_384_917_A,chi2_deg,600,0.32995079561835683,0.2534146934227169,0.4160366983472928,0.9158505994720777
mZ944,3,ca_dist_384_917_A,chi3_deg,600,-0.03397890165841194,-0.08216420946914749,0.08891300847233759,-2.7494612044723348
mZ944,3,ca_dist_384_917_A,chi4_deg,600,0.06964067842225259,0.13076119480182571,0.14814963434687448,0.48936993040405175
mZ944,3,ca_dist_384_917_A,chi5_deg,600,0.25573479317753667,-0.23788102356268026,0.34926732714753883,2.3200408874399288
mZ944,3,ca_dist_384_917_A,chi6_deg,600,0.0955843919898759,0.05584978426289415,0.11070489778815601,1.042002310775339
mZ944,3,ca_dist_384_917_A,chi7_deg,600,-0.0057102842553523325,-0.07919013283224162,0.07939574600861811,-3.0696087122505786
mZ944,3,ca_dist_1776_1465_A,chi1_deg,600,-0.145714773476135,0.07105647262300334,0.1621166786941583,-1.1170848518863525
mZ944,3,ca_dist_1776_1465_A,chi2_deg,600,0.1704449836146673,0.17662312624287677,0.24545309361100218,0.7675990916510396
mZ944,3,ca_dist_1776_1465_A,chi3_deg,600,-0.13409575741889612,-0.11396920162396806,0.17598480353869228,-2.2752376040763997
mZ944,3,ca_dist_1776_1465_A,chi4_deg,600,0.05570914762553493,-0.0014505487073906888,0.055728029040296743,1.5968283357580855
mZ944,3,ca_dist_1776_1465_A,chi5_deg,600,0.10534103255145236,-0.12925506084749344,0.16674412701410318,2.457780621058754
mZ944,3,ca_dist_1776_1465_A,chi6_deg,600,0.0707769518518893,0.025128940486604644,0.07510552951297245,1.2296349470665628
mZ944,3,ca_dist_1776_1465_A,chi7_deg,600,0.005698931135098818,0.043569284720579665,0.0439404186045779,0.1300631782594031
mZ944,3,ca_dist_926_1459_A,chi1_deg,600,-0.02683380310413913,0.034231923307714685,0.04349571889711638,-0.6648355967757767
mZ944,3,ca_dist_926_1459_A,chi2_deg,600,0.239155444221686,0.24213124400909186,0.3403275860494743,0.7792152334726544
mZ944,3,ca_dist_926_1459_A,chi3_deg,600,-0.050254723711959805,-0.029393662851860326,0.05821962445098945,-2.100034070816138
mZ944,3,ca_dist_926_1459_A,chi4_deg,600,0.002797267398159456,0.14799587919038848,0.1480223123796979,0.018898731367476433
mZ944,3,ca_dist_926_1459_A,chi5_deg,600,0.059180002619389854,-0.09313635348706178,0.11034787288796244,2.575540717551971
mZ944,3,ca_dist_926_1459_A,chi6_deg,600,0.06262468984373594,0.052986313268818634,0.08203292736362337,0.8685748404076608
mZ944,3,ca_dist_926_1459_A,chi7_deg,600,-0.09971268545612808,-0.21541991363780677,0.23737809257088757,-2.708082871655817
mZ944,3,ca_dist_926_1461_A,chi1_deg,600,0.001228433766009042,0.005580663602065251,0.005714267735842193,0.21666785463759086
mZ944,3,ca_dist_926_1461_A,chi2_deg,600,0.18175787982329733,0.07901316636773999,0.19818932195584188,1.1607245074851542
mZ944,3,ca_dist_926_1461_A,chi3_deg,600,-0.013537942164385985,0.1115422168534191,0.1123607672571767,-0.12077981770763938
mZ944,3,ca_dist_926_1461_A,chi4_deg,600,0.023027709251754444,0.14840696605391646,0.15018289838297716,0.15393836170084757
mZ944,3,ca_dist_926_1461_A,chi5_deg,600,-0.006604480684116301,0.0024131158956945536,0.007031521416657924,-1.2204900944314538
mZ944,3,ca_dist_926_1461_A,chi6_deg,600,0.027006081236370456,0.034348981368094084,0.04369417518126546,0.6662858919433421
mZ944,3,ca_dist_926_1461_A,chi7_deg,600,-0.12730898880294989,-0.27682780204330876,0.3046985569610709,-2.7105487282884666
mZ944,3,ca_dist_1776_1464_A,chi1_deg,600,-0.15227024190039123,0.04508086157656353,0.15880337102495318,-1.2829597270165898
mZ944,3,ca_dist_1776_1464_A,chi2_deg,600,0.14240532793839586,0.22401729578056742,0.2654487261865845,0.5662488795342389
mZ944,3,ca_dist_1776_1464_A,chi3_deg,600,-0.06758611283259815,-0.12983109805601473,0.14636938433378477,-2.661625163715268
mZ944,3,ca_dist_1776_1464_A,chi4_deg,600,0.04708941803465366,-0.04581744714312918,0.06570123098965347,2.3425045284663284
mZ944,3,ca_dist_1776_1464_A,chi5_deg,600,0.12146167819561712,-0.14597133565658116,0.1898962087653725,2.4475870199950664
mZ944,3,ca_dist_1776_1464_A,chi6_deg,600,0.07011960153844492,0.00945434608665835,0.07075410362541949,1.4367728760446787
mZ944,3,ca_dist_1776_1464_A,chi7_deg,600,0.017360641473528976,0.14870737820824328,0.14971732099507365,0.11621757153335216
