system,feature,dihedral,run1_strength,run2_strength,run3_strength,minimum_strength,mean_strength,phase_consistency
mZ944,ca_dist_384_926_A,chi5_deg,0.09698602071116341,0.11526133517812674,0.28429742883096426,0.09698602071116341,0.16551492824008482,0.9994487087402941
mZ944,ca_dist_1776_1464_A,chi6_deg,0.11831033624484823,0.14090546674517557,0.07075410362541949,0.07075410362541949,0.10998996887181443,0.9991176184018455
Z944,ca_dist_384_875_A,chi4_deg,0.032293542083896454,0.13929998432367935,0.5450090045320684,0.032293542083896454,0.23886751031321474,0.9989212449636045
Z944,ca_dist_356_1781_A,chi4_deg,0.1501445991974435,0.13785499378717406,0.14100206584890881,0.13785499378717406,0.14300055294450878,0.9988571268289622
Z944,ca_dist_384_960_A,chi3_deg,0.0900826580043224,0.2608787425861467,0.1101512318321263,0.0900826580043224,0.1537042108075318,0.9981733653428443
mZ944,ca_dist_354_1780_A,chi2_deg,0.2673400614196902,0.016303649292938642,0.11959711869175037,0.016303649292938642,0.13441360980145975,0.9980883556686209
mZ944,ca_dist_354_1461_A,chi6_deg,0.06839388512183699,0.026053074622250753,0.08417026746527487,0.026053074622250753,0.0595390757364542,0.9976938551254569
Z944,ca_dist_1820_1463_A,chi3_deg,0.08766163969955948,0.22918697853966882,0.4258652995627573,0.08766163969955948,0.2475713059339952,0.9975118484570573
Z944,ca_dist_356_1781_A,chi7_deg,0.02086830139780968,0.07450565911795708,0.025087493124592113,0.02086830139780968,0.040153817880119624,0.9973155140822869
Z944,ca_dist_384_872_A,chi3_deg,0.12037448621119907,0.1436395056266672,0.36995035475921106,0.12037448621119907,0.21132144886569246,0.9971403296118222
Z944,ca_dist_384_875_A,chi3_deg,0.09307119529194635,0.13409880318507306,0.47784620720090243,0.09307119529194635,0.23500540189264063,0.9961229476365058
mZ944,ca_dist_923_1816_A,chi3_deg,0.523722576430063,0.171645566047473,0.14369294263609578,0.14369294263609578,0.27968702837121057,0.996115132744173
Z944,ca_dist_1820_1462_A,chi3_deg,0.09134073950451581,0.1515304847218059,0.35851189125258054,0.09134073950451581,0.2004610384929674,0.9956507275498094
mZ944,ca_dist_1781_1816_A,chi4_deg,0.3143619849963336,0.1029916640699692,0.042242365944507254,0.042242365944507254,0.15319867167027001,0.994585266328639
mZ944,ca_dist_384_875_A,chi3_deg,0.1178414409574796,0.41455596709983594,0.09297377466035475,0.09297377466035475,0.20845706090589008,0.9939914233917378
mZ944,ca_dist_384_960_A,chi3_deg,0.06652288831070594,0.22116462945910395,0.056463513200149404,0.056463513200149404,0.11471701032331977,0.9938398702796513
mZ944,ca_dist_1778_1465_A,chi6_deg,0.1682121041882935,0.1201458873530778,0.07200705566883794,0.07200705566883794,0.12012168240340308,0.9933820969410765
Z944,ca_dist_387_955_A,chi3_deg,0.09320602333443999,0.3388036995995718,0.22324636324811986,0.09320602333443999,0.2184186953940439,0.9931128094659414
Z944,ca_dist_1816_1463_A,chi3_deg,0.010903318355195275,0.23397640902882577,0.3595733057190978,0.010903318355195275,0.20148434436770626,0.9930574513116053
mZ944,ca_dist_1778_1464_A,chi6_deg,0.14072217501570117,0.15396683948547948,0.07057533929111717,0.07057533929111717,0.12175478459743261,0.9925169826525775
Z944,ca_dist_923_1816_A,chi3_deg,0.01416627353883471,0.2038516890486621,0.1925478183051171,0.01416627353883471,0.13685526029753797,0.9920127417864101
Z944,ca_dist_357_1782_A,chi2_deg,0.16267899555149162,0.12036471515632732,0.1924784678579288,0.12036471515632732,0.15850739285524926,0.9905140377333772
Z944,ca_dist_384_948_A,chi4_deg,0.041080002258936,0.08821320068733522,0.6381443214995806,0.041080002258936,0.2558125081486173,0.9896302795849227
Z944,ca_dist_384_960_A,chi4_deg,0.05020728885575628,0.17328802578177416,0.22864468453062997,0.05020728885575628,0.15071333305605347,0.9878653683344274
mZ944,ca_dist_1776_1464_A,chi4_deg,0.259598306937981,0.3473331864185949,0.06570123098965347,0.06570123098965347,0.22421090811540978,0.9871510815731303
mZ944,ca_dist_1777_1464_A,chi6_deg,0.16393639261556658,0.13509916283176324,0.062113996148810934,0.062113996148810934,0.12038318386538026,0.9867987206938076
mZ944,ca_dist_384_920_A,chi3_deg,0.18188442504993602,0.22727181613681577,0.06629488124090564,0.06629488124090564,0.1584837074758858,0.9867461904432971
mZ944,ca_dist_384_926_A,chi3_deg,0.09029019642188067,0.3261951515999532,0.01865585723373758,0.01865585723373758,0.14504706841852383,0.9862400492103551
mZ944,ca_dist_926_1466_A,chi5_deg,0.266576737442004,0.23417952914187612,0.1937778152911785,0.1937778152911785,0.2315113606250195,0.985583447834932
mZ944,ca_dist_925_1461_A,chi5_deg,0.03610669196740957,0.23119965298315848,0.038194352354744276,0.03610669196740957,0.10183356576843744,0.9848391742233736
mZ944,ca_dist_1777_1465_A,chi6_deg,0.1944761141537934,0.11135187709885798,0.052762669275350144,0.052762669275350144,0.1195302201760005,0.9835249366598008
Z944,ca_dist_384_876_A,chi3_deg,0.09033107260133652,0.11982008656011608,0.3701251260694241,0.09033107260133652,0.19342542841029223,0.9834716278093707
mZ944,ca_dist_351_356_A,chi7_deg,0.050306434788736566,0.025558726329288375,0.08795871730861589,0.025558726329288375,0.05460795947554694,0.9834695566771249
Z944,ca_dist_387_955_A,chi4_deg,0.056254720676839225,0.12715899537454958,0.22380338694426183,0.056254720676839225,0.13573903433188353,0.9834582827593384
mZ944,ca_dist_384_876_A,chi3_deg,0.05294213282916382,0.3485580590391146,0.07815515807852377,0.05294213282916382,0.15988511664893404,0.9834212555439399
mZ944,ca_dist_387_955_A,chi3_deg,0.04612082665231787,0.43965316814716393,0.2436000463692777,0.04612082665231787,0.24312468038958648,0.9826636569315341
Z944,ca_dist_384_872_A,chi5_deg,0.12342801815494925,0.3622502088557366,0.1425208308552832,0.12342801815494925,0.20939968595532302,0.9810138286173501
Z944,ca_dist_357_1781_A,chi4_deg,0.15056205366488862,0.046298552900819426,0.16266551405923596,0.046298552900819426,0.11984204020831467,0.980452965295467
Z944,ca_dist_384_875_A,chi5_deg,0.1811207782069483,0.3524004361130793,0.16861907127221923,0.16861907127221923,0.23404676186408227,0.980365228070438
mZ944,ca_dist_384_950_A,chi3_deg,0.21504327355299224,0.4337362563301944,0.08832336074642862,0.08832336074642862,0.24570096354320511,0.9801734078491389
mZ944,ca_dist_384_872_A,chi3_deg,0.11260872645741792,0.3735728948279545,0.10106354885808111,0.10106354885808111,0.19574839004781786,0.978448103823823
mZ944,ca_dist_1776_1465_A,chi4_deg,0.2882875639868262,0.29238062653811664,0.055728029040296743,0.055728029040296743,0.2121320731884132,0.9775992694241913
mZ944,ca_dist_384_921_A,chi3_deg,0.3139809400383606,0.24691153032595606,0.110287104272829,0.110287104272829,0.22372652487904854,0.9774925238586933
Z944,ca_dist_353_355_A,chi3_deg,0.013333446221030444,0.20122128023886643,0.06822847787195502,0.013333446221030444,0.0942610681106173,0.9766714935591544
Z944,ca_dist_351_357_A,chi1_deg,0.08704607877488536,0.06592273058266176,0.08085122337909498,0.06592273058266176,0.07794001091221404,0.9762048248353661
mZ944,ca_dist_925_1463_A,chi3_deg,0.07462890650576609,0.08721041789486202,0.09732113762447235,0.07462890650576609,0.08638682067503349,0.9759316693921971
mZ944,ca_dist_1776_1465_A,chi6_deg,0.14916859992072307,0.12207999594310795,0.07510552951297245,0.07510552951297245,0.11545137512560115,0.9749071740971051
Z944,ca_dist_351_357_A,chi3_deg,0.07392483876759305,0.10952835143194709,0.027642486844226346,0.027642486844226346,0.0703652256812555,0.9746038298832913
Z944,ca_dist_384_948_A,chi5_deg,0.23310583815408784,0.33694062068714875,0.08648018324098367,0.08648018324098367,0.21884221402740675,0.9721689570038194
Z944,ca_dist_354_1461_A,chi7_deg,0.03757940494965175,0.10299907486560789,0.04228236956684729,0.03757940494965175,0.06095361646070232,0.9721276057109214
Z944,ca_dist_353_355_A,chi4_deg,0.03079329125468032,0.11491429942974118,0.18157527646338636,0.03079329125468032,0.10909428904926928,0.9710624917933999
mZ944,ca_dist_384_917_A,chi3_deg,0.2532208882727482,0.23775144073045826,0.08891300847233759,0.08891300847233759,0.19329511249184803,0.9703134156342393
Z944,ca_dist_925_1461_A,chi1_deg,0.04150705945427025,0.06940089722556425,0.08658104761299762,0.04150705945427025,0.0658296680976107,0.968451226879685
mZ944,ca_dist_1778_1464_A,chi4_deg,0.29478126868343585,0.40368112096875985,0.06861869905726732,0.06861869905726732,0.2556936962364877,0.9676571390459602
mZ944,ca_dist_384_916_A,chi3_deg,0.07639979254810263,0.3377766602017868,0.06847130575247284,0.06847130575247284,0.1608825861674541,0.9660683617532387
mZ944,ca_dist_925_1465_A,chi5_deg,0.10944607995399035,0.10235990700662383,0.1982599504560508,0.10235990700662383,0.13668864580555498,0.9658221185800034
mZ944,ca_dist_1776_1465_A,chi2_deg,0.3838465216136437,0.1628966020168241,0.24545309361100218,0.1628966020168241,0.2640654057471567,0.9617048893497666
Z944,ca_dist_1776_1464_A,chi4_deg,0.016404152561853826,0.059019394323038786,0.22823049854392446,0.016404152561853826,0.10121801514293903,0.9616287369955635
mZ944,ca_dist_1781_1820_A,chi5_deg,0.33713600518302983,0.20860214822369877,0.022891104927189095,0.022891104927189095,0.18954308611130588,0.961613339487701
Z944,ca_dist_384_1466_A,chi3_deg,0.10777960252873998,0.0823477871419095,0.014333085765510156,0.014333085765510156,0.06815349181205321,0.9608278125455227
mZ944,ca_dist_384_950_A,chi1_deg,0.07701714806463501,0.1763691166726537,0.051589721807301,0.051589721807301,0.1016586621815299,0.9602857080896191
mZ944,ca_dist_384_1465_A,chi3_deg,0.4719307616161782,0.26613563403303697,0.21333862612359164,0.21333862612359164,0.3171350072576023,0.9595009518342789
Z944,ca_dist_384_876_A,chi5_deg,0.14920697503288227,0.40809865528171224,0.11268763697139111,0.11268763697139111,0.22333108909532853,0.9592309609867743
mZ944,ca_dist_357_1782_A,chi1_deg,0.07693514260670774,0.20959727244524876,0.021850918322343378,0.021850918322343378,0.10279444445809995,0.9540892867473296
Z944,ca_dist_351_356_A,chi5_deg,0.12277317768377818,0.2098903943380279,0.08433099554065737,0.08433099554065737,0.13899818918748783,0.9516004029689373
Z944,ca_dist_356_925_A,chi1_deg,0.11392549070198321,0.05683810157112731,0.08313908291772047,0.05683810157112731,0.08463422506361033,0.9503723762619769
Z944,ca_dist_384_876_A,chi4_deg,0.06770885419045954,0.16229810486957646,0.48080248219488025,0.06770885419045954,0.2369364804183054,0.9502119778279701
mZ944,ca_dist_355_924_A,chi6_deg,0.05271614502422597,0.13881615089084498,0.1254394278936664,0.05271614502422597,0.10565724126957914,0.9499268760878791
Z944,ca_dist_1777_1464_A,chi6_deg,0.03796096250797576,0.09309397343323936,0.08765890774009169,0.03796096250797576,0.07290461456043561,0.9491128428453856
mZ944,ca_dist_926_1463_A,chi5_deg,0.08817134330885933,0.07777590859807282,0.1580153959875333,0.07777590859807282,0.10798754929815517,0.9489039954258084
mZ944,ca_dist_1820_1462_A,chi1_deg,0.1389137739345208,0.1514248806023352,0.14407748090781566,0.1389137739345208,0.14480537848155725,0.9474786646887359
Z944,ca_dist_384_950_A,chi3_deg,0.06371520271223396,0.11060201963469472,0.47029144488927116,0.06371520271223396,0.21486955574539998,0.944785518800303
Z944,ca_dist_356_1782_A,chi4_deg,0.07070874376549117,0.17007822009300627,0.2974440317441646,0.07070874376549117,0.17941033186755403,0.9428575583735727
Z944,ca_dist_956_1464_A,chi5_deg,0.05810861746576065,0.21958694431389342,0.03547394883077794,0.03547394883077794,0.10438983687014398,0.942396542647673
Z944,ca_dist_354_1460_A,chi7_deg,0.054193267604446343,0.06109189456353893,0.051574415467963465,0.051574415467963465,0.05561985921198292,0.942349839839163
mZ944,ca_dist_956_1464_A,chi3_deg,0.5545743101068343,0.31008007521482656,0.12304773402292221,0.12304773402292221,0.3292340397815277,0.9416810985889957
mZ944,ca_dist_1820_1463_A,chi1_deg,0.07417786038141896,0.11466678689100056,0.08292067611526989,0.07417786038141896,0.0905884411292298,0.9413629794557522
mZ944,ca_dist_384_1463_A,chi3_deg,0.25759582935515063,0.17249518123185636,0.23328960641291366,0.17249518123185636,0.22112687233330688,0.9409733619838001
mZ944,ca_dist_1777_1464_A,chi4_deg,0.32945429002886006,0.36631111245287307,0.05579683787758585,0.05579683787758585,0.25052074678643965,0.9408876302082135
Z944,ca_dist_1776_1465_A,chi4_deg,0.030692697329101,0.04767042314037096,0.05981972262006421,0.030692697329101,0.04606094769651206,0.9408832170700591
Z944,ca_dist_1776_1465_A,chi5_deg,0.02285873188196128,0.2110265057370647,0.061606462339562025,0.02285873188196128,0.09849723331952932,0.9395678756371832
Z944,ca_dist_357_1782_A,chi4_deg,0.0975037112122043,0.0905934022214968,0.4375601730700544,0.0905934022214968,0.20855242883458516,0.9389411072328941
mZ944,ca_dist_356_925_A,chi5_deg,0.07110965845565018,0.10420765732562202,0.31692263871292303,0.07110965845565018,0.1640799848313984,0.9389172421341129
Z944,ca_dist_351_356_A,chi3_deg,0.08323562321225786,0.10248306256812843,0.02367557076991047,0.02367557076991047,0.0697980855167656,0.9359603277675841
Z944,ca_dist_387_955_A,chi5_deg,0.13479936359100422,0.1469400072696616,0.11408272153376152,0.11408272153376152,0.1319406974648091,0.935364214324016
mZ944,ca_dist_357_1781_A,chi3_deg,0.3049967983645795,0.13731647142066564,0.08333337075282256,0.08333337075282256,0.17521554684602256,0.931244683152971
Z944,ca_dist_1778_1464_A,chi6_deg,0.026497836736112793,0.110219795908637,0.07686538045061672,0.026497836736112793,0.0711943376984555,0.9312067199707275
mZ944,ca_dist_1776_1464_A,chi2_deg,0.33301513758936024,0.17522308315847754,0.2654487261865845,0.17522308315847754,0.25789564897814077,0.931092369269334
mZ944,ca_dist_353_926_A,chi5_deg,0.08054185751377589,0.05021034996516293,0.3138645827035526,0.05021034996516293,0.14820559672749714,0.9306587637582169
Z944,ca_dist_1820_1463_A,chi1_deg,0.08259078418675221,0.03969446997279388,0.0786348827567811,0.03969446997279388,0.06697337897210907,0.930031469351002
Z944,ca_dist_925_1463_A,chi1_deg,0.0472350710325247,0.07134123922812623,0.031504111492047446,0.031504111492047446,0.050026807250899454,0.9282601088717457
Z944,ca_dist_384_919_A,chi2_deg,0.26772153268986765,0.17303286391870756,0.28088305126366936,0.17303286391870756,0.24054581595741484,0.9269029501433879
Z944,ca_dist_384_950_A,chi5_deg,0.24696423532378456,0.27301542564435527,0.11490556679815084,0.11490556679815084,0.21162840925543022,0.9240310348562258
Z944,ca_dist_384_916_A,chi2_deg,0.21319942817085905,0.1703356479191008,0.31417629365877314,0.1703356479191008,0.23257045658291098,0.9203005923501492
mZ944,ca_dist_1816_1463_A,chi3_deg,0.4277630687840345,0.18055354207285274,0.08641352475459006,0.08641352475459006,0.23157671187049242,0.9197793851300694
mZ944,ca_dist_918_1462_A,chi1_deg,0.08281830495648748,0.05679858003445071,0.043078319102644036,0.043078319102644036,0.060898401364527406,0.9196016209115088
mZ944,ca_dist_384_918_A,chi3_deg,0.022705623015162466,0.19514704058243773,0.08595185701671172,0.022705623015162466,0.10126817353810397,0.9183052882153687
Z944,ca_dist_1778_1464_A,chi5_deg,0.0666944433753591,0.14758776249985012,0.06632502910439869,0.06632502910439869,0.09353574499320265,0.9171879287621949
mZ944,ca_dist_384_916_A,chi5_deg,0.014892096805001125,0.09748595636367322,0.326612167226127,0.014892096805001125,0.1463300734649338,0.9171687447069539
Z944,ca_dist_384_872_A,chi4_deg,0.0652060287694069,0.13972402170204026,0.43811662815786423,0.0652060287694069,0.21434889287643713,0.9168551367012959
Z944,ca_dist_351_356_A,chi1_deg,0.06912257162274986,0.07337859543064795,0.043972715474147474,0.043972715474147474,0.0621579608425151,0.9166231027476763
Z944,ca_dist_1776_1464_A,chi5_deg,0.06322001991073325,0.1907933134877196,0.10583175852532715,0.06322001991073325,0.11994836397459335,0.9162944048739945
Z944,ca_dist_384_916_A,chi3_deg,0.032151438080967265,0.08584249457399785,0.3074291952145189,0.032151438080967265,0.141807709289828,0.9160378020115574
Z944,ca_dist_384_926_A,chi2_deg,0.18314672980393057,0.16562200851532052,0.25649939333440075,0.16562200851532052,0.20175604388455062,0.9153814100550102
Z944,ca_dist_357_1461_A,chi3_deg,0.03825750105479182,0.09129191519900615,0.2944462858249526,0.03825750105479182,0.14133190069291685,0.9146263221121663
Z944,ca_dist_1776_1465_A,chi1_deg,0.058272234684969365,0.012220176395389595,0.08689820476989402,0.012220176395389595,0.052463538616750995,0.9144966433780664
mZ944,ca_dist_355_388_A,chi3_deg,0.02793684047507281,0.3592859984381408,0.062289284512774754,0.02793684047507281,0.14983737447532947,0.9141152498787997
mZ944,ca_dist_356_1781_A,chi3_deg,0.3007681367091463,0.11810473760685253,0.1369218152205184,0.11810473760685253,0.1852648965121724,0.9116751909809082
Z944,ca_dist_925_1461_A,chi6_deg,0.012302200885189544,0.07206702593621854,0.08339791683888467,0.012302200885189544,0.05592238122009759,0.9115121619967105
Z944,ca_dist_384_920_A,chi4_deg,0.13953034351818383,0.1804455014969677,0.37127110164346916,0.13953034351818383,0.2304156488862069,0.9111605493964351
Z944,ca_dist_357_1781_A,chi7_deg,0.03800235529807688,0.043150196152458055,0.04050876643117928,0.03800235529807688,0.040553772627238076,0.9101342857959721
Z944,ca_dist_384_916_A,chi4_deg,0.17571655981486348,0.13823941408998816,0.46404662720902545,0.13823941408998816,0.25933420037129234,0.9096231527942206
mZ944,ca_dist_355_924_A,chi4_deg,0.11315570116947671,0.12641669059601357,0.058369861941738224,0.058369861941738224,0.09931408456907616,0.9067989773368387
Z944,ca_dist_1777_1782_A,chi3_deg,0.164722672644851,0.08036178878292273,0.23406623804244342,0.08036178878292273,0.15971689982340573,0.9060247262458165
Z944,ca_dist_354_1780_A,chi4_deg,0.1086305766964922,0.1897218488572646,0.20451473055399627,0.1086305766964922,0.16762238536925103,0.9059354732026221
mZ944,ca_dist_351_357_A,chi3_deg,0.1330003690511053,0.15858629401627347,0.11245182877001132,0.11245182877001132,0.13467949727913003,0.9009913805241403
Z944,ca_dist_351_357_A,chi5_deg,0.12599923738370222,0.10905193489901117,0.11047092663947737,0.10905193489901117,0.11517403297406359,0.9008851840200992
mZ944,ca_dist_356_1782_A,chi3_deg,0.29439622360834455,0.16439527225901615,0.07302157439061979,0.07302157439061979,0.1772710234193268,0.9008264319961166
Z944,ca_dist_384_919_A,chi4_deg,0.17791008143107642,0.15238981359415962,0.3860408675652896,0.15238981359415962,0.23878025419684187,0.9007763173370091
mZ944,ca_dist_384_1466_A,chi3_deg,0.12402128763760606,0.3566426915546278,0.18619484648149073,0.12402128763760606,0.22228627522457486,0.900533985169171
Z944,ca_dist_384_920_A,chi5_deg,0.1772944634104265,0.42865209602752824,0.06692532271304089,0.06692532271304089,0.2242906273836652,0.900388283413202
Z944,ca_dist_384_921_A,chi4_deg,0.23873851745600283,0.17514765716692357,0.2943096163108926,0.17514765716692357,0.23606526364460634,0.8996409384248927
mZ944,ca_dist_1778_1465_A,chi4_deg,0.32311299266987464,0.28646710705589645,0.0867952307472713,0.0867952307472713,0.2321251101576808,0.899225196097206
Z944,ca_dist_384_1465_A,chi2_deg,0.06455602236465842,0.11361515927472911,0.08235911650322902,0.06455602236465842,0.08684343271420551,0.8971159389845074
Z944,ca_dist_384_918_A,chi4_deg,0.21404242925884692,0.1667941662023406,0.3214896335445127,0.1667941662023406,0.23410874300190007,0.8968198964904776
Z944,ca_dist_384_919_A,chi5_deg,0.17374428756405297,0.4190222121661429,0.07641252967055927,0.07641252967055927,0.22305967646691835,0.8962115133985746
Z944,ca_dist_384_926_A,chi3_deg,0.0515225854950344,0.060560763970668334,0.19959182036123813,0.0515225854950344,0.10389172327564695,0.8946578129972192
Z944,ca_dist_384_920_A,chi2_deg,0.2828386967323186,0.1730473111781896,0.2443153570588046,0.1730473111781896,0.23340045498977094,0.8942002120421298
Z944,ca_dist_384_916_A,chi5_deg,0.16613679552323574,0.414888979171285,0.071062933186996,0.071062933186996,0.2173629026271722,0.8918967894277062
Z944,ca_dist_384_926_A,chi4_deg,0.2200824886150951,0.13287595036142355,0.3706287783457446,0.13287595036142355,0.2411957391074211,0.8911163954083774
Z944,ca_dist_384_917_A,chi4_deg,0.1541782531716043,0.15092749885098647,0.39565492261278196,0.15092749885098647,0.23358689154512424,0.8897209514007612
Z944,ca_dist_1820_1462_A,chi6_deg,0.06864686106297618,0.05393855127090241,0.07112239078574424,0.05393855127090241,0.06456926770654094,0.8872543646067411
Z944,ca_dist_384_917_A,chi2_deg,0.3126529811553794,0.1406920363135226,0.2559297072944704,0.1406920363135226,0.23642490825445747,0.8865901699880017
Z944,ca_dist_1777_1464_A,chi5_deg,0.05919827737981368,0.09453545727352074,0.03422614651452674,0.03422614651452674,0.06265329372262039,0.8859795590790075
mZ944,ca_dist_351_356_A,chi3_deg,0.13989200827786513,0.17915437174841287,0.0946726458496208,0.0946726458496208,0.13790634195863294,0.8857689456650589
mZ944,ca_dist_1777_1465_A,chi4_deg,0.36474978025691596,0.26084611681059017,0.08892061365024326,0.08892061365024326,0.23817217023924983,0.8821996841488922
Z944,ca_dist_1777_1465_A,chi6_deg,0.055174642152558975,0.07879568696592841,0.05902326280406168,0.055174642152558975,0.06433119730751635,0.8815021933123525
mZ944,ca_dist_926_1460_A,chi1_deg,0.19243446749458432,0.07328143127690383,0.017523464413797735,0.017523464413797735,0.09441312106176196,0.8810264460271213
mZ944,ca_dist_354_1461_A,chi3_deg,0.30596040477173525,0.019290091842537126,0.14805085614389693,0.019290091842537126,0.15776711758605644,0.879817184609183
Z944,ca_dist_354_1780_A,chi3_deg,0.15955211193370245,0.04269308693515074,0.17517536981301945,0.04269308693515074,0.12580685622729088,0.8785287936507407
Z944,ca_dist_384_919_A,chi3_deg,0.03940828434129119,0.07959256671115608,0.22782871166218635,0.03940828434129119,0.1156098542382112,0.8784781390764769
Z944,ca_dist_384_948_A,chi3_deg,0.0387708014276306,0.049632487430394674,0.4466448862834069,0.0387708014276306,0.1783493917138107,0.8773930188925622
mZ944,ca_dist_926_1463_A,chi1_deg,0.13660071763124262,0.03563896422763388,0.06740167249850337,0.03563896422763388,0.07988045145245996,0.8772496773319763
mZ944,ca_dist_357_1780_A,chi3_deg,0.26648918019842327,0.21231140936969836,0.04611495414810511,0.04611495414810511,0.1749718479054089,0.8769198376828988
mZ944,ca_dist_1778_1465_A,chi2_deg,0.4910277563639536,0.2107530540158643,0.24986251405973856,0.2107530540158643,0.31721444147985217,0.8710970157504634
Z944,ca_dist_384_918_A,chi2_deg,0.3486230212841886,0.1844452369347226,0.2641121655418249,0.1844452369347226,0.26572680792024533,0.8693664944367347
Z944,ca_dist_918_1462_A,chi1_deg,0.045174334713109984,0.04286478536682496,0.07956313704345838,0.04286478536682496,0.05586741904113111,0.8686172443392519
mZ944,ca_dist_925_1459_A,chi1_deg,0.20740984059806472,0.043530722204782185,0.041381606921911195,0.041381606921911195,0.09744072324158604,0.8657155009626221
mZ944,ca_dist_1778_1464_A,chi2_deg,0.43729625981487474,0.26872156757924476,0.22625127394978925,0.22625127394978925,0.3107563671146363,0.8645987371623758
mZ944,ca_dist_353_355_A,chi6_deg,0.1981010654228335,0.04780710491956725,0.12510279067584162,0.04780710491956725,0.12367032033941412,0.8582180751578179
mZ944,ca_dist_353_1461_A,chi1_deg,0.051406987840620054,0.0828355532707969,0.11407268196674522,0.051406987840620054,0.08277174102605406,0.8579672673700366
mZ944,ca_dist_354_926_A,chi7_deg,0.1450134970614338,0.10863360319135303,0.07538106564808378,0.07538106564808378,0.10967605530029019,0.8562302223118298
Z944,ca_dist_923_1816_A,chi4_deg,0.06262847003756132,0.16069738391804844,0.3235631038732136,0.06262847003756132,0.18229631927627446,0.8556920429865494
Z944,ca_dist_918_1462_A,chi2_deg,0.11482871822452735,0.18489019250497035,0.14276146374522264,0.11482871822452735,0.1474934581582401,0.854536792653174
mZ944,ca_dist_926_1459_A,chi1_deg,0.20295350287434638,0.032920531871789886,0.04349571889711638,0.032920531871789886,0.09312325121441756,0.853523688494806
Z944,ca_dist_1820_1463_A,chi6_deg,0.05855166529648619,0.0811295280234718,0.08139002697340625,0.05855166529648619,0.07369040676445475,0.8520084288664499
Z944,ca_dist_357_1781_A,chi2_deg,0.3025990358316816,0.09119263379883609,0.05095598528950117,0.05095598528950117,0.14824921830667295,0.8515926347850242
Z944,ca_dist_357_1782_A,chi5_deg,0.14352281441207523,0.11356783890124646,0.09430499093618908,0.09430499093618908,0.11713188141650359,0.8491846698540234
mZ944,ca_dist_384_926_A,chi4_deg,0.07638823436462804,0.8420452515360481,0.12384216635486715,0.07638823436462804,0.34742521741851445,0.8398426716010052
mZ944,ca_dist_355_924_A,chi2_deg,0.09446472664046114,0.09922670566935404,0.08008868697434249,0.08008868697434249,0.0912600397613859,0.8395193589255499
mZ944,ca_dist_1816_1463_A,chi1_deg,0.1459851661717117,0.12076497732221868,0.06943045149844322,0.06943045149844322,0.11206019833079121,0.8378342395274803
mZ944,ca_dist_1777_1465_A,chi2_deg,0.5336406893625647,0.19586537811609195,0.20157041974213422,0.19586537811609195,0.31035882907359696,0.8375572730122534
mZ944,ca_dist_1777_1464_A,chi2_deg,0.48635688776358177,0.26658068575832544,0.20003744855372976,0.20003744855372976,0.317658340691879,0.8343505886543912
mZ944,ca_dist_925_1463_A,chi1_deg,0.0922378858299612,0.052755296785085136,0.08266672347695195,0.052755296785085136,0.07588663536399944,0.8321996243454973
Z944,ca_dist_1777_1465_A,chi4_deg,0.04535842075420737,0.031896047664529255,0.08774189507351923,0.031896047664529255,0.054998787830751954,0.8305873233319667
Z944,ca_dist_384_921_A,chi2_deg,0.3508000006549081,0.13540669750749,0.2160617261035363,0.13540669750749,0.23408947475531142,0.8299078536955673
Z944,ca_dist_357_1461_A,chi7_deg,0.044191628727984725,0.02564753876685496,0.0476412242009053,0.02564753876685496,0.03916013056524833,0.8256434155230153
mZ944,ca_dist_353_355_A,chi3_deg,0.3087175961028098,0.11090820479586336,0.06941623151239501,0.06941623151239501,0.1630140108036894,0.825129439540437
Z944,ca_dist_925_1463_A,chi4_deg,0.042198290909473274,0.02442555242226643,0.05431122611307561,0.02442555242226643,0.04031168981493844,0.8243377147673568
mZ944,ca_dist_1777_1465_A,chi7_deg,0.33189860610923455,0.09527361493797729,0.07586044329908131,0.07586044329908131,0.16767755478209775,0.8237087034196815
Z944,ca_dist_384_921_A,chi5_deg,0.1855610959823305,0.3834181560363687,0.06312657115345632,0.06312657115345632,0.21070194105738516,0.8218823840043049
Z944,ca_dist_384_920_A,chi3_deg,0.015663832417489944,0.12035315159600506,0.24522308268234114,0.015663832417489944,0.12708002223194537,0.8210756276528249
Z944,ca_dist_918_1462_A,chi4_deg,0.05924974084038025,0.10140351996920194,0.09704466464885793,0.05924974084038025,0.0858993084861467,0.8166167299080493
Z944,ca_dist_384_926_A,chi5_deg,0.2100984435269335,0.37617787756123294,0.03418425269923108,0.03418425269923108,0.20682019126246584,0.8155105313797758
Z944,ca_dist_353_926_A,chi6_deg,0.030872944891800397,0.012427695428945028,0.05214529910285282,0.012427695428945028,0.03181531314119942,0.8151625598450003
Z944,ca_dist_384_917_A,chi5_deg,0.13719746419456377,0.3810092690572845,0.071903975664101,0.071903975664101,0.19670356963864977,0.8147175804335312
Z944,ca_dist_357_1460_A,chi7_deg,0.033706416782621235,0.01833271605241145,0.04459887759859096,0.01833271605241145,0.03221267014454121,0.8107458544141675
mZ944,ca_dist_1820_1463_A,chi3_deg,0.27812872897659563,0.274259812346472,0.12433429551159816,0.12433429551159816,0.22557427894488857,0.8086178281632991
Z944,ca_dist_353_355_A,chi5_deg,0.08181213836768755,0.3661891823403786,0.08257215474933711,0.08181213836768755,0.17685782515246776,0.8062817814155526
Z944,ca_dist_1778_1465_A,chi6_deg,0.0546042276760179,0.10659871086608906,0.046825301647692136,0.046825301647692136,0.06934274672993303,0.8025257493717204
mZ944,ca_dist_355_924_A,chi7_deg,0.046377482468652455,0.1610810139063234,0.2994009929903554,0.046377482468652455,0.16895316312177708,0.8007875641570917
mZ944,ca_dist_1781_1816_A,chi6_deg,0.18791145640068524,0.0793641524283656,0.07264782508842423,0.07264782508842423,0.11330781130582501,0.7999209153409057
mZ944,ca_dist_1781_1820_A,chi7_deg,0.046486739692519874,0.08033157072135141,0.09969858716952223,0.046486739692519874,0.07550563252779784,0.7995506211858321
Z944,ca_dist_925_1463_A,chi6_deg,0.05187340747858752,0.02212994167980952,0.006997081700160469,0.006997081700160469,0.027000143619519173,0.7991560718855152
Z944,ca_dist_384_1466_A,chi4_deg,0.1577302870121607,0.10322271048153976,0.08959389539619686,0.08959389539619686,0.11684896429663245,0.7967825217426279
Z944,ca_dist_353_355_A,chi1_deg,0.009320888895562603,0.041032664974534803,0.05359150943559121,0.009320888895562603,0.03464835443522954,0.7966752150740187
Z944,ca_dist_357_1460_A,chi3_deg,0.0236416284370238,0.12052066542184024,0.2919803832156414,0.0236416284370238,0.14538089235816848,0.7942739998419874
Z944,ca_dist_384_918_A,chi5_deg,0.1593248629288436,0.4434396898103556,0.05457314329074623,0.05457314329074623,0.21911256534331514,0.7941480978009403
Z944,ca_dist_355_388_A,chi7_deg,0.05080735874389983,0.10957925752492699,0.08051902886098308,0.05080735874389983,0.08030188170993664,0.7917556839325085
mZ944,ca_dist_1781_1820_A,chi4_deg,0.3403198631459693,0.043567269987673796,0.03738243131955137,0.03738243131955137,0.14042318815106483,0.790137182229665
mZ944,ca_dist_356_925_A,chi7_deg,0.17651075460434598,0.19540060228157471,0.3890611892857494,0.17651075460434598,0.2536575153905567,0.7892271878144025
mZ944,ca_dist_1778_1465_A,chi7_deg,0.2861940098438715,0.08338265714206644,0.0057866421456973976,0.0057866421456973976,0.12512110304387844,0.7881400387211079
mZ944,ca_dist_355_387_A,chi3_deg,0.13276168863228652,0.3654886947339771,0.06988496030019546,0.06988496030019546,0.18937844788881966,0.7875997275489348
Z944,ca_dist_357_1462_A,chi3_deg,0.021339825787926193,0.2113564953144944,0.25762500929973264,0.021339825787926193,0.16344044346738443,0.7870486896261422
mZ944,ca_dist_384_948_A,chi1_deg,0.05804706338570247,0.19578067016804443,0.00937569935306591,0.00937569935306591,0.08773447763560427,0.7832972432971561
mZ944,ca_dist_356_925_A,chi6_deg,0.040577887885543784,0.09023899724739963,0.13595987481333519,0.040577887885543784,0.08892558664875953,0.7788766869886654
mZ944,ca_dist_956_1464_A,chi1_deg,0.19952804263346888,0.09127977839455666,0.031111812925218238,0.031111812925218238,0.10730654465108126,0.7780089606628156
mZ944,ca_dist_354_1460_A,chi3_deg,0.5657669400216175,0.13208096464186103,0.13208849455488125,0.13208096464186103,0.2766454664061199,0.7717842624972155
mZ944,ca_dist_926_1460_A,chi3_deg,0.4764504394621276,0.10685159440248937,0.06515695580646035,0.06515695580646035,0.21615299655702577,0.7714701243439962
mZ944,ca_dist_384_876_A,chi2_deg,0.028323849491034503,0.7660519687750704,0.323452479223522,0.028323849491034503,0.3726094324965423,0.7713608659859051
Z944,ca_dist_1777_1465_A,chi1_deg,0.11599169545717299,0.07718283272936753,0.049493568652662294,0.049493568652662294,0.0808893656130676,0.7712041322414819
Z944,ca_dist_925_1465_A,chi3_deg,0.0381646207192915,0.09558339066353977,0.034335494684735776,0.034335494684735776,0.05602783535585568,0.7686065050225352
mZ944,ca_dist_356_925_A,chi3_deg,0.03961657944080105,0.04603736738445415,0.12504261720287083,0.03961657944080105,0.07023218800937535,0.7613396557042251
Z944,ca_dist_355_924_A,chi6_deg,0.04728191335799346,0.03057485326307408,0.0690625595604036,0.03057485326307408,0.048973108727157044,0.7598141353852174
Z944,ca_dist_1778_1465_A,chi1_deg,0.12416036643215167,0.05195214166035081,0.058792939108143316,0.05195214166035081,0.0783018157335486,0.7595959800005105
Z944,ca_dist_1778_1465_A,chi5_deg,0.06962223853198199,0.14676375745265863,0.03455434665623732,0.03455434665623732,0.08364678088029265,0.7591549603548192
mZ944,ca_dist_351_357_A,chi4_deg,0.10541523056274153,0.33803661390917633,0.11736803819424578,0.10541523056274153,0.18693996088872122,0.758247884924079
Z944,ca_dist_926_1463_A,chi7_deg,0.02078638691702985,0.07478265687381057,0.028629453635720524,0.02078638691702985,0.041399499142186984,0.7572692572775732
Z944,ca_dist_356_1782_A,chi2_deg,0.0740690326331375,0.12764135876739835,0.10951617403786286,0.0740690326331375,0.10374218847946624,0.7561951779430273
Z944,ca_dist_357_1780_A,chi7_deg,0.010398910893750075,0.014772148307922107,0.04892304544715404,0.010398910893750075,0.024698034882942074,0.756032797717153
mZ944,ca_dist_356_925_A,chi4_deg,0.027658572115577845,0.021874858536471253,0.1110211011503106,0.021874858536471253,0.053518177267453226,0.7545359764953956
Z944,ca_dist_353_926_A,chi7_deg,0.027772280853974044,0.11547027587522544,0.1416310641682186,0.027772280853974044,0.0949578736324727,0.7536065237462077
mZ944,ca_dist_357_1780_A,chi4_deg,0.06535882838346589,0.3443207401152309,0.14205577004600278,0.06535882838346589,0.18391177951489987,0.7499467395101695
Z944,ca_dist_926_1466_A,chi7_deg,0.0808844654782169,0.02346463781178102,0.09853932669925236,0.02346463781178102,0.06762947666308343,0.7497590076052187
mZ944,ca_dist_918_1462_A,chi3_deg,0.4215730720359873,0.14806282275857202,0.0888939456140506,0.0888939456140506,0.21950994680286998,0.7497162884407871
Z944,ca_dist_384_1463_A,chi7_deg,0.047041184060782275,0.15061660940269692,0.025548030200869504,0.025548030200869504,0.07440194122144957,0.7484869276229305
mZ944,ca_dist_926_1466_A,chi4_deg,0.27463322217293235,0.11623268002716851,0.061231842358956796,0.061231842358956796,0.15069924818635255,0.7477252524801397
mZ944,ca_dist_353_355_A,chi1_deg,0.12901015027420926,0.02561746457137352,0.11024957291488387,0.02561746457137352,0.08829239592015554,0.746032653455517
mZ944,ca_dist_354_1461_A,chi4_deg,0.20167470943638777,0.04731647059814051,0.08976392761565924,0.04731647059814051,0.11291836921672917,0.7449543286070237
Z944,ca_dist_355_387_A,chi3_deg,0.016517966874675678,0.19213898126320275,0.17034858168068226,0.016517966874675678,0.1263351766061869,0.7437813341410614
mZ944,ca_dist_351_356_A,chi4_deg,0.10906021480510514,0.32430545095933233,0.11025168476930645,0.10906021480510514,0.18120578351124797,0.7433889675388659
Z944,ca_dist_1778_1465_A,chi4_deg,0.08784493777652491,0.028121502228587256,0.013640674558576222,0.013640674558576222,0.043202371521229466,0.7420575227840938
Z944,ca_dist_925_1465_A,chi1_deg,0.08127764262601574,0.04688199703720897,0.0864934946136579,0.04688199703720897,0.07155104475896086,0.7301115117482495
mZ944,ca_dist_384_926_A,chi6_deg,0.06180958637017889,0.11240656303441879,0.11189863956945381,0.06180958637017889,0.09537159632468384,0.7285850528871133
mZ944,ca_dist_384_916_A,chi2_deg,0.08779664114503236,0.7493158064788538,0.36770876325911633,0.08779664114503236,0.4016070702943342,0.727117318534027
Z944,ca_dist_1781_1820_A,chi1_deg,0.06276734861665004,0.12148829607915508,0.048363114698354165,0.048363114698354165,0.07753958646471977,0.7252661426854798
mZ944,ca_dist_384_960_A,chi2_deg,0.0930990661359658,0.5419212261846135,0.17160962847857222,0.0930990661359658,0.2688766402663838,0.7241537854510691
mZ944,ca_dist_925_1463_A,chi2_deg,0.1392623778387846,0.07965793468615279,0.379782285400625,0.07965793468615279,0.19956753264185412,0.7194175165157155
Z944,ca_dist_956_1464_A,chi1_deg,0.03139883331391955,0.028368282230357787,0.039467583207126546,0.028368282230357787,0.03307823291713463,0.7185138791438456
mZ944,ca_dist_384_919_A,chi4_deg,0.04697208727601603,0.7386890142808532,0.14485165191181276,0.04697208727601603,0.31017091782289397,0.7176098849828425
mZ944,ca_dist_387_955_A,chi7_deg,0.05834337366947592,0.15270005733667574,0.03162416444496905,0.03162416444496905,0.0808891984837069,0.7158095908894827
mZ944,ca_dist_357_1461_A,chi3_deg,0.30308503744088094,0.15566580406625913,0.12392549180072195,0.12392549180072195,0.19422544443595402,0.7094856343652534
mZ944,ca_dist_384_872_A,chi2_deg,0.1394833863652073,0.7083874708031411,0.33633481021519784,0.1394833863652073,0.39473522246118203,0.707599621270702
Z944,ca_dist_357_1780_A,chi3_deg,0.06650598844936653,0.0836852830877138,0.09257711037895702,0.06650598844936653,0.08092279397201245,0.7074562886900125
Z944,ca_dist_1776_1464_A,chi6_deg,0.036496450602044206,0.11192453170132145,0.054669982901089466,0.036496450602044206,0.06769698840148504,0.7057078703438899
Z944,ca_dist_354_1780_A,chi2_deg,0.07610623189076247,0.055171178394653124,0.013571393292472533,0.013571393292472533,0.04828293452596271,0.7044800986537955
mZ944,ca_dist_925_1465_A,chi4_deg,0.13059884028258006,0.01806013285174035,0.11556506223056524,0.01806013285174035,0.08807467845496188,0.7042074500219591
Z944,ca_dist_351_357_A,chi6_deg,0.0608454186885568,0.03826509247927063,0.03599772264210807,0.03599772264210807,0.045036077936645165,0.7032482171846035
mZ944,ca_dist_384_875_A,chi2_deg,0.15100603249898215,0.755950147210683,0.275820609832947,0.15100603249898215,0.3942589298475374,0.7025502263379598
mZ944,ca_dist_384_918_A,chi2_deg,0.037048412874239184,0.5513326090103022,0.46159037633070327,0.037048412874239184,0.3499904660717483,0.7009206957957245
Z944,ca_dist_925_1459_A,chi1_deg,0.15921168139937814,0.09151284007436679,0.07801405862781577,0.07801405862781577,0.10957952670052022,0.6987049230418048
Z944,ca_dist_351_356_A,chi4_deg,0.02389992155373892,0.15195745942946715,0.13209009304753816,0.02389992155373892,0.10264915801024808,0.6983946441082911
Z944,ca_dist_355_388_A,chi6_deg,0.14065376085956907,0.07500512015010301,0.058685373944939806,0.058685373944939806,0.09144808498487063,0.6983568148562985
Z944,ca_dist_355_387_A,chi7_deg,0.034122453054198504,0.10929697729512648,0.13225052329338338,0.034122453054198504,0.09188998454756946,0.697746511568902
Z944,ca_dist_384_1465_A,chi7_deg,0.04504530002760366,0.15211329399993634,0.057876745122222205,0.04504530002760366,0.0850117797165874,0.6925238203327992
Z944,ca_dist_1777_1464_A,chi1_deg,0.10900289369226243,0.03288082811005692,0.06357046466852674,0.03288082811005692,0.06848472882361535,0.6913780095843728
Z944,ca_dist_923_1816_A,chi7_deg,0.030130328546524938,0.01148662072470779,0.12193918212189868,0.01148662072470779,0.05451871046437714,0.6872857059704113
mZ944,ca_dist_354_1780_A,chi3_deg,0.3472001855552396,0.06484479586721206,0.04525104002020658,0.04525104002020658,0.15243200714755276,0.6866678216815731
mZ944,ca_dist_923_1816_A,chi1_deg,0.1763733991023172,0.10691868750952126,0.06082173006349549,0.06082173006349549,0.11470460555844465,0.6844644052009132
mZ944,ca_dist_926_1461_A,chi4_deg,0.13007479841056158,0.03679424893182186,0.15018289838297716,0.03679424893182186,0.10568398190845353,0.6812532534416179
Z944,ca_dist_1777_1465_A,chi7_deg,0.09301987118358034,0.07097967098807771,0.02953096222691402,0.02953096222691402,0.06451016813285736,0.6811582167217107
Z944,ca_dist_384_876_A,chi2_deg,0.20712474015657972,0.17905190289096806,0.27629842768119633,0.17905190289096806,0.22082502357624803,0.6800946465837396
mZ944,ca_dist_1778_1782_A,chi2_deg,0.13225358027758127,0.2522219263102813,0.016086480633054043,0.016086480633054043,0.13352066240697222,0.6781867855901001
mZ944,ca_dist_384_950_A,chi2_deg,0.15679386563630224,0.7692398215481301,0.10611603912656443,0.10611603912656443,0.3440499087703323,0.6765124956809895
mZ944,ca_dist_357_1462_A,chi1_deg,0.2015673698833062,0.17824446567147753,0.07012510168818797,0.07012510168818797,0.14997897908099056,0.6756192877456768
Z944,ca_dist_1776_1464_A,chi7_deg,0.07048835795829819,0.027107697772115403,0.018876146009914864,0.018876146009914864,0.03882406724677615,0.6755305525117923
Z944,ca_dist_1778_1782_A,chi3_deg,0.15302892363670534,0.03379918487638857,0.31370223072765907,0.03379918487638857,0.1668434464135843,0.6751354175127755
mZ944,ca_dist_354_926_A,chi5_deg,0.09229121278283166,0.021275304590770396,0.3812585972975431,0.021275304590770396,0.1649417048903817,0.67475655462997
mZ944,ca_dist_357_1781_A,chi4_deg,0.1609872191814922,0.19726559620924736,0.17364058607688138,0.1609872191814922,0.17729780048920696,0.6746957805071772
mZ944,ca_dist_355_388_A,chi4_deg,0.047166024170149715,0.7687419782226108,0.1575614256801144,0.047166024170149715,0.32448980935762495,0.6733227230558372
Z944,ca_dist_1776_1465_A,chi2_deg,0.06449100094234897,0.2987017886546359,0.12413619397751192,0.06449100094234897,0.16244299452483227,0.6732115455815564
Z944,ca_dist_384_950_A,chi4_deg,0.054523455582326845,0.09397647328170813,0.5849304087721009,0.054523455582326845,0.24447677921204528,0.6719956426408811
mZ944,ca_dist_387_955_A,chi2_deg,0.08263151977148965,0.7279823360361813,0.5397731810064998,0.08263151977148965,0.4501290122713903,0.6714883605298088
Z944,ca_dist_1777_1465_A,chi5_deg,0.04594018417528799,0.07285653271539812,0.034360279096068924,0.034360279096068924,0.05105233199558501,0.6713661812984564
mZ944,ca_dist_1778_1782_A,chi6_deg,0.09501776416159795,0.10343418095856512,0.06285442597603563,0.06285442597603563,0.0871021236987329,0.6707332947117102
mZ944,ca_dist_384_920_A,chi2_deg,0.1167541859029315,0.6566166773742433,0.3833790683681392,0.1167541859029315,0.38558331054843803,0.6671723218443601
mZ944,ca_dist_1776_1782_A,chi6_deg,0.005450030300871396,0.14286015950861342,0.05785351419518647,0.005450030300871396,0.06872123466822376,0.6663047405601916
mZ944,ca_dist_384_948_A,chi5_deg,0.03459753308728144,0.5194609905111162,0.3355224211937303,0.03459753308728144,0.29652698159737595,0.6659549601747801
Z944,ca_dist_926_1463_A,chi1_deg,0.007949957179875084,0.10949498021033723,0.03716786711079184,0.007949957179875084,0.051537601500334713,0.6648224702100878
Z944,ca_dist_384_872_A,chi2_deg,0.2433645791085831,0.16096608066482831,0.25731773793243123,0.16096608066482831,0.22054946590194757,0.6643370723945816
Z944,ca_dist_354_1459_A,chi4_deg,0.09129465225854505,0.06066988530159107,0.21461969558283367,0.06066988530159107,0.12219474438098993,0.664096574273507
mZ944,ca_dist_925_1461_A,chi7_deg,0.027728536994253865,0.09295512811087353,0.11422501052215951,0.027728536994253865,0.0783028918757623,0.6639744036144208
Z944,ca_dist_356_1782_A,chi1_deg,0.1361025353940165,0.020046067480111278,0.010171825878654471,0.010171825878654471,0.05544014291759409,0.6635556078046931
mZ944,ca_dist_355_387_A,chi2_deg,0.15556470039760056,0.4861026031825277,0.24431443345807916,0.15556470039760056,0.29532724567940244,0.6634115241295292
mZ944,ca_dist_384_917_A,chi2_deg,0.22728667494455942,0.6573185474428367,0.4160366983472928,0.22728667494455942,0.43354730691156296,0.6603618523281342
Z944,ca_dist_925_1461_A,chi5_deg,0.0557492569299092,0.11351737300938164,0.07715264760166012,0.0557492569299092,0.08213975918031698,0.6585539950130791
mZ944,ca_dist_353_926_A,chi4_deg,0.10946424347780959,0.2977951176471462,0.10397918478101163,0.10397918478101163,0.17041284863532247,0.6580170128526578
mZ944,ca_dist_1820_1463_A,chi6_deg,0.13389102740996936,0.2125732103533265,0.10036131700490071,0.10036131700490071,0.14894185158939885,0.65793384971361
mZ944,ca_dist_355_387_A,chi4_deg,0.10434970519128174,0.6704285206424911,0.12494727757007047,0.10434970519128174,0.2999085011346145,0.657367613911871
mZ944,ca_dist_384_921_A,chi2_deg,0.27295918502582117,0.6717234494819081,0.448275552656366,0.27295918502582117,0.4643193957213651,0.6565564275669028
mZ944,ca_dist_384_1465_A,chi2_deg,0.35884499011432874,0.5306285885644251,0.5853218359692766,0.35884499011432874,0.4915984715493435,0.6549188271166477
Z944,ca_dist_351_356_A,chi2_deg,0.35442497777413123,0.20216046165160326,0.11513135094765371,0.11513135094765371,0.2239055967911294,0.6531111408391796
mZ944,ca_dist_1776_1781_A,chi6_deg,0.02777901128040902,0.11175054424186091,0.06108524480852574,0.02777901128040902,0.06687160011026522,0.653061362402338
Z944,ca_dist_1820_1463_A,chi5_deg,0.06033539648178168,0.21271764720599814,0.11488193381852664,0.06033539648178168,0.12931165916876883,0.6527532061803735
mZ944,ca_dist_384_948_A,chi4_deg,0.026446825554137268,1.0494839593914906,0.14473061847444216,0.026446825554137268,0.40688713447335667,0.6524037265649544
mZ944,ca_dist_384_917_A,chi4_deg,0.19883930109121314,0.7782798651214159,0.14814963434687448,0.14814963434687448,0.37508960018650117,0.6485668398863221
Z944,ca_dist_384_1466_A,chi5_deg,0.1330045306562238,0.3427471632288524,0.08010519640689343,0.08010519640689343,0.1852856300973232,0.6475565486349214
Z944,ca_dist_353_355_A,chi2_deg,0.22302478132833725,0.2540199440035347,0.09557868935232919,0.09557868935232919,0.1908744715614004,0.647242763517337
mZ944,ca_dist_357_1782_A,chi4_deg,0.13135685918965334,0.3390683717674748,0.1175758051551318,0.1175758051551318,0.1960003453707533,0.6471004646253885
Z944,ca_dist_918_1462_A,chi5_deg,0.09371533944525197,0.35926105533717173,0.10530832669493076,0.09371533944525197,0.18609490715911814,0.6469846033483575
Z944,ca_dist_925_1465_A,chi2_deg,0.12131819643577113,0.16590103377837978,0.030296541153111936,0.030296541153111936,0.10583859045575428,0.6420317074234322
mZ944,ca_dist_357_1782_A,chi2_deg,0.2563476273887835,0.16438987754366047,0.15062976877063242,0.15062976877063242,0.19045575790102545,0.6418344560610927
Z944,ca_dist_356_1781_A,chi2_deg,0.1888839863364898,0.18743279881947122,0.07252215787880627,0.07252215787880627,0.1496129810115891,0.6412281163761471
mZ944,ca_dist_926_1463_A,chi6_deg,0.05783126584297613,0.05256584901682891,0.09404877521816583,0.05256584901682891,0.0681486300259903,0.6409976362851745
mZ944,ca_dist_355_388_A,chi2_deg,0.04967803303722444,0.576697830538862,0.389759853085807,0.04967803303722444,0.33871190555396447,0.6406264602098761
mZ944,ca_dist_384_920_A,chi4_deg,0.147222356021306,0.7560941146597863,0.14311501394054887,0.14311501394054887,0.3488104948738804,0.63998886472814
mZ944,ca_dist_925_1461_A,chi2_deg,0.08929010678671327,0.11172543655501192,0.14552722311975938,0.08929010678671327,0.11551425548716153,0.6389337432644141
Z944,ca_dist_925_1465_A,chi7_deg,0.05016393912486439,0.03724593623136705,0.024371375602135686,0.024371375602135686,0.037260416986122376,0.6366907584549477
Z944,ca_dist_956_1464_A,chi2_deg,0.24894319326234488,0.1388409219837229,0.0634781128368609,0.0634781128368609,0.15042074269430955,0.6346885216884135
mZ944,ca_dist_387_955_A,chi5_deg,0.022805927464197746,0.6368077467172628,0.39100100893059603,0.022805927464197746,0.3502048943706855,0.6338835710247069
mZ944,ca_dist_384_926_A,chi2_deg,0.06867110448977823,0.686454941030333,0.3361980308865334,0.06867110448977823,0.3637746921355482,0.6330840817550529
mZ944,ca_dist_357_1460_A,chi1_deg,0.17242604269369421,0.12402006843075218,0.05004187589038661,0.05004187589038661,0.11549599567161101,0.6318830503232565
mZ944,ca_dist_384_918_A,chi4_deg,0.08364594902500376,0.6562132172816816,0.13729945958028997,0.08364594902500376,0.2923862086289918,0.622445421958831
Z944,ca_dist_384_1463_A,chi2_deg,0.06258621080583184,0.14984790249149735,0.061986823152227095,0.061986823152227095,0.09147364548318543,0.6220607627476558
Z944,ca_dist_384_1465_A,chi4_deg,0.15732304915154582,0.07458477497366651,0.046792143560459354,0.046792143560459354,0.09289998922855723,0.6206500462356037
Z944,ca_dist_351_357_A,chi2_deg,0.4289138564579967,0.2008450673448111,0.11753497901072953,0.11753497901072953,0.24909796760451244,0.6204702755109451
Z944,ca_dist_384_960_A,chi7_deg,0.011543532083351161,0.05357584073547673,0.08022173248027603,0.011543532083351161,0.04844703509970131,0.6195204591035314
mZ944,ca_dist_384_1463_A,chi2_deg,0.3068380602608577,0.39754889172806973,0.5948704879761996,0.3068380602608577,0.433085813321709,0.6189336756584224
Z944,ca_dist_356_1782_A,chi6_deg,0.03827382583235141,0.04205968731560859,0.07436730399772158,0.03827382583235141,0.05156693904856052,0.6183634541082701
mZ944,ca_dist_384_921_A,chi4_deg,0.19872870202931756,0.7952166168493706,0.14040653384145904,0.14040653384145904,0.3781172842400491,0.617092785403044
mZ944,ca_dist_926_1461_A,chi3_deg,0.1679155193499766,0.024913518349856736,0.1123607672571767,0.024913518349856736,0.10172993498567001,0.6165609857268726
mZ944,ca_dist_1781_1820_A,chi1_deg,0.10670275936603602,0.138076510340107,0.06434576925320076,0.06434576925320076,0.1030416796531146,0.6151785111480154
Z944,ca_dist_956_1464_A,chi6_deg,0.004972175781961011,0.09305541890298012,0.09520287888601602,0.004972175781961011,0.06441015785698571,0.6138647480890167
Z944,ca_dist_1776_1464_A,chi2_deg,0.08253616760656526,0.2926491606331794,0.19834538638282181,0.08253616760656526,0.19117690487418884,0.6138530461762395
mZ944,ca_dist_1820_1463_A,chi2_deg,0.050034276670367965,0.4639214802793127,0.2874728964012843,0.050034276670367965,0.26714288445032164,0.6136202643626834
mZ944,ca_dist_357_1780_A,chi2_deg,0.19759511710349698,0.1901298047056771,0.32058840310541176,0.1901298047056771,0.2361044416381953,0.6113213591636015
mZ944,ca_dist_384_918_A,chi6_deg,0.05893148523380394,0.04214324530349202,0.11294562585774585,0.04214324530349202,0.07134011879834727,0.6096061651904405
Z944,ca_dist_925_1463_A,chi2_deg,0.23571727702098275,0.1280378427304966,0.020643284364878875,0.020643284364878875,0.1281328013721194,0.6090336675501069
mZ944,ca_dist_357_1462_A,chi3_deg,0.5094272998082446,0.19341353888581675,0.09911450892160295,0.09911450892160295,0.26731844920522146,0.6062649196769001
Z944,ca_dist_384_948_A,chi2_deg,0.28980779254549305,0.14542330992653948,0.34549242332216423,0.14542330992653948,0.2602411752647323,0.6055729992178435
mZ944,ca_dist_354_1459_A,chi2_deg,0.5101326415273167,0.2636584943239942,0.27680791013020417,0.2636584943239942,0.3501996819938384,0.603462202661938
Z944,ca_dist_354_1780_A,chi5_deg,0.12880363122388808,0.25046321793076814,0.038685773689837846,0.038685773689837846,0.1393175409481647,0.6027561690575961
Z944,ca_dist_926_1460_A,chi1_deg,0.14506845707151442,0.08457948487184667,0.07522211372630089,0.07522211372630089,0.10162335188988732,0.6012325949399775
Z944,ca_dist_384_1466_A,chi2_deg,0.07395400556824677,0.126785060408152,0.13092792925538568,0.07395400556824677,0.11055566507726149,0.6003687707751449
Z944,ca_dist_1781_1816_A,chi2_deg,0.2776721393649317,0.13638410376579557,0.06244255367000586,0.06244255367000586,0.15883293226691103,0.5989359429587672
mZ944,ca_dist_384_918_A,chi7_deg,0.059276137172998046,0.17223984291298391,0.06852919396724749,0.059276137172998046,0.10001505801774314,0.5947164894902348
Z944,ca_dist_384_875_A,chi2_deg,0.32062298313453624,0.1462002833773958,0.31403360167042926,0.1462002833773958,0.26028562272745376,0.5934946821521069
Z944,ca_dist_354_1460_A,chi1_deg,0.12075259867521401,0.07574435559024217,0.04483528709019854,0.04483528709019854,0.0804440804518849,0.5920699534136005
Z944,ca_dist_926_1461_A,chi6_deg,0.01955802001064737,0.019565816896586968,0.04623316747864536,0.01955802001064737,0.028452334795293233,0.591823821469424
Z944,ca_dist_1778_1464_A,chi4_deg,0.04694949180281554,0.03086279534946893,0.10160419567272906,0.03086279534946893,0.05980549427500451,0.590851522320639
Z944,ca_dist_356_925_A,chi4_deg,0.030497961584921573,0.03846934906650573,0.15049083070533387,0.030497961584921573,0.07315271378558706,0.5900344687591368
mZ944,ca_dist_1777_1782_A,chi7_deg,0.5133998403562346,0.016438162952160336,0.046150752619935884,0.016438162952160336,0.19199625197611028,0.5894259772548309
mZ944,ca_dist_354_1459_A,chi1_deg,0.1607643392439543,0.044064284886581116,0.044772403293943566,0.044064284886581116,0.08320034247482633,0.5880208898786883
mZ944,ca_dist_356_1782_A,chi4_deg,0.12101266061546835,0.2588294609718827,0.1862703214862313,0.12101266061546835,0.18870414769119412,0.5868630445925302
mZ944,ca_dist_353_355_A,chi4_deg,0.17942495903119446,0.07301066608293724,0.14141271762968502,0.07301066608293724,0.13128278091460557,0.5867906870397236
mZ944,ca_dist_384_1466_A,chi2_deg,0.06571097493932931,0.6655895991169721,0.5370986444344509,0.06571097493932931,0.4227997394969174,0.5866913696132884
Z944,ca_dist_355_924_A,chi4_deg,0.031753078173092704,0.062189322752751,0.10324260349178238,0.031753078173092704,0.06572833480587537,0.5865040562940976
mZ944,ca_dist_1776_1782_A,chi4_deg,0.1875387763716503,0.32416592727461185,0.11267315214055039,0.11267315214055039,0.20812595192893754,0.5850589159510728
Z944,ca_dist_1776_1782_A,chi4_deg,0.06555162167319023,0.08185625759751003,0.14898919682635064,0.06555162167319023,0.09879902536568363,0.5819345482449573
mZ944,ca_dist_1777_1782_A,chi4_deg,0.08793239324988081,0.33382156170836935,0.06029172900340407,0.06029172900340407,0.16068189465388474,0.5809706219819667
Z944,ca_dist_353_1461_A,chi7_deg,0.03265477648055887,0.0769806087698466,0.04524307606146974,0.03265477648055887,0.05162615377062507,0.5807823878715176
mZ944,ca_dist_384_1463_A,chi4_deg,0.2141725118378531,0.4771474898835927,0.10407357997063874,0.10407357997063874,0.2651311938973615,0.5783708105799087
Z944,ca_dist_384_872_A,chi7_deg,0.03288880220592243,0.1455345476048899,0.14012401355139545,0.03288880220592243,0.10618245445406926,0.5774642528430463
mZ944,ca_dist_926_1459_A,chi6_deg,0.211265693333495,0.09658567617778434,0.08203292736362337,0.08203292736362337,0.12996143229163423,0.5770380498166713
Z944,ca_dist_356_925_A,chi6_deg,0.0847366591796865,0.01796612023448137,0.09104743689376107,0.01796612023448137,0.06458340543597631,0.5745031054775811
mZ944,ca_dist_956_1464_A,chi2_deg,0.5254865163211592,0.37222553780030737,0.09741978332853697,0.09741978332853697,0.3317106124833345,0.5738973923676363
mZ944,ca_dist_351_357_A,chi2_deg,0.1236114438607638,0.3008746205026181,0.44655788558513154,0.1236114438607638,0.2903479833161711,0.5732093298464828
mZ944,ca_dist_1776_1782_A,chi1_deg,0.034017661046966886,0.031865778872144986,0.03801446773439233,0.031865778872144986,0.034632635884501405,0.5731684500440497
mZ944,ca_dist_353_926_A,chi7_deg,0.16914600449349446,0.10385960694999087,0.10075522504299701,0.10075522504299701,0.12458694549549411,0.5719774802233079
Z944,ca_dist_354_926_A,chi1_deg,0.0663673906595549,0.020379241037114353,0.0518293835286508,0.020379241037114353,0.04619200507510668,0.5704318774467925
mZ944,ca_dist_384_1465_A,chi4_deg,0.26113938552080046,0.6598788099838913,0.12872927128147696,0.12872927128147696,0.3499158222620562,0.5699065892475458
Z944,ca_dist_926_1463_A,chi6_deg,0.041479157363864406,0.022215541622730827,0.04262497240897915,0.022215541622730827,0.03543989046519146,0.5693222796636848
Z944,ca_dist_354_1459_A,chi5_deg,0.17414168099813612,0.0668900977339489,0.11846248679827695,0.0668900977339489,0.11983142184345401,0.5684327382487867
mZ944,ca_dist_384_948_A,chi3_deg,0.021970820060091947,0.4590766237639605,0.058264384506082616,0.021970820060091947,0.17977060944337833,0.5683577051951182
mZ944,ca_dist_354_926_A,chi1_deg,0.07716309845975831,0.006675434305882131,0.12222799811733699,0.006675434305882131,0.06868884362765915,0.5647669927477598
mZ944,ca_dist_926_1460_A,chi6_deg,0.11685717520536411,0.10281046283642584,0.06008855398975617,0.06008855398975617,0.09325206401051538,0.5639336949369462
Z944,ca_dist_1781_1816_A,chi1_deg,0.13206072338226632,0.13502501920816753,0.060083730936275136,0.060083730936275136,0.10905649117556965,0.5638297480243718
Z944,ca_dist_354_1780_A,chi7_deg,0.055531810890458666,0.13453163830590434,0.03174003768825786,0.03174003768825786,0.07393449562820696,0.5636345562509161
mZ944,ca_dist_1781_1816_A,chi7_deg,0.05331098204896579,0.06616387135863311,0.1577581550047962,0.05331098204896579,0.09241100280413168,0.5630873125608696
mZ944,ca_dist_1820_1462_A,chi3_deg,0.46757692082474306,0.3085329778864887,0.13439185772830106,0.13439185772830106,0.3035005854798443,0.5615824422225754
Z944,ca_dist_926_1461_A,chi2_deg,0.16467916183957534,0.1441380845707028,0.0653816034845682,0.0653816034845682,0.12473294996494877,0.5610990085410935
mZ944,ca_dist_384_919_A,chi6_deg,0.07286179521464303,0.06082242882322098,0.11514044291680532,0.06082242882322098,0.08294155565155643,0.5592172009137926
mZ944,ca_dist_355_387_A,chi1_deg,0.10487818233598963,0.17013719347679068,0.10197114238838897,0.10197114238838897,0.12566217273372307,0.5585868640507154
Z944,ca_dist_1816_1463_A,chi4_deg,0.050286879098599704,0.20611122909193866,0.4607145320761391,0.050286879098599704,0.23903754675555913,0.5571131590711481
Z944,ca_dist_1778_1464_A,chi1_deg,0.11609560470773075,0.024526144603248437,0.0796922075499975,0.024526144603248437,0.07343798562032557,0.5569500390720863
mZ944,ca_dist_1776_1782_A,chi3_deg,0.2292061821462729,0.16182295406934125,0.008512729952638217,0.008512729952638217,0.13318062205608414,0.5562398472069924
mZ944,ca_dist_351_356_A,chi2_deg,0.12103509851970995,0.2867054354550324,0.4367257657410689,0.12103509851970995,0.28148876657193705,0.5547260260277388
mZ944,ca_dist_384_960_A,chi1_deg,0.07874947853786363,0.10195152974845345,0.01312903659262603,0.01312903659262603,0.0646100149596477,0.5543638614893025
mZ944,ca_dist_357_1460_A,chi3_deg,0.4181556182308512,0.17935215260383716,0.12352971048686613,0.12352971048686613,0.2403458271071848,0.5537045038862769
mZ944,ca_dist_384_919_A,chi7_deg,0.07086663135503854,0.1595930862142743,0.10091249256914771,0.07086663135503854,0.11045740337948684,0.553458824354524
Z944,ca_dist_1781_1820_A,chi2_deg,0.043963823279413845,0.14743141978375393,0.1081031404061376,0.043963823279413845,0.09983279448976845,0.5526420296720821
Z944,ca_dist_357_1782_A,chi7_deg,0.020452409993111854,0.09944256760770429,0.14573932473947238,0.020452409993111854,0.08854476744676283,0.5512764096242536
mZ944,ca_dist_1776_1781_A,chi4_deg,0.22676355575044316,0.28290439202652307,0.09827332729218538,0.09827332729218538,0.2026470916897172,0.550021020545702
mZ944,ca_dist_354_926_A,chi3_deg,0.11703764978629314,0.06869951535617415,0.06166238919686078,0.06166238919686078,0.08246651811310936,0.5496369283474981
Z944,ca_dist_384_917_A,chi3_deg,0.020194465423664047,0.09812096220375771,0.26556875649168066,0.020194465423664047,0.12796139470636747,0.5476054880031692
mZ944,ca_dist_1777_1782_A,chi6_deg,0.05551355285681597,0.13667457215265338,0.06295259827244318,0.05551355285681597,0.0850469077606375,0.54716537286579
mZ944,ca_dist_384_916_A,chi4_deg,0.10029026240180762,0.9035382559683599,0.13879351698059075,0.10029026240180762,0.3808740117835861,0.5470068007387703
Z944,ca_dist_925_1463_A,chi5_deg,0.061663881034378885,0.16018218536500553,0.05038761226862296,0.05038761226862296,0.09074455955600247,0.5461553628109267
Z944,ca_dist_1776_1781_A,chi7_deg,0.05012145927517126,0.0166548949645734,0.0632564655593236,0.0166548949645734,0.04334427326635609,0.5459853179465957
mZ944,ca_dist_1778_1782_A,chi3_deg,0.11829171157390851,0.15110788448142615,0.08842961799796537,0.08842961799796537,0.11927640468443335,0.5453593176719677
mZ944,ca_dist_355_924_A,chi3_deg,0.08998105856969661,0.08671033157635095,0.09204108002000592,0.08671033157635095,0.08957749005535116,0.5422677024845974
mZ944,ca_dist_925_1459_A,chi6_deg,0.22650692695203806,0.0884759770800944,0.08540127601467752,0.08540127601467752,0.13346139334893667,0.5421779667850375
mZ944,ca_dist_1820_1462_A,chi6_deg,0.22279322987416872,0.2643814177945302,0.11204269248275918,0.11204269248275918,0.19973911338381936,0.5409978845477595
Z944,ca_dist_354_1460_A,chi4_deg,0.0680730307441487,0.0675061627958898,0.2611288484731459,0.0675061627958898,0.1322360140043948,0.5399568229764621
mZ944,ca_dist_384_919_A,chi2_deg,0.04964451391988182,0.612567179763201,0.41010834768614873,0.04964451391988182,0.3574400137897438,0.5396346225390701
mZ944,ca_dist_1776_1782_A,chi2_deg,0.21127812808726812,0.3547866160285404,0.04900322577045551,0.04900322577045551,0.20502265662875466,0.5367510152160349
mZ944,ca_dist_357_1462_A,chi2_deg,0.509695327069287,0.19395006036957987,0.1933509169818679,0.1933509169818679,0.2989987681402449,0.5367403147182264
Z944,ca_dist_1776_1464_A,chi1_deg,0.06034008678533366,0.01442015500738733,0.11776656858553296,0.01442015500738733,0.06417560345941799,0.536542637510905
mZ944,ca_dist_384_920_A,chi7_deg,0.18555121213561596,0.1691667805777584,0.1013370145910699,0.1013370145910699,0.15201833576814808,0.536164140464095
mZ944,ca_dist_357_1781_A,chi2_deg,0.251798528797005,0.05821304553349616,0.48832255681530395,0.05821304553349616,0.2661113770486017,0.535086813417705
Z944,ca_dist_353_926_A,chi4_deg,0.029292995600493723,0.027665107085057036,0.0502713776457813,0.027665107085057036,0.03574316011044402,0.5339894438714945
Z944,ca_dist_354_1461_A,chi1_deg,0.023189392200990824,0.05226785716301749,0.02714040286243469,0.023189392200990824,0.034199217408814334,0.5335347912125166
mZ944,ca_dist_356_1781_A,chi4_deg,0.1466251002753139,0.14009369141125824,0.18778063482768184,0.14009369141125824,0.1581664755047513,0.5333288585429805
Z944,ca_dist_355_387_A,chi1_deg,0.10154272082430853,0.08699961113154932,0.053850449250008536,0.053850449250008536,0.08079759373528879,0.5320837053137459
mZ944,ca_dist_1781_1816_A,chi1_deg,0.14486573366325514,0.15498424048018522,0.0792927446329969,0.0792927446329969,0.12638090625881243,0.5319446686475027
Z944,ca_dist_1778_1782_A,chi1_deg,0.12433483512937199,0.05990916893714274,0.019328263876298407,0.019328263876298407,0.06785742264760437,0.5318711436638595
Z944,ca_dist_926_1463_A,chi4_deg,0.03876979422143296,0.030695440995562553,0.07032623006577803,0.030695440995562553,0.046597155094257846,0.5303318905117428
mZ944,ca_dist_926_1463_A,chi2_deg,0.036147286422862863,0.08025825817904389,0.36842057575112525,0.036147286422862863,0.161608706784344,0.5295802094870722
Z944,ca_dist_354_1461_A,chi4_deg,0.08424270579398926,0.031554889672222815,0.32010223503104684,0.031554889672222815,0.1452999434990863,0.528172475839179
Z944,ca_dist_351_356_A,chi6_deg,0.03521869650962689,0.04517799946800951,0.10509353317139448,0.03521869650962689,0.0618300763830103,0.5261123967685074
mZ944,ca_dist_384_916_A,chi7_deg,0.19445221033292984,0.19805493123264162,0.08532706136996376,0.08532706136996376,0.1592780676451784,0.5251504451273781
Z944,ca_dist_1776_1781_A,chi3_deg,0.20418590202908807,0.054604822857504856,0.06923752187892522,0.054604822857504856,0.10934274892183939,0.5244908411118332
Z944,ca_dist_1816_1463_A,chi7_deg,0.050493423746459785,0.003790648239859319,0.12813204161318134,0.003790648239859319,0.06080537119983348,0.5243192964908231
mZ944,ca_dist_384_950_A,chi4_deg,0.11405206342332978,1.0103297143980285,0.11858993848273373,0.11405206342332978,0.4143239054346974,0.5239181568293149
mZ944,ca_dist_354_1460_A,chi2_deg,0.5029264966121187,0.21645202490416923,0.4286649994656773,0.21645202490416923,0.38268117366065507,0.5233195988067917
mZ944,ca_dist_1776_1781_A,chi1_deg,0.03363209450802864,0.03034309493974478,0.04406750532273164,0.03034309493974478,0.03601423159016835,0.523022971522607
mZ944,ca_dist_384_876_A,chi7_deg,0.14284296514333916,0.15624696809590458,0.0828307053831841,0.0828307053831841,0.12730687954080927,0.5219323768723201
Z944,ca_dist_384_1465_A,chi5_deg,0.11963721683335268,0.26219792474065795,0.06901084348576134,0.06901084348576134,0.150281995019924,0.5208227574161278
Z944,ca_dist_1777_1782_A,chi4_deg,0.05526172346429592,0.12467228327738883,0.2823216744059747,0.05526172346429592,0.15408522704921981,0.5205618583679333
mZ944,ca_dist_1776_1464_A,chi1_deg,0.09601764445645099,0.15359450980789616,0.15880337102495318,0.09601764445645099,0.13613850842976677,0.5198521774980226
Z944,ca_dist_1776_1782_A,chi3_deg,0.21630969162684982,0.06936217365310202,0.15487235489393897,0.06936217365310202,0.14684807339129693,0.518956184193509
mZ944,ca_dist_384_917_A,chi7_deg,0.27057429936252797,0.18549572052813587,0.07939574600861811,0.07939574600861811,0.178488588633094,0.518500888753168
mZ944,ca_dist_384_875_A,chi4_deg,0.12685663619676843,0.9802686178041192,0.14264642659796514,0.12685663619676843,0.4165905601996176,0.51846632397863
mZ944,ca_dist_926_1461_A,chi2_deg,0.15778044453743312,0.023903407519176394,0.19818932195584188,0.023903407519176394,0.1266243913374838,0.5133080269205862
Z944,ca_dist_357_1460_A,chi1_deg,0.05345555460675552,0.09117516168782325,0.04900567741645592,0.04900567741645592,0.0645454645703449,0.5125121585837319
mZ944,ca_dist_354_926_A,chi6_deg,0.08922464908774509,0.04036940581479163,0.13429345821589359,0.04036940581479163,0.0879625043728101,0.5124484196932962
mZ944,ca_dist_918_1462_A,chi2_deg,0.3807453030773435,0.222822369090303,0.1811765735026871,0.1811765735026871,0.2615814152234445,0.5121774434943582
mZ944,ca_dist_384_1466_A,chi4_deg,0.0675865429563139,0.8198130316123758,0.11388049573525265,0.0675865429563139,0.33376002343464745,0.5120778035734419
Z944,ca_dist_354_926_A,chi6_deg,0.06507405318858273,0.008590196589944504,0.059857497441544914,0.008590196589944504,0.04450724907335738,0.5115842873058977
Z944,ca_dist_384_950_A,chi2_deg,0.4985177955819525,0.13032041708532924,0.30680150295140907,0.13032041708532924,0.31187990520623027,0.5113908689706022
Z944,ca_dist_926_1459_A,chi1_deg,0.14464987304742744,0.0791262753968045,0.063459647630701,0.063459647630701,0.09574526535831097,0.51114809766971
Z944,ca_dist_1778_1465_A,chi7_deg,0.05365340280881329,0.0519691595671591,0.024836122519196754,0.024836122519196754,0.04348622829838972,0.5101440574147733
Z944,ca_dist_925_1463_A,chi3_deg,0.047629903840081166,0.08574929089836274,0.14871762237313613,0.047629903840081166,0.09403227237052668,0.5098119478200018
Z944,ca_dist_926_1461_A,chi1_deg,0.03664001195209531,0.06369946007993857,0.06850365325249338,0.03664001195209531,0.05628104176150909,0.509042805720118
mZ944,ca_dist_1777_1782_A,chi5_deg,0.1039903068303777,0.19513664547487794,0.022312775257915574,0.022312775257915574,0.10714657585439041,0.5085608848136133
Z944,ca_dist_387_955_A,chi1_deg,0.1543524134432055,0.05136611271648263,0.07947845335715734,0.05136611271648263,0.09506565983894848,0.508465647397221
Z944,ca_dist_956_1464_A,chi7_deg,0.0016212816367996434,0.017578210276933928,0.10575930795285217,0.0016212816367996434,0.04165293328886192,0.5080422652398577
Z944,ca_dist_353_926_A,chi2_deg,0.11860475945200796,0.12418136869145062,0.06085072724662559,0.06085072724662559,0.10121228513002806,0.5078232249851792
mZ944,ca_dist_357_1461_A,chi4_deg,0.23941331015662193,0.2056170474705532,0.07345388399855789,0.07345388399855789,0.172828080541911,0.5074572993980931
Z944,ca_dist_926_1461_A,chi4_deg,0.066183534697787,0.09178520684989999,0.1437417791448827,0.066183534697787,0.10057017356418989,0.506971291478718
mZ944,ca_dist_384_1466_A,chi6_deg,0.045949103100487144,0.18324482708322665,0.11695820710242245,0.045949103100487144,0.11538404576204542,0.5053023872031613
Z944,ca_dist_351_357_A,chi4_deg,0.053719277822828794,0.1578683987780539,0.09765328678443785,0.053719277822828794,0.10308032112844018,0.5048473974982419
mZ944,ca_dist_356_1782_A,chi2_deg,0.24686037071103517,0.09366533900234354,0.4033229445374896,0.09366533900234354,0.2479495514169561,0.5046495403968254
mZ944,ca_dist_384_916_A,chi6_deg,0.01372157243269271,0.13151752324801924,0.115586146623951,0.01372157243269271,0.08694174743488765,0.5042527832843272
Z944,ca_dist_918_1462_A,chi6_deg,0.06814495859825206,0.058941813721047176,0.06382757385455066,0.058941813721047176,0.06363811539128329,0.5035208988566493
Z944,ca_dist_923_1816_A,chi2_deg,0.23597574871500088,0.13881736887509735,0.2160598080830523,0.13881736887509735,0.1969509752243835,0.5032188379133153
Z944,ca_dist_923_1816_A,chi1_deg,0.06962287173834528,0.03983692988391755,0.045515707665447276,0.03983692988391755,0.05165850309590336,0.5016881382669647
Z944,ca_dist_1778_1465_A,chi2_deg,0.16944166485098197,0.28721655871458185,0.08554134119923774,0.08554134119923774,0.18073318825493387,0.5008002806957722
Z944,ca_dist_1777_1465_A,chi2_deg,0.14596202155912497,0.2566400508397209,0.04221618962927557,0.04221618962927557,0.14827275400937381,0.4998428697982151
mZ944,ca_dist_1781_1820_A,chi2_deg,0.4080447382214654,0.03960868538677795,0.10796043025319725,0.03960868538677795,0.18520461795381352,0.4996136084890558
Z944,ca_dist_355_388_A,chi3_deg,0.043555831530424256,0.19149936418099653,0.2298187258038079,0.043555831530424256,0.15495797383840956,0.49935735923776897
mZ944,ca_dist_384_948_A,chi2_deg,0.03924876475869132,0.7997471739562383,0.2413414706816821,0.03924876475869132,0.3601124697988706,0.49840974479437666
Z944,ca_dist_354_1459_A,chi1_deg,0.14746321974060975,0.058570338317259454,0.05652978543790367,0.05652978543790367,0.08752111449859096,0.4980527500481399
Z944,ca_dist_925_1461_A,chi7_deg,0.018519566651938896,0.01109663865409275,0.12661324554030529,0.01109663865409275,0.052076483615445646,0.4962399534704591
Z944,ca_dist_925_1463_A,chi7_deg,0.04488467252658699,0.03410393325969739,0.06405374580444721,0.03410393325969739,0.04768078386357719,0.49575881247116255
Z944,ca_dist_925_1461_A,chi2_deg,0.10002790492235665,0.10417478930382067,0.07428213416654018,0.07428213416654018,0.09282827613090583,0.4955097645603943
mZ944,ca_dist_357_1460_A,chi2_deg,0.39147298204184167,0.19473438299235524,0.28215370664346295,0.19473438299235524,0.28945369055921993,0.49480509542401147
mZ944,ca_dist_926_1466_A,chi6_deg,0.251782072900225,0.108184855997316,0.0598917066493736,0.0598917066493736,0.1399528785156382,0.4940817479381909
mZ944,ca_dist_354_1461_A,chi1_deg,0.07425614349461215,0.05207669211189805,0.06615771468680967,0.05207669211189805,0.06416351676443996,0.4936929287007905
Z944,ca_dist_384_1466_A,chi1_deg,0.023438581803935203,0.15123080194369634,0.0730513586887392,0.023438581803935203,0.08257358081212358,0.4928052592713303
mZ944,ca_dist_956_1464_A,chi7_deg,0.3832152402560622,0.03489949160526001,0.07349073814994561,0.03489949160526001,0.16386849000375595,0.49153597537554
Z944,ca_dist_1816_1463_A,chi2_deg,0.2684734218290447,0.24390411591805655,0.2393006223223931,0.2393006223223931,0.25055938668983146,0.4906664649356639
Z944,ca_dist_1776_1465_A,chi6_deg,0.049733368615752185,0.11870700147336768,0.04331265449734773,0.04331265449734773,0.07058434152882254,0.49013086358306823
mZ944,ca_dist_354_926_A,chi4_deg,0.12211585531016098,0.10222749133448172,0.11435328117884809,0.10222749133448172,0.1128988759411636,0.48991559753852265
mZ944,ca_dist_354_1459_A,chi6_deg,0.2587020673808683,0.08621057793810792,0.0295298483394762,0.0295298483394762,0.12481416455281748,0.48864182340993395
Z944,ca_dist_925_1459_A,chi6_deg,0.030662316172472733,0.07071699160418726,0.1177979073150293,0.030662316172472733,0.07305907169722976,0.4878421232693891
Z944,ca_dist_926_1466_A,chi1_deg,0.08158933964879134,0.05408712366268429,0.11647176666227062,0.05408712366268429,0.08404940999124876,0.4874269863976633
Z944,ca_dist_354_926_A,chi2_deg,0.284852244025253,0.15075322743809166,0.048218469658701066,0.048218469658701066,0.16127464704068192,0.4870567370120154
mZ944,ca_dist_1776_1781_A,chi3_deg,0.2920290711330351,0.13827019014787276,0.008515001754816665,0.008515001754816665,0.14627142101190818,0.4869647100121835
mZ944,ca_dist_925_1461_A,chi4_deg,0.10441424006190352,0.15473508856671447,0.17112894723330271,0.10441424006190352,0.14342609195397357,0.48542834338534196
Z944,ca_dist_926_1463_A,chi5_deg,0.015179219575179457,0.11030796988183994,0.042118055063380455,0.015179219575179457,0.05586841484013328,0.4840328635184865
Z944,ca_dist_1777_1782_A,chi2_deg,0.12441060228010353,0.12742349535146696,0.21229271936559388,0.12441060228010353,0.1547089389990548,0.4832545204422838
Z944,ca_dist_926_1459_A,chi5_deg,0.1554125817762663,0.1876300828314288,0.05893809108332049,0.05893809108332049,0.13399358523033852,0.4831576979998681
Z944,ca_dist_384_917_A,chi7_deg,0.03751445317730979,0.1359752973916412,0.0880655583297049,0.03751445317730979,0.08718510296621862,0.4812951860742582
mZ944,ca_dist_1777_1464_A,chi1_deg,0.11471154781522508,0.07359896304650182,0.15714967619673714,0.07359896304650182,0.11515339568615468,0.48066012688223486
mZ944,ca_dist_918_1462_A,chi7_deg,0.32800469869918614,0.1010500274886724,0.07786351901276288,0.07786351901276288,0.16897274840020715,0.4788977867397062
Z944,ca_dist_926_1466_A,chi2_deg,0.03777190925355021,0.014986395967107996,0.06786979552104047,0.014986395967107996,0.04020936691389956,0.4787750948792481
Z944,ca_dist_384_917_A,chi1_deg,0.10252474182930256,0.13731364362243864,0.11296168121018033,0.10252474182930256,0.11760002222064052,0.47775993427379676
mZ944,ca_dist_1777_1464_A,chi7_deg,0.22290851761481176,0.11427789584289666,0.06892526953977048,0.06892526953977048,0.13537056099915962,0.4770967283794782
Z944,ca_dist_357_1780_A,chi6_deg,0.04220651705441464,0.00621556901833368,0.06154438829831374,0.00621556901833368,0.036655491457020684,0.47672334359060986
Z944,ca_dist_355_387_A,chi6_deg,0.09304629705195633,0.06710715918579101,0.13117924175577914,0.06710715918579101,0.09711089933117549,0.476037975212149
Z944,ca_dist_356_1782_A,chi5_deg,0.09282356027456966,0.011934299980764552,0.06349196937341577,0.011934299980764552,0.05608327654291665,0.47420466507282094
mZ944,ca_dist_354_1780_A,chi1_deg,0.051138469201141255,0.08518166077340932,0.08710725365341045,0.051138469201141255,0.07447579454265367,0.47384053584421415
Z944,ca_dist_1778_1782_A,chi4_deg,0.12402272927807399,0.11775040932998546,0.38167935370143347,0.11775040932998546,0.2078174974364976,0.4734913778421357
Z944,ca_dist_1776_1781_A,chi4_deg,0.04737714018731778,0.03224198404475614,0.06742043217452352,0.03224198404475614,0.049013185468865815,0.47218142696564935
Z944,ca_dist_384_950_A,chi7_deg,0.11567116606188019,0.08641821468716365,0.16940754664315807,0.08641821468716365,0.12383230913073397,0.4717470859616949
Z944,ca_dist_355_388_A,chi1_deg,0.05921220756178546,0.11544882831331091,0.02272244410999756,0.02272244410999756,0.06579449332836464,0.4711628229877238
mZ944,ca_dist_926_1463_A,chi3_deg,0.06808925456420263,0.014549689217473048,0.03931617454224975,0.014549689217473048,0.04065170610797514,0.46956583406056535
mZ944,ca_dist_357_1460_A,chi4_deg,0.2779991710088977,0.28060712316886405,0.06650903761719776,0.06650903761719776,0.20837177726498649,0.4687848432915378
Z944,ca_dist_925_1459_A,chi5_deg,0.1595269285526762,0.09196369413875159,0.061543452387707004,0.061543452387707004,0.10434469169304494,0.46820651075409253
Z944,ca_dist_357_1780_A,chi5_deg,0.10746123071080807,0.06624977382460108,0.0391353363616482,0.0391353363616482,0.07094878029901912,0.46622967122578796
Z944,ca_dist_355_924_A,chi1_deg,0.11097440268718288,0.061400348504704515,0.05533945176909701,0.05533945176909701,0.07590473432032814,0.46482917127850115
mZ944,ca_dist_355_924_A,chi1_deg,0.041286457727425944,0.10023556426634742,0.06893136160707287,0.041286457727425944,0.07015112786694876,0.4646246877476696
Z944,ca_dist_354_926_A,chi7_deg,0.06351297465646527,0.1405634625222494,0.13091601345135226,0.06351297465646527,0.11166415021002231,0.464217175477653
mZ944,ca_dist_384_876_A,chi4_deg,0.12134690398237011,0.9595212295318228,0.13221416760621124,0.12134690398237011,0.40436076704013474,0.4640802379337258
Z944,ca_dist_956_1464_A,chi4_deg,0.07258326129134614,0.07737904050548909,0.3114832218056861,0.07258326129134614,0.1538151745341738,0.4638822088705513
Z944,ca_dist_1820_1463_A,chi7_deg,0.03413964200465984,0.026881758773856294,0.1475163655825087,0.026881758773856294,0.06951258878700828,0.46307981224359657
mZ944,ca_dist_384_926_A,chi1_deg,0.027991908473233434,0.08879353410934918,0.040685515748816986,0.027991908473233434,0.052490319443799865,0.46238367769842276
Z944,ca_dist_384_916_A,chi7_deg,0.05249864514495655,0.16814265159582836,0.11358027943733126,0.05249864514495655,0.11140719205937206,0.4622651683523701
Z944,ca_dist_354_926_A,chi5_deg,0.031465590705103824,0.17463793745945916,0.048316348235873184,0.031465590705103824,0.08480662546681206,0.4619923319159965
mZ944,ca_dist_353_1461_A,chi3_deg,0.21901429872649877,0.05134619221458403,0.07425259799558769,0.05134619221458403,0.11487102964555684,0.46155016081683226
Z944,ca_dist_1781_1816_A,chi5_deg,0.06609305170589991,0.10942764375965175,0.017107718606270656,0.017107718606270656,0.0642094713572741,0.4584215970472157
Z944,ca_dist_1777_1782_A,chi1_deg,0.1220977560260826,0.07570391470922533,0.009385229066539234,0.009385229066539234,0.06906229993394905,0.4583359577723826
Z944,ca_dist_357_1462_A,chi4_deg,0.04082017776485019,0.15415347885626118,0.32034465143999,0.04082017776485019,0.17177276935370048,0.45774740683918536
Z944,ca_dist_1778_1782_A,chi5_deg,0.10500443459886273,0.1387265826226169,0.06304037206968886,0.06304037206968886,0.10225712976372282,0.45703472289375735
Z944,ca_dist_384_960_A,chi2_deg,0.22233709741985141,0.19542887465882294,0.16305321471480344,0.16305321471480344,0.19360639559782591,0.456091036886027
mZ944,ca_dist_354_1459_A,chi4_deg,0.3580759131353759,0.3363139544815389,0.1477857373334653,0.1477857373334653,0.2807252016501267,0.4531367109311238
Z944,ca_dist_925_1461_A,chi4_deg,0.042810515698733315,0.09524081333537035,0.029854448937067846,0.029854448937067846,0.05596859265705717,0.45146336747205545
Z944,ca_dist_384_921_A,chi1_deg,0.07170646677941991,0.13793225540844073,0.11698591312793472,0.07170646677941991,0.10887487843859844,0.45112215536681843
Z944,ca_dist_384_921_A,chi7_deg,0.049810929921989,0.15555420803584585,0.06333602287080861,0.049810929921989,0.08956705360954782,0.4510174672713709
mZ944,ca_dist_356_1782_A,chi7_deg,0.5073487595987038,0.04500969890903893,0.06385187162149682,0.04500969890903893,0.20540344337641323,0.4506881490456367
mZ944,ca_dist_1778_1464_A,chi1_deg,0.11149759397519315,0.12434139726935457,0.1809451279244692,0.11149759397519315,0.13892803972300563,0.4499753679224819
mZ944,ca_dist_925_1463_A,chi6_deg,0.06786487729631023,0.04978424837422949,0.09193265673557573,0.04978424837422949,0.06986059413537182,0.44964960795657916
mZ944,ca_dist_1776_1465_A,chi1_deg,0.12503064785734558,0.14001259110464007,0.1621166786941583,0.12503064785734558,0.14238663921871467,0.4490731449982651
mZ944,ca_dist_355_388_A,chi1_deg,0.13173708582969523,0.1697993603193659,0.0885300327017882,0.0885300327017882,0.1300221596169498,0.4481939588404692
mZ944,ca_dist_1777_1465_A,chi1_deg,0.1443340382716788,0.033638431790176546,0.14061095399988155,0.033638431790176546,0.10619447468724563,0.44756796836247853
mZ944,ca_dist_356_925_A,chi1_deg,0.06950215213020004,0.07051548581349573,0.13911216900747098,0.06950215213020004,0.09304326898372224,0.44682930918759506
mZ944,ca_dist_1781_1820_A,chi3_deg,0.5082644000823435,0.044064908486313004,0.11715890657914824,0.044064908486313004,0.2231627383826016,0.4445872493958079
mZ944,ca_dist_356_1781_A,chi7_deg,0.2986414781640154,0.023719438835200248,0.13082981698758872,0.023719438835200248,0.15106357799560144,0.4432122334193668
Z944,ca_dist_384_918_A,chi1_deg,0.06779043672061878,0.13400277138558142,0.11449708058558931,0.06779043672061878,0.10543009623059652,0.44232549744408384
mZ944,ca_dist_387_955_A,chi4_deg,0.03330398605666659,0.9661753118138623,0.13078058931518627,0.03330398605666659,0.37675329572857175,0.4413413067980901
mZ944,ca_dist_1778_1465_A,chi1_deg,0.14370891158906696,0.07526090529361071,0.17765548142584597,0.07526090529361071,0.1322084327695079,0.4403756554551653
Z944,ca_dist_356_1781_A,chi5_deg,0.1205537929870211,0.1401515446050362,0.04794105775283542,0.04794105775283542,0.1028821317816309,0.43984652314795225
mZ944,ca_dist_918_1462_A,chi4_deg,0.25412129407384554,0.29126689820262075,0.07171918559502605,0.07171918559502605,0.20570245929049746,0.43947646528642875
mZ944,ca_dist_354_1459_A,chi3_deg,0.6421344409340166,0.04096527531024753,0.11249082341537112,0.04096527531024753,0.26519684655321174,0.4393016537338959
Z944,ca_dist_357_1460_A,chi4_deg,0.08819908356380368,0.13700078943654076,0.3560891224389868,0.08819908356380368,0.19376299847977707,0.43667138097220887
Z944,ca_dist_384_920_A,chi1_deg,0.08253099397200081,0.13268777661689757,0.1126615445004809,0.08253099397200081,0.10929343836312642,0.43616469170855676
Z944,ca_dist_1820_1462_A,chi1_deg,0.09508421744403343,0.01692148007072151,0.09425943587554216,0.01692148007072151,0.06875504446343238,0.43577920570988754
mZ944,ca_dist_925_1465_A,chi6_deg,0.14044038183664864,0.07226676095721966,0.06038263967546586,0.06038263967546586,0.09102992748977806,0.4356748686769078
mZ944,ca_dist_354_1460_A,chi4_deg,0.3169356395297333,0.3068959783119117,0.07876921068181064,0.07876921068181064,0.23420027617448522,0.43306979465728085
Z944,ca_dist_356_925_A,chi3_deg,0.1004798277243562,0.08895824491413874,0.055373060604234976,0.055373060604234976,0.08160371108090997,0.4327001779210021
Z944,ca_dist_384_1463_A,chi5_deg,0.14851078190468978,0.19501305908584543,0.09488093783471224,0.09488093783471224,0.14613492627508248,0.43107362283779493
Z944,ca_dist_1781_1820_A,chi3_deg,0.03029679913278498,0.07819925932659189,0.2571445054925898,0.03029679913278498,0.1218801879839889,0.4310292425662036
Z944,ca_dist_1778_1464_A,chi2_deg,0.12323831209322636,0.2919182058955853,0.12874984053581906,0.12323831209322636,0.18130211950821026,0.43053257325298006
mZ944,ca_dist_384_872_A,chi4_deg,0.1516255887849839,0.897031778297943,0.12431360151244578,0.12431360151244578,0.3909903228651242,0.4266196933276664
mZ944,ca_dist_384_921_A,chi7_deg,0.2621256606113172,0.19333863040409288,0.04416207406186827,0.04416207406186827,0.16654212169242613,0.42531830178827096
Z944,ca_dist_384_948_A,chi7_deg,0.10247238648329217,0.1054321729558424,0.1579766146137888,0.10247238648329217,0.12196039135097446,0.4245978341875144
Z944,ca_dist_1777_1464_A,chi4_deg,0.042961698698545936,0.020107212519041347,0.021326156209027853,0.020107212519041347,0.028131689142205044,0.4243364929477809
Z944,ca_dist_353_1461_A,chi2_deg,0.0829214220121584,0.0987347395266121,0.1854216427416798,0.0829214220121584,0.12235926809348345,0.42428499749739457
mZ944,ca_dist_384_960_A,chi4_deg,0.11721124946097863,0.6648994097444868,0.16652072534772067,0.11721124946097863,0.3162104615177287,0.4242245106592526
Z944,ca_dist_925_1465_A,chi4_deg,0.04383853190162558,0.1261999704152213,0.03707223062423441,0.03707223062423441,0.06903691098036042,0.4240332334127559
mZ944,ca_dist_925_1459_A,chi3_deg,0.6097497238177771,0.04733739396861973,0.05411393823114397,0.04733739396861973,0.2370670186725136,0.42372597290062947
mZ944,ca_dist_384_876_A,chi6_deg,0.03764612195054395,0.18504718501660805,0.10346220311441658,0.03764612195054395,0.10871850336052286,0.4234505126174717
mZ944,ca_dist_353_926_A,chi2_deg,0.11703159345120971,0.22749701218042606,0.4474935762465159,0.11703159345120971,0.2640073939593839,0.4214134410507889
Z944,ca_dist_926_1460_A,chi4_deg,0.0051521973750777664,0.11408722976797307,0.08669016631199167,0.0051521973750777664,0.0686431978183475,0.4213832774143643
mZ944,ca_dist_1816_1463_A,chi2_deg,0.1519734899953194,0.35834904045469645,0.1885447699462857,0.1519734899953194,0.23295576679876717,0.4196764571553037
Z944,ca_dist_918_1462_A,chi7_deg,0.0030855971128000634,0.15945661294836536,0.12315501380287439,0.0030855971128000634,0.09523240795467995,0.4159866438852865
Z944,ca_dist_1778_1782_A,chi7_deg,0.0544939582724271,0.1060471473724627,0.0313213373403197,0.0313213373403197,0.0639541476617365,0.41588989738548404
mZ944,ca_dist_357_1461_A,chi2_deg,0.2983335209091808,0.14873540257800924,0.3379825758402944,0.14873540257800924,0.2616838331091615,0.4152413997708175
Z944,ca_dist_355_387_A,chi2_deg,0.17307061058716575,0.09326813202736392,0.15764875317737675,0.09326813202736392,0.1413291652639688,0.4151283967409391
Z944,ca_dist_357_1461_A,chi4_deg,0.12198112546081741,0.142560841246748,0.37200941101983737,0.12198112546081741,0.21218379257580092,0.4145098623181399
mZ944,ca_dist_925_1461_A,chi1_deg,0.08581225992362237,0.05139577322826198,0.025395332095785803,0.025395332095785803,0.05420112174922339,0.4143891892832805
Z944,ca_dist_357_1461_A,chi1_deg,0.03197160642959335,0.08333887712346118,0.03691179508831787,0.03197160642959335,0.05074075954712413,0.412727189219697
mZ944,ca_dist_353_1461_A,chi5_deg,0.14428933992317236,0.030583459157382354,0.06258181608194333,0.030583459157382354,0.07915153838749935,0.4126582995494892
mZ944,ca_dist_384_872_A,chi7_deg,0.1394454044728631,0.132675547435267,0.054011260618299514,0.054011260618299514,0.10871073750880988,0.4120095303820157
mZ944,ca_dist_925_1463_A,chi5_deg,0.01361180546377603,0.22176387209883316,0.27754630887331977,0.01361180546377603,0.17097399547864298,0.41127443900120286
Z944,ca_dist_357_1780_A,chi4_deg,0.10273740596625157,0.08674491937445646,0.11154953565173725,0.08674491937445646,0.10034395366414843,0.41086385328143865
Z944,ca_dist_1820_1462_A,chi7_deg,0.013913621546314496,0.04324371415785781,0.11450393055690757,0.013913621546314496,0.05722042208702662,0.41053122257492813
mZ944,ca_dist_1820_1462_A,chi2_deg,0.2513824435503744,0.4774046790713887,0.3871220826968802,0.2513824435503744,0.3719697351062144,0.4097668314960688
Z944,ca_dist_355_388_A,chi5_deg,0.13279806535900335,0.018663501422781437,0.05173952077623786,0.018663501422781437,0.06773369585267422,0.4090866673607871
Z944,ca_dist_926_1461_A,chi5_deg,0.07388098692206839,0.18324161035441214,0.0324532322932391,0.0324532322932391,0.09652527652323988,0.40879274268383586
Z944,ca_dist_384_875_A,chi7_deg,0.08622791365829997,0.17051250892167344,0.16730920156252319,0.08622791365829997,0.14134987471416552,0.4085767637950972
Z944,ca_dist_355_388_A,chi4_deg,0.1444312243546879,0.03728443557761176,0.3241031546681749,0.03728443557761176,0.1686062715334915,0.4081895463684785
Z944,ca_dist_354_1459_A,chi2_deg,0.12050526950839895,0.07017745750651687,0.15935377333659617,0.07017745750651687,0.116678833450504,0.40446916646426656
mZ944,ca_dist_384_918_A,chi5_deg,0.018397228094803885,0.18277586802909634,0.3650538871668881,0.018397228094803885,0.1887423277635961,0.4041812011505528
mZ944,ca_dist_355_924_A,chi5_deg,0.03479444770317246,0.10748887848322856,0.14505043626249134,0.03479444770317246,0.09577792081629745,0.4041448607606536
Z944,ca_dist_384_916_A,chi1_deg,0.08668875237753007,0.1393757106805186,0.12696156828010388,0.08668875237753007,0.1176753437793842,0.40413244673118665
Z944,ca_dist_384_1466_A,chi7_deg,0.07086429209322735,0.17203548503838248,0.03366675235992541,0.03366675235992541,0.09218884316384507,0.4037118256870292
mZ944,ca_dist_356_1782_A,chi1_deg,0.035903247432023694,0.15654026120175274,0.05647023715885682,0.035903247432023694,0.08297124859754441,0.4030104707481444
Z944,ca_dist_1820_1462_A,chi4_deg,0.0993642856682519,0.1455326012313334,0.5051205527428855,0.0993642856682519,0.25000581321415694,0.4001730660106721
Z944,ca_dist_355_387_A,chi4_deg,0.12659756301631486,0.05646481977510545,0.27226839917194856,0.05646481977510545,0.15177692732112294,0.39924737415296735
mZ944,ca_dist_357_1780_A,chi1_deg,0.06046266001687478,0.2225554784316306,0.024376299464530998,0.024376299464530998,0.1024648126376788,0.3960022664854367
Z944,ca_dist_357_1780_A,chi1_deg,0.056163145492606134,0.15586923314220574,0.0314391293244352,0.0314391293244352,0.08115716931974903,0.39589559524148904
Z944,ca_dist_1820_1463_A,chi2_deg,0.19669973664747187,0.25950375677653464,0.2776662549877452,0.19669973664747187,0.24462324947058392,0.39372597522559666
Z944,ca_dist_384_918_A,chi3_deg,0.05465519543035837,0.10538404192166674,0.1791047527868227,0.05465519543035837,0.11304799671294925,0.39299225020327744
mZ944,ca_dist_1816_1463_A,chi7_deg,0.16553745085851695,0.059589992177418984,0.14090269189650576,0.059589992177418984,0.12201004497748057,0.39244085278538077
Z944,ca_dist_384_919_A,chi1_deg,0.06251217737882905,0.13960973823674613,0.12592726085465042,0.06251217737882905,0.1093497254900752,0.39212747345910115
Z944,ca_dist_353_355_A,chi6_deg,0.0558282362982613,0.05245412806161536,0.09087568816323016,0.05245412806161536,0.06638601750770227,0.39175063128462395
mZ944,ca_dist_353_355_A,chi7_deg,0.15750746668247215,0.0073146649843820665,0.0955222102404556,0.0073146649843820665,0.0867814473024366,0.39113293383555486
Z944,ca_dist_1820_1463_A,chi4_deg,0.1052885492343853,0.19719343161149974,0.5911291896505124,0.1052885492343853,0.29787039016546585,0.3904247982731945
mZ944,ca_dist_925_1465_A,chi3_deg,0.29810733623459473,0.19027928306284184,0.02489434198789237,0.02489434198789237,0.17109365376177632,0.39039518466108497
mZ944,ca_dist_384_1463_A,chi7_deg,0.3293972985938459,0.09163402067717719,0.1488973134728343,0.09163402067717719,0.18997621091461914,0.3888316761272268
Z944,ca_dist_353_1461_A,chi5_deg,0.008141952858137876,0.06589141340366961,0.10467386083037156,0.008141952858137876,0.05956907569739301,0.38856180214786745
Z944,ca_dist_357_1462_A,chi2_deg,0.1904348941816505,0.26781141957414517,0.14210315497353412,0.14210315497353412,0.20011648957644326,0.38733998201557446
Z944,ca_dist_384_918_A,chi7_deg,0.0388950928949078,0.17471146792318765,0.0695567246352363,0.0388950928949078,0.09438776181777725,0.38647649267026835
Z944,ca_dist_1820_1462_A,chi2_deg,0.23324257050724537,0.15770416116454153,0.254919196825408,0.15770416116454153,0.21528864283239826,0.3855382718373856
mZ944,ca_dist_384_1466_A,chi7_deg,0.3622458609069788,0.12739494337304147,0.1336364873221752,0.12739494337304147,0.20775909720073182,0.38553517784439506
Z944,ca_dist_1776_1782_A,chi2_deg,0.3615880274685226,0.13941427320520042,0.11955019766930697,0.11955019766930697,0.20685083278101,0.3854524951307509
Z944,ca_dist_387_955_A,chi6_deg,0.04250335335081605,0.07979882604937376,0.08842831732219554,0.04250335335081605,0.07024349890746179,0.38462038183270375
Z944,ca_dist_355_388_A,chi2_deg,0.15846367604980935,0.08879554604450911,0.20163381926006374,0.08879554604450911,0.14963101378479407,0.38319859338681966
Z944,ca_dist_1777_1782_A,chi5_deg,0.06325289995221527,0.2609064093795885,0.07528640557640351,0.06325289995221527,0.13314857163606908,0.3815524668979987
Z944,ca_dist_925_1465_A,chi6_deg,0.017565373784220427,0.053243452103001555,0.014717975331989704,0.014717975331989704,0.02850893373973723,0.38152850441011693
mZ944,ca_dist_384_948_A,chi7_deg,0.11785341000578589,0.15724176903069972,0.09618242444146205,0.09618242444146205,0.12375920115931589,0.3811400635531598
mZ944,ca_dist_1778_1782_A,chi4_deg,0.07655004482958383,0.24216574692856155,0.04623747551427011,0.04623747551427011,0.12165108909080515,0.3802621557172174
mZ944,ca_dist_926_1466_A,chi1_deg,0.19216615052278596,0.04358843168557614,0.0593205402263508,0.04358843168557614,0.0983583741449043,0.3796728867332623
mZ944,ca_dist_354_1780_A,chi7_deg,0.5238241255180398,0.014321267916856083,0.10181071046513547,0.014321267916856083,0.21331870130001043,0.37880057925393323
Z944,ca_dist_1777_1782_A,chi6_deg,0.11730205378938144,0.042994499915239286,0.043216814551901205,0.042994499915239286,0.06783778941884065,0.378626484414827
mZ944,ca_dist_384_876_A,chi5_deg,0.06843110457620323,0.27257017984562343,0.336390023398006,0.06843110457620323,0.22579710260661087,0.3744274858561125
mZ944,ca_dist_357_1782_A,chi3_deg,0.33332244687012313,0.2102950280464988,0.06874630272832681,0.06874630272832681,0.20412125921498292,0.37327087014542093
Z944,ca_dist_357_1462_A,chi6_deg,0.07795022463945114,0.07275078053307794,0.05141672786953832,0.05141672786953832,0.06737257768068915,0.3728319246855407
mZ944,ca_dist_1776_1465_A,chi3_deg,0.45268893996904264,0.2659339344654279,0.17598480353869228,0.17598480353869228,0.2982025593243876,0.3725050426537142
Z944,ca_dist_353_1461_A,chi1_deg,0.04633931406264152,0.09273647205602399,0.020449826104489314,0.020449826104489314,0.05317520407438494,0.3722267783390574
Z944,ca_dist_925_1465_A,chi5_deg,0.15326084172163645,0.2131076219966672,0.06911752020841493,0.06911752020841493,0.14516199464223953,0.37169575826824985
Z944,ca_dist_956_1464_A,chi3_deg,0.06929195570806213,0.0578513112208219,0.35748492421360245,0.0578513112208219,0.1615427303808288,0.3715746159351362
mZ944,ca_dist_1781_1816_A,chi3_deg,0.5394045873355106,0.1089887678902646,0.11006607054857549,0.1089887678902646,0.2528198085914502,0.3701708061038425
mZ944,ca_dist_357_1780_A,chi5_deg,0.11065748390934876,0.3590949937448521,0.30956988301723215,0.11065748390934876,0.259774120223811,0.3701232085175982
mZ944,ca_dist_926_1461_A,chi1_deg,0.10223258587464659,0.03679021495334782,0.005714267735842193,0.005714267735842193,0.04824568952127886,0.36905364744180774
mZ944,ca_dist_353_355_A,chi5_deg,0.08171189924207962,0.015233937802621448,0.2988832555605527,0.015233937802621448,0.1319430308684179,0.36774071745079984
Z944,ca_dist_384_876_A,chi7_deg,0.04663701543252709,0.15290206730961609,0.14010250458378157,0.04663701543252709,0.11321386244197491,0.36770716843940754
Z944,ca_dist_926_1459_A,chi6_deg,0.04547826529477964,0.0580740798921888,0.08909596068642676,0.04547826529477964,0.06421610195779841,0.3669232977204991
mZ944,ca_dist_351_356_A,chi1_deg,0.08909506995253157,0.010369480914933154,0.1314239424841474,0.010369480914933154,0.07696283111720405,0.3660283493405013
Z944,ca_dist_354_1459_A,chi7_deg,0.02277097007114752,0.0739541469636278,0.08919889334096855,0.02277097007114752,0.06197467012524795,0.36529634607788636
Z944,ca_dist_925_1459_A,chi3_deg,0.13538894814926658,0.1260364087403468,0.114359862197889,0.114359862197889,0.12526173969583412,0.36415552212809316
mZ944,ca_dist_384_1466_A,chi5_deg,0.034465630961565,0.39497731570626776,0.45211800495458154,0.034465630961565,0.29385365054080476,0.3637865741015271
mZ944,ca_dist_925_1461_A,chi3_deg,0.1083910052031385,0.04615651026252172,0.0840847868729487,0.04615651026252172,0.07954410077953632,0.3637725364051745
mZ944,ca_dist_926_1461_A,chi7_deg,0.11609055635836547,0.034293933952213335,0.3046985569610709,0.034293933952213335,0.1516943490905499,0.3636097564375604
Z944,ca_dist_354_1461_A,chi2_deg,0.0772495669092696,0.022676392085901134,0.1938867411605717,0.022676392085901134,0.09793756671858082,0.3625342205222294
Z944,ca_dist_387_955_A,chi2_deg,0.4738617013220104,0.3052518511100497,0.11699915352197414,0.11699915352197414,0.2987042353180114,0.3622902758314706
mZ944,ca_dist_354_926_A,chi2_deg,0.1065065554567097,0.10072531321080397,0.5599622065408727,0.10072531321080397,0.25573135840279543,0.361786344493114
mZ944,ca_dist_1778_1465_A,chi5_deg,0.28772847045075817,0.25956887761485314,0.17136103573178788,0.17136103573178788,0.23955279459913306,0.3616696462661825
Z944,ca_dist_1816_1463_A,chi1_deg,0.06919588998117972,0.04110899106772,0.07570292079536889,0.04110899106772,0.0620026006147562,0.3616077907644542
mZ944,ca_dist_1777_1465_A,chi5_deg,0.31827635600375104,0.24963560257172082,0.18268209633291682,0.18268209633291682,0.25019801830279625,0.36112644475460565
Z944,ca_dist_1781_1820_A,chi5_deg,0.05489567226040119,0.11190068457881176,0.036020496394005425,0.036020496394005425,0.06760561774440613,0.3606182044069036
mZ944,ca_dist_384_1465_A,chi7_deg,0.4171267930602148,0.11953177162820691,0.09646761322580338,0.09646761322580338,0.21104205930474165,0.36053880185778603
mZ944,ca_dist_354_1461_A,chi2_deg,0.2960802785302455,0.07792341675962167,0.47221819985536606,0.07792341675962167,0.28207396504841104,0.36018451498179443
mZ944,ca_dist_354_1780_A,chi4_deg,0.1557712947922633,0.08530179263265508,0.08845376957866413,0.08530179263265508,0.10984228566786085,0.36013856154076185
Z944,ca_dist_384_926_A,chi7_deg,0.06739819166732439,0.1491925587528241,0.10371200985695946,0.06739819166732439,0.10676758675903598,0.36005306440732093
mZ944,ca_dist_1778_1464_A,chi5_deg,0.2571892123159929,0.42270371438285964,0.1604944942091244,0.1604944942091244,0.28012914030265895,0.359974623229632
Z944,ca_dist_1778_1464_A,chi3_deg,0.0007650597226862481,0.17806317037018252,0.01977896102635937,0.0007650597226862481,0.06620239703974272,0.35966309497237337
Z944,ca_dist_357_1461_A,chi2_deg,0.19899077443271393,0.14908221883968842,0.17914460271977514,0.14908221883968842,0.17573919866405918,0.35900975255292084
mZ944,ca_dist_384_920_A,chi5_deg,0.039682866334309175,0.13153058416469404,0.3226673017853223,0.039682866334309175,0.1646269174281085,0.358397429329554
mZ944,ca_dist_356_1781_A,chi2_deg,0.27215268183508884,0.0319194780063352,0.559325965284637,0.0319194780063352,0.2877993750420203,0.35837307438524224
mZ944,ca_dist_923_1816_A,chi7_deg,0.3458066426526081,0.04075722843741688,0.25552807452823545,0.04075722843741688,0.2140306485394201,0.3579378401375109
mZ944,ca_dist_923_1816_A,chi4_deg,0.15586308617113495,0.4216541226956063,0.08673154407104222,0.08673154407104222,0.22141625097926118,0.35602861631658667
Z944,ca_dist_1820_1462_A,chi5_deg,0.10703946482321149,0.1353765368154675,0.11082648547414198,0.10703946482321149,0.11774749570427366,0.3557367801866526
Z944,ca_dist_1776_1781_A,chi2_deg,0.33139684653296486,0.084688088052475,0.10299167532727836,0.084688088052475,0.17302553663757272,0.3555187523195269
Z944,ca_dist_384_950_A,chi1_deg,0.17644587566428996,0.14282745154219126,0.07850286030484291,0.07850286030484291,0.13259206250377473,0.3555159497782069
Z944,ca_dist_1781_1816_A,chi6_deg,0.07314811733650675,0.04903223299595842,0.0661297052912508,0.04903223299595842,0.06277001854123866,0.3550806471849113
mZ944,ca_dist_384_919_A,chi5_deg,0.09259992109755162,0.09524957657793887,0.33921873600578634,0.09259992109755162,0.17568941122709228,0.3545176207092233
mZ944,ca_dist_1777_1464_A,chi5_deg,0.28721206244282826,0.36770561037881877,0.22512047198646964,0.22512047198646964,0.2933460482693722,0.35437199558006005
mZ944,ca_dist_1776_1465_A,chi5_deg,0.25085882185020747,0.4261140646941227,0.16674412701410318,0.16674412701410318,0.28123900451947775,0.3529994069023522
mZ944,ca_dist_355_388_A,chi7_deg,0.09433820177935678,0.10792558965616941,0.07649839796378091,0.07649839796378091,0.09292072979976902,0.3522364593503352
Z944,ca_dist_384_921_A,chi3_deg,0.08777253590089125,0.11150455663422923,0.19348630772187697,0.08777253590089125,0.13092113341899916,0.3520131972617047
mZ944,ca_dist_356_925_A,chi2_deg,0.047339246186850426,0.013648697718769,0.2588442568606787,0.013648697718769,0.10661073358876605,0.35194213547785286
Z944,ca_dist_357_1781_A,chi5_deg,0.15773684799211846,0.04377366292153705,0.029683400595311375,0.029683400595311375,0.07706463716965563,0.3512591276423318
mZ944,ca_dist_925_1459_A,chi7_deg,0.4883639271426168,0.10905661373992957,0.1608879881061976,0.10905661373992957,0.2527695096629146,0.3508794562221122
mZ944,ca_dist_354_1461_A,chi5_deg,0.17741694272008274,0.09587825959784682,0.41071072976567213,0.09587825959784682,0.22800197736120056,0.3502726856935759
Z944,ca_dist_1776_1781_A,chi1_deg,0.10434355622179367,0.11018751736861641,0.06847375543898858,0.06847375543898858,0.09433494300979955,0.34995755725177075
Z944,ca_dist_353_1461_A,chi3_deg,0.050650594972833474,0.06005333287121064,0.2714450900875346,0.050650594972833474,0.1273830059771929,0.3493258365342386
Z944,ca_dist_384_875_A,chi6_deg,0.0036114200916087433,0.04598247960350023,0.10559687390199876,0.0036114200916087433,0.051730257865702574,0.3492813119917794
mZ944,ca_dist_1776_1464_A,chi5_deg,0.22100910219974226,0.513295844796402,0.1898962087653725,0.1898962087653725,0.3080670519205056,0.3486559823325397
Z944,ca_dist_925_1459_A,chi2_deg,0.2198984276566365,0.16807371918018624,0.05557315219120667,0.05557315219120667,0.14784843300934314,0.3484644224180787
Z944,ca_dist_357_1462_A,chi7_deg,0.036696327507362715,0.04936981572982416,0.04469855156670535,0.036696327507362715,0.043588231601297406,0.3482421388630241
mZ944,ca_dist_1781_1820_A,chi6_deg,0.16156918937065387,0.059312151760918794,0.020588965238070973,0.020588965238070973,0.08049010212321454,0.34757240969713027
Z944,ca_dist_354_926_A,chi4_deg,0.012222361249667158,0.06603916102910011,0.04957024189111204,0.012222361249667158,0.04261058805662644,0.3465570784956675
mZ944,ca_dist_926_1460_A,chi7_deg,0.29039140730499696,0.02380738721237689,0.24635208907722964,0.02380738721237689,0.18685029453153448,0.34594895185773855
mZ944,ca_dist_384_921_A,chi5_deg,0.1832060626482873,0.06389786180443215,0.37680670332458105,0.06389786180443215,0.20797020925910017,0.343882043787343
Z944,ca_dist_384_960_A,chi5_deg,0.02054412689894913,0.15980382798189124,0.07544012358730685,0.02054412689894913,0.08526269282271574,0.3438556398837639
Z944,ca_dist_357_1461_A,chi6_deg,0.09999809719833375,0.042461704727552486,0.05013112765233868,0.042461704727552486,0.06419697652607496,0.34360323257940056
Z944,ca_dist_387_955_A,chi7_deg,0.0664210785467857,0.03902187270935535,0.0930487406636383,0.03902187270935535,0.06616389730659311,0.34342183289165107
mZ944,ca_dist_357_1782_A,chi5_deg,0.18384995067803495,0.39621906479597313,0.21180278262252733,0.18384995067803495,0.26395726603217845,0.3430226863195247
mZ944,ca_dist_384_1463_A,chi6_deg,0.09297690965370675,0.07093120302758592,0.11779637323596669,0.07093120302758592,0.09390149530575313,0.3427631843493704
Z944,ca_dist_1816_1463_A,chi6_deg,0.037602951349031445,0.08865195830643127,0.08047181834966628,0.037602951349031445,0.068908909335043,0.3420090798562367
Z944,ca_dist_384_876_A,chi1_deg,0.07826667438867464,0.12050151357379081,0.12614119919140643,0.07826667438867464,0.10830312905129062,0.3416249547845713
Z944,ca_dist_384_950_A,chi6_deg,0.10543188379726975,0.06428701504098211,0.09182761925357408,0.06428701504098211,0.08718217269727531,0.34159164653745927
mZ944,ca_dist_357_1781_A,chi5_deg,0.1746362469850756,0.2617249319963856,0.44465710758254,0.1746362469850756,0.2936727621880004,0.3414886208339052
mZ944,ca_dist_353_355_A,chi2_deg,0.2668930693387288,0.08837304906748922,0.3989089568869388,0.08837304906748922,0.25139169176438564,0.3414439852682324
Z944,ca_dist_357_1460_A,chi2_deg,0.1667447411109576,0.1687757248829802,0.16767487337214024,0.1667447411109576,0.1677317797886927,0.3414241308474477
Z944,ca_dist_356_1781_A,chi3_deg,0.05380686609199211,0.08381078920767844,0.051147240821311744,0.051147240821311744,0.06292163204032743,0.3413654459962006
mZ944,ca_dist_356_1782_A,chi5_deg,0.19333466865865023,0.29443321442886095,0.422782132436647,0.19333466865865023,0.30351667184138603,0.34024588016197377
mZ944,ca_dist_1820_1462_A,chi5_deg,0.19867578845905426,0.5927940059994247,0.1858616457500293,0.1858616457500293,0.3257771467361694,0.34020772231506347
Z944,ca_dist_357_1460_A,chi6_deg,0.09249258523736499,0.040017930292218264,0.05586798615082239,0.040017930292218264,0.06279283389346856,0.34008110727772783
mZ944,ca_dist_384_919_A,chi1_deg,0.034279053755467644,0.10589472705969809,0.058977283914775476,0.034279053755467644,0.06638368824331374,0.33988270993601355
mZ944,ca_dist_925_1459_A,chi5_deg,0.287113539938352,0.15091320119320076,0.1628911586940185,0.15091320119320076,0.20030596660852373,0.3397942434908202
mZ944,ca_dist_918_1462_A,chi5_deg,0.21919486384661271,0.4067433541965492,0.03675484257482829,0.03675484257482829,0.22089768687266342,0.3397814748946897
mZ944,ca_dist_384_917_A,chi1_deg,0.06514488303978486,0.09444323343799482,0.05432433809030349,0.05432433809030349,0.07130415152269438,0.3397080386899627
mZ944,ca_dist_926_1459_A,chi7_deg,0.5127103356884857,0.11696058159990101,0.23737809257088757,0.11696058159990101,0.28901633661975806,0.33936003350143107
Z944,ca_dist_356_1782_A,chi7_deg,0.047841253993098784,0.1309386830234775,0.07250274274764455,0.047841253993098784,0.08376089325474029,0.3393392778786813
mZ944,ca_dist_1778_1465_A,chi3_deg,0.4998849001301332,0.1775443086184704,0.11307458497485375,0.11307458497485375,0.2635012645744858,0.33920593489705686
Z944,ca_dist_926_1459_A,chi4_deg,0.04308474926313897,0.07435625267767784,0.16547979239028346,0.04308474926313897,0.0943069314437001,0.33918426176649874
Z944,ca_dist_355_924_A,chi2_deg,0.33890606430882947,0.17485477639467822,0.049118777570347175,0.049118777570347175,0.1876265394246183,0.3389469394592831
mZ944,ca_dist_926_1466_A,chi3_deg,0.5683572180441577,0.22186350134197508,0.03922801702772245,0.03922801702772245,0.2764829121379518,0.3383092190650811
mZ944,ca_dist_354_1460_A,chi6_deg,0.1798516046076474,0.12271700458174506,0.05804660677891894,0.05804660677891894,0.12020507198943713,0.338124951144497
mZ944,ca_dist_384_950_A,chi5_deg,0.08082241887848883,0.5179646729708454,0.1995277778370158,0.08082241887848883,0.2661049565621167,0.3381031041726988
Z944,ca_dist_357_1781_A,chi3_deg,0.09933552917633523,0.0344258509887817,0.044009951779412,0.0344258509887817,0.05925711064817631,0.338034092974904
Z944,ca_dist_353_1461_A,chi4_deg,0.029557890636340078,0.019470378424342204,0.2725733527810685,0.019470378424342204,0.10720054061391693,0.33786966275536634
mZ944,ca_dist_1778_1782_A,chi7_deg,0.6244231265408458,0.0074282459527475935,0.055912544817208844,0.0074282459527475935,0.22925463910360075,0.33784979956890226
mZ944,ca_dist_1777_1465_A,chi3_deg,0.5743269524807266,0.16846455242229155,0.07484157275012421,0.07484157275012421,0.27254435921771414,0.33757259919155835
mZ944,ca_dist_384_872_A,chi5_deg,0.1454763305638194,0.2717606202866284,0.34594282229406087,0.1454763305638194,0.25439325771483623,0.33737715253175504
mZ944,ca_dist_384_1465_A,chi5_deg,0.2448783123246397,0.25493324561325004,0.46251184406209234,0.2448783123246397,0.3207744673333273,0.3371336762948601
Z944,ca_dist_926_1466_A,chi6_deg,0.05508510553667772,0.09763383624616412,0.013288840152830977,0.013288840152830977,0.05533592731189094,0.33706962387237216
Z944,ca_dist_1776_1464_A,chi3_deg,0.053295694956121034,0.18606249191934857,0.08097157117912393,0.053295694956121034,0.10677658601819784,0.33699985173349206
mZ944,ca_dist_355_388_A,chi6_deg,0.027664723876777333,0.2982171679900313,0.08971640903906786,0.027664723876777333,0.1385327669686255,0.3368241610485136
mZ944,ca_dist_384_917_A,chi5_deg,0.12429685619612826,0.08474180546268385,0.34926732714753883,0.08474180546268385,0.18610199626878365,0.3367129969214985
Z944,ca_dist_354_1780_A,chi6_deg,0.06190451637563522,0.04768591836496526,0.062480131519749654,0.04768591836496526,0.05735685542011671,0.33650209377909324
Z944,ca_dist_353_926_A,chi5_deg,0.08563529228591059,0.15598712457608624,0.08528982955304462,0.08528982955304462,0.10897074880501383,0.3362489153868284
mZ944,ca_dist_926_1460_A,chi5_deg,0.24043771462713878,0.15639316546737778,0.04604192694393347,0.04604192694393347,0.14762426901281667,0.3362403240984908
mZ944,ca_dist_384_1463_A,chi5_deg,0.19007526212591308,0.11098449366045024,0.4757349564437535,0.11098449366045024,0.2589315707433723,0.3361695215250202
Z944,ca_dist_1781_1820_A,chi4_deg,0.10288216717610721,0.12700332182246402,0.3403721312025071,0.10288216717610721,0.19008587340035943,0.335343320148409
mZ944,ca_dist_926_1459_A,chi5_deg,0.30137521716594284,0.1771589567930176,0.11034787288796244,0.11034787288796244,0.19629401561564097,0.33519335518513055
Z944,ca_dist_354_1461_A,chi6_deg,0.013090613770341932,0.02806866807160126,0.06488374205399783,0.013090613770341932,0.035347674631980346,0.33499192282772766
mZ944,ca_dist_356_1781_A,chi5_deg,0.2077033097278083,0.18891112507481214,0.5039068203612269,0.18891112507481214,0.3001737517212824,0.33494658327138055
mZ944,ca_dist_384_875_A,chi5_deg,0.12053621202911369,0.49944923499805943,0.3480525854977713,0.12053621202911369,0.32267934417498145,0.3349191708708194
Z944,ca_dist_354_1459_A,chi6_deg,0.06525184268762797,0.05397713655217305,0.10186214877824132,0.05397713655217305,0.07369704267268078,0.3344821180174036
mZ944,ca_dist_384_960_A,chi5_deg,0.14584377924747832,0.1622070896884026,0.2674883086108294,0.14584377924747832,0.19184639251557012,0.3336780365648544
Z944,ca_dist_354_926_A,chi3_deg,0.047877867825482284,0.12143620397335347,0.040119405501756536,0.040119405501756536,0.06981115910019743,0.3334695863823387
Z944,ca_dist_384_916_A,chi6_deg,0.07390255020386408,0.04046461193574916,0.0888462872679034,0.04046461193574916,0.06773781646917221,0.3334654047225748
Z944,ca_dist_384_948_A,chi1_deg,0.1427968437958756,0.1427521156832032,0.10567203086333403,0.10567203086333403,0.13040699678080428,0.3333980400451367
mZ944,ca_dist_1781_1816_A,chi5_deg,0.3097288578444518,0.23721035674375715,0.08305425883928128,0.08305425883928128,0.20999782447583007,0.3333477160134921
mZ944,ca_dist_923_1816_A,chi5_deg,0.1888355737260114,0.4321895274413169,0.22217629573448683,0.1888355737260114,0.28106713230060504,0.33333244719722627
mZ944,ca_dist_1778_1782_A,chi5_deg,0.0015352183737415456,0.12621067098312405,0.031099520576618026,0.0015352183737415456,0.05294846997782787,0.3331862937064168
Z944,ca_dist_354_1460_A,chi2_deg,0.16221616995240454,0.126067299829509,0.15274003556676288,0.126067299829509,0.14700783511622548,0.33318042873536985
mZ944,ca_dist_384_918_A,chi1_deg,0.035214771096496414,0.07811641557388156,0.07439000936894431,0.035214771096496414,0.06257373201310744,0.3329276795866464
Z944,ca_dist_918_1462_A,chi3_deg,0.16406207921105292,0.06225893127086469,0.031384037651025404,0.031384037651025404,0.08590168271098102,0.33289933230125934
mZ944,ca_dist_353_926_A,chi6_deg,0.09753573834505985,0.12527768139422227,0.1142318964349255,0.09753573834505985,0.11234843872473588,0.3328152904052172
Z944,ca_dist_384_872_A,chi1_deg,0.09296053512356976,0.13194725501813254,0.1178882085908974,0.09296053512356976,0.11426533291086656,0.3327899512164205
mZ944,ca_dist_1781_1816_A,chi2_deg,0.3717163612120479,0.0600494342789505,0.039219545083997526,0.039219545083997526,0.15699511352499862,0.3327780011936878
mZ944,ca_dist_354_1459_A,chi5_deg,0.33143800987715505,0.12805895572179427,0.2938066233617493,0.12805895572179427,0.25110119632023287,0.33211340621018665
mZ944,ca_dist_384_960_A,chi7_deg,0.08078985927422823,0.11748637461889143,0.046162548292321276,0.046162548292321276,0.08147959406181364,0.3320785989798769
mZ944,ca_dist_354_1780_A,chi5_deg,0.1770694070738365,0.18061697910523117,0.15516905722661345,0.15516905722661345,0.17095181446856036,0.331909866376728
mZ944,ca_dist_354_1460_A,chi1_deg,0.16320422471340654,0.09710801929241794,0.03210977123575733,0.03210977123575733,0.09747400508052727,0.33181239053659695
mZ944,ca_dist_354_1461_A,chi7_deg,0.266656713424408,0.018571790928572668,0.24766506149900994,0.018571790928572668,0.17763118861733018,0.3314926578635604
mZ944,ca_dist_1820_1462_A,chi4_deg,0.1789120168709588,0.6658133492041873,0.08262469146535177,0.08262469146535177,0.30911668584683266,0.33116657885847206
Z944,ca_dist_1777_1464_A,chi3_deg,0.008152100404297032,0.15130734668667556,0.06395723008973285,0.008152100404297032,0.07447222572690182,0.33071370892035157
Z944,ca_dist_384_875_A,chi1_deg,0.1266013888043031,0.12681290553104427,0.1010633631552133,0.1010633631552133,0.11815921916352022,0.33070369035384517
mZ944,ca_dist_354_1460_A,chi7_deg,0.41263761043510516,0.018491621425180252,0.21573906443154858,0.018491621425180252,0.21562276543061132,0.33043457359676975
mZ944,ca_dist_355_388_A,chi5_deg,0.04324027783521988,0.47714913959384736,0.31686875707111406,0.04324027783521988,0.2790860581667271,0.33040855548770465
mZ944,ca_dist_354_1460_A,chi5_deg,0.30499586376044574,0.165040379187692,0.3689019271356122,0.165040379187692,0.2796460566945833,0.33040649318587373
mZ944,ca_dist_925_1465_A,chi2_deg,0.1936743680302677,0.05431477656940825,0.3329331672503817,0.05431477656940825,0.19364077061668586,0.3297706412981716
mZ944,ca_dist_384_916_A,chi1_deg,0.04465279226259115,0.12112869162411681,0.04788067732972844,0.04465279226259115,0.0712207204054788,0.3296302376763244
mZ944,ca_dist_956_1464_A,chi5_deg,0.33077385708510193,0.4274641027071015,0.14378494431932992,0.14378494431932992,0.3006743013705111,0.32962046981211984
mZ944,ca_dist_384_919_A,chi3_deg,0.019761412303405036,0.2831479910810594,0.06101112582115521,0.019761412303405036,0.1213068430685399,0.32959966916297134
Z944,ca_dist_356_1782_A,chi3_deg,0.02127539292791944,0.06117328924650572,0.16412799228601185,0.02127539292791944,0.08219222482014567,0.3295841231948259
Z944,ca_dist_354_1460_A,chi6_deg,0.03137042473709619,0.05240402444167721,0.049989035804563785,0.03137042473709619,0.04458782832777906,0.3291850331722273
Z944,ca_dist_1777_1464_A,chi2_deg,0.11802960725046506,0.27787603136783656,0.06942856793871749,0.06942856793871749,0.15511140218567304,0.3286385599345492
Z944,ca_dist_926_1460_A,chi6_deg,0.037691395186020604,0.05128802248584804,0.02426068187515333,0.02426068187515333,0.037746699849007324,0.32804997182367324
mZ944,ca_dist_926_1459_A,chi3_deg,0.6119954026077461,0.06878566746023754,0.05821962445098945,0.05821962445098945,0.2463335648396577,0.32761874173412814
Z944,ca_dist_1776_1465_A,chi3_deg,0.06277765382641352,0.16342561532243746,0.058032896417202884,0.058032896417202884,0.09474538852201796,0.32760101002285574
Z944,ca_dist_1777_1782_A,chi7_deg,0.06058401627104759,0.13392145676249007,0.025277063278781448,0.025277063278781448,0.0732608454374397,0.32757327871784064
mZ944,ca_dist_355_387_A,chi5_deg,0.04238513769734545,0.5284651600950613,0.18583247789020607,0.04238513769734545,0.25222759189420424,0.32708088948278435
Z944,ca_dist_1778_1782_A,chi6_deg,0.12064083346016498,0.10544344627851228,0.08200774638520861,0.08200774638520861,0.10269734204129528,0.32700765777911955
mZ944,ca_dist_356_1781_A,chi1_deg,0.028715799463986603,0.12894409396546822,0.10473329838396861,0.028715799463986603,0.08746439727114115,0.32679816265645417
Z944,ca_dist_384_920_A,chi6_deg,0.07381830215092816,0.03817201594267302,0.07800511430415151,0.03817201594267302,0.06333181079925089,0.3261166469985344
mZ944,ca_dist_1777_1464_A,chi3_deg,0.4153887617634169,0.2001697898147469,0.06396308109255962,0.06396308109255962,0.22650721089024115,0.3257158838525565
mZ944,ca_dist_357_1462_A,chi5_deg,0.25436001487514426,0.3062619369816821,0.19062851625889898,0.19062851625889898,0.25041682270524174,0.3250331175250051
Z944,ca_dist_384_919_A,chi6_deg,0.08153576146904457,0.02130685184905525,0.09403987155373927,0.02130685184905525,0.0656274949572797,0.3246312057898688
Z944,ca_dist_1781_1820_A,chi7_deg,0.08246037579476148,0.061791376776981204,0.14651394432564585,0.061791376776981204,0.09692189896579617,0.324500941567043
Z944,ca_dist_357_1781_A,chi1_deg,0.0884504395967876,0.06971748513493127,0.0374688814041346,0.0374688814041346,0.06521226871195115,0.3244581255550986
mZ944,ca_dist_351_357_A,chi5_deg,0.061295441282514636,0.10205125593110728,0.4071524188909125,0.061295441282514636,0.1901663720348448,0.3242765688461032
mZ944,ca_dist_357_1461_A,chi5_deg,0.1259062206519567,0.10601222093726977,0.32137595113774103,0.10601222093726977,0.1844314642423225,0.32421453163421954
mZ944,ca_dist_354_1780_A,chi6_deg,0.12871558537042932,0.06287504160941543,0.07688738596868164,0.06287504160941543,0.08949267098284212,0.324156675566425
Z944,ca_dist_925_1459_A,chi7_deg,0.03795528153409322,0.009167666890876006,0.07508754028675325,0.009167666890876006,0.04073682957057416,0.3239905461428685
mZ944,ca_dist_1776_1464_A,chi3_deg,0.2685809659726974,0.25655039968788035,0.14636938433378477,0.14636938433378477,0.2238335833314542,0.3236436387397783
mZ944,ca_dist_357_1460_A,chi5_deg,0.1878687852304001,0.18149529398605624,0.2741143112013251,0.18149529398605624,0.21449279680592714,0.3227437228798124
mZ944,ca_dist_926_1459_A,chi2_deg,0.45842813477499833,0.2896741899323665,0.3403275860494743,0.2896741899323665,0.36280997025227973,0.32251555929386794
mZ944,ca_dist_357_1782_A,chi7_deg,0.49408041829914856,0.03224175821479018,0.08441590205559152,0.03224175821479018,0.20357935952317674,0.3224286958192988
Z944,ca_dist_384_926_A,chi6_deg,0.10386283509135719,0.021200683018151926,0.11407455697473519,0.021200683018151926,0.0797126916947481,0.3218498494094497
mZ944,ca_dist_351_357_A,chi6_deg,0.058521340032913045,0.057070077942822976,0.12804270375286272,0.057070077942822976,0.08121137390953291,0.321796101763354
mZ944,ca_dist_1776_1782_A,chi5_deg,0.19685920544771393,0.09991286898684505,0.1118054610641847,0.09991286898684505,0.13619251183291456,0.3209895594578783
mZ944,ca_dist_1816_1463_A,chi5_deg,0.11786460093310634,0.39722244730236383,0.04594578756206376,0.04594578756206376,0.18701094526584464,0.32085087186683964
mZ944,ca_dist_357_1461_A,chi6_deg,0.16881565671773774,0.09779721136076328,0.09884685330692121,0.09779721136076328,0.12181990712847408,0.32067864852929834
mZ944,ca_dist_1778_1464_A,chi3_deg,0.34008391200873084,0.2346739212680873,0.06680965985856228,0.06680965985856228,0.21385583104512682,0.320614257971983
Z944,ca_dist_354_1459_A,chi3_deg,0.08192358284583551,0.06394009113267483,0.18497741692333275,0.06394009113267483,0.1102803636339477,0.32017519241192977
Z944,ca_dist_384_872_A,chi6_deg,0.03218724328159566,0.05574152040753935,0.12397540079459696,0.03218724328159566,0.07063472149457732,0.32008165591834675
Z944,ca_dist_357_1780_A,chi2_deg,0.07777309776858897,0.13286161935918078,0.11704636389915649,0.07777309776858897,0.10922702700897542,0.31945423363766684
Z944,ca_dist_926_1460_A,chi3_deg,0.15860881962285173,0.2298943987632432,0.1006553294866841,0.1006553294866841,0.16305284929092634,0.31933997040183815
Z944,ca_dist_926_1461_A,chi3_deg,0.101744079662672,0.09508923465043219,0.1981959214276552,0.09508923465043219,0.13167641191358645,0.31851469898994317
mZ944,ca_dist_925_1459_A,chi2_deg,0.4340002214329422,0.2447559631506369,0.36257610150786845,0.2447559631506369,0.3471107620304825,0.31842045298327326
mZ944,ca_dist_384_950_A,chi7_deg,0.2811737340608223,0.14196624712728195,0.10228655722809647,0.10228655722809647,0.1751421794720669,0.31808566738470345
mZ944,ca_dist_926_1461_A,chi5_deg,0.09214404383331977,0.12440049190301473,0.007031521416657924,0.007031521416657924,0.0745253523843308,0.31749321734342484
Z944,ca_dist_1776_1465_A,chi7_deg,0.06465847103949103,0.029546653178036935,0.026718365813871898,0.026718365813871898,0.04030783001046662,0.31724523905771634
mZ944,ca_dist_351_357_A,chi7_deg,0.02520994344809104,0.0479793138034225,0.09985372152100908,0.02520994344809104,0.0576809929241742,0.31606058178046315
mZ944,ca_dist_925_1463_A,chi7_deg,0.04866584307835661,0.033174263063830645,0.07589947798103548,0.033174263063830645,0.05257986137440759,0.31599080370845095
Z944,ca_dist_354_1780_A,chi1_deg,0.04736659888920294,0.0922268393378444,0.02919122483301465,0.02919122483301465,0.056261554353354,0.3156902516521978
mZ944,ca_dist_925_1465_A,chi1_deg,0.16916790368651372,0.014933604782212099,0.06676468728258017,0.014933604782212099,0.08362206525043532,0.3150077792879922
mZ944,ca_dist_1816_1463_A,chi6_deg,0.19161244692309012,0.20171668173681215,0.050534514975336654,0.050534514975336654,0.14795454787841297,0.31496744065321947
mZ944,ca_dist_357_1460_A,chi7_deg,0.22904129492520367,0.003759536877881811,0.16942031882120498,0.003759536877881811,0.13407371687476347,0.3145002008576389
Z944,ca_dist_354_1460_A,chi3_deg,0.10464160097127059,0.11617674420894121,0.25492297318870577,0.10464160097127059,0.15858043945630587,0.31391364930182253
mZ944,ca_dist_357_1780_A,chi7_deg,0.6281487184662798,0.04635231589743641,0.05203712598891617,0.04635231589743641,0.2421793867842108,0.31347717840517414
mZ944,ca_dist_926_1466_A,chi2_deg,0.44011168718927723,0.09689383414892197,0.34471451893554494,0.09689383414892197,0.29390668009124804,0.3128640762066748
Z944,ca_dist_384_876_A,chi6_deg,0.028238443789708138,0.03741733207983486,0.08573641543969783,0.028238443789708138,0.050464063769746936,0.31281403809380637
mZ944,ca_dist_1776_1782_A,chi7_deg,0.4580788689709907,0.018992910745374545,0.03012818906357867,0.018992910745374545,0.16906665625998132,0.3120815794653936
mZ944,ca_dist_925_1465_A,chi7_deg,0.47961936526544496,0.03859910023917476,0.20626476327261245,0.03859910023917476,0.24149440959241072,0.31191511206858785
Z944,ca_dist_384_921_A,chi6_deg,0.09777480847150329,0.032655247055991765,0.09907431186408346,0.032655247055991765,0.07650145579719282,0.31176357004640665
mZ944,ca_dist_351_356_A,chi6_deg,0.0611993419309097,0.10232434941994091,0.14702525181001438,0.0611993419309097,0.10351631438695501,0.3116021556202421
mZ944,ca_dist_357_1781_A,chi7_deg,0.16753185349767954,0.01752573039136469,0.06844376965860792,0.01752573039136469,0.08450045118255071,0.30995980712024135
Z944,ca_dist_355_924_A,chi3_deg,0.03919495818185934,0.12399397503094808,0.018131746809454712,0.018131746809454712,0.060440226674087376,0.3090558721921699
Z944,ca_dist_1778_1782_A,chi2_deg,0.15505622782768064,0.10958772745114129,0.20780378188478546,0.10958772745114129,0.15748257905453578,0.3087350093866042
Z944,ca_dist_1776_1782_A,chi7_deg,0.050186789160361164,0.07110480159473653,0.014630080051183207,0.014630080051183207,0.04530722360209363,0.3085533344980286
Z944,ca_dist_357_1782_A,chi1_deg,0.0896042933846398,0.11159585528880837,0.029377084594915504,0.029377084594915504,0.07685907775612122,0.3074222659082668
mZ944,ca_dist_926_1463_A,chi7_deg,0.15228167035605183,0.03571451775512562,0.167902712544561,0.03571451775512562,0.11863296688524616,0.30734497412394957
Z944,ca_dist_926_1459_A,chi3_deg,0.1295986094667595,0.15387310329783963,0.03828723248533209,0.03828723248533209,0.10725298174997709,0.3071014044812802
Z944,ca_dist_384_917_A,chi6_deg,0.08033839433060157,0.03193885719021817,0.08270989289752348,0.03193885719021817,0.06499571480611441,0.30522444317817005
mZ944,ca_dist_354_1459_A,chi7_deg,0.5518207524345284,0.09736940083864253,0.2702453676086243,0.09736940083864253,0.3064785069605984,0.3050329844456481
Z944,ca_dist_1776_1782_A,chi1_deg,0.10211618301938431,0.12790226651356257,0.05543981260285617,0.05543981260285617,0.09515275404526768,0.30454497662238744
Z944,ca_dist_384_1465_A,chi1_deg,0.0602441712999071,0.1460984995067401,0.05630671421358341,0.05630671421358341,0.08754979500674354,0.3041473541189899
Z944,ca_dist_1776_1782_A,chi5_deg,0.06274741079009549,0.16821615959198055,0.026688028870308706,0.026688028870308706,0.08588386641746158,0.30392970803133396
mZ944,ca_dist_384_875_A,chi7_deg,0.1532066928135146,0.14543424768265417,0.06883193987489089,0.06883193987489089,0.12249096012368654,0.3034057893180045
mZ944,ca_dist_1776_1781_A,chi5_deg,0.2536584235795327,0.04430943579538148,0.07166133064519664,0.04430943579538148,0.12320973000670361,0.30267922436523437
Z944,ca_dist_356_1781_A,chi6_deg,0.08825911946818875,0.04093508351846663,0.11590914665425066,0.04093508351846663,0.08170111654696867,0.302105327560811
Z944,ca_dist_1781_1816_A,chi4_deg,0.08673525505561146,0.14325521151427661,0.2132950320438239,0.08673525505561146,0.14776183287123734,0.30137369545460874
Z944,ca_dist_356_925_A,chi7_deg,0.10052303989433592,0.06460141077778613,0.11684920450839262,0.06460141077778613,0.09399121839350488,0.30082176375622294
Z944,ca_dist_926_1466_A,chi4_deg,0.07004287498119666,0.1571536352438577,0.09210303743692085,0.07004287498119666,0.10643318255399174,0.30022984265429176
mZ944,ca_dist_357_1780_A,chi6_deg,0.14737148111138487,0.1903140382945807,0.03664198462236974,0.03664198462236974,0.12477583467611177,0.3001933723546697
Z944,ca_dist_1816_1463_A,chi5_deg,0.12419632756692169,0.23424293639494986,0.10392026024196947,0.10392026024196947,0.15411984140128035,0.29990425797390957
mZ944,ca_dist_357_1461_A,chi1_deg,0.14252307697623956,0.10613365563081213,0.027870555821496914,0.027870555821496914,0.09217576280951618,0.29914853179702533
mZ944,ca_dist_1820_1463_A,chi5_deg,0.07968449440565403,0.4362037078737278,0.11600267051491803,0.07968449440565403,0.21063029093143326,0.29856203295270406
mZ944,ca_dist_1777_1782_A,chi3_deg,0.07174762922595851,0.20438210740033913,0.0336831661728738,0.0336831661728738,0.10327096759972382,0.298518604599523
mZ944,ca_dist_357_1461_A,chi7_deg,0.17302901155844508,0.04217564790521499,0.2307338504029369,0.04217564790521499,0.14864616995553234,0.29763484261529527
Z944,ca_dist_353_926_A,chi1_deg,0.12050660721896168,0.04384167986502204,0.02685295170434743,0.02685295170434743,0.06373374626277704,0.2976274335841374
Z944,ca_dist_384_960_A,chi1_deg,0.08409781726817477,0.11240652352098422,0.08090515909310014,0.08090515909310014,0.09246983329408638,0.29748707341678543
Z944,ca_dist_1777_1465_A,chi3_deg,0.013663358302255273,0.09513787897633771,0.14907020016438613,0.013663358302255273,0.08595714581432638,0.29689119314375834
mZ944,ca_dist_956_1464_A,chi6_deg,0.20349376864627094,0.21071894871048782,0.06186280959385955,0.06186280959385955,0.15869184231687278,0.29661398852043774
Z944,ca_dist_353_926_A,chi3_deg,0.012879633938701025,0.10187243011600415,0.01628547476438791,0.012879633938701025,0.04367917960636436,0.29527158433138123
mZ944,ca_dist_1776_1464_A,chi7_deg,0.24911887560449208,0.14457959998432868,0.14971732099507365,0.14457959998432868,0.18113859886129813,0.29524378783389676
mZ944,ca_dist_353_1461_A,chi2_deg,0.20433293549496168,0.10861362278569898,0.11287312182622883,0.10861362278569898,0.14193989336896315,0.29410486758504545
mZ944,ca_dist_1778_1464_A,chi7_deg,0.16653997138194776,0.12007083752635846,0.05370487967517476,0.05370487967517476,0.11343856286116032,0.293389922594201
mZ944,ca_dist_387_955_A,chi6_deg,0.009747592719081107,0.2961663545572541,0.08739417438631847,0.009747592719081107,0.13110270722088455,0.29220109063681493
mZ944,ca_dist_357_1462_A,chi4_deg,0.29930554428235273,0.293480647828873,0.03183233683132886,0.03183233683132886,0.2082061763141849,0.2916062203640518
mZ944,ca_dist_357_1462_A,chi7_deg,0.3849551170501984,0.018256910161725474,0.09432208075843815,0.018256910161725474,0.16584470265678733,0.29067047209558056
mZ944,ca_dist_1820_1463_A,chi7_deg,0.18178218131375257,0.064202402426886,0.0768554367848422,0.064202402426886,0.10761334017516026,0.28661582241368355
mZ944,ca_dist_384_921_A,chi1_deg,0.07335285303243173,0.07458560109617607,0.07551389448554145,0.07335285303243173,0.07448411620471641,0.28556403128950947
mZ944,ca_dist_357_1781_A,chi1_deg,0.06400501758759346,0.17810388507572197,0.0804261281450441,0.06400501758759346,0.10751167693611985,0.28455626235301373
Z944,ca_dist_1776_1782_A,chi6_deg,0.14321605494599254,0.07347635331725715,0.03659889273922435,0.03659889273922435,0.08443043366749135,0.28162445097932065
Z944,ca_dist_1781_1816_A,chi3_deg,0.0478031876251329,0.07411093287724864,0.19434228484060553,0.0478031876251329,0.10541880178099568,0.2813593292293907
mZ944,ca_dist_384_948_A,chi6_deg,0.03788101629562012,0.2632665304376223,0.09776001870134925,0.03788101629562012,0.13296918847819725,0.2811729117989539
mZ944,ca_dist_387_955_A,chi1_deg,0.06968569801583653,0.19111023992238993,0.0863228549827861,0.06968569801583653,0.11570626430700419,0.2774769785548831
Z944,ca_dist_925_1459_A,chi4_deg,0.018439902884976496,0.07860134036064473,0.18791239324773773,0.018439902884976496,0.0949845454977863,0.2771200414806205
mZ944,ca_dist_1776_1781_A,chi7_deg,0.33937156042670097,0.023139889055555033,0.020226100216637094,0.020226100216637094,0.12757918323296435,0.27686087148066796
mZ944,ca_dist_384_875_A,chi1_deg,0.09393695661350451,0.14125963052456467,0.0200873935698593,0.0200873935698593,0.08509466023597616,0.27481084187336025
mZ944,ca_dist_1776_1465_A,chi7_deg,0.37060918321921943,0.1313003008314441,0.0439404186045779,0.0439404186045779,0.1819499675517471,0.27427353423348166
Z944,ca_dist_1781_1816_A,chi7_deg,0.01145792620383776,0.04168668252803907,0.14776562483692599,0.01145792620383776,0.0669700778562676,0.2735224280427666
Z944,ca_dist_1776_1781_A,chi6_deg,0.13026402752845972,0.042544761895313726,0.042183007255751484,0.042183007255751484,0.07166393222650831,0.27262492942225103
mZ944,ca_dist_384_872_A,chi1_deg,0.10804411061175949,0.10293814231975323,0.05267297410154401,0.05267297410154401,0.0878850756776856,0.27146861231664093
mZ944,ca_dist_357_1460_A,chi6_deg,0.2070287317265085,0.1544192252730321,0.07423548119210785,0.07423548119210785,0.1452278127305495,0.27144124314031165
mZ944,ca_dist_1816_1463_A,chi4_deg,0.11382189346069391,0.46477136021884813,0.0987033060433914,0.0987033060433914,0.22576551990764449,0.2706208839830906
mZ944,ca_dist_384_920_A,chi1_deg,0.034378814269804915,0.07288681738449697,0.05437397648959768,0.034378814269804915,0.05387986938129986,0.2701331510798173
Z944,ca_dist_923_1816_A,chi6_deg,0.06225847564242764,0.03420427419623568,0.05008058849789095,0.03420427419623568,0.048847779445518096,0.26995144638106694
Z944,ca_dist_384_918_A,chi6_deg,0.09837895727261402,0.019677914519260698,0.09099655269831144,0.019677914519260698,0.06968447483006206,0.26842809611370166
Z944,ca_dist_353_1461_A,chi6_deg,0.04248130667391215,0.030845375983037968,0.060074764597267474,0.030845375983037968,0.0444671490847392,0.2673558628229133
Z944,ca_dist_357_1462_A,chi1_deg,0.03966011933215441,0.09595137621101246,0.06270155862726637,0.03966011933215441,0.06610435139014441,0.2654167773906646
Z944,ca_dist_384_1463_A,chi4_deg,0.17523974802286116,0.05906193012101424,0.05663709280475688,0.05663709280475688,0.09697959031621077,0.26306441725260266
mZ944,ca_dist_384_875_A,chi6_deg,0.03210901847497777,0.26910561536681216,0.10765653081126494,0.03210901847497777,0.13629038821768494,0.2601640022887257
mZ944,ca_dist_384_926_A,chi7_deg,0.05334833276139053,0.2373190399565698,0.08124542824616195,0.05334833276139053,0.12397093365470742,0.25905144574174216
Z944,ca_dist_351_357_A,chi7_deg,0.054377488455453905,0.11782098311792039,0.09418577302513946,0.054377488455453905,0.08879474819950457,0.25799625499511236
mZ944,ca_dist_353_926_A,chi3_deg,0.11739920662482256,0.14404697076002143,0.012676014131586012,0.012676014131586012,0.09137406383881001,0.25777687063354326
mZ944,ca_dist_356_1781_A,chi6_deg,0.12560510546804976,0.058802907454263094,0.10988141873406668,0.058802907454263094,0.09809647721879318,0.25765257863456553
mZ944,ca_dist_384_1465_A,chi1_deg,0.1415041917845147,0.08046401952666969,0.13094188876907292,0.08046401952666969,0.11763670002675243,0.2570790570942521
mZ944,ca_dist_384_876_A,chi1_deg,0.06533218716926452,0.13038151652363933,0.046070608764940735,0.046070608764940735,0.08059477081928153,0.2556621129444651
mZ944,ca_dist_351_356_A,chi5_deg,0.03587581086702925,0.04078332510397645,0.37611366391188494,0.03587581086702925,0.15092426662763023,0.25529237881978456
Z944,ca_dist_1778_1465_A,chi3_deg,0.006035053968212496,0.134262397372077,0.09894699859945183,0.006035053968212496,0.07974814997991378,0.254929481793778
Z944,ca_dist_384_919_A,chi7_deg,0.028146017859710607,0.1559196615726903,0.09100717968134936,0.028146017859710607,0.09169095303791674,0.25305347638463677
Z944,ca_dist_384_1465_A,chi3_deg,0.06646483462669181,0.06151843420386431,0.05633530916320199,0.05633530916320199,0.06143952599791936,0.25226100223839676
Z944,ca_dist_384_1463_A,chi3_deg,0.0814892910096702,0.0658378383720349,0.14448589140446075,0.0658378383720349,0.09727100692872197,0.2521162911586658
mZ944,ca_dist_356_1782_A,chi6_deg,0.1568283089159816,0.12039152414801946,0.08208684015263278,0.08208684015263278,0.11976889107221128,0.25125000063980096
mZ944,ca_dist_355_387_A,chi7_deg,0.07880299418759278,0.07639636194822527,0.2022365428682634,0.07639636194822527,0.11914529966802716,0.2501935038684828
mZ944,ca_dist_353_926_A,chi1_deg,0.05467106928266456,0.043653973606532316,0.06575384901191422,0.043653973606532316,0.05469296396703704,0.24853893539841523
mZ944,ca_dist_926_1460_A,chi2_deg,0.41247628292921024,0.18320387658999593,0.23005861226622848,0.18320387658999593,0.27524625726181157,0.24813922520736093
mZ944,ca_dist_384_917_A,chi6_deg,0.043868829909865785,0.0757633971026526,0.11070489778815601,0.043868829909865785,0.07677904160022479,0.2467775607259517
Z944,ca_dist_384_1465_A,chi6_deg,0.05922259436522708,0.06476280017040471,0.09915018579869637,0.05922259436522708,0.0743785267781094,0.24667898225649684
mZ944,ca_dist_353_1461_A,chi7_deg,0.14112888568804102,0.10268730283929545,0.1831854837768415,0.10268730283929545,0.14233389076805933,0.24492496299510141
Z944,ca_dist_1778_1464_A,chi7_deg,0.06910363018484403,0.048464431197000196,0.009066880420928148,0.009066880420928148,0.042211647267590795,0.2447920315221579
mZ944,ca_dist_384_1465_A,chi6_deg,0.13008033305461242,0.12003427808616912,0.12386498152627982,0.12003427808616912,0.1246598642223538,0.24410005249816324
Z944,ca_dist_351_356_A,chi7_deg,0.05554095073298481,0.13915311925276452,0.04747929861090522,0.04747929861090522,0.08072445619888485,0.2359884244003657
Z944,ca_dist_384_1463_A,chi1_deg,0.03877370711320993,0.11738648076437447,0.04001041177577909,0.03877370711320993,0.06539019988445449,0.23301675554444556
Z944,ca_dist_384_926_A,chi1_deg,0.04761270115641871,0.12330344478931149,0.10706513646893027,0.04761270115641871,0.0926604274715535,0.23190038784318198
Z944,ca_dist_1777_1464_A,chi7_deg,0.10263024922161394,0.06597141575086354,0.010520612614439897,0.010520612614439897,0.05970742586230579,0.23065893942358745
Z944,ca_dist_357_1461_A,chi5_deg,0.12762791506896934,0.10827465278992117,0.0652383120915876,0.0652383120915876,0.10038029331682603,0.22744832361398062
Z944,ca_dist_357_1460_A,chi5_deg,0.14691792942147974,0.11458333883750779,0.06484080639407817,0.06484080639407817,0.10878069155102192,0.2266989446572092
mZ944,ca_dist_925_1461_A,chi6_deg,0.02605816142897776,0.07057609564659346,0.0629313439383344,0.02605816142897776,0.053188533671301864,0.22629324576575374
Z944,ca_dist_926_1466_A,chi5_deg,0.15743250266098063,0.04160596446331919,0.08026502125552956,0.04160596446331919,0.09310116279327646,0.22586660708938225
Z944,ca_dist_355_924_A,chi7_deg,0.07969983269975855,0.10290957871809517,0.03559305166423929,0.03559305166423929,0.07273415436069768,0.2256507781080601
mZ944,ca_dist_923_1816_A,chi2_deg,0.27022400150264886,0.3258734240854607,0.04539593700377425,0.04539593700377425,0.21383112086396125,0.22545000533738743
mZ944,ca_dist_357_1462_A,chi6_deg,0.2536322283388405,0.18467704084765832,0.03199947748869934,0.03199947748869934,0.15676958222506607,0.22263090447382713
mZ944,ca_dist_357_1781_A,chi6_deg,0.1118041075482924,0.12232213643077575,0.07606870673523274,0.07606870673523274,0.10339831690476696,0.2220163138424459
Z944,ca_dist_356_925_A,chi2_deg,0.4748325457323026,0.15743922958613152,0.029146178918765333,0.029146178918765333,0.22047265141239983,0.2218478258362903
mZ944,ca_dist_384_1466_A,chi1_deg,0.06972339619543516,0.11781454712530838,0.1185830909128888,0.06972339619543516,0.10204034474454411,0.2217727572796794
Z944,ca_dist_384_1463_A,chi6_deg,0.053096761302106235,0.07655296654579723,0.08587686780657748,0.053096761302106235,0.07184219855149365,0.22102030628048958
Z944,ca_dist_384_1466_A,chi6_deg,0.0772372181675238,0.038141187674231504,0.10856065899150119,0.038141187674231504,0.07464635494441883,0.21696455766905304
Z944,ca_dist_356_1781_A,chi1_deg,0.10926911448085437,0.060548854892741186,0.021692053619499878,0.021692053619499878,0.06383667433103181,0.21520405627001826
mZ944,ca_dist_384_921_A,chi6_deg,0.09406928012786463,0.0653170816880127,0.11522557906306466,0.0653170816880127,0.09153731362631401,0.21409580893490943
Z944,ca_dist_357_1782_A,chi6_deg,0.10448340888520884,0.016287870360459294,0.0678198190542271,0.016287870360459294,0.0628636994332984,0.21339965206466452
Z944,ca_dist_384_948_A,chi6_deg,0.03771151757638208,0.059399272143696044,0.11241640207840664,0.03771151757638208,0.0698423972661616,0.21300289223721594
mZ944,ca_dist_1777_1782_A,chi1_deg,0.06556227551497928,0.0380891526476514,0.0762272659262238,0.0380891526476514,0.05995956469628483,0.20937003208697172
mZ944,ca_dist_918_1462_A,chi6_deg,0.2614583884800152,0.2072841212437401,0.03639872214102098,0.03639872214102098,0.16838041062159212,0.2067138069939087
Z944,ca_dist_355_387_A,chi5_deg,0.13582384655962548,0.014559741783778285,0.04179771458246405,0.014559741783778285,0.06406043430862261,0.20617645440013388
Z944,ca_dist_357_1462_A,chi5_deg,0.11590335978967965,0.18850814734551993,0.07098176921157863,0.07098176921157863,0.12513109211559273,0.20527227667678968
Z944,ca_dist_354_1460_A,chi5_deg,0.10449190474770097,0.13333235068381266,0.08000037383027,0.08000037383027,0.10594154308726123,0.20421937685299466
mZ944,ca_dist_384_920_A,chi6_deg,0.03947159189062233,0.056528813049323244,0.11694879096648673,0.03947159189062233,0.0709830653021441,0.20147842173277034
Z944,ca_dist_353_355_A,chi7_deg,0.03616021967746328,0.1633960185883096,0.028454360235298258,0.028454360235298258,0.07600353283369038,0.19915950070625887
Z944,ca_dist_357_1782_A,chi3_deg,0.032515943248713375,0.06221890229624329,0.2289336107955097,0.032515943248713375,0.10788948544682213,0.19899389685088734
mZ944,ca_dist_1820_1462_A,chi7_deg,0.38999201567600195,0.13026243266769766,0.14417636741442663,0.13026243266769766,0.2214769385860421,0.19679452924869184
mZ944,ca_dist_384_950_A,chi6_deg,0.06284919153521437,0.281071205531351,0.08989793210162482,0.06284919153521437,0.14460610972273008,0.19314335721676892
Z944,ca_dist_925_1461_A,chi3_deg,0.06374683047577501,0.09353415971627918,0.06549262540463634,0.06374683047577501,0.0742578718655635,0.19270488772526453
mZ944,ca_dist_1778_1782_A,chi1_deg,0.09332711316547729,0.04399300930502242,0.07300042725394364,0.04399300930502242,0.07010684990814779,0.19043713649165045
Z944,ca_dist_356_925_A,chi5_deg,0.10775905793092941,0.2236876247991218,0.0289746905008603,0.0289746905008603,0.12014045774363717,0.18663952765954012
Z944,ca_dist_354_1461_A,chi3_deg,0.06692731908879414,0.03942276304716334,0.27712714341514527,0.03942276304716334,0.12782574185036757,0.18641877795387807
mZ944,ca_dist_384_872_A,chi6_deg,0.019465666926106222,0.20111148432090167,0.10231901239401185,0.019465666926106222,0.10763205454700658,0.183172555617446
mZ944,ca_dist_926_1466_A,chi7_deg,0.3873253577795533,0.057094263570226705,0.10538581991511349,0.057094263570226705,0.18326848042163116,0.18207979810829125
mZ944,ca_dist_956_1464_A,chi4_deg,0.29594031141975685,0.5077137620120669,0.03278017499393611,0.03278017499393611,0.27881141614191995,0.17786276213603125
Z944,ca_dist_357_1781_A,chi6_deg,0.15068837108591418,0.02269029347676126,0.11248070319636712,0.02269029347676126,0.09528645591968087,0.17623102374013572
mZ944,ca_dist_384_1463_A,chi1_deg,0.08292768211427386,0.037538968575166,0.1384498750644635,0.037538968575166,0.08630550858463444,0.17603166201542197
Z944,ca_dist_926_1466_A,chi3_deg,0.00476807657178525,0.026233616148964266,0.022554074402515226,0.00476807657178525,0.01785192237442158,0.17602613546858234
Z944,ca_dist_926_1463_A,chi3_deg,0.04645914787341284,0.08550389433502266,0.005062899597591995,0.005062899597591995,0.04567531393534249,0.1744458105518861
Z944,ca_dist_926_1459_A,chi2_deg,0.29069073634581816,0.19057819343414162,0.07962209033751176,0.07962209033751176,0.1869636733724905,0.17023050791862498
Z944,ca_dist_354_1461_A,chi5_deg,0.06829673184083349,0.07732781379252147,0.07786407547676735,0.06829673184083349,0.07449620703670744,0.16824936634304188
Z944,ca_dist_926_1459_A,chi7_deg,0.051901163253689944,0.024078784053430384,0.006929855433564433,0.006929855433564433,0.027636600913561585,0.16623035521572618
mZ944,ca_dist_1776_1781_A,chi2_deg,0.2679745859201094,0.31833984886449823,0.03261338619880151,0.03261338619880151,0.20630927366113638,0.16342644546449941
Z944,ca_dist_926_1460_A,chi5_deg,0.12617406750467558,0.26667806270499766,0.027663476328193503,0.027663476328193503,0.1401718688459556,0.1631046803352157
mZ944,ca_dist_351_357_A,chi1_deg,0.08594076566177346,0.024497154901702678,0.11640580780965319,0.024497154901702678,0.07561457612437644,0.15755684186778907
Z944,ca_dist_926_1460_A,chi7_deg,0.1203267337426854,0.0326684231001736,0.10664032717144993,0.0326684231001736,0.08654516133810297,0.1564977415733482
mZ944,ca_dist_1820_1463_A,chi4_deg,0.08476076510892984,0.6157394370112684,0.07874502527153257,0.07874502527153257,0.25974840913057695,0.15559149597779653
Z944,ca_dist_926_1461_A,chi7_deg,0.06115041780414096,0.0012853056162775152,0.035132001429224693,0.0012853056162775152,0.032522574949881054,0.15207671185769409
mZ944,ca_dist_925_1463_A,chi4_deg,0.06633433162864837,0.1168361388095189,0.15714943169676304,0.06633433162864837,0.1134399673783101,0.15116593338275652
Z944,ca_dist_926_1460_A,chi2_deg,0.359027842277402,0.25042955019341495,0.047004258645115045,0.047004258645115045,0.2188205503719773,0.1500725875862211
mZ944,ca_dist_353_1461_A,chi4_deg,0.18992596033941664,0.14040202128414056,0.09030799056735965,0.09030799056735965,0.14021199073030563,0.1490206454526825
mZ944,ca_dist_926_1459_A,chi4_deg,0.3295478958164488,0.352449912617013,0.1480223123796979,0.1480223123796979,0.27667337360438654,0.1475124168823876
mZ944,ca_dist_384_960_A,chi6_deg,0.05884028689912657,0.09429413728305913,0.07645422928975355,0.05884028689912657,0.07652955115731308,0.13876672706073956
Z944,ca_dist_923_1816_A,chi5_deg,0.17806461203122345,0.10858386334695791,0.05909161421951284,0.05909161421951284,0.11524669653256474,0.13450784930114004
mZ944,ca_dist_355_387_A,chi6_deg,0.06220601992664507,0.3003244767235383,0.0661184143499033,0.06220601992664507,0.1428829703333622,0.13412418479234856
mZ944,ca_dist_353_1461_A,chi6_deg,0.05353841482012624,0.04598263295367695,0.0396103348866022,0.0396103348866022,0.04637712755346846,0.13367518610364446
Z944,ca_dist_384_920_A,chi7_deg,0.02600855636522902,0.1563367935158848,0.10220217141057199,0.02600855636522902,0.09484917376389528,0.13366271481611536
mZ944,ca_dist_926_1460_A,chi4_deg,0.2605413119067107,0.2550165504093561,0.15770742954875666,0.15770742954875666,0.22442176395494115,0.13144219576487534
Z944,ca_dist_1781_1820_A,chi6_deg,0.06496629695631556,0.0678365831885892,0.060240064018622745,0.060240064018622745,0.06434764805450917,0.12266267321144593
mZ944,ca_dist_1777_1782_A,chi2_deg,0.02433222822239791,0.3231386758874181,0.07720142226934597,0.02433222822239791,0.14155744212638732,0.10767941037198818
Z944,ca_dist_355_924_A,chi5_deg,0.046055777529323064,0.2353497452874212,0.0338022918809781,0.0338022918809781,0.10506927156590745,0.107211101353256
mZ944,ca_dist_925_1459_A,chi4_deg,0.3234996744372132,0.2866213907592565,0.17149685423435998,0.17149685423435998,0.26053930647694323,0.10664606961599002
Z944,ca_dist_384_960_A,chi6_deg,0.01853894246233194,0.061603011044979464,0.05301090169570844,0.01853894246233194,0.04438428506767328,0.09754028437016819
mZ944,ca_dist_357_1782_A,chi6_deg,0.13672784464205157,0.20712085020332938,0.02516502819688179,0.02516502819688179,0.1230045743474209,0.0858111429144144
Z944,ca_dist_926_1463_A,chi2_deg,0.08851321555686886,0.12022505885250763,0.06932923909770383,0.06932923909770383,0.09268917116902677,0.08531540242570795
Z944,ca_dist_1776_1781_A,chi5_deg,0.046458378526603346,0.06889605334920552,0.03461544076162162,0.03461544076162162,0.04998995754581017,0.07164689229600478
mZ944,ca_dist_926_1463_A,chi4_deg,0.045138010640725645,0.0961182540291996,0.12273600231484673,0.045138010640725645,0.08799742232825732,0.04444340597003027
mZ944,ca_dist_923_1816_A,chi6_deg,0.2187061394249614,0.21570138098784597,0.10762950947049058,0.10762950947049058,0.1806790099610993,0.02512890550457903
mZ944,ca_dist_926_1461_A,chi6_deg,0.030548214116189926,0.07741540067204458,0.04369417518126546,0.030548214116189926,0.05055259665649999,0.007322580617130165
