system,resid,resname,VDW_mean,VDW_std,ELEC_mean,ELEC_std,TOTAL_mean,TOTAL_std
Z944,1388,PRO,-8.760186185079375e-06,2.5196240648860312e-06,0.00026861632237061735,0.00023725132397486095,0.0002598561361855355,0.00023494138656246364
Z944,1389,ILE,-0.0013395466494450666,0.0008861315454699906,0.0007848860817608695,0.0006369917849252261,-0.0005546605676842,0.00034468087028189455
Z944,1390,GLY,-3.101387991890263e-06,5.886284450971536e-06,0.0002606075222570748,0.0002412586025285623,0.00025750613426516627,0.0002354224144657207
Z944,1391,ASN,1.4487316563824083e-06,9.96723453848923e-06,0.00026434426558978147,0.00023497814182533373,0.00026579299724615674,0.00022501091453034104
Z944,1392,ILE,-0.0006935474765771667,0.0003685485543624419,0.00046452809256731066,0.00043659345069934534,-0.00022901938400982642,0.00027015330914536645
Z944,1393,VAL,-0.0002123965303327124,0.0001769873826985452,0.0003077884399806204,0.0002809200253887553,9.539190964787433e-05,0.00015283123271972403
Z944,1394,VAL,-8.557154735202339e-08,2.8290409565949448e-06,0.00026300665189256286,0.0002368076372253743,0.00026292108034522125,0.0002376085279020281
Z944,1395,ILE,-1.619338812409874e-05,6.80002074457664e-06,0.0002665294663567039,0.00023456447431237747,0.00025033607823263113,0.00022965565908235997
Z944,1396,CYS,-0.0025690201521886666,0.0009190309660716164,0.0014996444939889997,0.000240043653249645,-0.0010693756581995667,0.000693592092022346
Z944,1397,CYS,-2.9035640817399116e-05,3.461332747775632e-05,0.0002675161295221305,0.00023346993183790259,0.00023848048870474554,0.00021517115208396644
Z944,1398,ALA,2.4227109387587537e-06,3.486091819959767e-06,0.0002669232919856441,0.00023411896225495254,0.0002693460029243695,0.0002315446598605916
Z944,1399,PHE,-0.0050558281101639,0.0022437955773169163,0.0033312949797725667,0.0013009567720682048,-0.0017245331303912667,0.0009493165122406377
Z944,1400,PHE,-0.0022549327352257,0.0016208202045795898,0.0013893697450091667,0.0007267028931748389,-0.0008655629902164667,0.0009208094982213731
Z944,1401,ILE,3.2830712147040647e-06,5.009003736837287e-06,0.00026422662704281324,0.00023765146891426884,0.00026750969825753407,0.00023273148594534496
Z944,1402,ILE,1.7314393259299806e-06,2.4402940360233156e-06,0.0002628889240225834,0.00023713625934072572,0.00026462036334853786,0.0002361047116919211
Z944,1403,PHE,-0.0017304207744135332,0.0009600148046087892,0.0010338138917099333,0.0002545272501565158,-0.0006966068827035333,0.000728803297941513
Z944,1404,GLY,2.2257534628683234e-06,6.012834682401993e-06,0.0002648001707857625,0.00023540779684862742,0.00026702592424863097,0.00022948995731941212
Z944,1405,ILE,-3.8525060938701017e-07,1.920671923939411e-06,0.0002626000530578422,0.0002394256592577503,0.0002622148024484684,0.0002399870266579766
Z944,1406,LEU,-1.1172535641892117e-06,2.0829184075970286e-06,0.00026156631660957213,0.00023981728015276866,0.00026044906304538597,0.0002381148552628802
Z944,1407,GLY,6.291920456422593e-07,2.198686696382508e-06,0.00026834871030830947,0.00023460127019798784,0.00026897790235394216,0.00023307018418400967
Z944,1408,VAL,6.419652515332642e-07,4.814743085689602e-06,0.00026324005320065746,0.00024120053412426636,0.0002638820184522048,0.0002369973177784381
Z944,1409,GLN,-1.2778565309593626e-06,4.588716580337774e-06,0.0002625957655482323,0.00023858341969710148,0.0002613179090172711,0.00023415215018405495
Z944,1410,LEU,2.4847011829407075e-06,6.347517524944879e-06,0.0002621977417331379,0.00024021238181582533,0.000264682442916065,0.00023402162490876167
Z944,1411,PHE,-3.5356769932666313e-06,2.8289037112316374e-06,0.00026415597245627433,0.00023693220299757033,0.0002606202954629847,0.00023849479322214607
Z944,1412,LYS,4.631314362929023e-06,1.0203129401217508e-05,0.00026564552477778856,0.00023372529022357277,0.00027027683914067395,0.00022352393028523434
Z944,1413,GLY,4.389516681537004e-06,7.4811406580303595e-06,0.00026471245548371006,0.00023738937000065564,0.00026910197216522164,0.0002301358892952904
Z944,1414,LYS,-1.0016694490842394e-06,9.295099102957512e-07,0.000266520980660596,0.00023764053990971257,0.00026551931121155216,0.00023692759492689082
Z944,1415,PHE,2.4675511441639247e-06,7.456520754098102e-06,0.0002619387046895374,0.00023925153840548082,0.0002644062558336745,0.00023224548893493617
Z944,1416,PHE,3.4007990846250868e-06,3.9235029767660265e-06,0.00026678841407678735,0.000233162340718991,0.0002701892131614165,0.00022972078716563055
Z944,1417,VAL,1.665072249008146e-06,2.918744115087233e-06,0.0002647638162765633,0.00023724717180588113,0.00026642888852558143,0.00023543795817663882
Z944,1418,CYS,2.42905288022406e-06,6.467603979478407e-06,0.00026657010837543687,0.00023314001334583202,0.0002689991612556886,0.00022675289380673805
Z944,1419,GLN,3.713251352598315e-06,5.161537403550469e-06,0.00026617422831565354,0.00023540420316016806,0.0002698874796682386,0.00023025007547365888
Z944,1420,GLY,-1.2520868113456288e-06,8.263351365985331e-07,0.000393656093489,0.00010624308899277916,0.00039240400667765003,0.0001054167538562818
Z944,1421,GLU,-1.4362264197834512e-06,4.425838770423734e-06,0.00026658511465918396,0.00023415447858289424,0.00026514888823941647,0.0002307027514566082
Z944,1422,ASP,2.0138790261606604e-06,4.790074933195849e-06,0.0002654038164198915,0.00023933066310488025,0.0002674176954460301,0.00023481255402494993
Z944,1423,THR,3.1225575710249387e-06,4.606956774022368e-06,0.00026477650015934654,0.0002307711315936438,0.000267899057730369,0.00022757313782235787
Z944,1424,ARG,2.465496712496556e-06,4.067774114925309e-06,0.0002646590402591492,0.00024062468263837626,0.000267124536971668,0.00023658033594656548
Z944,1425,ASN,-2.953915523242069e-07,1.3704322312217646e-06,0.0002641088991730426,0.00023671831276763457,0.00026381350762070415,0.000235391276903133
Z944,1426,ILE,8.795647463391934e-07,3.852613620967776e-06,0.00026490298169498617,0.00023873642163607339,0.00026578254644133456,0.00023584520592843548
Z944,1427,THR,1.814867118496598e-06,3.448799666038541e-06,0.0002674604812193849,0.00023355477781318294,0.0002692753483378545,0.00023019204039652745
Z944,1428,ASN,1.055084673864225e-06,2.8700188505896463e-06,0.0002608043904099233,0.00023942595147142113,0.000261859475083734,0.0002365935577200385
Z944,1429,LYS,2.160726233121343e-07,3.901703748627504e-06,0.00026284399449421773,0.00023696398767305982,0.0002630600671175637,0.0002335274897448904
Z944,1430,SER,-1.2414126986715254e-06,2.5626966275602545e-06,0.0002631350985368315,0.00023786676810879243,0.0002618936858381578,0.00023620767447817646
Z944,1431,ASP,3.2895024791921712e-06,3.966158156589628e-06,0.00026385209520742226,0.00023868715306745553,0.00026714159768664663,0.00023487792833327682
Z944,1432,CYS,1.7549313060734104e-06,4.0831238055209276e-06,0.0002655749595144047,0.00023651663157948227,0.00026732989082046466,0.00023244493944175683
Z944,1433,ALA,2.399129635547196e-06,5.01948664803899e-06,0.0002637257923182588,0.00023721336256660736,0.00026612492195383133,0.00023325847412340213
Z944,1434,GLU,-1.4766897923887655e-06,4.33762249370664e-06,0.0002648794003920112,0.00023760577231347432,0.00026340271059964985,0.00024089081577048448
Z944,1435,ALA,2.9855359074878274e-06,5.965084555048889e-06,0.00026367228777043243,0.0002376690178763168,0.0002666578236779542,0.00023178986112586805
Z944,1436,SER,3.4237551263245367e-07,2.9672315813695213e-06,0.0002670645118356464,0.000233310639616148,0.00026740688734825914,0.00023105047418148572
Z944,1437,TYR,3.435009838940913e-06,5.280432770169961e-06,0.00026456480436892483,0.0002377300754269445,0.0002679998142078518,0.0002325257089169695
Z944,1438,ARG,2.906395624638927e-06,3.880988956375654e-06,0.0002630430957252136,0.0002397899687555766,0.00026594949134987146,0.00023617024726712261
Z944,1439,TRP,-6.849296714356831e-07,1.831328765113043e-06,0.00026550001741799516,0.00023505646867053812,0.0002648150877465791,0.0002336552890736431
Z944,1440,VAL,2.9148813208692805e-06,6.928746281115343e-06,0.0002648878860879636,0.00023426279361409607,0.0002678027674088495,0.00022767145865769126
Z944,1441,ARG,3.952994602241538e-06,3.800438940441543e-06,0.00026778365226103355,0.0002330297626449746,0.0002717366468632525,0.00022923441220588383
Z944,1442,HSD,7.747887285408219e-07,1.7150757478439223e-06,0.000263620926977233,0.00023839724621251387,0.00026439571570577633,0.00023931199814729087
Z944,1443,LYS,1.0080113905210703e-06,2.377589528925308e-06,0.0002650077577129248,0.00023509993906348141,0.0002660157691034235,0.00023273696896482067
Z944,1444,TYR,3.3857034776685168e-06,8.525670871591934e-06,0.000263845663942813,0.000238101723049266,0.00026723136742047484,0.0002297566610453552
Z944,1445,ASN,2.6003746211592594e-06,2.3367943223151883e-06,0.00026433792364851966,0.0002379523177367415,0.0002669382982696767,0.00023571028612544742
Z944,1446,PHE,-3.97620074834812e-05,1.0687140635426672e-05,0.00026097133531804143,0.00024158315003811794,0.00022120932783457775,0.0002450539324973873
Z944,1447,ASP,1.7543060445681892e-07,3.0237659329688683e-06,0.0002655171674568358,0.00023601955161648054,0.00026569259806125275,0.00023299839335193208
Z944,1448,ASN,-1.9947638787878677e-06,1.541333361540389e-06,0.00026567339359057047,0.00023512157061135737,0.00026367862971178705,0.00023432438187059502
Z944,1449,LEU,-1.1214517507556062e-06,2.0886585812633485e-06,0.0002632271013485997,0.0002373033641994331,0.00026210564959786367,0.0002393097162409259
Z944,1450,GLY,-4.879721954898411e-07,7.146410115467712e-07,0.0002659237662914967,0.00023382139693530493,0.0002654357940960152,0.00023439692747015428
Z944,1451,GLN,6.170262368840242e-06,5.921413839803415e-06,0.000263272209522748,0.00024328842167611845,0.00026944247189154624,0.000237584742598996
Z944,1452,ALA,7.639806312003839e-07,4.943777430064737e-06,0.0002675033563161817,0.00023696696127158427,0.0002682673369473477,0.00023229303191126888
Z944,1453,LEU,-2.0459281609848557e-05,1.8977298750129925e-05,0.0002835190807580045,0.00023844974244699273,0.00026305979914814263,0.00022611488490491684
Z944,1454,MET,-4.575755383276922e-05,3.743565125067937e-05,0.0002981224280522291,0.0002454135128319681,0.00025236487421944454,0.00022919833707365968
Z944,1455,SER,-0.00047733631315249994,0.00024127234067955835,0.0008513044301586333,0.0003935380718169976,0.000373968117006138,0.00036046914401462654
Z944,1456,LEU,-0.003397778266077367,0.001635123416092471,0.004767166697483,0.0019533020721437173,0.0013693884314055999,0.000322793747938409
Z944,1457,PHE,-0.0052767985879801005,0.0023324328932505826,0.0061288371648483995,0.002522613996296481,0.0008520385768682666,0.00027282225517909084
Z944,1458,VAL,-0.00774708543131,0.001699382484086331,0.012431774108979665,0.0031206251230490884,0.004684688677669633,0.0018764299927847522
Z944,1459,LEU,-0.0423780038248158,0.006765099045700421,0.057566578772718306,0.010208564711162188,0.015188574947902433,0.006310294667511312
Z944,1460,ALA,-0.0698297562997362,0.036604091793018004,0.09190900645002265,0.02706660872831913,0.022079250150286434,0.020737619312189075
Z944,1461,SER,-0.060486083011546794,0.0162404281884858,0.1136070566156717,0.02125120694403423,0.053120973604124856,0.013098233347409918
Z944,1462,LYS,-2.1050406076294452,1.228068515505087,1.0498943652297255,0.3094404401414683,-1.055146242399719,0.9209757541888222
Z944,1463,ASP,-0.038132200180254004,0.009615700585238732,0.1288930334220313,0.054722998891609136,0.09076083324177726,0.045319874162843554
Z944,1464,GLY,-0.005423176580192867,0.002204683879866407,0.0069270428420472666,0.0036182411127146713,0.001503866261854328,0.0016415448860780345
Z944,1465,TRP,-0.17212878240977678,0.07409187146361071,0.1378237706682529,0.05186703811014346,-0.03430501174152393,0.02669946344075876
Z944,1466,VAL,-0.012728332757199132,0.007742699853334387,0.011147693364453433,0.008016817859864469,-0.0015806393927457,0.000960514602645081
Z944,1467,ASP,-0.0006741749893481747,0.0005413673472788414,0.00039059507954703333,0.0001506587866674747,-0.0002835799098010667,0.0006550699509217262
Z944,1468,ILE,-0.0010530586468797335,0.0006482951913488293,0.00040351093448946665,0.00021520297599066118,-0.0006495477123902334,0.0008244728074768025
Z944,1469,MET,-0.007813951645823066,0.0024476202362319057,0.0038779605031036995,0.0007543534025974763,-0.0039359911427193335,0.001693267016816904
Z944,1470,TYR,-0.00040543638362836666,0.0002722522983204528,0.0003160058095754944,0.00022266981807562885,-8.943057405288317e-05,0.0004948741718755103
Z944,1471,ASP,3.077628042478159e-06,3.67120204141092e-06,0.00026338984807037824,0.00024039525710421462,0.00026646747611285855,0.0002375141037835443
Z944,1472,GLY,1.0572284286903693e-06,2.7800381303388916e-06,0.0002601773421192248,0.0002423704901426918,0.00026123457054789625,0.00023959815327574487
Z944,1473,LEU,-8.691407383985079e-06,1.0018869442310575e-05,0.00026387129967823643,0.00023694670419976402,0.00025517989229427077,0.00024571316036955373
Z944,1474,ASP,4.196846715314316e-06,9.299247279869021e-06,0.0002668034203605911,0.00023375309026512598,0.0002710002670759195,0.00022506009107317132
Z944,1475,ALA,3.041184210176578e-06,5.961462368387206e-06,0.00026428656285519737,0.00023841124204662355,0.0002673277470654086,0.00023325685265868646
Z944,1476,VAL,7.981913855191178e-07,5.473280946709139e-06,0.00026567553734554934,0.0002357013482185482,0.00026647372873104175,0.00023115730021767178
Z944,1477,GLY,1.9154449497514057e-06,4.10978688949488e-06,0.0002661057174833292,0.00023499959888048297,0.00026802116243307867,0.000230929470876393
Z944,1478,VAL,-5.414767433726366e-07,1.1965281610204411e-06,0.00026638610275185663,0.0002357333514129587,0.00026584462600848387,0.00023655990046684454
Z944,1479,ASP,4.701968949498068e-06,8.581439238130083e-06,0.0002639162292068788,0.0002358942920460753,0.0002686181981564106,0.00022787028645571743
Z944,1480,GLN,3.764612145670138e-06,5.225296679379348e-06,0.00026410684474158604,0.0002407449190708733,0.0002678714568872534,0.00023571221313082447
Z944,1481,GLN,3.47779561263543e-06,6.297422477155837e-06,0.0002654250753216891,0.00023456734464291632,0.0002689028709343438,0.00022827487699957096
Z944,1482,PRO,2.653789845979468e-06,6.042284160933699e-06,0.0002673171176145312,0.00023515095276315456,0.0002699709074605146,0.00022942461223525367
Z944,1483,ILE,4.117706432445094e-06,7.288614640269617e-06,0.0002649841764095697,0.0002338179641680401,0.00026910188284202957,0.00022707767754926597
Z944,1484,MET,1.0679472029217505e-06,2.0099777448528995e-06,0.0002633684105221138,0.00023848972153834184,0.0002644363577250103,0.00023666850346636654
Z944,1485,ASN,-2.2330779119591313e-09,3.788425438577549e-06,0.00026514058118976366,0.00023998658908512663,0.00026513834811184056,0.0002362628526002246
Z944,1486,HSD,1.0273051840501541e-06,1.207272112043106e-06,0.0002676637806367133,0.00023293196039509176,0.0002686910858207617,0.00023174417841954534
Z944,1487,ASN,-8.369576188246903e-07,4.69752404407555e-06,0.00026511271237667823,0.00023864194695896688,0.000264275754757857,0.00023486376860615466
Z944,1488,PRO,-4.3661140244503195e-07,1.1820806608232303e-06,0.00026284622757203707,0.0002410529788886634,0.00026240961616960033,0.00024085810285640817
Z944,1489,TRP,-8.410664822967147e-07,2.5038493334549907e-06,0.0002650718917119141,0.00023252340220891436,0.0002642308252295953,0.0002349945515789975
Z944,1490,MET,-0.00011628440838167864,0.00012630226486313182,0.0003180198672481,0.00014816141124195163,0.00020173545886638343,0.00026867217039993127
Z944,1491,LEU,-0.0036123670537036336,0.002681798598044536,0.004025645560506867,0.0028925672461437967,0.0004132785068031942,0.0003387574940934261
Z944,1492,LEU,-0.003623560222986133,0.0019660437282840964,0.0045273960256571,0.002524336445554954,0.0009038358026708667,0.0005709127215768772
Z944,1493,TYR,-0.0036960673710686996,0.002060917750923653,0.005177701019445033,0.0027979704959240886,0.0014816336483762665,0.0007420505530744365
Z944,1494,PHE,-0.018065189530258565,0.008950996823679848,0.026111579759738667,0.011576963862092029,0.00804639022948,0.0026594924284913247
Z944,1495,ILE,-0.08812547004057951,0.055866626369278846,0.07735277504597894,0.031840654946647624,-0.010772694994600499,0.02424707782864384
Z944,1496,SER,-0.02396215459866673,0.010601747587162374,0.03786577942013187,0.01514025115719133,0.013903624821465099,0.0045593898360866275
Z944,1497,PHE,-0.054497911357523736,0.02198399642073344,0.05671028394926103,0.019036873839902494,0.0022123725917372666,0.004978767089577077
Z944,1498,LEU,-1.0641583208504273,0.5912473058789905,0.29735510602207543,0.08759169104798502,-0.7668032148283525,0.507690007523559
Z944,1499,LEU,-0.8873614517150479,0.47628822169630736,0.20389451707902698,0.06284169229571569,-0.6834669346360216,0.41480976329117863
Z944,1500,ILE,-0.06631339105393233,0.027629326382902077,0.06504119814458004,0.020194194890461512,-0.0012721929093523004,0.008161826831968345
Z944,1501,VAL,-0.18089315088193172,0.12027706243041271,0.11280163139743314,0.01836818096957716,-0.06809151948449853,0.10687545384518207
Z944,1502,ALA,-0.8424274014743672,0.364961540570176,0.1956796387058508,0.04115315503785338,-0.6467477627685166,0.3890585175685144
Z944,1503,PHE,-0.1145291389876653,0.01690480054221045,0.10763541411537507,0.010327711178070301,-0.0068937248722902335,0.00938738063849291
Z944,1504,PHE,-0.032227906864570936,0.008829069963907348,0.04061397174352483,0.00846179540435755,0.008386064878953867,0.0005003132270608178
Z944,1505,VAL,-0.24858195628347926,0.12440113082500742,0.18349766580827145,0.03076845171153063,-0.06508429047520793,0.09369663792447891
Z944,1506,LEU,-0.31225189056846125,0.09515423910149494,0.23150918857986066,0.020133214730719454,-0.08074270198860051,0.07533993586412253
Z944,1507,ASN,-0.019400468767725,0.003205649908400224,0.02368198558146223,0.0034195421592457284,0.0042815168137372,0.0006432145958782051
Z944,1508,MET,-0.023629613918685535,0.007925988103457682,0.021449042232863563,0.0081352889536859,-0.0021805716858219,0.0005555988543478247
Z944,1509,PHE,-0.5707472854257721,0.2267787497584008,0.17000777727459085,0.00845682947950264,-0.40073950815118115,0.22751157948887768
Z944,1510,VAL,-0.02520014130917313,0.006766381706466411,0.02524013689661107,0.004880267707064381,3.999558743796666e-05,0.002081620252006861
Z944,1511,GLY,-0.0021223657049246002,0.0008892676226273636,0.0028570959625055,0.0017670141785212001,0.0007347302575809,0.0008796377198454009
Z944,1512,VAL,-0.006611536527349367,0.0025997140276955897,0.005568616947632533,0.0032127729591099356,-0.0010429195797168002,0.0006165787274036488
Z944,1513,VAL,-0.012544233880080033,0.002880389746696654,0.009970778031157933,0.0023942508580751163,-0.002573455848922067,0.0005134877039370318
Z944,1514,VAL,-0.0006925886822248999,0.0003789811108040871,0.0007077932634291271,0.0005421332810113089,1.5204581204218664e-05,0.00022459599906793655
Z944,1515,GLU,-6.786502562227661e-05,5.0597761341128186e-05,0.00029347834048373936,0.00025959303157506626,0.00022561331486144968,0.00021500029045094974
Z944,1516,ASN,-0.0005658934857542,0.00025456121693487153,0.0005699904692238333,0.00042236690224056365,4.096983469674848e-06,0.00019418965111251863
Z944,1717,LEU,-0.0006214337075078504,0.000874395416352524,0.0004109809375533917,0.0003732873060977387,-0.00021045276995445867,0.0005562346684816493
Z944,1718,PRO,3.3087069496447537e-06,6.317991453584568e-06,0.00026370230033834007,0.00024023137051783564,0.00026701100728795973,0.00023437864922337443
Z944,1719,GLN,-0.00038232706374356665,0.00022895631240452688,0.00032090169901544146,0.00025154798653705276,-6.142536472809999e-05,0.0002177472464322824
Z944,1720,VAL,-0.005390112466738234,0.0010260492711347245,0.002985377358911766,0.0014982958482568727,-0.0024047351078264334,0.0005332682056084709
Z944,1721,GLY,-0.00011903752553520259,0.00012992953999513266,0.00025418447546335723,0.00023647070322262704,0.00013514694992814138,0.00022734325565948734
Z944,1722,ASN,-1.984071901536216e-05,3.3152978584643905e-05,0.00026912135528186224,0.00023337025883087134,0.00024928063626648915,0.00022967675633959575
Z944,1723,LEU,-0.003883604741628367,0.0016902318177034182,0.0020365152907778,0.001660855270124806,-0.0018470894508505,0.00043139923751405287
Z944,1724,GLY,-0.0007694272869620333,0.0005113281652046145,0.0006227564042442731,0.0006010737856354413,-0.00014667088271778608,0.00027308440352161834
Z944,1725,LEU,-1.9616339342094734e-05,4.7716347249940704e-05,0.00026551511302539847,0.00023825068150716628,0.0002458987736833483,0.0002255327032973433
Z944,1726,LEU,-0.00014300077443135805,0.00022947725866508622,0.0003015300156941033,0.0002498007566534392,0.00015852924126273895,0.00026748636585866047
Z944,1727,PHE,-0.0079342585421931,0.006068651783037071,0.005281455627401333,0.005249887652101516,-0.0026528029147917,0.0009082317609462967
Z944,1728,MET,-0.00013065962443197651,0.0001962777967239318,0.0002981506541578926,0.00025515100207767745,0.00016749102972591007,0.00025414525419177315
Z944,1729,LEU,7.446868376264752e-07,5.342256491392089e-06,0.0002654058708513837,0.00023629949907959764,0.0002661505576890234,0.00023179742675526205
Z944,1730,LEU,-0.00019363251218584442,0.0003303842666663543,0.0003230125829473402,0.0002746963956268787,0.00012938007076149428,0.00029466145446516455
Z944,1731,PHE,-0.00024919336757985635,0.00030233887275388395,0.0003236523151209324,0.00026597322400121837,7.445894754112835e-05,0.0002961372681457218
Z944,1732,PHE,1.8084358539768417e-06,3.877721384551007e-06,0.00026379001564047385,0.0002375098545181384,0.000265598451494449,0.00023397635922917947
Z944,1733,ILE,-2.277203578978418e-06,2.247792184325798e-06,0.00026164768997014357,0.00024082880999378781,0.0002593704863911464,0.00024301331345795709
Z944,1734,PHE,-1.1650057032760208e-05,3.144524092578345e-05,0.0002647873082566002,0.00023455257869374756,0.00025313725122383136,0.00022218378715292467
Z944,1735,ALA,3.5932904046666953e-06,9.269311603555718e-06,0.00026346479016663285,0.00024159506937333032,0.0002670580805713046,0.00023293720241001693
Z944,1736,ALA,-3.0825408137220026e-07,2.722691054801669e-06,0.0002667092737938843,0.0002352065737912089,0.00026640101971250836,0.00023260451662680218
Z944,1737,LEU,4.137000226008357e-06,6.008866330201769e-06,0.00026534593503898786,0.00023543105403522915,0.0002694829352649683,0.0002297333947412035
Z944,1738,GLY,-1.519564889204392e-06,1.9142982264523924e-06,0.00026488797541089523,0.00023824603925495403,0.00026336841052171915,0.00023890072482149667
Z944,1739,VAL,2.001016497106205e-06,5.738081243421359e-06,0.00026467815540623233,0.00023546603696540536,0.0002666791719033554,0.00023049708834509765
Z944,1740,GLU,7.447761607358062e-07,1.8700394668685985e-06,0.0002618124911241524,0.00024160272064550908,0.0002625572672849079,0.0002404197606377845
Z944,1741,LEU,2.4013627135198527e-06,2.0808440263775254e-06,0.00026277333990787306,0.00023608647323447972,0.0002651747026213834,0.00023458415290220612
Z944,1742,PHE,-9.908613517201546e-07,3.5506762787062284e-06,0.00026306444395025056,0.00023783344579997312,0.0002620735825985107,0.00024083984374516633
Z944,1743,GLY,5.318298466046388e-06,1.1387891786712489e-05,0.0002642908503648358,0.00023841526925353785,0.00026960914883086227,0.00022777494830485015
Z944,1744,ASP,4.4473087391254085e-06,7.518482483169279e-06,0.0002631693092911348,0.00023728358332676685,0.0002676166180302581,0.00023104552313412568
Z944,1745,LEU,3.4889610025478327e-07,2.167696371254911e-06,0.00026381145318889627,0.00023952440330332877,0.00026416034928916323,0.0002412897589358788
Z944,1746,GLU,-6.645639999335596e-08,4.705520807453245e-06,0.0002667905578319703,0.00023408134727754347,0.0002667241014319368,0.0002305555252973364
Z944,1747,CYS,-7.279834143058516e-08,1.59950973858421e-06,0.00026141437798478064,0.00024103651097311693,0.0002613415796433774,0.00024026988683064214
Z944,1748,ASP,1.2156876406472464e-06,5.240818382773573e-07,0.00026363807701581973,0.00023841328537443275,0.0002648537646564865,0.0002388345522090296
Z944,1749,GLU,-5.971250460580803e-07,5.651201359324146e-07,0.0002640126088512236,0.00023852944353042391,0.0002634154838051317,0.00023885593281758677
Z944,1750,THR,-1.8383590985618136e-06,5.6990167692787375e-06,0.00026326997644577553,0.00024018712187973647,0.0002614316173472282,0.0002458777265423077
Z944,1751,HSD,1.4895523214785508e-06,3.162703636506533e-06,0.0002632078968782189,0.00023860227896146502,0.00026469744919966275,0.00023564563500966381
Z944,1752,PRO,3.2145603828966447e-06,5.536329152170494e-06,0.0002669125732114742,0.00023426835091769512,0.00027012713359435807,0.00022873325870987308
Z944,1753,CYS,9.106491914934966e-06,1.5194002223061972e-05,0.00026497354695844484,0.00023652253978255204,0.000274080038873395,0.00022160453032366495
Z944,1754,GLU,2.5466021045240284e-07,1.3191620039264566e-06,0.00026615064701181185,0.00023406163472389544,0.0002664053072222655,0.00023276674280103292
Z944,1755,GLY,2.9539155236135184e-07,1.6474837090136963e-06,0.0002637558048863425,0.00023883005182733798,0.00026405119643871855,0.000240414135064103
Z944,1756,LEU,2.6752273943543133e-06,4.681501305364565e-06,0.00026626837488191116,0.00023432092651476605,0.00026894360227622103,0.00022970957849993367
Z944,1757,GLY,2.797153450865264e-06,7.449096432825024e-06,0.00026403833390977225,0.0002397659348092013,0.0002668354873606451,0.0002326474753863773
Z944,1758,ARG,4.235434302432078e-06,7.465081083588908e-06,0.00026474666623727705,0.0002352893967004916,0.0002689821005397223,0.00022989340639330521
Z944,1759,HSD,1.547344379086602e-06,3.0111789554707793e-06,0.0002642095663272218,0.00023988703028589997,0.00026575691070631377,0.00023721988628699648
Z944,1760,ALA,2.3819795968464603e-06,5.882013092334506e-06,0.00026679707841925794,0.00023741469009991718,0.0002691790580160939,0.00023202978583831586
Z944,1761,THR,4.3446764765441653e-07,1.6176975570637629e-06,0.0002648943173526757,0.000234901445385734,0.0002653287850002927,0.0002340995375294254
Z944,1762,PHE,5.436204982748953e-07,3.997892933441331e-07,0.0002600446972885388,0.00024399209208434222,0.00026058831778679077,0.00024359526704646333
Z944,1763,ARG,2.0802461030622684e-06,4.337199376280557e-06,0.00026228125884915604,0.00024230373068739145,0.0002643615049522029,0.00023893239128599346
Z944,1764,ASN,3.3643552523408814e-06,6.274865291799254e-06,0.0002633704649539464,0.00023492739520327747,0.0002667348202063171,0.00022910684018154033
Z944,1765,PHE,5.759197378202409e-06,1.134572950901171e-05,0.00026273912915303577,0.00023777303876157036,0.00026849832653122696,0.00022752866083978543
Z944,1766,GLY,4.892405837822084e-06,1.058260912849307e-05,0.00026329989969011406,0.0002379219644321616,0.0002681923055279653,0.0002275353137272992
Z944,1767,MET,2.9384626240971965e-06,5.381313819728964e-06,0.0002635310679202893,0.00023947958118857333,0.0002664695305443874,0.00023433367466313022
Z944,1768,ALA,7.233832738922863e-06,1.180912857905383e-05,0.00026305810200883024,0.00024017663261858378,0.0002702919347477967,0.0002290611412795158
Z944,1769,PHE,2.717923844940736e-06,9.301668542997439e-06,0.00026296806430548464,0.00023547353019276788,0.0002656859881504398,0.00022769556584239102
Z944,1770,LEU,2.574560239971166e-06,7.89828578848102e-06,0.0002652025714339038,0.00023729163638397556,0.0002677771316738471,0.00022941198210187978
Z944,1771,THR,-3.837589133281327e-06,3.676004081002684e-06,0.00026342620257957923,0.00023986865922772808,0.00025958861344628324,0.00023745374068699472
Z944,1772,LEU,-0.00019013167120869956,0.00012945187369082218,0.0004509282905074081,0.00037827159393565403,0.0002607966192986752,0.0002610540990571763
Z944,1773,PHE,-0.004526571305305466,0.0008047630892251179,0.0048719952372914335,0.0015807588119685916,0.00034542393198593334,0.00125183022417803
Z944,1774,ARG,-0.0030698225417607333,0.002256344948164579,0.005399304351554934,0.004607421049840233,0.0023294818097942,0.0023704375477078005
Z944,1775,VAL,-0.004560539815333334,0.00202551058134709,0.008265439634990067,0.004247688729308307,0.0037048998196566665,0.0022915532821551395
Z944,1776,SER,-0.018241390635900134,0.003665848653653075,0.04334210861512547,0.0035555850594724946,0.025100717979225296,0.00043411811377275716
Z944,1777,THR,-0.08374533014271146,0.06640551075874701,0.14081340677480128,0.07337995287247469,0.0570680766320898,0.01339127653831973
Z944,1778,GLY,-0.03595067711389857,0.02331541186978426,0.06546012910763523,0.03631387768983475,0.02950945199373667,0.015762538499078785
Z944,1779,ASP,-0.02353394903758797,0.01676762298034075,0.06383773481931289,0.05104516198700368,0.0403037857817248,0.034590358203133824
Z944,1780,ASN,-0.0030452843199517327,0.002280572301228876,0.0037343953852107662,0.0030136455453262175,0.0006891110652590334,0.0008676290838141574
Z944,1781,TRP,-0.004980621617445166,0.0015921093413313332,0.004939474922981267,0.0028084393944399003,-4.114669446386672e-05,0.0015150863006627262
Z944,1782,ASN,-0.0003402389929353682,0.00026350620969431713,0.00035547680233974436,0.0003627153259425548,1.5237809404375309e-05,0.00012928325450002224
Z944,1783,GLY,-2.399308281750003e-06,2.7550188122528808e-06,0.0002647616725220335,0.00023656281617700372,0.00026236236424029524,0.00023382849780698723
Z944,1784,ILE,1.6307721715804417e-06,4.740251329087826e-06,0.00026448137657654187,0.00023976565325685333,0.0002661121487481212,0.0002354797101437772
Z944,1785,MET,3.4199142319882784e-06,9.906529763308411e-06,0.0002643829425000907,0.00024058095304204576,0.0002678028567321051,0.0002308548570719479
Z944,1786,LYS,-5.437098213326708e-07,3.252115804140271e-06,0.00026552359872135845,0.00023597754454580716,0.00026497988889998073,0.0002328621519978882
Z944,1787,ASP,-2.521145015170232e-06,4.079968770900967e-06,0.00026455194184003453,0.00023707968828795393,0.00026203079682485323,0.00024115565033105737
Z944,1788,THR,2.8934437724395543e-06,8.370677715639268e-06,0.000264740324296558,0.00023873745460918706,0.0002676337680690117,0.00023058409353992636
Z944,1789,LEU,-2.2622866182032526e-06,1.3664150593402392e-06,0.00026580603842131615,0.0002346021357408877,0.00026354375180309957,0.0002335478450814695
Z944,1790,ARG,-1.3461887165238935e-06,2.1071086127376535e-06,0.0002687659385945346,0.0002292730454771533,0.0002674197498780133,0.0002313079823272723
Z944,1791,ASP,-1.8683716663349502e-06,3.5410483031123607e-06,0.0002630645332733945,0.0002403473073691935,0.00026119616160707164,0.00024360484985321877
Z944,1799,TYR,-3.874836873312848e-07,3.85532858497124e-06,0.00026588526802752974,0.00023524229896112846,0.0002654977843402128,0.0002314456574481966
Z944,1800,ASN,-4.986016465563572e-07,3.3724424471345563e-06,0.00026343040076613284,0.00023604582468461714,0.00026293179911955356,0.00023901816115340743
Z944,1801,THR,-5.992688009289905e-07,8.146469514167986e-07,0.00026504420154504924,0.0002384146320146311,0.0002644449327440939,0.00023895836805779683
Z944,1802,VAL,7.512074252786403e-07,1.476717879889577e-06,0.0002611660597160519,0.00023877573349518968,0.00026191726714135994,0.00023796864482049398
Z944,1803,ILE,-3.7025325783348736e-06,5.695589584229741e-06,0.0002628247900234901,0.00023929786375628622,0.00025912225744514667,0.00024478930785138103
Z944,1804,SER,2.294264294640311e-06,4.414626038467535e-06,0.00026535656448951683,0.00023256403393548516,0.0002676508287842,0.0002284676786125098
Z944,1805,PRO,3.2016978538719666e-06,6.132913086802539e-06,0.0002633406310322951,0.00024059642257368748,0.0002665423288861788,0.00023488367870613445
Z944,1806,ILE,5.367604827369813e-06,8.142047726695372e-06,0.0002623218115443346,0.00023932950045332327,0.00026768941637170593,0.00023157161112375996
Z944,1807,TYR,-3.574711195816458e-07,2.2245121049481648e-06,0.00026260425124443676,0.00023623969743453378,0.00026224678012486005,0.00023490530787649005
Z944,1808,PHE,-4.3502323740938874e-05,8.726851764757611e-05,0.0003024399503006265,0.0002618204446559185,0.0002589376265596699,0.0002271729668352442
Z944,1809,VAL,-0.00020420560038083137,0.00033858672331266317,0.00036798507589295824,0.0003279181014505869,0.0001637794755121197,0.0002557727178490957
Z944,1810,SER,-9.254500322007625e-05,0.000148977556171224,0.00032781128883425936,0.0002839746552625688,0.00023526628561418736,0.000239825272769818
Z944,1811,PHE,-0.0013412328912732,0.0012016560907541437,0.0013978333784414668,0.001696294599826474,5.6600487168297694e-05,0.0005525787369766772
Z944,1812,VAL,-0.011386394213291032,0.007252634704726618,0.015614812363391434,0.01172917879707913,0.004228418150100399,0.004478752707780186
Z944,1813,LEU,-0.007284109327923866,0.00681109802054408,0.008775573342765965,0.009944178209137075,0.001491464014842128,0.003172457545369616
Z944,1814,THR,-0.0036387330944832002,0.0025236123747165314,0.005984103432598167,0.0051488585700788705,0.0023453703381149,0.002636616658959228
Z944,1815,ALA,-0.020439775316628033,0.00985262669409252,0.03600748429476283,0.013043062749833337,0.015567708978134734,0.003283886615569223
Z944,1816,GLN,-0.23325782251675017,0.21172651873386356,0.28530872249182915,0.15108190865723223,0.052050899975078835,0.06737061509842875
Z944,1817,PHE,-0.024623905546161663,0.0197372446653859,0.03418485919550217,0.022835278140807002,0.009560953649340433,0.0032994908430742176
Z944,1818,VAL,-0.025111796814916165,0.010826402764917418,0.0375163413072081,0.013706845367672242,0.0124045444922919,0.002926437966905475
Z944,1819,LEU,-1.0348038370531945,0.19406679189736908,0.30273618202622304,0.07314698992850616,-0.7320676550269717,0.13241007583164147
Z944,1820,VAL,-0.4211699023073053,0.36814554099122415,0.17431878429449466,0.061996551070789205,-0.2468511180128106,0.3098389518800019
Z944,1821,ASN,-0.03025947883533363,0.014973804849691503,0.04453543885787903,0.01801911023840871,0.014275960022545333,0.0031137951347123905
Z944,1822,VAL,-0.0682541180190633,0.013710656437637725,0.07060042758976744,0.012679586762907988,0.0023463095707041666,0.002099425028597767
Z944,1823,VAL,-1.0440056033285365,0.10690910773587499,0.13650496707996482,0.034778994014464146,-0.9075006362485719,0.09790150928594855
Z944,1824,ILE,-0.05332331029690107,0.019120321346705448,0.05608486848510676,0.014833358048269324,0.002761558188205733,0.005032004308597563
Z944,1825,ALA,-0.008569699543826767,0.001498388826338288,0.013074000362652034,0.0022847875944877476,0.0045043008188252335,0.0007874265985101248
Z944,1826,VAL,-0.027637317858996233,0.0008655282202954463,0.029080852071090863,0.0015384441964964616,0.0014435342120945667,0.0007353456505607273
Z944,1827,LEU,-0.03370981500288953,0.004034921771238841,0.03309002064257243,0.0037843288370992324,-0.0006197943603170668,0.0010285024230454903
Z944,1828,MET,-0.0039654506217335,0.0004400674378997965,0.0031684748345513,0.00048036228775376696,-0.0007969757871821333,0.0001799122384257162
Z944,1829,LYS,-0.0006653356628801666,8.905004728966976e-05,0.0005513029116656333,0.0002851622114207637,-0.00011403275121454208,0.00023602864075114688
Z944,1830,HSD,-0.0029715669329387997,0.00028187739957551237,0.0037222881724579666,0.00024394232989338174,0.0007507212395191001,0.00031489300062997503
Z944,1831,LEU,-0.0011296835013947333,4.8035696482707374e-05,0.0004935918701671,0.00026001061008248705,-0.0006360916312275667,0.0002727549558013365
Z944,1832,GLU,4.109131413073189e-06,7.939468280928326e-06,0.0002655321737398792,0.0002366167243180833,0.00026964130515294587,0.00022957989049447375
Z944,210,MET,-0.00021156198443806666,8.214987908176917e-05,0.0002858451440828523,0.00022154417039857828,7.428315964476667e-05,0.0003036834249241168
Z944,211,LEU,-0.004964247439329433,0.0004927565835323829,0.002771417227392433,0.0004980715835365466,-0.0021928302119369665,5.451429244623855e-06
Z944,212,GLY,2.544636995331656e-06,5.998385231349537e-06,0.0002614228636811043,0.00023732759177951747,0.00026396750067647986,0.00023166117131437388
Z944,213,ASN,-5.194460894781497e-05,4.4939734835924475e-05,0.00027090862155669727,0.00023811930673108767,0.0002189640126088869,0.00024820761448960174
Z944,214,VAL,-0.006780365885357267,0.0012846140747468568,0.004459772976362067,0.001004588369966531,-0.0023205929089951667,0.00029458291983626005
Z944,215,LEU,-0.0006305638700490668,5.6450742661013304e-05,0.0003322315326685393,0.0002364931125977558,-0.0002983323373805464,0.00029192059338450796
Z944,216,LEU,3.2894131560296145e-06,7.614103729019778e-06,0.00026512977309253396,0.00023615126930208344,0.0002684191862485536,0.0002292330123598925
Z944,217,LEU,-0.0009036869903557334,0.00030879736845703374,0.0004812762665795333,0.0003436348096872749,-0.00042241072377620413,0.00031953116469574653
Z944,218,CYS,-0.005946313411598167,0.0004319346726676634,0.0034739925915406,0.00012490618866852854,-0.0024723208200575337,0.0003074333079764982
Z944,219,PHE,-1.9581503325894307e-05,1.1524125288280098e-05,0.0002612088454899954,0.00023778380797059062,0.0002416273421641009,0.00023576252366903187
Z944,220,PHE,-4.477410629949955e-06,3.2994597503671242e-06,0.0002639633918131679,0.00023862060952372968,0.00025948598118323004,0.00024112027123617167
Z944,221,VAL,-0.0008654041737119665,0.0008309260961281698,0.0004717338778470903,0.00040746181438524676,-0.00039367029586483333,0.0005419209020348388
Z944,222,PHE,-0.0064113598462212,0.0028269426281910055,0.0046834246662222,0.0028090936643879994,-0.001727935179999,0.00036921704529446975
Z944,223,PHE,-4.1955068684805656e-07,2.310974061665644e-06,0.00026189172072962446,0.0002431728867998716,0.00026147217004275945,0.0002410052245256535
Z944,224,ILE,4.7875404968790235e-06,1.0188552919550822e-05,0.00026363164575180707,0.00023814061545394133,0.00026841918624869853,0.00022830516625876646
Z944,225,PHE,-0.00018405519811413333,2.3327589142791594e-05,0.00027276422001706874,0.00023915839518930335,8.870902190286668e-05,0.00022417368920463375
Z944,226,GLY,1.0722347125946343e-06,1.943203060159955e-06,0.000263813507620471,0.00023612363288253043,0.00026488574233309053,0.0002347959071018814
Z944,227,ILE,5.267026996147713e-06,7.610157691273073e-06,0.0002642137645137176,0.00023711153579519627,0.0002694807915098821,0.00022962688587130196
Z944,228,VAL,6.3306866893534665e-06,9.821221126549566e-06,0.00026485581908838066,0.00023653882053270754,0.00027118650577776963,0.000227112115874683
Z944,229,GLY,2.8313642052077037e-06,8.855418463896026e-06,0.0002643079110806431,0.00023597551083828053,0.0002671392752858823,0.00022733678531121812
Z944,230,VAL,1.8105796088130015e-06,3.806968926266264e-06,0.00026499927201653324,0.00023755472145512905,0.0002668098516253486,0.00023376405454039671
Z944,231,GLN,1.5452006242202815e-06,3.242810136521809e-06,0.00026599451020103976,0.0002378501275822081,0.00026753971082522265,0.00023460823064618827
Z944,232,LEU,3.349259645372717e-06,1.0861657226525366e-05,0.00026343674270767474,0.00023345027793674372,0.00026678600235308,0.0002231781978496501
Z944,233,TRP,3.1717746092083807e-06,4.519555065644653e-06,0.0002635995787518861,0.00023931179287838597,0.000266771353361086,0.00023523091590129858
Z944,234,ALA,2.3048937457123393e-06,7.340790888023568e-06,0.0002642715565713222,0.00023702823015485814,0.00026657645031702594,0.00023027910302458006
Z944,235,GLY,-2.422710938730639e-06,3.185302624006868e-06,0.00026410032415365327,0.00023701903577183232,0.00026167761321491454,0.0002400134752729282
Z944,236,LEU,1.969038820755717e-06,6.170449290576097e-07,0.0002628782945712814,0.000239839501305523,0.00026484733339204826,0.00023945424657454578
Z944,237,LEU,-1.5195648892107215e-06,1.3612305263792266e-06,0.000265425164644957,0.00023694860669295034,0.00026390559975573904,0.0002378695910411926
Z944,238,ARG,-4.02150543393878e-06,2.9207548013264527e-06,0.00026714579587351655,0.00023084276237573902,0.0002631242904395715,0.00023376351709879424
Z944,239,ASN,-4.323238927471215e-07,4.890282392349007e-07,0.0002664823930733756,0.0002350790250565537,0.00026605006918062693,0.00023556796539213378
Z944,240,ARG,3.792391635485339e-06,7.0622942092072704e-06,0.00026364665203549323,0.00023946839483708136,0.0002674390436709923,0.00023253576849632256
Z944,241,CYS,-1.493929154241975e-06,1.749168256098819e-06,0.0002649906969972498,0.00023707023737672356,0.0002634967678429792,0.0002368652898944767
Z944,242,PHE,2.589655846973416e-06,3.044211272054003e-06,0.0002633598355024736,0.00023841710177479784,0.0002659494913494433,0.0002354781037133535
Z944,243,LEU,2.200117727922712e-06,3.4271576306946833e-06,0.0002665466163954597,0.00023541653270849335,0.00026874673412338935,0.00023203064425541682
Z944,244,PRO,5.630750734007908e-06,1.2799657531919424e-05,0.00026384137643340784,0.00023788700276937552,0.00026947212716744924,0.00022699168468379464
Z944,245,GLU,1.8400562379256947e-07,2.348747121675591e-06,0.0002657525338734471,0.00023381674397701134,0.00026593653949719506,0.0002316539353573457
Z944,246,ASN,7.576297574629671e-06,1.0956716396310421e-05,0.0002618724269357868,0.0002412226687099567,0.000269448724510427,0.00023073004666450324
Z944,247,PHE,3.6361655014379043e-06,6.46904432196589e-06,0.000264770247541086,0.0002372542436227411,0.00026840641304254977,0.00023132996557219336
Z944,248,SER,5.7399929077687585e-06,8.930299752121214e-06,0.00026358242871337713,0.00023870445401914377,0.00026932242162110875,0.00023026612797754902
Z944,249,LEU,4.8154093098050695e-06,8.540306982083574e-06,0.00026617628274675805,0.0002319471101890707,0.0002709916920565715,0.00022345162161304215
Z944,250,PRO,7.40488651067628e-07,1.8905950605833067e-06,0.0002650719810350235,0.0002358655713402265,0.00026581246968607663,0.0002342097193783957
Z944,251,LEU,3.663944991302255e-06,8.259894593166059e-06,0.00026429719230673334,0.00023501809822403687,0.00026796113729804803,0.00022697877654707512
Z944,252,SER,4.47294447407815e-06,9.194668113619544e-06,0.0002643186298547195,0.0002362007357260709,0.0002687915743287887,0.0002274233916785035
Z944,253,VAL,-3.253147969636609e-07,1.2003760165269453e-06,0.000266540185130985,0.00023419999546281058,0.0002662148703340439,0.00023410102114206215
Z944,254,ASP,-1.8405921765085425e-06,2.412958627507314e-06,0.0002622426712613094,0.00024121588454452714,0.0002604020790848161,0.00024235235742441977
Z944,255,LEU,5.344023524187161e-06,9.733262156954114e-06,0.00026476810378654747,0.00023725106853133025,0.0002701121273107451,0.0002283724483971224
Z944,256,GLU,4.740467213510901e-06,9.66949454294957e-06,0.0002638263701492491,0.00023655761875489615,0.00026856683736274986,0.000227567223466799
Z944,257,ARG,3.360067742680743e-06,6.632078517453789e-06,0.00026641816975211746,0.00023377921650858012,0.00026977823749478,0.00022723082815245807
Z944,258,TYR,4.515730247797721e-06,9.990500915021656e-06,0.00026535451005814034,0.00023638764730000752,0.0002698702403059201,0.00022696654344044788
Z944,259,TYR,2.7522239223317517e-06,6.864565545598201e-06,0.0002628547132683187,0.00023797318879748963,0.0002656069371906365,0.00023186506201662314
Z944,260,GLN,3.571942179384281e-06,7.125017670993435e-06,0.00026290393030672,0.00023798955806104594,0.0002664758724861105,0.00023164974197547708
Z944,261,THR,2.7972427740109403e-06,3.877198308903847e-06,0.0002643271155510824,0.0002331711998455246,0.00026712435832508904,0.0002293480733184552
Z944,262,GLU,8.881397657114596e-07,3.0258254539529267e-06,0.0002650868979959143,0.00023337570156820102,0.00026597503776162597,0.0002303897433740221
Z944,263,ASN,2.66236486531324e-06,5.833597661498976e-06,0.0002643871406863695,0.00023780824616271957,0.00026704950555166276,0.0002319768747739918
Z944,264,GLU,2.3499125973556175e-06,4.869686530891923e-06,0.0002663710964679095,0.00023408481333520926,0.0002687210090652708,0.0002292664930985472
Z944,265,ASP,3.43929734866171e-06,4.945692495765908e-06,0.0002641666912304384,0.00023746888887199314,0.0002676059885790806,0.00023275285185790743
Z944,266,GLU,2.0781023482352707e-06,4.177692976476383e-06,0.0002648601065981969,0.00023669769541874436,0.0002669382089463822,0.00023274635679612553
Z944,267,SER,8.952409535798826e-06,1.4373657953031916e-05,0.0002636937253188613,0.0002387960105131255,0.0002726461348546618,0.0002249347096240462
Z944,268,PRO,-5.479080078828134e-07,1.33804567691834e-06,0.00026482589584372044,0.00023753550091289475,0.0002642779878358523,0.00023803664637046175
Z944,269,PHE,3.54845019922305e-06,4.992259943162096e-06,0.00026258299234215954,0.00024068692667915617,0.0002661314425413868,0.00023588047665858893
Z944,270,ILE,-3.173918364007454e-06,4.353582023039262e-06,0.0002627927230240364,0.00024098437303041108,0.00025961880466002056,0.0002450104238297885
Z944,271,CYS,2.1358050826747473e-06,7.63996898242116e-06,0.00026164760064701487,0.0002383009347560265,0.0002637834057297036,0.00023086081113955504
Z944,272,SER,-7.447761606822367e-07,1.614059581329464e-06,0.0002636230707325932,0.00023744966687610567,0.0002628782945718787,0.0002390547036001787
Z944,273,GLN,5.984648932314315e-08,3.388797563259323e-06,0.00026583176347941506,0.00023527680921518645,0.0002658916099687659,0.00023243747226814177
Z944,274,PRO,1.9881539680725837e-06,6.544465104189599e-06,0.0002639505292842389,0.00023824324339244518,0.00026593868325231726,0.00023181429800982377
Z944,275,ARG,4.124137696955899e-06,6.854058965428141e-06,0.0002645325587229973,0.0002330259245657226,0.0002686566964199369,0.00022654774157113673
Z944,276,GLU,4.064201888103479e-08,1.1513126546366633e-06,0.0002635888599780922,0.00023892418927095316,0.0002636295019969725,0.0002378258040576337
Z944,277,ASN,3.8844837704348295e-06,4.560209304536969e-06,0.0002649307611850235,0.00023719960108566416,0.00026881524495545804,0.00023290342501064312
Z944,278,GLY,2.677371149197129e-06,4.493539692878244e-06,0.0002663433169783102,0.0002363557111499632,0.0002690206881274903,0.0002321267873282472
Z944,279,MET,5.095794578302531e-06,7.974446914583229e-06,0.0002612047366261629,0.0002446998010129894,0.00026630053120445127,0.00023729717965196624
Z944,280,ARG,3.6104404433833604e-06,8.205060247743428e-06,0.00026585311170426013,0.00023353888283464955,0.00026946355214760504,0.0002255022531386918
Z944,281,SER,3.090401248382033e-06,6.30033881030152e-06,0.00026350748661727513,0.0002377714828425989,0.0002665978878656424,0.00023221134934326614
Z944,282,CYS,2.0930193090128878e-06,6.82434627220875e-06,0.0002639676793228503,0.00023894055768500154,0.00026606069863188323,0.00023232888648467705
Z944,283,ARG,1.4061245289485261e-06,1.6938822253813137e-06,0.000260425660387991,0.00024416075652404403,0.0002618317849169439,0.0002425236260505289
Z944,284,SER,1.5259961537578709e-06,1.071184908736558e-06,0.00026198363421829667,0.0002384183450272387,0.0002635096303720705,0.0002374577624331532
Z944,285,VAL,2.052555936409178e-06,1.4497936169522842e-06,0.0002635995787521306,0.00023936285578353636,0.00026565213468853085,0.00024081140624031432
Z944,286,PRO,5.114641756484507e-07,2.774799915553911e-06,0.0002629575241778043,0.0002408840236903994,0.00026346898835345544,0.0002389269477955898
Z944,287,THR,-1.1921063373523488e-06,1.1324534061148464e-06,0.00026590018498820483,0.00023264583152000134,0.00026470807865083763,0.0002335093880390032
Z944,288,LEU,-1.4339933418281685e-06,4.406686042604303e-07,0.00026413248047620124,0.0002397982314872327,0.00026269848713436107,0.0002393582995372851
Z944,289,ARG,9.244942748574019e-07,4.206998337129525e-06,0.0002671201601389605,0.00023285282621979367,0.0002680446544138092,0.00022891955600613453
Z944,313,CYS,5.495962148455866e-06,1.0626508188970033e-05,0.000263601633183924,0.00023668826353518172,0.00026909759533239253,0.00022720390635939432
Z944,314,VAL,4.19899047016253e-06,9.26173935263273e-06,0.00026504634529997965,0.00023714188327337275,0.0002692453357701188,0.00022800436124444597
Z944,315,ASN,2.95552333971182e-06,7.877173168496686e-06,0.0002619130689547392,0.0002403292026637333,0.0002648685922944435,0.00023271835093141962
Z944,316,TRP,8.903728436191046e-07,1.6888136789127202e-06,0.00026571617936455906,0.00023540273389081897,0.0002666065522081781,0.00023662336893350992
Z944,317,ASN,1.6864204743260874e-06,4.6589003971929686e-06,0.00026292108034503076,0.00023911068522577803,0.0002646075008193957,0.00023464912619340422
Z944,318,GLN,2.6152915819391385e-06,4.981069616391544e-06,0.0002650977060932364,0.00023741577002263443,0.00026771299767514636,0.00023284614759688454
Z944,319,TYR,1.5623506629286596e-06,1.9849339805251836e-06,0.00026515549815040183,0.00023722907442818152,0.00026671784881333654,0.00023531892352993516
Z944,320,TYR,-7.684467870447002e-07,3.6805847792879577e-06,0.00026616994080581505,0.00023560630109162182,0.0002654014940187789,0.00023247636521414502
Z944,321,THR,2.3520563522061885e-06,4.2192854073808104e-06,0.00026329123534769595,0.00023451145433184907,0.0002656432916999041,0.00023049402942013596
Z944,322,ASN,1.5131336247370057e-06,1.7755380589294081e-06,0.00026448771851816103,0.00023704645627899292,0.0002660008521428863,0.00023576095637248487
Z944,323,CYS,-2.750169490609065e-06,3.3344070651101387e-06,0.00026785421752499876,0.0002309257500275672,0.0002651040480344064,0.0002341767758331858
Z944,324,SER,5.1108008621541416e-06,7.115577361158106e-06,0.00026269634337918753,0.00023803135082573124,0.00026780714424134793,0.00023096434989434243
Z944,325,ALA,4.258926282874537e-07,1.158765748210217e-06,0.000262336728504998,0.00023636056464779097,0.0002627626211333217,0.00023528665750586217
Z944,326,GLY,-1.5631545706172882e-07,3.6078003567351314e-06,0.0002648643941078261,0.0002357575770377485,0.00026470807865078765,0.00023345620916039
Z944,327,GLU,1.4617728316831096e-06,1.8046980677620304e-06,0.00026701100728760725,0.00023350563090270273,0.00026847278011928635,0.0002318284880431297
Z944,328,HSD,2.17868017948907e-06,4.946717983267662e-06,0.0002602202172157199,0.00024489558591640905,0.00026239889739521023,0.00024073754067731621
Z944,329,ASN,2.108025592912723e-06,5.891871674490825e-06,0.0002646396571423817,0.00023593240235179343,0.00026674768273530185,0.00023070941953910772
Z944,330,PRO,3.811596105901528e-06,9.700375583551194e-06,0.00026350963037210026,0.00023771994138603415,0.0002673212264779963,0.00022803278627059882
Z944,331,PHE,3.68109503005669e-06,7.311962160898279e-06,0.00026393766675485495,0.00023628699606849664,0.00026761876178492037,0.00023010426907734587
Z944,332,LYS,-1.4896416445366792e-06,4.635909339898288e-07,0.00026544865662488917,0.00023498761272796177,0.0002639590149803741,0.00023458106516824787
Z944,333,GLY,-1.108678544818504e-06,2.918886767579459e-06,0.0002693159903567241,0.00023016648960882705,0.0002682073118118907,0.00022860292763580224
Z944,334,ALA,3.6511717853787443e-06,5.617614203632265e-06,0.00026273921847629837,0.00024065957591244406,0.00026639039026167083,0.00023505669464460253
Z944,335,ILE,4.787629820005123e-06,6.809759957301037e-06,0.00026364022077087764,0.0002390409714794543,0.0002684278505908673,0.00023223883520605341
Z944,336,ASN,-1.254185904627619e-06,5.879058536864209e-07,0.0002674284142199037,0.00023561326069436114,0.0002661742283152659,0.00023619139545959274
Z944,337,PHE,3.798822900030694e-06,6.57975427160706e-06,0.0002634924803332222,0.00023686350585119627,0.00026729130323324175,0.0002306385062408044
Z944,338,ASP,7.25482367196913e-07,2.857928339229406e-06,0.00026401904011561,0.0002378146326414453,0.0002647445224828535,0.0002351811125627617
Z944,339,ASN,-3.4023175776033557e-07,3.020197298114428e-06,0.00026356742242963064,0.00023712134425250757,0.00026322719067187596,0.00024014012098191656
Z944,340,ILE,6.890385348996286e-07,5.307696812543756e-06,0.0002654208771349623,0.00023668093412052303,0.0002661099156698406,0.00023197439921140045
Z944,341,GLY,7.361118182940708e-07,5.9292285042684256e-06,0.0002625936217935728,0.0002391573088422691,0.00026332973361187207,0.00023324864623457402
Z944,342,TYR,2.133750650980992e-06,4.36651146420283e-06,0.0002611832097548703,0.0002394838352198141,0.0002633169604058788,0.00023511805564696572
Z944,343,ALA,5.329017240495484e-07,1.0708496780028274e-06,0.0002637750093563648,0.0002363406084990664,0.00026430791108041383,0.0002353503637288074
Z944,344,TRP,-0.0016897345406245332,0.0008635671968665222,0.0006970760077211667,0.00038533280598730544,-0.0009926585329032666,0.0006063701911796836
Z944,345,ILE,-7.19417327434086e-05,3.2618247059376746e-05,0.00022749508499537288,0.00023172566953341589,0.000155553352251951,0.00021039102386314614
Z944,346,ALA,-7.879469170569109e-05,2.3091366922612197e-05,0.00022786354285879058,0.0002464834287524709,0.0001490688511530846,0.00023024378511507477
Z944,347,ILE,-0.0021775509566059003,0.00013164354938559016,0.0024671064937016,0.00045817887522608985,0.00028955553709573333,0.00038062611835903206
Z944,348,PHE,-0.031587446350302036,0.007365065614055994,0.039638928086850767,0.010487188518590256,0.008051481736548767,0.00355409488200839
Z944,349,GLN,-0.009834675413186333,0.001299744507010101,0.017561274230012334,0.002231911415099027,0.007726598816825934,0.0009912106811980274
Z944,350,VAL,-0.017549664904321468,0.0023550659565432144,0.03639967665031147,0.0030222072098790016,0.018850011745989968,0.0010381985733814052
Z944,351,ILE,-0.10729455879292306,0.0026650424156831956,0.16788266783144012,0.011914437051334496,0.06058810903851697,0.00932287648082082
Z944,352,THR,-0.2050010029199727,0.04094624934209322,0.2717510283324,0.022895670057652955,0.06675002541242712,0.01805843810245775
Z944,353,LEU,-0.2672511973317399,0.15599138549780328,0.2532991500905289,0.06083682880179809,-0.013952047241210833,0.09516443333808171
Z944,354,GLU,-0.0442081332272174,0.010560708783569338,0.1240578512787946,0.022479881665242528,0.07984971805157708,0.01564419829854141
Z944,355,GLY,-0.0019373741325608002,0.0012332854634662812,0.0017825660030851,0.0014852183391772813,-0.000154808129475759,0.0003510486973890705
Z944,356,TRP,-0.010343953941427167,0.005072389963687173,0.012705082664079867,0.007981171037205756,0.002361128722652667,0.002941717626782233
Z944,357,VAL,-0.00012655469120543923,0.00016907158001479603,0.00030369395755876195,0.00025523167399628535,0.00017713926635329954,0.00022646110228611728
Z944,358,ASP,-8.474977467884696e-07,2.2099309452197578e-06,0.0002635266910876267,0.0002348080331845133,0.0002626791933407907,0.0002364958286426012
Z944,359,ILE,-1.922054860440704e-06,3.705903859149992e-06,0.00026747334374850335,0.00023435742989097943,0.0002655512888880603,0.0002306670599702237
Z944,360,MET,9.115424226866955e-07,8.71170904644061e-06,0.000263749373621718,0.00023950200312674693,0.00026466091604437485,0.00023161798100404096
Z944,361,TYR,-2.180913257426425e-06,1.3801936464771019e-06,0.0002646974491996565,0.0002362692930958492,0.0002625165359422231,0.0002375372351580235
Z944,362,PHE,-1.0486534093610057e-06,3.4651114017223144e-06,0.00026285051508206567,0.0002408538669336217,0.00026180186167268474,0.00024431731954660556
Z944,363,VAL,1.0906352751126007e-07,3.752798566808724e-06,0.00026535022254851117,0.00023596152550070475,0.00026545928607602524,0.00023276341325887827
Z944,364,MET,3.0540467392492646e-06,5.003393003788565e-06,0.0002623688848275354,0.00023787465786031986,0.000265422931566797,0.00023306841162953887
Z944,365,ASP,-3.215632256251476e-08,3.089354054432416e-06,0.00026675634707730206,0.00023463834989911994,0.0002667241907547697,0.0002319218092887457
Z944,366,ALA,1.9559976454585343e-06,8.633163176804258e-06,0.0002637493736217812,0.00023845355118205113,0.00026570537126725146,0.00023002831958903112
Z944,367,HSD,2.953379584875963e-06,8.179162235830922e-06,0.00026322504691694723,0.00024018526865931722,0.00026617842650183466,0.0002320549315054417
Z944,368,SER,-1.62657398498595e-06,1.801870179127313e-06,0.00026714588519645,0.00023595941087516155,0.0002655193112114768,0.00023687347737508648
Z944,369,PHE,5.759286701305505e-06,7.669392133007439e-06,0.00026195799848329724,0.00023985776011791303,0.0002677172851846057,0.00023247268821867826
Z944,370,TYR,2.724444432563835e-06,5.278963647907914e-06,0.00026510842486713384,0.00023743542637163736,0.0002678328692996821,0.00023320241180341082
Z944,371,ASN,2.516857505531195e-06,4.2353606328459755e-06,0.0002654401709283391,0.00023817245285912393,0.00026795702843386413,0.0002343082781498709
Z944,372,PHE,1.455073598226134e-07,1.2886413917792175e-06,0.0002637001565832875,0.00023906759932363524,0.00026384566394314245,0.00023778828199723704
Z944,373,ILE,-2.890496109540804e-07,4.651132958666151e-06,0.00026367452084842964,0.00024076899288929526,0.00026338547123746657,0.00023672110862103975
Z944,374,TYR,-9.368030005367173e-06,9.021031268507219e-06,0.0002601643902669806,0.00023774289019098813,0.0002507963602616167,0.00023861925878200318
Z944,375,PHE,-0.0005058899664233333,0.00024562962695300663,0.0007647403242967667,0.0005195467822657528,0.00025885035787343334,0.0003163671947532487
Z944,376,ILE,-0.0011732806862873332,0.00040947841943845875,0.0014976877817584333,0.0006607990183406902,0.0003244070954710805,0.0003227882866651466
Z944,377,LEU,-0.0011475163260328666,1.91721578740193e-05,0.0015408554117750332,0.00027479114885696834,0.0003933390857421,0.0002631677898747757
Z944,378,LEU,-0.006589418604754933,0.0001286290334946595,0.010358628300600867,0.0005739727747892828,0.0037692096958458665,0.0006068996164050801
Z944,379,ILE,-0.03605083012440027,0.0058135974211915,0.05835881605779564,0.0031782085880225188,0.022307985933395367,0.0028648524686362416
Z944,380,ILE,-0.025168060196635866,0.0020060429035828036,0.0399256059010424,0.004492758310707198,0.014757545704406466,0.0025672563587725798
Z944,381,VAL,-0.01703239678043743,0.004125292113721503,0.029614661228675298,0.007984183920993355,0.012582264448237767,0.003859505481353103
Z944,382,GLY,-0.0438422802941588,0.008026850416459116,0.07998237181462627,0.011896403152105441,0.03614009152046743,0.004271392149662621
Z944,383,SER,-0.440874047525258,0.08835772524493597,0.46062342016433694,0.09063108889998964,0.019749372639078198,0.002644525154522338
Z944,384,PHE,-1.4212158468144267,0.33151732956008756,0.5007888531000934,0.10268334761168527,-0.920426993714332,0.23560277785637843
Z944,385,PHE,-0.14239643020157525,0.03429731088353789,0.132667413586582,0.023927487494712605,-0.009729016614993367,0.010629612391909656
Z944,386,MET,-0.09321058764786312,0.01620689031350716,0.11290933962525386,0.01616105442869087,0.019698751977390568,7.99573694176877e-05
Z944,387,ILE,-2.272042071278062,0.44509246268080965,0.7440431938016899,0.13589239601043102,-1.5279988774763715,0.3097775117822989
Z944,388,ASN,-1.2228060017989681,0.17616316501908683,0.48423150417451594,0.0087456284708863,-0.738574497624452,0.1733803101781857
Z944,389,LEU,-0.0753971569344662,0.011726261635956692,0.0892146006676011,0.01087599651654525,0.0138174437331348,0.0008899114583967708
Z944,390,CYS,-0.09835852977720133,0.010721318094316356,0.12485723468130876,0.011201607634342935,0.02649870490410743,0.003647930561287358
Z944,391,LEU,-0.9221658663315265,0.09692275702487142,0.3439856386290327,0.024451709415653652,-0.5781802277024938,0.07342378943016514
Z944,392,VAL,-0.05592425095866027,0.003287984724927746,0.06302597051801173,0.0032112140110334697,0.0071017195593514005,0.000151066227617846
Z944,393,VAL,-0.010145592038094434,0.0009316004426062718,0.013117881595060632,0.001822655298501828,0.0029722895569661337,0.000904539536230555
Z944,394,ILE,-0.0279720146204079,0.0015148443411804543,0.03349697400071983,0.0029069557827213675,0.0055249593803119,0.0015910853562305998
Z944,395,ALA,-0.012366926418294732,0.0003213797460422769,0.015107328247275066,0.0007751953294522137,0.0027404018289802997,0.0005817037796092121
Z944,396,THR,-0.0023354198320546,0.00017438189236105252,0.0029953158063512337,0.0004707506869085862,0.0006598959742966001,0.0003412348012561786
Z944,397,GLN,-0.00018570061927706668,4.8109319246172666e-05,0.0003306117472402,0.0002549646824292122,0.0001449111279631,0.0002495898024978626
Z944,863,ASP,-1.6845446887942713e-06,7.642414922294396e-06,0.0002645754338195192,0.00023569489834260232,0.00026289088913073665,0.0002284888469540071
Z944,864,ASN,-0.00010291077245732886,0.00016825136719523018,0.00027798453102212807,0.000252546776142475,0.00017507375856477394,0.00015697162734574938
Z944,865,VAL,-0.0075732988188802995,0.0030708889839658397,0.005469529025993967,0.003937455994577023,-0.0021037697928863335,0.001088013810795371
Z944,866,ALA,-0.0012060331513820666,0.001219881367749903,0.0010817871948164664,0.0014289602382527213,-0.00012424595656566667,0.000481658723816229
Z944,867,THR,-0.0011615995448092666,0.0012777036958680368,0.0014086970347404332,0.0018826623645321803,0.0002470974899311333,0.0006805336393449487
Z944,868,PHE,-0.060584671616953835,0.017659736058031165,0.045869236850073665,0.009007843312269127,-0.014715434766880099,0.008762751880962594
Z944,869,CYS,-0.02537123232853747,0.017960841433944226,0.025914429524506302,0.01739040830114605,0.0005431971959687691,0.0006874558320730999
Z944,870,MET,-0.0055758414907670665,0.005492471269151982,0.006553922669403534,0.007452627451205652,0.000978081178636452,0.0020291425264661496
Z944,871,LEU,-0.012148000814626766,0.010850769508046351,0.013853539473225934,0.012958655610176832,0.0017055386585991333,0.002277876085892795
Z944,872,LEU,-0.4843675808887828,0.45586950454364694,0.11138704823716337,0.050380810185646885,-0.3729805326516196,0.4054943026003583
Z944,873,MET,-0.03655076402529266,0.030840699140936487,0.0289240029083607,0.022289075864507256,-0.0076267611169319,0.008571695406334063
Z944,874,LEU,-0.0066721142156848665,0.0068340041259841566,0.007564500045107866,0.00872137794480488,0.0008923858294229985,0.0019800586383667976
Z944,875,PHE,-0.17710188436050447,0.22075181907692615,0.050836363977415665,0.0220050330222755,-0.12626552038308872,0.19880193446129538
Z944,876,ILE,-0.2807122699594741,0.28930149348506196,0.0591789332318625,0.026817433658510675,-0.22153333672761158,0.26261802982459537
Z944,877,PHE,-0.0053995239077792,0.0049456336133479354,0.005532880911739033,0.005710086202184775,0.00013335700395976664,0.0011040875653023623
Z944,878,ILE,-0.0023764837239879,0.0028145928684722,0.002073660845478933,0.0029075316463605264,-0.00030282287850896665,0.0005423297628459111
Z944,879,PHE,-0.012777953446577166,0.010641993783010804,0.009065612296577933,0.009174397054199585,-0.0037123411499991998,0.0016054821997893028
Z944,880,SER,-0.0034936955743074,0.002848344205093679,0.006739671255195166,0.007019438723149738,0.003245975680887667,0.004316986545977112
Z944,881,ILE,-0.00024357208509633144,0.00024834883388606747,0.0003033024543312639,0.000293796238493638,5.9730369234959345e-05,0.0002685438966011235
Z944,882,LEU,-0.00015255933064824083,0.0002427052824663821,0.00026506170887623807,0.00025566087869235564,0.00011250237822800256,0.00018273412860996997
Z944,883,GLY,-8.723385060346266e-05,0.00010273729272067141,0.0002570399569105752,0.00025319351389504796,0.0001698061063070746,0.00021816593046664713
Z944,884,MET,2.54570887304883e-07,4.979856575282872e-06,0.0002622405275066007,0.00024038082895199605,0.0002624950983938777,0.0002359367584796781
Z944,885,HSD,-1.7123241783014513e-07,2.787384294933535e-06,0.0002670709431000422,0.00023341875627185755,0.00026689971068222126,0.0002339022838702151
Z944,886,LEU,1.4061245289596087e-06,1.6095126497655832e-06,0.00026361878322284473,0.00023744161436123074,0.0002650249077517986,0.0002358547525555406
Z944,887,PHE,-4.224894174411423e-06,2.764460032202986e-06,0.00026161553364753895,0.00023899511635783237,0.0002573906394731594,0.00023838479290826098
Z944,888,GLY,1.4188977348718662e-06,4.400131251132968e-06,0.00026358242871355137,0.00023928491012842738,0.0002650013264484261,0.0002348854152312794
Z944,889,CYS,1.6158552107997738e-06,2.424227169050537e-06,0.0002637964469053486,0.0002387208265082017,0.00026541230211613666,0.00023635543868757094
Z944,890,LYS,4.986016466453202e-07,3.3308650581783104e-06,0.0002649671156939251,0.0002358318852744698,0.00026546571734058097,0.00023276052505295076
Z944,891,PHE,3.002685946205843e-06,4.854691833187323e-06,0.00026295752417770723,0.00024042175827192742,0.00026596021012393267,0.00023560238873295824
Z944,892,ALA,1.305903990424193e-07,1.3869683866117273e-06,0.0002656306078166907,0.00023627102074713182,0.0002657611982157462,0.00023764460804390642
Z944,893,SER,-1.136458034674376e-06,1.1504492107922975e-06,0.0002643379236483758,0.00023738087249303055,0.00026320146561369584,0.00023832656778624691
Z944,900,LEU,2.4291422033160352e-06,2.7817234686348122e-06,0.00026253591905873015,0.00024155593848140816,0.00026496506126203243,0.0002390290247096783
Z944,901,PRO,1.7099124544395497e-06,6.728985917323535e-06,0.000265962443201616,0.00023943268822241805,0.00026767235565606953,0.0002329382128761552
Z944,902,ASP,1.1258285835754883e-06,1.8167362878023476e-06,0.00026635403575208305,0.00023705014254037074,0.0002674798643356677,0.00023871415509928786
Z944,903,ARG,1.4317602639140233e-06,3.8179985665628015e-06,0.00026405530530226065,0.00023381628796737618,0.0002654870655661767,0.0002312418118612501
Z944,904,LYS,-0.000945935128192,0.0007561037616077589,0.0005476487922176999,0.000186483331504519,-0.0003982863359743125,0.0005799462792041849
Z944,905,ASN,-2.9088162811016486e-05,2.360115790097646e-05,0.00027757748557202875,0.0002338792240256274,0.0002484893227609982,0.00023902531055731722
Z944,906,PHE,-0.0010260925333911333,0.0009169659280337814,0.000495439786839,0.0003511711184633644,-0.0005306527465520667,0.0006556272486259715
Z944,907,ASP,2.4890780157177897e-06,2.467245648300666e-06,0.00026331052914112837,0.0002353670279924818,0.0002657996071568596,0.0002329283488762197
Z944,908,SER,1.8186186897266026e-07,2.5948036825700127e-06,0.00026487082537233645,0.0002369128296772133,0.00026505268724128894,0.00023431901492624706
Z944,909,LEU,-0.00019447170288269138,0.00018130607387211034,0.00036652294576930005,0.0002710769625130444,0.0001720512428865855,0.00021762213510806753
Z944,910,LEU,-0.0006385876764465667,0.00040382430916423154,0.0007986163848967666,0.0004130265183441647,0.0001600287084502,0.00028955410071889533
Z944,911,TRP,-0.0007649249551820333,0.0005384923726921583,0.0008215835917003332,0.00044926656013169513,5.665863651826666e-05,0.00040198947070828653
Z944,912,ALA,-0.0023544750435673,0.0014509797033909217,0.0037322024133319997,0.0025908928182407686,0.0013777273697646334,0.0012181770725520308
Z944,913,ILE,-0.017130245701101568,0.008816754147872644,0.0227974742995057,0.011040831937622968,0.0056672285984041,0.0023621390558039566
Z944,914,VAL,-0.019017763420575134,0.007562430099471304,0.026320692772241167,0.009839890568726346,0.007302929351666001,0.0030712151507141954
Z944,915,THR,-0.015196866812977867,0.006094523062134995,0.024277151771590098,0.009748823418901357,0.009080284958612166,0.003912634668794872
Z944,916,VAL,-0.08539612748552727,0.04751389928954187,0.08654190987118725,0.03549031271419736,0.0011457823856599002,0.012164919644438566
Z944,917,PHE,-1.4303230965466784,0.5713209950589838,0.30226178623012684,0.12606023094040775,-1.1280613103165524,0.4480391759414303
Z944,918,GLN,-0.1297083191086267,0.04207163943145519,0.14150543727685952,0.03526869017152426,0.011797118168232867,0.0123336843647416
Z944,919,ILE,-0.1719340762337085,0.05040793331827279,0.18881948119346414,0.04388078427059532,0.01688540495975553,0.00670000601361837
Z944,920,LEU,-2.703632492356173,0.9970717311938456,0.4986176128217972,0.5474558616573094,-2.2050148795343762,0.7888720694567094
Z944,921,THR,-3.28021789937036,0.7274350311315897,0.9865867785706689,0.38224503026429385,-2.293631120799692,0.4583038671383771
Z944,922,GLN,-2.334958647237102,0.2501686804221626,1.1886328182962325,0.07973263415741438,-1.1463258289408684,0.22897878600475183
Z944,923,GLU,-0.13427305273368934,0.05593795662123443,0.25693515588223964,0.123866142596222,0.12266210314855024,0.06793518225088734
Z944,924,ASP,-0.014716659029539933,0.0029959916084172037,0.0257102324991445,0.011827270475270794,0.0109935734696045,0.008904183927463838
Z944,925,TRP,-0.05350038560790177,0.004181717265865806,0.06670620840334036,0.00423492066726346,0.013205822795438533,0.0006247600105533271
Z944,926,ASN,-0.002589840745812267,0.0006177449215906551,0.0017150093208675333,0.000605020036798225,-0.0008748314249447,0.00016045485229831277
Z944,927,LYS,-2.1675058573626904e-05,3.780996980514487e-05,0.000277963093474373,0.0002497266034774627,0.0002562880349007315,0.00022037401295663396
Z944,928,VAL,-0.0005928718365100635,0.0005615768315072965,0.0003144437268824165,0.0002492775873527691,-0.0002784281096276,0.00047673645160795834
Z944,929,LEU,-0.0002999498004074333,0.00021558537560597058,0.00030964519964172605,0.00023288100112837733,9.695399234266661e-06,0.0003370205629691197
Z944,930,TYR,6.816515130051019e-06,1.055266898446518e-05,0.0002672743318407982,0.00023657143910733473,0.0002740908469708685,0.00022746859882924366
Z944,931,ASN,2.204315914446525e-06,6.875731563267487e-06,0.0002636166394679776,0.0002378090941952843,0.00026582095538241955,0.00023195701441811267
Z944,932,GLY,1.0400783900070835e-06,4.3983068054829256e-06,0.00026486019592118185,0.00023957177986137657,0.00026590027431117096,0.00023663251856836706
Z944,933,MET,3.1974103441578792e-06,6.7632227203174994e-06,0.00026331919348358845,0.0002392050110740821,0.0002665166038277413,0.0002338192866332761
Z944,934,ALA,3.4371535938110247e-06,5.12950632549816e-06,0.000265215433962724,0.00023762056241404144,0.00026865258755654923,0.00023300654064008382
Z944,935,SER,7.276261220240257e-07,2.7872474629430558e-06,0.00026356099116482955,0.00023628807075517993,0.0002642886172868194,0.00023391297340320924
Z944,936,THR,4.164779715833188e-06,7.820486705821614e-06,0.000264123816133689,0.00023474296634114694,0.0002682885958495223,0.00022714902062591095
Z944,937,SER,5.051222342416745e-07,1.0374352856691325e-06,0.0002663047293911765,0.00023471282915538968,0.00026680985162540216,0.00023563644166536339
Z944,938,SER,-1.2071126212521289e-06,1.0038864648023342e-06,0.00026442992646023,0.00023734686428649235,0.00026322281383897177,0.00023708928809676978
Z944,939,TRP,9.223505199966618e-07,4.364551122868797e-06,0.0002639506186071068,0.0002414855368924395,0.0002648729691271244,0.00023749803637982103
Z944,940,ALA,3.593379727808683e-06,5.667773713646419e-06,0.0002658167571956932,0.00023352670693840415,0.00026941013692353776,0.00022800788459899417
Z944,941,ALA,-4.841313014074244e-06,1.6100139715179592e-06,0.00025243624339126155,0.0002519427600197476,0.0002475949303772168,0.0002509594205409398
Z944,942,LEU,-4.248752379340022e-05,6.218121578981047e-05,0.0002626883042987998,0.00026415573359326157,0.00022020078050542837,0.00021333765714035412
Z944,943,TYR,-0.0032484050910604,0.002960799779785992,0.0027324524287402,0.0032224303192656943,-0.0005159526623201667,0.0004782494740945399
Z944,944,PHE,-0.008966388603799233,0.0036789563605652826,0.011122772125113332,0.004187680944172571,0.0021563835213140666,0.0009793176150983357
Z944,945,ILE,-0.008728320519931934,0.0018322448864369954,0.010110654640201966,0.0025784048082283777,0.0013823341202699665,0.0009503082538937536
Z944,946,ALA,-0.007876042825075766,0.0030998331710712663,0.012320570846184735,0.005058863933111117,0.004444528021108867,0.0021528171914519884
Z944,947,LEU,-0.07248510331558476,0.04094314272825077,0.0853327162892315,0.02929731023973461,0.012847612973646666,0.011777866900769374
Z944,948,MET,-0.21042468096015196,0.04886325900413881,0.2104074849200244,0.03482818479873218,-1.7196040127466738e-05,0.014203867959940799
Z944,949,THR,-0.052725605454426804,0.013648951260240221,0.09794202250763946,0.014360929339657522,0.04521641705321264,0.0015900529480024118
Z944,950,PHE,-0.06709669495529817,0.04739612882754631,0.07869092012637459,0.022738159304296107,0.011594225171076432,0.02611026047602163
Z944,951,GLY,-0.45175854719520947,0.336851415192507,0.2978926471888675,0.07853648604679762,-0.15386590000634187,0.2625611024199966
Z944,952,ASN,-2.7886424623346735,0.31616102434013144,0.6137815701396385,0.5566319237964348,-2.1748608921950363,0.728402104225173
Z944,953,TYR,-1.1101393563912028,0.40402989712903586,0.6518244741771332,0.07751175137776749,-0.4583148822140697,0.3265196222338022
Z944,954,VAL,-0.08077888589060946,0.018566855676663333,0.12333838393041378,0.00702996357594179,0.042559498039804265,0.011638903691656077
Z944,955,LEU,-0.25391268843828346,0.23909104296232403,0.1440569667119536,0.0068529201678008056,-0.10985572172633001,0.24269103798279382
Z944,956,PHE,-4.660552613371136,1.0948412887401413,1.0050919269765641,0.14394405056326293,-3.6554606863945716,0.9794947999115242
Z944,957,ASN,-0.46230801121183784,0.11920982078381166,0.5971843057494609,0.06746916402354655,0.1348762945376233,0.06176758094772369
Z944,958,LEU,-0.0400279761793107,0.010209518315903944,0.05772288985298283,0.008261370466278551,0.0176949136736721,0.0021147543507323047
Z944,959,LEU,-0.13714836051882423,0.05461513069967166,0.12831745212950788,0.023984285801935692,-0.008830908389316466,0.031443360163062366
Z944,960,VAL,-0.1697614693117028,0.05336049353905208,0.13711549184435268,0.014360618044504971,-0.0326459774673501,0.040902887480895295
Z944,961,ALA,-0.011540486864588735,0.002775029996069372,0.0153327479096158,0.0033470017858194664,0.003792261045027,0.0006561872270421534
Z944,962,ILE,-0.005852472597900266,0.002469465112907221,0.0030295802438703,0.0019205240967533216,-0.002822892354029967,0.0006134227529106171
Z944,963,LEU,-0.016160758924942602,0.0037535328506034496,0.0114355243401029,0.0037580318877460613,-0.004725234584839667,0.0003230301693183652
Z944,964,VAL,-0.0056823049116102335,0.0016467006350304278,0.003985392454518867,0.0015625100037139563,-0.0016969124570913334,0.00022717018469002592
Z944,965,GLU,-0.00014304731177606668,0.00012128466458245232,0.00036263381719693876,0.0003342441623251034,0.00021958650542080538,0.0002205725905164974
Z944,966,GLY,-2.3485816828651687e-05,3.5601034276167035e-05,0.0002814817990749201,0.0002551838935914452,0.0002579959822462846,0.00022369342375545202
Z944,967,PHE,-0.0003663674342202173,0.0002553673624974323,0.000384895282042061,0.0003368407666966327,1.8527847821839766e-05,8.892164263921726e-05
Z944,968,GLN,-3.657808493016282e-05,4.3311530555375294e-05,0.0002752149784150349,0.00024870335006631255,0.0002386368934848426,0.0002087020531132913
mZ944,1388,PRO,-4.3490533089738245e-06,2.203706373132623e-06,0.00027412997049658237,0.0002449932819316685,0.0002697809171876096,0.00024381162439054225
mZ944,1389,ILE,-0.0024492278463034574,0.0020548158341934706,0.0012983581517618122,0.0011164366878017827,-0.0011508696945416118,0.0009413047078453286
mZ944,1390,GLY,-1.2349814341789141e-06,2.6076030378228524e-06,0.000271820610594711,0.0002446662815038961,0.0002705856291605395,0.0002424995882036024
mZ944,1391,ASN,1.0573177518083487e-06,2.2788642436827347e-06,0.00027078258663626155,0.00024541064856406226,0.00027183990438803393,0.0002457992272575019
mZ944,1392,ILE,-0.0009668741642705,0.000680039705274795,0.0004195086156615955,0.00036650538334301937,-0.0005473655486088667,0.0003159958496670047
mZ944,1393,VAL,-0.0003419691817376838,0.0002829778067181854,0.0003062260893176831,0.0002694262213247615,-3.5743092419996894e-05,5.2479799096994125e-05
mZ944,1394,VAL,7.705905419172275e-07,3.7710890457476977e-06,0.00027246695267967697,0.00024346643574917987,0.00027323754322159424,0.0002469582731852283
mZ944,1395,ILE,-5.335627151033782e-06,6.211854523939807e-06,0.0002736376214684669,0.0002416121684196859,0.0002683019943174277,0.00024329824100616164
mZ944,1396,CYS,-0.0027352611048733332,0.0006906625891903195,0.0010010101551452333,0.00033388680945141576,-0.001734250949728,0.00037630909066735456
mZ944,1397,CYS,-3.3087962727568417e-06,6.058098904866853e-06,0.0002719789804838206,0.00024396383620205617,0.00026867018421105276,0.0002453872093716093
mZ944,1398,ALA,-9.200281190865875e-08,1.3090456405082251e-06,0.0002712234855489078,0.000245148863251986,0.0002711314827370127,0.00024642594348110047
mZ944,1399,PHE,-0.004279997784786633,0.0013194184714954381,0.0025668682689448333,0.0010595972210124987,-0.0017131295158417667,0.00037459430635423
mZ944,1400,PHE,-0.0019735399912999,0.000700453960577043,0.0010794663122323334,0.000636298496593252,-0.0008940736790675666,0.00015647606884783706
mZ944,1401,ILE,4.2160511854308566e-07,1.3024045159769576e-06,0.00027082751616516347,0.0002442126753724232,0.00027124912128369537,0.00024294390484404504
mZ944,1402,ILE,1.615944533905312e-06,1.931971081160326e-06,0.00027200675997363457,0.00024279122703954557,0.00027362270450758,0.0002445698461761467
mZ944,1403,PHE,-0.0012663345633125334,0.0005750909833951299,0.0005780917187644,0.00042248413027556436,-0.0006882428445480999,0.0003554594517983039
mZ944,1404,GLY,5.158410084133942e-07,1.949238983341179e-06,0.00027426690283685194,0.00024268419202766095,0.00027478274384528674,0.00024375883409904215
mZ944,1405,ILE,8.261495215388293e-07,9.319355845321479e-07,0.0002749325387147157,0.00024401138009439704,0.00027575868823626054,0.00024394053232367264
mZ944,1406,LEU,-6.313358004439757e-07,2.7666016249819423e-06,0.0002729506373649738,0.0002438197560011668,0.0002723193015645418,0.0002450703471973069
mZ944,1407,GLY,1.1878188277193574e-06,1.7199833923273104e-06,0.00027268525838064256,0.00024369393994474746,0.00027387307720835066,0.00024265955273656252
mZ944,1408,VAL,8.882290887907938e-07,7.558892720857638e-07,0.00027270446285076956,0.0002410983344188663,0.0002735926919395474,0.00024180905279268594
mZ944,1409,GLN,9.88896243135922e-07,3.645198870593645e-06,0.00027300199815787795,0.00024348969047572445,0.0002739908944010029,0.0002469529865461126
mZ944,1410,LEU,2.2344178053264446e-06,1.2660342655134349e-06,0.00027364834024226956,0.00024207397467207285,0.0002758827580476109,0.00024112475340998702
mZ944,1411,PHE,5.393329885806141e-07,6.662501404403888e-07,0.0002714224974563451,0.00024385144739173483,0.00027196183044493567,0.00024318523730356182
mZ944,1412,LYS,2.457011016163551e-06,1.0196882557818982e-06,0.0002739373005300372,0.00024323265088334735,0.0002763943115461933,0.0002422289551608358
mZ944,1413,GLY,5.179847632366303e-07,2.000844380626133e-06,0.0002717948855368057,0.00024302485879415186,0.00027231287030006653,0.0002442449962512333
mZ944,1414,LYS,6.549171036170955e-07,3.147931718793668e-07,0.0002721009958632841,0.00024507689253445514,0.00027275591296689323,0.00024485761682203666
mZ944,1415,PHE,1.5067916832877624e-06,1.919172892719316e-06,0.00027296993115852894,0.0002446586166122389,0.0002744767228418094,0.0002459357418085592
mZ944,1416,PHE,2.5876014151916647e-06,9.407224539187697e-07,0.00027236414177005916,0.00024094704143590067,0.00027495174318524295,0.0002415726112534775
mZ944,1417,VAL,1.5046479284747924e-06,1.6662344838526213e-06,0.0002729784168547989,0.0002415571533959819,0.0002744830647832439,0.0002431592395739622
mZ944,1418,CYS,-1.926699662813891e-07,1.8368614007248958e-06,0.00027306407772516376,0.0002435375650328307,0.0002728714077588864,0.0002417369506122127
mZ944,1419,GLN,-9.117210689140057e-07,1.7032536586149477e-06,0.00027131977587052154,0.0002440276420707162,0.0002704080548015875,0.00024563843814443074
mZ944,1420,GLY,2.422800261886656e-06,5.444890242769083e-07,0.0002722550782425528,0.00024406116450551344,0.0002746778785044386,0.00024455746316493713
mZ944,1421,GLU,8.58305844142766e-07,2.48338482823836e-06,0.00027229357650617765,0.0002432294593177165,0.00027315188235032395,0.00024567542631812376
mZ944,1422,ASP,1.7807456872473317e-06,1.8389217186227402e-06,0.00027242416690543165,0.00024461403333287643,0.00027420491259270123,0.00024635093677042344
mZ944,1423,THR,1.7766368236049085e-07,1.3130051864202653e-06,0.0002726103162842271,0.0002428202407799935,0.0002727879799665854,0.00024340017993581943
mZ944,1424,ARG,1.75287687433142e-06,1.448177509154692e-06,0.0002724776714529714,0.0002446436698268239,0.00027423054832726086,0.00024402616209327885
mZ944,1425,ASN,7.448654838608777e-07,2.23270407607556e-06,0.00027193396163226175,0.0002405276230703822,0.00027267882711612255,0.00024230507128261605
mZ944,1426,ILE,-8.128403771260733e-08,2.1264304476223533e-06,0.0002718718820646906,0.0002409712989710809,0.0002717905980269537,0.00024255236151197117
mZ944,1427,THR,1.6737365914455845e-06,1.9969110857384583e-06,0.00027044440931090955,0.00024449366128329985,0.00027211814590235293,0.000246411140464777
mZ944,1428,ASN,1.157895583060171e-06,2.191991093088462e-06,0.00027079321608779514,0.00024166983499100474,0.00027195111167086644,0.00024147527607684533
mZ944,1429,LYS,-1.648011533387323e-07,1.836397743860874e-06,0.000272398441847331,0.00024301251899273163,0.0002722336406940236,0.0002434563655751055
mZ944,1430,SER,1.6480115333793689e-06,1.710242901241184e-07,0.000271985322425028,0.00024134368993659953,0.0002736333339584144,0.0002413389316864767
mZ944,1431,ASP,2.228075863917881e-06,2.6065958145373005e-06,0.00027230858279035343,0.0002444469622762756,0.00027453665865427075,0.0002460799056416929
mZ944,1432,CYS,1.755109952280771e-06,3.4751285741853944e-06,0.0002720153349926046,0.00024309527265650558,0.0002737704449449338,0.0002465208555005862
mZ944,1433,ALA,1.6480115333200223e-07,3.7130923078460967e-09,0.00027171565593046696,0.0002414740454223521,0.00027188045708381536,0.0002414776488115417
mZ944,1434,GLU,4.4089891211497965e-07,1.1732162719624243e-06,0.00027284791577885374,0.00024382109583167134,0.00027328881469096714,0.0002436417234495537
mZ944,1435,ALA,2.208782070316295e-06,8.676101761239205e-07,0.0002732759521620073,0.00024334692953872133,0.0002754847342323193,0.00024404119210284653
mZ944,1436,SER,-3.360335712169126e-07,2.1306574037835427e-06,0.0002712341149998233,0.0002427316966194154,0.00027089808142862073,0.00024180595712068896
mZ944,1437,TYR,-5.821187622522647e-07,1.909730499045825e-06,0.00027278797996663803,0.0002441410465276351,0.00027220586120438686,0.0002452255113748166
mZ944,1438,ARG,6.677796327092084e-07,6.019284265827657e-07,0.0002715488003452817,0.00024516393921602007,0.0002722165799779954,0.0002457654898632324
mZ944,1439,TRP,4.666239701658925e-07,1.794197142892259e-06,0.0002714010599081157,0.0002426461931898328,0.0002718676838782856,0.00024438659702564477
mZ944,1440,VAL,-5.43620498222238e-07,1.2237730152094525e-06,0.0002718013168014985,0.00024341518684064717,0.0002712576963032794,0.0002434916678656227
mZ944,1441,ARG,-3.060210034390821e-07,1.5975744365050506e-06,0.0002712405462638664,0.00024299738613182368,0.0002709345252604036,0.000244391541418573
mZ944,1442,HSD,1.6030820048649618e-06,1.35877748650105e-06,0.0002710222405632728,0.00024264055275116856,0.000272625322568096,0.00024303962383240185
mZ944,1443,LYS,1.1857643959346819e-06,2.398486907872006e-06,0.0002726338975874074,0.00024442480232179616,0.0002738196619833187,0.0002467653032783738
mZ944,1444,TYR,-8.967147850282376e-07,4.260325050855693e-06,0.00027350497663741535,0.00024347810735813601,0.0002726082618524347,0.00024502463899384074
mZ944,1445,ASN,-2.2044945607485387e-07,2.5574026183442405e-07,0.00027151235651365433,0.0002427396691486569,0.0002712919070575912,0.00024275051788835266
mZ944,1446,PHE,-6.226089317782881e-06,4.86847402931985e-06,0.00027683521045880963,0.0002426145239785333,0.0002706091211410208,0.00024018239119339487
mZ944,1447,ASP,1.5302836634496986e-06,8.925021923740884e-07,0.00027400795511670707,0.0002443982022223702,0.00027553823878016044,0.0002441155659309404
mZ944,1448,ASN,8.711683731783657e-07,3.1575777317834727e-06,0.00027237280611250585,0.000245100999138032,0.00027324397448567824,0.00024824733911979106
mZ944,1449,LEU,3.91681873886428e-07,1.7365915334355135e-06,0.00027210519404973946,0.00024186190384320076,0.00027249687592363305,0.00024192824472211736
mZ944,1450,GLY,1.5966507403580355e-06,1.6089075636304201e-06,0.00027229357650647006,0.00024363246688567764,0.00027389022724683636,0.00024351222056049674
mZ944,1451,GLN,1.3547637358965695e-06,1.916601227638193e-06,0.0002726231788134532,0.00024284448437835476,0.00027397794254935466,0.00024204128954843495
mZ944,1452,ALA,7.555842580027338e-07,3.3938421149165126e-06,0.00027250759469815206,0.00024306990462595048,0.00027326317895617544,0.0002452576494287749
mZ944,1453,LEU,-4.982532864198034e-06,4.04070325214618e-06,0.0002679980277454522,0.00024161924385830832,0.0002630154948812635,0.00024171323354583383
mZ944,1454,MET,-4.135839025450554e-05,2.9733233815759253e-05,0.0002665810057961825,0.00023524254637695126,0.00022522261554170546,0.00024069383712089349
mZ944,1455,SER,-0.0004595909358471667,0.00022900564291461606,0.0007102362507152999,0.00029939751419597916,0.0002506453148680583,0.00019853886614037988
mZ944,1456,LEU,-0.0027827238370353,0.0011300118022638769,0.004082654343648733,0.001405732550504986,0.0012999305066134332,0.0002965536218187772
mZ944,1457,PHE,-0.011360169035069098,0.004613748371599665,0.0149627834334196,0.010166817173336416,0.0036026143983504985,0.0056022047936475075
mZ944,1458,VAL,-0.013114679897206933,0.0068550287911128506,0.027007631856554266,0.016909266778887214,0.013892951959347267,0.010135201274776703
mZ944,1459,LEU,-0.046599949175145594,0.018548933843591246,0.07429962993432064,0.029095671872828646,0.027699680759175,0.01222960202950037
mZ944,1460,ALA,-0.06354606821963837,0.010659238979470709,0.1108389538119086,0.02315513063213062,0.04729288559227016,0.014052483060511154
mZ944,1461,SER,-0.10430893159724917,0.05048756238413603,0.20819684207047406,0.10813747958865287,0.10388791047322493,0.057884621806964166
mZ944,1462,LYS,-1.4849520464373025,0.8476730256916643,-1.8232185883195722,3.730581280000667,-3.308170634756875,4.118082773803226
mZ944,1463,ASP,-0.12185522044498986,0.11813210763942578,0.350873622525861,0.3107874346425724,0.22901840208087088,0.19370015806062757
mZ944,1464,GLY,-0.012202029867864233,0.007759010005256625,0.0235812595631561,0.01843026412381005,0.011379229695291766,0.010687696044569296
mZ944,1465,TRP,-0.21527020814966283,0.08403245200751155,0.1972925185635771,0.07993745805520328,-0.0179776895860855,0.020056975192214055
mZ944,1466,VAL,-0.016541418147420633,0.005720952278238939,0.019085663996798567,0.008105426590839085,0.002544245849377933,0.0024355068869911594
mZ944,1467,ASP,-0.0011236020262056,0.0007093271977323986,0.0009702229773003666,0.0005137716184454632,-0.0001533790489051796,0.0002377467524708951
mZ944,1468,ILE,-0.0013184470997229334,0.0008295439787235448,0.0006577588293670667,0.0003346019572998222,-0.0006606882703558731,0.0005559683076959851
mZ944,1469,MET,-0.007494300291818599,0.0017854065892977658,0.004136329855984134,0.0014361911281952867,-0.0033579704358344,0.0003922803914597569
mZ944,1470,TYR,-0.00035077054588034015,0.0002828729892931758,0.00028765625963009413,0.00023846432306152753,-6.311428625025498e-05,0.0004573720256051961
mZ944,1471,ASP,2.5680396522332474e-07,1.305724021016188e-06,0.0002736419089783236,0.0002422553511170922,0.0002738987129435556,0.00024127155876543116
mZ944,1472,GLY,-5.821187622655907e-07,1.8046833921237777e-06,0.000269778773432885,0.0002444125141063912,0.0002691966546706,0.00024554890820448053
mZ944,1473,LEU,-2.3928770172542174e-06,7.231496404018808e-06,0.0002739480193043984,0.00024401722574975216,0.00027155514228716316,0.0002404024869496769
mZ944,1474,ASP,1.919821782489642e-06,5.212638593244464e-07,0.0002731839493500104,0.0002445851092050126,0.00027510377113251945,0.000244321751977325
mZ944,1475,ALA,1.5837882112812254e-06,8.194463589628999e-07,0.00027318609310488754,0.0002438211710305588,0.0002747698813161831,0.00024312694813354341
mZ944,1476,VAL,6.956484455852963e-07,2.479398632145899e-06,0.0002711784666970707,0.0002428303663565031,0.0002718741151426679,0.0002450202391033586
mZ944,1477,GLY,4.287509670612071e-09,4.368691993469066e-07,0.0002717200327633868,0.0002457199413778004,0.0002717243202730444,0.00024591162580861107
mZ944,1478,VAL,1.32269673639358e-06,1.8626151051819349e-06,0.00027340868631590276,0.00024448176224067824,0.00027473138305229096,0.00024435037777622854
mZ944,1479,ASP,9.417336366467472e-07,9.237624028678708e-07,0.00027362484826225084,0.0002443996950875385,0.00027456658189889036,0.00024474053238077636
mZ944,1480,GLN,-1.4550735977966824e-07,1.3311945937045635e-06,0.0002723277872608734,0.0002420086491551844,0.000272182279901089,0.00024333608139501578
mZ944,1481,GLN,1.393351323015757e-06,2.990944074566651e-06,0.00027243908386657343,0.00024214248106595065,0.00027383243518960555,0.00024282032792884796
mZ944,1482,PRO,4.2875096797005225e-08,2.9900786730758023e-06,0.00027081679739107835,0.000243747065330094,0.0002708596724879137,0.0002462470472416663
mZ944,1483,ILE,1.4404246063674104e-06,1.3664283286325551e-06,0.00027288427028805646,0.00024276024351678097,0.00027432469489440677,0.00024383283121304526
mZ944,1484,MET,1.3954950778684579e-06,1.9435941334918395e-06,0.0002714117786823804,0.00024371990269367525,0.0002728072737602433,0.0002448524344087399
mZ944,1485,ASN,2.143754842771138e-08,1.558921689650891e-06,0.00027158086734516867,0.0002437897919352775,0.0002716023048935685,0.0002449930634262115
mZ944,1486,HSD,-1.9901190767371893e-07,1.379664897065507e-06,0.00027222292192001534,0.00024238566730187724,0.0002720239100123283,0.0002436423010786395
mZ944,1487,ASN,1.4297058321661294e-06,3.569050364091677e-07,0.0002729634998941291,0.0002435949012295961,0.0002743932057262864,0.00024379518898777486
mZ944,1488,PRO,1.1172535642177834e-06,1.3425067140479866e-06,0.0002723898668282335,0.00024222648529983914,0.00027350712039242203,0.00024331934922180317
mZ944,1489,TRP,1.8129020098882606e-06,4.679264091606232e-06,0.0002726788271157459,0.00024342327306144383,0.0002744917291255977,0.0002462969834891189
mZ944,1490,MET,-5.368060375282564e-05,4.8253976951588245e-05,0.00025310170062284044,0.0002399482559105437,0.00019942109687002128,0.00021822919452668964
mZ944,1491,LEU,-0.0022075724566804665,0.0011388673527016496,0.0019876127592713335,0.0011483322868387083,-0.00021995969740910395,0.00021413696618194044
mZ944,1492,LEU,-0.0022801056871135667,0.0006792467625980714,0.0022487646166114666,0.001047599315069489,-3.134107050203333e-05,0.00039984793652531763
mZ944,1493,TYR,-0.0026741568567552,0.0009291813808080489,0.0032924708650317,0.0012573976792873793,0.0006183140082765,0.00038748487547388437
mZ944,1494,PHE,-0.0146903011171642,0.003894022381724627,0.021626641513276798,0.004514986966491761,0.006936340396112566,0.0007334694829655756
mZ944,1495,ILE,-0.0570095336350668,0.015929376299681892,0.057092628520335635,0.009892230133506416,8.309488526879981e-05,0.006146043814703878
mZ944,1496,SER,-0.017075797365146635,0.004034733973883415,0.028045980682982235,0.00527761020419957,0.010970183317835532,0.0012441717534095688
mZ944,1497,PHE,-0.04000472617551453,0.010253854856084885,0.04588264907358516,0.008188342818416365,0.0058779228980706,0.00215767787577559
mZ944,1498,LEU,-1.1176750429420892,0.327384609984081,0.2565906183035572,0.024492095517245717,-0.8610844246385319,0.30296892221080296
mZ944,1499,LEU,-0.6835121528568656,0.17149724296464572,0.16712922196884206,0.01123716114475373,-0.5163829308880241,0.16066950390979232
mZ944,1500,ILE,-0.04984566054892623,0.010644689978079292,0.053539053407185566,0.0074648860684069515,0.0036933928582592993,0.003624710552303865
mZ944,1501,VAL,-0.12030064071472783,0.024992228301003276,0.11670702562054992,0.010368110277264028,-0.003593615094177867,0.015029235274686553
mZ944,1502,ALA,-0.7782606392319645,0.14030454018104588,0.17529105598683725,0.025808329236370272,-0.6029695832451268,0.14872392629423595
mZ944,1503,PHE,-0.09318807062957607,0.015691821471658204,0.09582830533500182,0.018783634741369726,0.0026402347054257,0.010231346286975184
mZ944,1504,PHE,-0.02988400526649097,0.007323316447922596,0.0417372342525574,0.013873315136398782,0.011853228986066333,0.006714887642489263
mZ944,1505,VAL,-0.29362279124026036,0.1584314081676082,0.19159410190517304,0.051851426215004076,-0.10202868933508735,0.10957406259652219
mZ944,1506,LEU,-0.4159578110833914,0.20658946364175151,0.24169149992273578,0.08668849699038461,-0.17426631116065547,0.12095374723497022
mZ944,1507,ASN,-0.019468344333475333,0.009748423667406565,0.027378945558452602,0.015953834829420355,0.007910601224977235,0.006206446846444991
mZ944,1508,MET,-0.0293694886519444,0.016996976776392416,0.0283314812184743,0.021420592563251073,-0.0010380074334700666,0.004489981419008735
mZ944,1509,PHE,-0.8772735027435602,0.7100119871696997,0.16936982790114788,0.0939891270583294,-0.7079036748424118,0.6169668968749403
mZ944,1510,VAL,-0.026760537135639768,0.019586836833758343,0.0278109902271572,0.023016387033343615,0.0010504530915174,0.0034512229328887032
mZ944,1511,GLY,-0.0029803296201712736,0.002547117057380764,0.004853489988218082,0.00416838399671607,0.0018731603680468088,0.0016212669409718418
mZ944,1512,VAL,-0.008621709894589767,0.007146683128408313,0.009300726107628726,0.007993727008985176,0.0006790162130389001,0.0008561136969838405
mZ944,1513,VAL,-0.014070186980083568,0.011584378174223158,0.012961702623687734,0.011124529671093198,-0.0011084843563957667,0.0005171758016727188
mZ944,1514,VAL,-0.001049680982482807,0.0009046819675760766,0.0010003037879254644,0.0008607284639725458,-4.937719455733023e-05,4.529802646911724e-05
mZ944,1515,GLU,-9.653470962392697e-05,7.946271802946231e-05,0.00031182950717781576,0.00027367235438765494,0.00021529479755388872,0.00019916703879545989
mZ944,1516,ASN,-0.0008383694600685281,0.0007342174733064583,0.0009551280848850647,0.0008261306752456204,0.00011675862481653656,0.00010634284552920917
mZ944,1717,LEU,-0.00038168885006306994,0.0003018903344456936,0.00033025972483069027,0.00028170930955594343,-5.142912523239762e-05,2.0919456351132224e-05
mZ944,1718,PRO,2.165996296637499e-06,1.599968948059444e-06,0.00027173923723391617,0.000243078488819743,0.0002739052335305363,0.0002446493627774673
mZ944,1719,GLN,-0.0002712246467493333,0.00012758440221191208,0.0002978470448782296,0.00026869182347142055,2.6622398128871278e-05,0.00018248813913925192
mZ944,1720,VAL,-0.0038856228188410666,0.0003536884591825255,0.002328222979086733,0.0005089898308952162,-0.0015573998397543,0.0003741735368810376
mZ944,1721,GLY,-7.703493695127927e-05,8.377395916913931e-05,0.0002581702516497423,0.0002571555324452327,0.0001811353146985,0.00033975783853557387
mZ944,1722,ASN,-1.6969516699431064e-05,2.8862073827280063e-05,0.00027437176817796436,0.00024250409269218137,0.000257402251478565,0.00027024290822553874
mZ944,1723,LEU,-0.004659627111710134,0.00046060336019921835,0.003034950171098267,0.0008258636894662051,-0.0016246769406118335,0.0004191105298652363
mZ944,1724,GLY,-0.0010982174678503334,0.0012863833464176173,0.0010544509263254666,0.0010317276232781755,-4.376654152483096e-05,0.00026750008605121666
mZ944,1725,LEU,-7.308087047164554e-05,0.00012340311839296707,0.00026854602507661384,0.0002457660992178953,0.00019546515460493335,0.00036704188583091304
mZ944,1726,LEU,-0.0004217591116279915,0.0006486775344316143,0.00035333403005360003,0.00012396884336250184,-6.842508157436667e-05,0.0007600706296924064
mZ944,1727,PHE,-0.024865945561132266,0.035965729166143746,0.016384840259001433,0.02520876871467922,-0.008481105302130768,0.0107651681232521
mZ944,1728,MET,-0.0006717005603239187,0.0011559037772464044,0.0004978924210223,0.0001610802347653827,-0.00017380813930160003,0.0010085430861224859
mZ944,1729,LEU,-1.0450447553502827e-05,2.0579035457456115e-05,0.00027325451461382585,0.00024161376974016192,0.0002628040670603149,0.000261403847469354
mZ944,1730,LEU,-0.0014763548307282182,0.002488319758376554,0.0010882317684814335,0.0011680522796111345,-0.0003881230622467667,0.0013225943026487343
mZ944,1731,PHE,-0.005574708962949669,0.009589606854076076,0.0043663141976416665,0.0068433782710417956,-0.0012083947653079667,0.0027471906134204577
mZ944,1732,PHE,-3.957103465666694e-06,1.080036995126667e-05,0.00027388165222773023,0.00024268863974534396,0.0002699245487620431,0.0002525760219215298
mZ944,1733,ILE,9.95238184544409e-07,6.100040295570317e-07,0.0002708895957324756,0.00024572820437999135,0.00027188483391702643,0.0002460540593838923
mZ944,1734,PHE,-9.69139755843825e-05,0.00016320895244746036,0.0002764006534877841,0.0002392149296365336,0.00017948667790346665,0.0003984379697002296
mZ944,1735,ALA,1.0066715436326421e-07,3.1200974348457313e-06,0.0002723213559961238,0.00024190397692215357,0.00027242202315046226,0.00024461692343269263
mZ944,1736,ALA,-1.2006813567497276e-06,1.981231790325033e-06,0.00027048933883921445,0.0002439368093018927,0.00026928865748242735,0.00024395722440590732
mZ944,1737,LEU,1.8149564415483116e-06,1.928446392512228e-06,0.0002718483900847636,0.0002433406760059257,0.00027366334652631903,0.0002430514067887547
mZ944,1738,GLY,3.2531479698198644e-07,1.3634374267008894e-06,0.0002722571326741825,0.0002406851860926992,0.0002725824474711559,0.00024010549444240264
mZ944,1739,VAL,1.7936082162818274e-06,3.2263968975797655e-06,0.000273618416997789,0.00024360935570932698,0.00027541202521407887,0.00024542954286089575
mZ944,1740,GLU,1.5923632306711898e-06,5.844118796709575e-07,0.00027347067656016986,0.0002417801366202308,0.0002750630397908643,0.00024162483496175256
mZ944,1741,LEU,1.2221189051519283e-06,2.2803587258163097e-06,0.0002726231788132602,0.0002429220546748931,0.00027384529771844234,0.00024334030540189421
mZ944,1742,PHE,2.3800144881678647e-06,1.252390676202611e-06,0.00027349854537314704,0.00024304780101957988,0.0002758785598613153,0.0002442992094766428
mZ944,1743,GLY,2.345714410791181e-06,1.0568439018323167e-06,0.0002731775180854304,0.0002439093294347696,0.0002755232324961817,0.00024285250842438663
mZ944,1744,ASP,8.903728436296731e-07,1.1363704984559548e-06,0.0002734450408253032,0.00024274487471939764,0.00027433541366893603,0.00024330316980651092
mZ944,1745,LEU,4.5161768634439363e-07,1.1033895285661655e-06,0.0002739180067365265,0.000241700978070738,0.00027436962442292526,0.00024266564063111658
mZ944,1746,GLU,1.8192439512770926e-06,1.335102365126832e-06,0.0002723513685638677,0.0002434528665611148,0.0002741706125151635,0.00024360773512546564
mZ944,1747,CYS,3.9382562873798714e-07,6.678097589066009e-07,0.00027185696510407864,0.00024372357808884976,0.00027225079073281915,0.0002442635005879396
mZ944,1748,ASP,2.1360730519965054e-06,3.345781132652879e-06,0.00027377678688665343,0.00024370575725468662,0.000275912859938639,0.00024705150669394085
mZ944,1749,GLU,-6.420545746440583e-07,3.0481644172637465e-06,0.0002720453475605531,0.0002450899257542198,0.0002714032929858772,0.00024550873977891507
mZ944,1750,THR,-1.4039807741153474e-06,1.564294844552185e-06,0.0002727151816251296,0.00024219934222826568,0.00027131120085099506,0.00024371785756624863
mZ944,1751,HSD,4.2160511860363004e-07,1.9672733688987195e-06,0.0002715102127588836,0.00024246117992385606,0.00027193181787751305,0.00024172185766948407
mZ944,1752,PRO,1.9293793551534284e-08,2.4417351308124575e-06,0.0002728586345531073,0.0002444844058041039,0.0002728779283466579,0.00024622383214103355
mZ944,1753,CYS,4.8368468581056e-07,1.287649968442547e-06,0.0002707289927658854,0.00024164964537810141,0.00027121267745171604,0.00024124293645683394
mZ944,1754,GLU,8.994838016791483e-08,2.33956808703103e-06,0.00027107788886583596,0.00024310994371326962,0.0002711678372460024,0.00024544421638494267
mZ944,1755,GLY,4.816302541078916e-07,2.879965064311363e-06,0.00027109075139501005,0.00024380803633000528,0.00027157238164913616,0.00024632824768879897
mZ944,1756,LEU,3.6469735987481924e-06,2.252911875052616e-06,0.00027307694025428575,0.0002444383793047496,0.00027672391385299977,0.00024219588864929625
mZ944,1757,GLY,8.94660353304885e-07,1.7006295543794872e-06,0.0002734150282574119,0.00024102371225942818,0.0002743096886107109,0.00024236557611835994
mZ944,1758,ARG,-5.693455563150676e-07,1.662706236663856e-06,0.00027205812076598195,0.0002424630011507145,0.0002714887752096706,0.00024142260518644816
mZ944,1759,HSD,1.611657024227325e-06,1.8338706019758191e-06,0.00027161293434453757,0.00024188719643655982,0.0002732245913687788,0.00024342994512908782
mZ944,1760,ALA,1.0658927711820983e-06,1.590354671464962e-06,0.00027069478201150956,0.00024243694155432288,0.0002717606747826661,0.00024374179779361718
mZ944,1761,THR,1.2264064148152216e-06,1.2715548361353843e-06,0.0002729057078365128,0.00024348873782464067,0.0002741321142513168,0.0002447541243539005
mZ944,1762,PHE,-5.943203001940742e-06,1.366239789679377e-05,0.0002735091748239684,0.0002399433970877775,0.0002675659718220535,0.0002534413078543523
mZ944,1763,ARG,8.98590570646092e-08,1.354079599644574e-06,0.0002709323815064391,0.0002441141418035433,0.0002710222405634726,0.0002427600964598871
mZ944,1764,ASN,1.063749016309286e-06,1.3486331481313158e-06,0.00027221005939169696,0.000241934491778229,0.0002732738084080067,0.0002431898330324384
mZ944,1765,PHE,2.09748546480031e-06,7.044045522151107e-07,0.0002718333838007715,0.00024199783848701615,0.00027393086926557844,0.00024268152159666654
mZ944,1766,GLY,1.2328376793319752e-06,1.6576785371662347e-06,0.00027410424543836473,0.0002436379608834958,0.0002753370831177061,0.00024529389093396755
mZ944,1767,MET,1.434529280538268e-07,3.531157778155604e-06,0.0002712534087937469,0.00024321777738914207,0.00027139686172179215,0.00024474076187564874
mZ944,1768,ALA,-2.794643471240565e-05,5.086583599206626e-05,0.00026339038400926526,0.0002568238740632923,0.0002354439492968667,0.00030670123062437066
mZ944,1769,PHE,-0.00047590794716716314,0.0008253087981611415,0.0007872619873857666,0.0006592580440602915,0.0003113540402186,0.00017879866198093863
mZ944,1770,LEU,-0.0009184290564530645,0.001592790448300666,0.0011819201076163667,0.001340888709552135,0.0002634910511632959,0.00025975364818283476
mZ944,1771,THR,-0.0008120898840675334,0.0014067258177115846,0.0013767536584514666,0.0016800688475865425,0.0005646637743839,0.00027865938048719807
mZ944,1772,LEU,-0.003724033010251605,0.006326904996620342,0.0071366682119565665,0.011649175561106168,0.0034126352017049334,0.005322647603881133
mZ944,1773,PHE,-0.039556357438963366,0.06253689391265456,0.038902218160997766,0.06344633064442792,-0.0006541392779655001,0.0009405427356529958
mZ944,1774,ARG,-0.012685522508979167,0.01908376420108469,0.023224659165311436,0.03659687165758095,0.010539136656332243,0.017513114978185456
mZ944,1775,VAL,-0.018781551292460865,0.027001785619977264,0.034654254951403764,0.052001749015734296,0.015872703658942864,0.025000722155358087
mZ944,1776,SER,-0.21414178446152876,0.3453867804988259,0.21537408870321603,0.3167299161750119,0.0012323042416866662,0.02892686791699842
mZ944,1777,THR,-0.41434648089244486,0.6420705384681985,0.28135960156529866,0.3339035889070108,-0.13298687932714695,0.30883062554855767
mZ944,1778,GLY,-0.07437141445837583,0.08936409361847607,0.10852331190471709,0.11050766401265782,0.03415189744634126,0.02292301905308957
mZ944,1779,ASP,-0.0316399151966314,0.027583206988720032,0.08621502664955233,0.07926284425558595,0.05457511145292087,0.05204139608428645
mZ944,1780,ASN,-0.004825723718235533,0.0050299610675943116,0.007723901705267234,0.009208532333097704,0.002898177987031655,0.004206324266031092
mZ944,1781,TRP,-0.019441642080478366,0.019024091459053337,0.030776466573949265,0.03629977143173628,0.011334824493470895,0.01727850777686481
mZ944,1782,ASN,-0.0014533073224412333,0.0017663784745959176,0.0014200241887002,0.0014939361128833437,-3.328313374103195e-05,0.0002724495585506783
mZ944,1783,GLY,-1.9501291165684315e-05,3.5659190551107416e-05,0.00027771459655878737,0.00023130828062007384,0.0002582133053930891,0.0002659506208898254
mZ944,1784,ILE,-0.0003607918851733386,0.0006241899359646868,0.0003394417841040667,0.00013384495467777505,-2.1350101069233336e-05,0.0007463323202960945
mZ944,1785,MET,-2.8055587563003085e-05,5.0911339260636126e-05,0.00027458364261449673,0.00024214570903191584,0.00024652805505149877,0.0002919687164776917
mZ944,1786,LYS,-1.0700909577407746e-06,2.0327442123092923e-06,0.0002733936800316861,0.00024358510759438546,0.0002723235890739781,0.0002455857128460311
mZ944,1787,ASP,2.202350805815433e-06,1.6304454932330595e-06,0.00027212877535287935,0.00024318614532440965,0.00027433112615869785,0.00024318227139185654
mZ944,1788,THR,1.7806563641526002e-06,2.0738181626049094e-06,0.00027335089425872214,0.00024429823485342745,0.00027513155062287544,0.00024226707189615372
mZ944,1789,LEU,2.461745141384857e-07,2.1455302450108983e-06,0.0002732438851624583,0.0002442791460339171,0.0002734900596766231,0.00024568078297597845
mZ944,1790,ARG,1.3398467750941825e-06,1.6630219624325342e-06,0.0002724732946204509,0.00024048171231291318,0.0002738131413955728,0.00024207757987999444
mZ944,1791,ASP,3.0396657171559767e-07,2.2153202481032817e-06,0.00027173494972438994,0.0002426845449079877,0.00027203891629611646,0.0002443041314256578
mZ944,1799,TYR,1.7764581775039908e-06,1.3562981710172308e-06,0.0002727836924569071,0.00024324794005234964,0.00027456015063443816,0.00024435021709430136
mZ944,1800,ASN,1.1129660545471713e-06,2.07397274942497e-06,0.0002731304448019858,0.00024371619798056613,0.00027424341085651675,0.00024423695455350763
mZ944,1801,THR,-5.756874977249993e-07,3.2575411725897696e-06,0.000272013191237911,0.00024309951218640503,0.00027143750374017286,0.00024427992056198766
mZ944,1802,VAL,1.2414126987225098e-06,2.2125048842906127e-06,0.00027262103505838183,0.00024356449678119953,0.000273862447757087,0.00024576674161554346
mZ944,1803,ILE,1.245700208365672e-06,2.491372029988423e-06,0.0002725097384529626,0.0002428676249436584,0.00027375543866135294,0.00024534568573908206
mZ944,1804,SER,1.4212201359515154e-06,3.2302236977378804e-06,0.00027096873601494003,0.0002430109160315802,0.00027238995615087115,0.0002462348745101808
mZ944,1805,PRO,-6.67779632743312e-07,1.0154862320750597e-06,0.0002724755276985042,0.00024493352783205044,0.0002718077480657571,0.00024458090199618797
mZ944,1806,ILE,-3.7667559005679245e-07,9.067987288756781e-07,0.00027314321800815856,0.0002415607552611398,0.00027276654241806367,0.0002418723887320643
mZ944,1807,TYR,-8.960895232018136e-06,1.740525143832456e-05,0.0002669644699431981,0.0002499971669267707,0.0002580035747111801,0.0002670509456837932
mZ944,1808,PHE,-0.0004646629704759898,0.000738114766231686,0.0007220352093865668,0.000565241115881475,0.00025737223891057846,0.0001808667391096737
mZ944,1809,VAL,-0.0005572912228424,0.0005066854077855541,0.0006681401408266999,0.0003561702690737676,0.0001108489179842764,0.00018103720337597895
mZ944,1810,SER,-0.00044322095591809997,0.0004229754305878785,0.0005580627066153666,0.00022483962112964013,0.00011484175069726664,0.000226868413893403
mZ944,1811,PHE,-0.0075833524931421675,0.010498686509677536,0.0098573324007998,0.013994242653859554,0.0022739799076575886,0.003509462632043527
mZ944,1812,VAL,-0.02592456680520677,0.017030666627753134,0.04437855325131667,0.03738123682920495,0.0184539864461099,0.02035402125216923
mZ944,1813,LEU,-0.0159176798141364,0.0011771952485278214,0.024588980474859332,0.008478140928725446,0.0086713006607229,0.007488206825934564
mZ944,1814,THR,-0.0083574470916839,0.0024596078940366645,0.015752089044430068,0.006630741305208581,0.0073946419527461,0.004195162704402625
mZ944,1815,ALA,-0.04452753018898087,0.026723035704268195,0.06612638569186556,0.029452108232699517,0.021598855502884633,0.002951965932581278
mZ944,1816,GLN,-0.5969021594757092,0.3860767628613426,0.5801593960328028,0.30346101379464674,-0.016742763442906067,0.08324721740174591
mZ944,1817,PHE,-0.05045291045982647,0.015422169169012775,0.06542985107156478,0.010054427137175082,0.014976940611738267,0.0053773819850518375
mZ944,1818,VAL,-0.03818566748040026,0.00502703570928874,0.05474619228944977,0.005552453146513484,0.01656052480904947,0.000679799285915685
mZ944,1819,LEU,-1.3195455260283098,0.23996910379610756,0.3577777782839418,0.09271129533526529,-0.9617677477443687,0.18999816046539794
mZ944,1820,VAL,-0.8419693231362059,0.5838352778769498,0.21886004433999565,0.05006699460045259,-0.6231092787962101,0.533781457553995
mZ944,1821,ASN,-0.04360613006696553,0.023297742335199087,0.0611464990250379,0.028650462712171285,0.0175403689580723,0.0057204668393567625
mZ944,1822,VAL,-0.057235873682818905,0.01694034399149079,0.06678341993209624,0.018710322674626915,0.009547546249277268,0.002369571923953886
mZ944,1823,VAL,-0.7652671650896673,0.5565879788034314,0.20379460032817318,0.08749652616797017,-0.5614725647614937,0.46946247938096386
mZ944,1824,ILE,-0.06587580236724126,0.0479608033094739,0.06214898586997584,0.04362424956520636,-0.0037268164972654003,0.004594575520651441
mZ944,1825,ALA,-0.007238541139101999,0.00451785815651219,0.011305356171468134,0.00856749776980476,0.004066815032366133,0.00405080256963903
mZ944,1826,VAL,-0.015933871326475068,0.008647826581124635,0.020141372503307067,0.014113423327561643,0.004207501176832033,0.005487849151680513
mZ944,1827,LEU,-0.026973131606002832,0.021029561188688203,0.027488554224938604,0.02303352577375131,0.0005154226189357667,0.0021052458242247878
mZ944,1828,MET,-0.003535247974374946,0.0030611169489035256,0.0031291784684833704,0.00275639319710614,-0.0004060695058915753,0.00035628683379386033
mZ944,1829,LYS,-0.0003276443439261248,0.0002964276259778421,0.0003734086863156759,0.0003252076128742953,4.576434238955795e-05,0.00012416780972648978
mZ944,1830,HSD,-0.001391734038628644,0.0012503694294347563,0.0013095264892173056,0.0012206543347856788,-8.22075494113333e-05,0.00013919989238408645
mZ944,1831,LEU,-0.0009567141061748003,0.0008660168221275366,0.00048361796144991853,0.00042463812335196186,-0.0004730961447248485,0.00044760142341676096
mZ944,1832,GLU,-1.4916960759995366e-08,2.7117577943204428e-06,0.00027277082992762546,0.00024230655325694763,0.0002727559129668821,0.00024469866733107626
mZ944,210,MET,-6.962460173054462e-05,6.383457561902766e-05,0.00027824151363357896,0.00024798677588534285,0.00020861691190302475,0.0001962279775071285
mZ944,211,LEU,-0.0021909317383796666,0.0017628769070815353,0.0013292077664666415,0.001111937968494282,-0.0008617239719130001,0.0006556237331075195
mZ944,212,GLY,1.7550206291618599e-06,3.6530792296289934e-07,0.0002729164266106628,0.00024507535935234414,0.0002746714472398292,0.000245014575145619
mZ944,213,ASN,-3.7238808034743956e-07,1.3419982975800713e-06,0.00027284148451419706,0.0002430709409885648,0.0002724690964338465,0.00024358406585863368
mZ944,214,VAL,-0.002675318325263,0.0019118045625263886,0.0019200659919196067,0.001611335769201612,-0.0007552523333433,0.0003101415224999928
mZ944,215,LEU,-8.40609147937513e-05,6.99105241433012e-05,0.00028279395568312827,0.00025036707015379346,0.00019873304088934365,0.00018050767887474364
mZ944,216,LEU,1.8920422926974899e-06,2.0125922448770457e-06,0.0002710565406405698,0.00024547339311788006,0.0002729485829332517,0.0002473500427221176
mZ944,217,LEU,-0.00017905372874888682,0.0001109215290906178,0.00030856751621881573,0.000269328052817927,0.00012951378746989554,0.00016080894432438672
mZ944,218,CYS,-0.0024233361112822667,0.0011278053346832372,0.0011653553139662,0.0009479576467468408,-0.001257980797316,0.000201722651487617
mZ944,219,PHE,-2.2087820703770676e-06,2.1574595590717158e-06,0.000271075745111122,0.000243199579690674,0.0002688669630407057,0.00024293039154135552
mZ944,220,PHE,5.414767433995152e-07,7.717263563092481e-07,0.00027304049642217247,0.00024189291724249705,0.00027358197316559846,0.0002415451059294255
mZ944,221,VAL,-0.0004882986714972333,0.00046686513293709813,0.00040715013697713336,0.00010806579412626104,-8.114853452006667e-05,0.0005181236360748308
mZ944,222,PHE,-0.0029680547479257,0.0019676224868892893,0.0016481113073242,0.0013811593237201966,-0.0013199434406014332,0.0006610227089888668
mZ944,223,PHE,9.181523333954024e-07,1.2124428664897687e-06,0.00027432255113966827,0.00024290731425511195,0.00027524070347305493,0.00024176664488269374
mZ944,224,ILE,1.102247280317509e-06,1.1157457619221055e-06,0.0002737724993769401,0.00024347368073435798,0.0002748747466572376,0.0002439943417335309
mZ944,225,PHE,-0.00034215676028621846,0.0005292419101580224,0.00032730482675323336,0.0001516299629036598,-1.4851933532966647e-05,0.000675630273744167
mZ944,226,GLY,1.410501361704517e-06,2.8933232182965526e-06,0.00027227642646758207,0.00024185818865278384,0.0002736869278292683,0.000243917658250123
mZ944,227,ILE,8.903728436189699e-07,1.542171002827142e-06,0.0002714931520430174,0.0002445789702315639,0.0002723835248866583,0.0002450198817835612
mZ944,228,VAL,7.683574639773995e-07,1.4193409748570416e-06,0.0002713925742117089,0.0002452287001226561,0.0002721609316757078,0.0002448704643402514
mZ944,229,GLY,8.8608533396024e-07,1.4223876049143766e-06,0.00027246266516955595,0.00024366642575888097,0.00027334875050349315,0.00024382434036597896
mZ944,230,VAL,3.039665716996498e-07,1.947516291883927e-06,0.0002733465174256905,0.00024029571144473355,0.00027365048399742895,0.00024211126751981952
mZ944,231,GLN,2.0119139175054455e-06,2.3934475565255555e-06,0.0002728971328174469,0.000243216975159161,0.0002749090467349658,0.0002456083415974967
mZ944,232,LEU,3.403210808742377e-07,7.166313734842068e-07,0.00027133469283082524,0.0002411601011585504,0.00027167501391170493,0.00024187179333879367
mZ944,233,TRP,3.4201822012966153e-06,2.7023724357387718e-06,0.0002742284045728811,0.0002443471190385406,0.00027764858677417327,0.00024474081705359017
mZ944,234,ALA,5.607705369449289e-07,1.0144482194707467e-06,0.0002751508444160024,0.00024388393444922253,0.000275711614952938,0.0002447891953835951
mZ944,235,GLY,9.374461269706608e-07,4.895236375205507e-07,0.0002720153349930157,0.000243015349244114,0.00027295278111998626,0.00024336364701004872
mZ944,236,LEU,-4.0659883468474594e-07,2.156506844581511e-06,0.00027422411706314287,0.0002440737861729213,0.0002738175182284545,0.00024620040120915614
mZ944,237,LEU,4.986909696730243e-07,3.371105608694967e-07,0.0002722208674880769,0.0002455206065986498,0.0002727195584577591,0.0002458444851866287
mZ944,238,ARG,1.9754700851879543e-06,7.574001535974321e-07,0.00027329738970981616,0.0002445899669138885,0.0002752728597949957,0.00024431476961195075
mZ944,239,ASN,1.3505655493227802e-06,2.1829557849797137e-06,0.0002719083258967431,0.00024327520398432863,0.000273258891446067,0.0002452569719746097
mZ944,240,ARG,-6.163295165811123e-07,2.8024564150589482e-06,0.0002737660681129011,0.0002423602750321442,0.0002731497385963231,0.0002450849768155575
mZ944,241,CYS,1.6522990430816128e-06,1.5359660283088837e-06,0.00027360769822338155,0.00024318505050953342,0.0002752599972664712,0.0002438614462329647
mZ944,242,PHE,2.249424089144124e-06,1.508743962601162e-06,0.0002731154385183879,0.00024357529454013135,0.0002753648626075389,0.0002438161611633948
mZ944,243,LEU,6.420545746471568e-07,1.1611135344620723e-06,0.00027328238342662765,0.00024337085597823303,0.00027392443800126686,0.0002423721961794877
mZ944,244,PRO,-9.587943522736612e-07,1.9498375952178404e-06,0.0002704401218007921,0.0002440217379291322,0.0002694813274485175,0.00024591691588198575
mZ944,245,GLU,1.4121985009134075e-07,1.5480588248107613e-06,0.00027157657983559744,0.00024311122482840132,0.00027171779968569764,0.00024159063575435107
mZ944,246,ASN,7.470092386775735e-07,2.5531962696759525e-06,0.00027340868631558287,0.0002445621181163604,0.0002741556955542515,0.0002463582889283657
mZ944,247,PHE,2.251567844044155e-06,7.512616491403783e-07,0.0002729099953462238,0.00024391928100556666,0.0002751615631902492,0.00024374692660394248
mZ944,248,SER,5.308472923132131e-07,2.9767190870337285e-06,0.0002721695066953002,0.0002463262160800368,0.00027270035398761284,0.0002490891500439902
mZ944,249,LEU,5.992688009564031e-07,8.146469514135096e-07,0.00027269812090952294,0.00024512034383046956,0.00027329738971047264,0.0002446306430624986
mZ944,250,PRO,2.3928770172494084e-06,2.5115824365966035e-06,0.0002720731270503677,0.00024311951482520986,0.0002744660040676329,0.0002454709053100556
mZ944,251,LEU,8.566087047888196e-08,2.0357694569682885e-06,0.0002718633070454551,0.00024014335742437594,0.0002719489679159339,0.00024216521974461096
mZ944,252,SER,1.234981434189522e-06,3.413074627733263e-06,0.00027259102249064447,0.00024144795214465226,0.00027382600392484365,0.00024246688869885435
mZ944,253,VAL,-2.0544317220387383e-07,9.489524856378133e-07,0.0002705042557999673,0.00024142748824989289,0.00027029881262773196,0.00024229294633431895
mZ944,254,ASP,1.2221189051337166e-06,2.903967250656221e-06,0.0002726616770768026,0.0002422491376128193,0.0002738837959819162,0.00024249732209150708
mZ944,255,LEU,-8.068557279878837e-07,1.1575577659062155e-06,0.0002719854117484058,0.0002445117281311573,0.00027117855602040155,0.00024566755572752306
mZ944,256,GLU,1.2584734143074893e-06,2.439246930062055e-06,0.00027241773564073177,0.00024426336670740065,0.00027367620905502436,0.00024340346895125348
mZ944,257,ARG,1.5367149278929604e-06,5.043278184206057e-07,0.00027112290771890877,0.0002457989898973292,0.00027265962264682897,0.0002458615253660629
mZ944,258,TYR,2.0332621428154045e-06,2.670419607412454e-07,0.00027170502647954795,0.000244418989067625,0.000273738288622391,0.00024456932485159894
mZ944,259,TYR,3.639023841481662e-07,3.628768472004079e-06,0.0002718505338394209,0.00024301174350749524,0.0002722144362235906,0.0002445523250207357
mZ944,260,GLN,1.883824565397208e-07,1.804333183429098e-06,0.000271976836728768,0.0002443232371662439,0.0002721652191853145,0.0002456115127492045
mZ944,261,THR,8.968041081284066e-07,1.8543266449834754e-06,0.0002719190446711879,0.00024418026312810875,0.0002728158487793057,0.00024499950283728746
mZ944,262,GLU,-8.796540694276136e-07,1.0871934608288428e-06,0.00027377678688674006,0.0002431826200275759,0.00027289713281731777,0.00024286297351902017
mZ944,263,ASN,1.1621830927510848e-06,1.1622379272200608e-06,0.00027310900725388445,0.00024294131270951496,0.00027427119034665806,0.00024327273446248304
mZ944,264,GLU,1.6394365140233553e-06,5.263308338285295e-07,0.00027261460379336444,0.00024249156699290868,0.000274254040307368,0.0002419800651864373
mZ944,265,ASP,1.6801678559800936e-06,2.5761666934055558e-06,0.00027186982763289066,0.00024438250971867446,0.00027354999548887226,0.00024613692602604235
mZ944,266,GLU,5.26559782609048e-07,2.8631759660564618e-06,0.0002729527811200275,0.00024348438099110057,0.0002734793409026268,0.00024509219929010837
mZ944,267,SER,3.767649131754766e-07,3.69641675158613e-06,0.0002725226009817892,0.00024388677989367483,0.00027289936589496125,0.0002464402978473533
mZ944,268,PRO,3.2066999486697556e-08,1.582661727856366e-06,0.0002727836924569498,0.00024345208776483537,0.0002728157594564416,0.00024187369757372042
mZ944,269,PHE,2.0439809170051474e-06,1.4145640653557557e-06,0.00027252260098178043,0.00024349392265217545,0.00027456658189877506,0.0002445423040983492
mZ944,270,ILE,1.8278189706004675e-06,1.1084760560891773e-06,0.0002732502271038265,0.0002411793989431259,0.00027507804607439327,0.0002420770993176491
mZ944,271,CYS,3.146853459046358e-07,2.7189559080805595e-06,0.0002722807139773709,0.00024277211848401393,0.0002725953993232999,0.00024516752683040137
mZ944,272,SER,1.4275620773182583e-06,1.7529838025600134e-06,0.00027107360135615534,0.00024255340839859894,0.00027250116343346004,0.00024212395096359925
mZ944,273,GLN,2.547495334937569e-07,2.3432217124634285e-06,0.0002721458360687673,0.00024103330783994937,0.00027240058560226677,0.00024337123346834775
mZ944,274,PRO,-8.667915404172215e-07,9.733318473300668e-07,0.0002736311902036816,0.0002413044873479656,0.0002727643986632522,0.0002422028774089995
mZ944,275,ARG,9.46021146361671e-07,1.7850879167776758e-06,0.00027144598943619605,0.00024205080656726797,0.0002723920105825308,0.00024246243969392722
mZ944,276,GLU,-2.9958973893656687e-07,2.0750750092662014e-06,0.00027180989182087965,0.00024461311911491213,0.00027151030208195177,0.000246352542577279
mZ944,277,ASN,1.0573177517954604e-06,1.2967368055620743e-06,0.00027128976330232334,0.00024243100421545032,0.0002723470810541176,0.00024309973264672862
mZ944,278,GLY,-1.226317091684334e-06,2.436189526769229e-06,0.0002719939867676033,0.00024557850993307833,0.0002707676696759259,0.00024800055294645957
mZ944,279,MET,-3.317460615492296e-07,7.657480679688384e-07,0.00027509090860369545,0.00024289824649433874,0.00027475916254217424,0.00024293298422873121
mZ944,280,ARG,1.4425683612087414e-06,2.3777137307398767e-06,0.0002745365693311462,0.0002428260688453932,0.0002759791376923644,0.00024429888166248694
mZ944,281,SER,1.3505655493449437e-06,2.182955784935367e-06,0.0002732802396717686,0.00024366114879292126,0.0002746308052210858,0.000245636133611756
mZ944,282,CYS,2.940695702015513e-06,2.212110332975559e-06,0.00027207964763826235,0.0002468879607129965,0.0002750203433402767,0.0002456621188667303
mZ944,283,ARG,-5.992688009764201e-07,3.259411114055224e-07,0.0002748747466572924,0.0002434606633421229,0.0002742754778563033,0.00024374626610265888
mZ944,284,SER,1.3676262649093382e-06,1.2183910432182222e-06,0.00027003772115292334,0.00024285298554750726,0.00027140534741782,0.00024224363252539058
mZ944,285,VAL,1.4618621547991322e-06,2.743859571658655e-06,0.000273091946538272,0.00024525523684021464,0.0002745538086930664,0.00024781008001947
mZ944,286,PRO,5.287035374629463e-07,2.3613751495154262e-06,0.0002722336406939193,0.00024362230334295748,0.00027276234423135643,0.00024598230659962904
mZ944,287,THR,2.76097758784668e-07,5.107398428329407e-07,0.0002715273627972774,0.0002432763331885229,0.00027180346055606197,0.0002432559085812057
mZ944,288,LEU,5.800643305004371e-07,2.073878814560524e-06,0.00027272161288966455,0.00024262960233908606,0.00027330167722017126,0.00024450238850142657
mZ944,289,ARG,1.594506985517179e-06,1.5081007078830163e-06,0.0002715060145715603,0.0002456366847943411,0.0002731005215570717,0.0002461238166570377
mZ944,313,CYS,-1.1978230169440488e-07,3.0484783538671397e-06,0.00027255252422652836,0.00024179970725345866,0.00027243274192480655,0.0002445033932196557
mZ944,314,VAL,2.8166258906493363e-06,1.1291462649799572e-06,0.00027215021290174563,0.000244793240452316,0.00027496683879238486,0.00024591198048117896
mZ944,315,ASN,3.4460859057218625e-07,1.0245583577559355e-06,0.00027211376906921005,0.00024216882660511196,0.0002724583776597769,0.00024307488829693395
mZ944,316,TRP,1.9199111056229813e-06,3.88745383331197e-06,0.00027167287015710385,0.00024206798603154786,0.00027359278126270673,0.00024503499689384453
mZ944,317,ASN,7.384342193096213e-07,2.0938205687037114e-06,0.0002726403288522236,0.0002444106948918323,0.00027337876307151137,0.000245664148603613
mZ944,318,GLN,1.6180882887742265e-06,1.6978915655396871e-06,0.00027355633743063416,0.00024351277077770854,0.0002751744257194041,0.00024508174882161005
mZ944,319,TYR,1.3291280009054465e-06,2.3702784988751114e-06,0.00027128118828298724,0.0002417633222833192,0.00027261031628390267,0.0002419449674657821
mZ944,320,TYR,2.086811352217013e-06,1.5346223965248547e-06,0.00040943238731205,8.534861482445384e-05,0.00041151919866425004,8.381399242799042e-05
mZ944,321,THR,7.234279354257338e-07,2.019504430917269e-06,0.0002735884044302399,0.00024165397994759764,0.00027431183236563465,0.00024181395134557676
mZ944,322,ASN,1.1138592854960265e-07,4.1038988568638515e-06,0.0002708788769583764,0.0002437318506457887,0.00027099026288692315,0.0002477492952414128
mZ944,323,CYS,1.1301160932339728e-06,2.149929780851652e-06,0.00027234708105427656,0.00024333968458839454,0.0002734771971475069,0.0002452496379741203
mZ944,324,SER,5.714893111520648e-07,2.0417236401893725e-06,0.0002715850655318954,0.00024029283095193296,0.00027215655484302603,0.0002413748292954803
mZ944,325,ALA,-1.2991154331545915e-06,1.2631553259779653e-06,0.000271957542935135,0.0002425552297068104,0.00027065842750196635,0.00024370073062622588
mZ944,326,GLY,1.6481008565153131e-06,3.917481516767129e-06,0.00027329095844591165,0.00024411917858762632,0.00027493905930242184,0.0002473272305066245
mZ944,327,GLU,1.536714927936398e-06,1.3368730974051553e-06,0.000273847441472604,0.0002440699218176827,0.0002753841564005256,0.0002437032703373406
mZ944,328,HSD,4.5161768629363756e-07,8.124385542237291e-07,0.00027054713089662497,0.00024392071473193264,0.00027099874858291993,0.0002447255813647296
mZ944,329,ASN,1.2777672078483965e-06,9.675699690663107e-07,0.0002729249123069854,0.00024189224621336733,0.0002742026795148347,0.00024283001964973063
mZ944,330,PRO,1.2392689438406692e-06,2.0480024305978924e-06,0.00027338081750299687,0.00024248407685445613,0.00027462008644683374,0.0002444916923350621
mZ944,331,PHE,-4.0231132500497166e-07,2.697989169347656e-06,0.000271709313989528,0.0002443751606446387,0.0002713070026645362,0.00024701409727571514
mZ944,332,LYS,2.5298093576489406e-06,1.8526326494332167e-06,0.00027343432205078055,0.00024279731933308686,0.00027596413140845363,0.00024259209351864216
mZ944,333,GLY,2.1595650321270374e-06,1.2217048228187209e-06,0.00027248410271797657,0.0002450739519643351,0.00027464366775009603,0.00024629492592745703
mZ944,334,ALA,2.551246906071368e-06,2.3496428996114835e-06,0.00027263389758726703,0.00024458962727885264,0.00027518514449333613,0.0002466084948982624
mZ944,335,ILE,-5.778312525465422e-07,1.7257456635470615e-06,0.00027355419367554643,0.00024319454037849406,0.00027297636242296476,0.000244848219686954
mZ944,336,ASN,-6.078438203221698e-07,1.6053098318771203e-06,0.00027158944236459133,0.000244418114818914,0.0002709815985442679,0.0002445736762943203
mZ944,337,PHE,9.524524109414205e-07,1.2859763169336562e-06,0.0002728457720243789,0.00024378583361656602,0.0002737982244353281,0.0002450716383812241
mZ944,338,ASP,1.374057529406054e-06,1.5878885027046188e-06,0.0002700955132101198,0.00024355937681400314,0.00027146957073953944,0.00024325124634585218
mZ944,339,ASN,1.7828894420906028e-06,1.7340135322713754e-06,0.0002735199829211647,0.0002447364108542021,0.0002753028723632783,0.0002462693416353724
mZ944,340,ILE,-4.901159503552769e-07,1.3626952580797294e-06,0.000271176322942207,0.0002421806046086332,0.0002706862069918338,0.00024276942394960656
mZ944,341,GLY,3.039665716943827e-07,2.9680849268621954e-06,0.0002734557595991684,0.0002438815421107764,0.00027375972617086063,0.0002452328574749887
mZ944,342,TYR,6.977922004632028e-07,2.5721930326851254e-06,0.00027325880212342163,0.00024176645641063073,0.00027395659432387424,0.0002443226611000207
mZ944,343,ALA,1.425418322469247e-06,2.2824231148139111e-07,0.0002721074271276389,0.00024527039570040773,0.0002735328454501158,0.00024515832145758417
mZ944,344,TRP,-0.00035079993318630243,0.0005773153891761205,0.0003492683989992306,0.00032683616971525953,-1.5315341870141763e-06,0.00043076317369170216
mZ944,345,ILE,-9.19784266804433e-05,7.982195253449821e-05,0.0002450209953990311,0.0002759156780512804,0.00015304256871856667,0.0003556159632421453
mZ944,346,ALA,-0.0002480656632107033,0.0002848932374029988,0.00026888732871164085,0.0002794440030845895,2.082166550093334e-05,0.000564026280162567
mZ944,347,ILE,-0.002444461832678067,0.0017579803790890578,0.0031077028684330667,0.0024372943555480615,0.0006632410357549668,0.000683416844187481
mZ944,348,PHE,-0.02261335085852913,0.006502206690137711,0.027547474790782605,0.012008760248970855,0.0049341239322534,0.005530896756593123
mZ944,349,GLN,-0.012920892320087534,0.008448717232254894,0.024092071590692835,0.019104400727067088,0.011171179270605265,0.010655800007151113
mZ944,350,VAL,-0.0238519727457301,0.01795958921203954,0.043207066709184595,0.03284608907956901,0.01935509396345447,0.014957150615461342
mZ944,351,ILE,-0.11474364407952971,0.0493339114120913,0.15948408735443662,0.06648635158516901,0.04474044327490697,0.024572190038024033
mZ944,352,THR,-0.2602687715659505,0.14337530884371885,0.297672636755927,0.11508883515831296,0.0374038651899766,0.028824740861467007
mZ944,353,LEU,-0.7470322812856459,0.913302605304384,0.36974934852183633,0.2938038495521633,-0.37728293276380875,0.621856900298127
mZ944,354,GLU,-0.07717033704292241,0.054692181997363906,0.2289181152643384,0.16471869415593984,0.1517477782214159,0.11004305865085601
mZ944,355,GLY,-0.003918060419943667,0.0033292741148789186,0.005747685504019033,0.0061399401197903365,0.0018296250840753334,0.002815975061442521
mZ944,356,TRP,-0.027814177543989335,0.03371307173965696,0.037026668131565764,0.049414312553963516,0.009212490587576434,0.015701526611011374
mZ944,357,VAL,-0.0016788574858578999,0.0027207824641285188,0.0013665046345298665,0.0015631748481182792,-0.0003123528513280667,0.0011596353675406633
mZ944,358,ASP,-3.896622782219214e-05,7.009708080713857e-05,0.0002834289537312325,0.00022494202405935043,0.00024446272590906347,0.00029336557136560323
mZ944,359,ILE,-0.00011157484696717758,0.000163467995118144,0.00029706207331461204,0.00020824935098008506,0.00018548722634746664,0.0003695343735637192
mZ944,360,MET,-0.000250591810320606,0.0004320168736448526,0.000288743054010958,0.00021739870188010077,3.815124369036669e-05,0.0006441761094660472
mZ944,361,TYR,8.475870699715394e-07,2.0066421875303665e-06,0.0002705278371031423,0.00024352898288843456,0.0002713754241730979,0.0002453632875877807
mZ944,362,PHE,1.0594615066468675e-06,1.346484156887778e-06,0.0002726146037939516,0.000242729364429695,0.0002736740653005966,0.00024355771603707264
mZ944,363,VAL,-6.199024414170272e-08,3.144627475245252e-06,0.0002707996473523757,0.0002423346515744379,0.00027073765710819935,0.00024540999940326455
mZ944,364,MET,1.8342502351410206e-06,1.4590806131415288e-06,0.00027280513000545,0.0002443349230575569,0.0002746393802406312,0.00024570403156463916
mZ944,365,ASP,-1.6757910232190828e-06,2.012859303391017e-06,0.00027272375664394633,0.000243029786270603,0.00027104796562077763,0.00024448125192926766
mZ944,366,ALA,2.247369657635067e-07,5.343264815074098e-07,0.0002726702520965335,0.00024275619516607374,0.0002728949890623146,0.00024318012309439377
mZ944,367,HSD,3.639023841080948e-07,2.3578138555488575e-06,0.0002717328059695725,0.0002429330994727641,0.00027209670835371845,0.00024528917584649057
mZ944,368,SER,5.264704595136709e-07,1.7080469759242934e-06,0.00027250545094322816,0.00024315696069517555,0.00027303192140273603,0.00024192009500038217
mZ944,369,PHE,1.4853541349037916e-06,1.927760830928321e-06,0.0002726916003219604,0.00024079726112738692,0.00027417695445685963,0.00024050528670726865
mZ944,370,TYR,2.228075863864273e-06,2.8222166889780065e-06,0.00027265310205782034,0.00024215080496820627,0.0002748811779216768,0.0002446343878479124
mZ944,371,ASN,5.500517627353217e-07,4.2155849573756116e-07,0.00027486188412860604,0.00024232016731606928,0.00027541193589138016,0.0002424771771205824
mZ944,372,PHE,-0.0002940780559001906,0.0005118159760528402,0.00036717643370296664,9.287676079176251e-05,7.30983778028e-05,0.0005877850012657822
mZ944,373,ILE,-9.299295865859453e-05,0.00016454146282976378,0.0002905621193161465,0.00021119705762940756,0.00019756916065756668,0.0003717761274005872
mZ944,374,TYR,-0.00027186554012352586,0.0004558952556574367,0.0005080902627973,0.00018118521435303887,0.0002362247226738175,0.0002907971814837517
mZ944,375,PHE,-0.0023672329752369267,0.0037886885077294914,0.0037761718969817337,0.005646903718294033,0.0014089389217447667,0.0018604385703872967
mZ944,376,ILE,-0.005786409219574933,0.009441829678690325,0.0077726741823138336,0.01242242457873011,0.0019862649627388333,0.0029823310723855584
mZ944,377,LEU,-0.0027274347025673666,0.004217786573941056,0.0043169281600958,0.006465415897465475,0.0015894934575283336,0.0022512498921949697
mZ944,378,LEU,-0.0093800064491291,0.010733915641351932,0.013819223942883265,0.016836260428689735,0.0044392174937541,0.006104119693678469
mZ944,379,ILE,-0.1373398957241916,0.1980424989996522,0.0909148183480404,0.09723872429209018,-0.04642507737615123,0.10081509689853944
mZ944,380,ILE,-0.04117402188952336,0.04765441550494027,0.04737740911149404,0.04413211085471524,0.006203387221970634,0.0048350537603979215
mZ944,381,VAL,-0.0132612385900881,0.010956814424259772,0.020776713016432566,0.016092702204501128,0.007515474426344433,0.005204693798515392
mZ944,382,GLY,-0.030092329466535502,0.015925848301286846,0.0593518183060583,0.023217111879792623,0.029259488839522767,0.0073738889488556515
mZ944,383,SER,-0.5034180247800193,0.5492288197300196,0.4330315760796264,0.28696959441669,-0.07038644870039297,0.262318806385434
mZ944,384,PHE,-0.9837565769951876,0.8201619408081708,0.38438497076007705,0.10472683935385906,-0.5993716062351104,0.737697630724925
mZ944,385,PHE,-0.0681865892056584,0.02098803587396849,0.09680062383265857,0.019815525593936026,0.0286140346270001,0.014345527928133548
mZ944,386,MET,-0.04500698596108547,0.01796586554068905,0.07271966341262574,0.02299944656198658,0.0277126774515402,0.005297210274280243
mZ944,387,ILE,-1.2169131613148718,1.1270367726085526,0.4281207661958443,0.12363351800214381,-0.788792395119028,1.0054879325832626
mZ944,388,ASN,-0.78454826413918,0.5721360155140123,0.4636424983318903,0.3348939247200553,-0.32090576580728897,0.4139898367247478
mZ944,389,LEU,-0.03496977225284514,0.022411128310501963,0.05700768964861173,0.038575281331110975,0.022037917395766566,0.016280664372644048
mZ944,390,CYS,-0.048918606094873605,0.027325426011551603,0.0713314921158951,0.042998702719866826,0.022412886021021438,0.01628625624063575
mZ944,391,LEU,-0.7026256962067153,0.5643385746367804,0.3427311843977521,0.23035550262219923,-0.35989451180896315,0.3371520441438698
mZ944,392,VAL,-0.0352675179159844,0.026235515178420585,0.04621904172372143,0.036894295105304245,0.010951523807737,0.010783390755001043
mZ944,393,VAL,-0.005703763808237533,0.004868267221206411,0.008155378546909333,0.007101079865929334,0.0024516147386717934,0.002243929769223727
mZ944,394,ILE,-0.017232009028780765,0.012188200492237037,0.019079322144719434,0.01561937551402043,0.001847313115938667,0.0036444612662971314
mZ944,395,ALA,-0.008653524645588133,0.0071343359232699,0.010899938456371367,0.009288194219592644,0.0022464138107832,0.0021656579456371654
mZ944,396,THR,-0.0015603162395681411,0.0013540366882655243,0.0020242903501555077,0.00177860428265715,0.00046397411058733294,0.00044530379291015477
mZ944,397,GLN,-6.675232753715697e-05,5.976845230815632e-05,0.0002613372028105342,0.00023564481739621888,0.00019458487527340208,0.0001794383840282054
mZ944,863,ASP,1.132170525019333e-06,1.6150917399741194e-06,0.0002716985952155504,0.0002443544363059272,0.00027283076574057284,0.0002428092293295685
mZ944,864,ASN,-4.383103281642525e-05,1.5303773597096174e-05,0.0002772890612230317,0.00024814610617594687,0.00023345802840660248,0.00023288139213254773
mZ944,865,VAL,-0.004340546621754967,0.0009184587205959074,0.0025182044088103337,0.0007615792323582655,-0.0018223422129446,0.00024215643981986907
mZ944,866,ALA,-0.00040995497221596667,0.00020731695665646222,0.00040265209270650646,0.00036014216203167316,-7.302879509507339e-06,0.00016546849668130442
mZ944,867,THR,-0.0003104774231352,0.00023642067554378407,0.0004371936105386246,0.0003706742507993096,0.00012671618740343332,0.00023507057054626804
mZ944,868,PHE,-0.0313112965161304,0.014751683305116867,0.021298387807036866,0.009411859557290238,-0.0100129087090935,0.005435366164159265
mZ944,869,CYS,-0.011614247305344832,0.004152360940834812,0.010704015252815566,0.004449708940788105,-0.0009102320525292291,0.0008739546118647532
mZ944,870,MET,-0.001710924842635,0.001042952489754649,0.0016503476009149,0.0014223554362914415,-6.057724172003332e-05,0.0003794968061151712
mZ944,871,LEU,-0.003895105897022933,0.0017595041491079604,0.0042228871732892,0.00260358563652094,0.00032778127626620005,0.0008905160576789904
mZ944,872,LEU,-0.14698983261740853,0.12824437322711327,0.04987585846215963,0.010646243482884166,-0.09711397415524886,0.11883663540293415
mZ944,873,MET,-0.011649120033299633,0.006549825934136256,0.0095901431045679,0.00559425331078166,-0.0020589769287316668,0.0009743087304296047
mZ944,874,LEU,-0.0015985225062994997,0.0011561660950701043,0.0017327187009558,0.0016051146356412687,0.00013419619465626666,0.0004628127783491598
mZ944,875,PHE,-0.036771541475850066,0.014291631553225652,0.025538902183146334,0.008554153731931857,-0.011232639292703699,0.00619615676362152
mZ944,876,ILE,-0.062496834478009,0.045913379724537844,0.027605863616103732,0.00835388287717216,-0.034890970861905235,0.03880917568099445
mZ944,877,PHE,-0.0012053014163966,0.0008558210557282781,0.0013186591528057331,0.0011102668867064636,0.0001133577364091,0.00028203017085221037
mZ944,878,ILE,-0.0003216522811784435,0.0003958708076135933,0.0004709703438314881,0.000426355615212529,0.0001493180626530141,0.00021986720384654365
mZ944,879,PHE,-0.004001979578948634,0.002238555678048563,0.0019616709139809664,0.001712279783468346,-0.0020403086649676337,0.0005538663018416626
mZ944,880,SER,-0.0009010575857211333,0.0006164212697280297,0.0016525162769051001,0.001442165855128815,0.0007514586911839902,0.0008318998745177576
mZ944,881,ILE,-1.0800058238674317e-05,1.8412592157949126e-05,0.0002762488935101057,0.0002460841941884771,0.00026544883527143616,0.00024081274398515782
mZ944,882,LEU,-8.094728953495438e-06,1.7134854622374722e-05,0.0002743161198753234,0.0002415253885902483,0.00026622139092182364,0.0002368697553423613
mZ944,883,GLY,4.0874258947737545e-07,2.4597589248926345e-06,0.000273019148196601,0.00024354531395939498,0.0002734278907860601,0.00024192401830173103
mZ944,884,MET,4.15263177146555e-07,3.4204504738855106e-06,0.0002726616770772792,0.00024265549619310918,0.00027307694025439526,0.0002439617716080705
mZ944,885,HSD,-4.77253421300308e-07,2.007992704111365e-06,0.0002726188913032503,0.0002430428828554814,0.00027214163788192566,0.00024373323497648648
mZ944,886,LEU,1.2135438857614123e-06,2.2816864444750424e-06,0.0002729420623455874,0.00024270009237174786,0.000274155606231372,0.00024251278852746794
mZ944,887,PHE,-1.1772787003589575e-07,1.51095775681407e-06,0.00027223364069406603,0.00024304905257277606,0.00027211591282404066,0.00024289161359891472
mZ944,888,GLY,-8.988585399098889e-07,3.090646094958838e-06,0.0002723962980927673,0.00024305734746593168,0.0002714974395528593,0.000244774873371246
mZ944,889,CYS,1.5003604187664853e-06,1.8983969098583927e-06,0.0002736334232816647,0.00024502737698866813,0.00027513378370046406,0.00024579356411688017
mZ944,890,LYS,1.2221189051037774e-06,1.2993613893413562e-06,0.000271531650306734,0.00024403026341177683,0.00027275376921183006,0.00024514648652953797
mZ944,891,PHE,-3.488067771261294e-07,3.190844702047268e-06,0.00027299342313899625,0.00024261511883608475,0.0002726446163618833,0.00024541721477699285
mZ944,892,ALA,5.864955950234257e-07,2.8774734800931113e-06,0.0002713411240959445,0.0002423466461134771,0.00027192761969095994,0.0002443674019802533
mZ944,893,SER,-3.8739436426812926e-07,2.578308523143094e-07,0.00027041868425251535,0.00024249547502118584,0.00027003128988825273,0.0002423437632093464
mZ944,900,LEU,5.115534987255401e-07,1.516089905167174e-06,0.0002711228183942794,0.00024259701589782705,0.00027163437189302195,0.00024394823751149877
mZ944,901,PRO,7.105654063935764e-07,2.098238556491251e-06,0.00027194896791606326,0.00024277213022747465,0.00027265953332244097,0.00024205234350086377
mZ944,902,ASP,8.475870699027242e-07,1.673411594504495e-06,0.00027253546351109774,0.0002445497468305738,0.00027338305058101055,0.00024621134752690046
mZ944,903,ARG,2.9539155232778086e-07,1.8544104812472762e-06,0.00027097945478990834,0.00024395865531187699,0.0002712748463422439,0.0002449819245721208
mZ944,904,LYS,-0.0015703313262428334,0.0011017096547445173,0.0007998351095238333,0.0004888652789284016,-0.0007704962167189565,0.0007053233163835002
mZ944,905,ASN,-3.6166930617796136e-07,1.7986331738711136e-06,0.0002715958736286292,0.0002444020890923126,0.0002712342043224635,0.0002460931278187887
mZ944,906,PHE,-0.00018797889473353593,0.00020404218876730141,0.0003025895665237992,0.0002559008054769286,0.00011461067179023771,0.00024295469095888885
mZ944,907,ASP,1.915534272823554e-06,1.0885841487790144e-06,0.0002725268884918236,0.00024428021297937886,0.00027444242276465224,0.00024362739331391112
mZ944,908,SER,3.1505157070326943e-06,1.5347727894304615e-06,0.0002736762090554141,0.00024395189643502518,0.00027682672476246666,0.0002450739573083644
mZ944,909,LEU,-1.558366851833648e-05,2.1105626521322803e-05,0.00026933992895219355,0.00024069890518006016,0.00025375626043384235,0.0002321915611942882
mZ944,910,LEU,-0.0001346723762003572,8.780632411894718e-05,0.0002844293726569783,0.0002564952974364218,0.00014975699645658773,0.00017955423257692694
mZ944,911,TRP,-0.00014545314064548897,0.00011217631316216678,0.00028149492957310835,0.00025230616548761037,0.00013604178892755273,0.0001874365912181286
mZ944,912,ALA,-0.0008437465331464,0.00029359610756798336,0.0008900220717423667,0.0006987039244318396,4.627553859596657e-05,0.0004097411105482186
mZ944,913,ILE,-0.007876599933364899,0.0016231504101356573,0.010228613499759934,0.0022799372095008465,0.002352013566394967,0.00065722346672162
mZ944,914,VAL,-0.0111791842298248,0.001356355326337082,0.015999904870878868,0.0022324811912369765,0.0048207206410539995,0.0008925774266492383
mZ944,915,THR,-0.008629066100000733,0.0006721856090290911,0.014345359083401801,0.0013211820015331126,0.005716292983401033,0.0006558933095578263
mZ944,916,VAL,-0.035897159256867366,0.007000685691868016,0.0487663449247944,0.00503723161211106,0.012869185667927002,0.0026006346340056775
mZ944,917,PHE,-0.8931550129473864,0.22900583655525852,0.21504859070450041,0.01187274256924657,-0.6781064222428861,0.2228214624256517
mZ944,918,GLN,-0.09075724361362031,0.0013923900990482291,0.1245196578745919,0.005189250806766983,0.03376241426097156,0.004349849965669155
mZ944,919,ILE,-0.1268162969136182,0.0018541716167785821,0.15773862304840164,0.010252998964492995,0.030922326134783268,0.008576996265919479
mZ944,920,LEU,-1.848468453039711,0.33075547010250184,0.4622417664182587,0.08138155917028979,-1.3862266866214512,0.39500155386838504
mZ944,921,THR,-3.3383004045444014,0.29813045971946,0.9564901170222174,0.2688264318174916,-2.3818102875221854,0.030198299933270046
mZ944,922,GLN,-2.4744759630595294,0.11599889374258587,1.2047213505476837,0.09757892313080622,-1.269754612511847,0.1486913172844716
mZ944,923,GLU,-0.19246089791171464,0.05302243646961498,0.4072118460319541,0.12166096000482714,0.21475094812023934,0.06866665612594677
mZ944,924,ASP,-0.0161862228915501,0.0027426647410256372,0.03965773935692707,0.006354321305437977,0.023471516465376933,0.003655544715399757
mZ944,925,TRP,-0.059139842130320565,0.018283142921310534,0.079177846794774,0.02932400747911888,0.0200380046644534,0.011042923015370193
mZ944,926,ASN,-0.0030331768392299666,0.0018008940877423908,0.002335612859313633,0.0014535830664226756,-0.0006975639799162333,0.0003952148131411816
mZ944,927,LYS,-1.742953075888852e-05,3.4687744786296786e-05,0.0002821684258857966,0.00022844366868175634,0.00026473889512689956,0.000261916765773897
mZ944,928,VAL,-0.00010422239312709198,7.89128084293222e-05,0.0002845467432342229,0.000247172600434279,0.00018032435010706426,0.00019136986991103634
mZ944,929,LEU,-0.00044761199109263336,0.0002928232416472029,0.0003326357197791171,0.00021575696000653873,-0.00011497627131350002,0.0004885379004042787
mZ944,930,TYR,-5.449121105172782e-05,9.281464478728283e-05,0.00026667354454660197,0.0002561866356833484,0.0002121823334949,0.00034753505677517576
mZ944,931,ASN,1.9391155760690628e-06,1.3513530734292371e-06,0.00027311329476380837,0.000242737005957816,0.00027505241033985413,0.00024400559998623942
mZ944,932,GLY,1.9284861249918645e-06,4.176696427102949e-06,0.0002719768367288966,0.00024469101580696273,0.0002739053228538942,0.00024833834645520433
mZ944,933,MET,1.2627609239721122e-06,1.5860843841710188e-06,0.00027240916062154014,0.00024355706439101757,0.0002736719215455374,0.00024392013393752772
mZ944,934,ALA,8.539290113533757e-07,1.676411580413148e-06,0.0002718997508775678,0.00024280870305616836,0.00027275367988890265,0.00024133538933883205
mZ944,935,SER,6.441983294568957e-07,9.747862188910445e-07,0.0002728499702108718,0.00024070020458573182,0.0002734941685403074,0.00023973891504225006
mZ944,936,THR,1.2349814341881155e-06,2.163660745806003e-06,0.00027332945671014767,0.00024285062116915127,0.00027456443814427833,0.0002442681793316247
mZ944,937,SER,1.5046479284425713e-06,1.8561335652126997e-06,0.00027295492487480354,0.00024304684648849227,0.00027445957280323855,0.0002447224237420044
mZ944,938,SER,8.64647785561746e-07,1.7614286410057346e-06,0.00027136256164403817,0.00024355124559050933,0.0002722272094296198,0.00024230061091655626
mZ944,939,TRP,-3.638130610509635e-07,1.4159434876454395e-06,0.00027248624647277834,0.00024543237449157844,0.0002721224334117248,0.00024664439536095016
mZ944,940,ALA,2.3581303235548463e-08,1.8917041676566346e-06,0.0002732652333877385,0.00024243896182001956,0.00027328881469101187,0.00024368141415285599
mZ944,941,ALA,-2.934264437554479e-06,2.3988402482764124e-06,0.0002676107227043265,0.0002459301552994466,0.00026467645826680426,0.00024762489615275996
mZ944,942,LEU,-6.566410398656643e-06,3.0617729892784903e-06,0.0002675528413236405,0.00024262655394287884,0.0002609864309249848,0.0002411930059637512
mZ944,943,TYR,-0.0009880037265604334,0.0006603709006549884,0.0004738086752398293,0.0005746090109899113,-0.0005141950513205333,0.00020342440349697578
mZ944,944,PHE,-0.005801178529223401,0.0006463204178153666,0.006433337442196734,0.0004408312158320698,0.0006321589129733334,0.0002664497415734231
mZ944,945,ILE,-0.005552942437502766,0.00033819101599830387,0.005151596874047767,0.00035605784159570053,-0.00040134556345496666,0.00037458521612431894
mZ944,946,ALA,-0.0040272701693834,0.0010298523947738845,0.004918573938551034,0.0019317709330093913,0.0008913037691675947,0.0009665893662270903
mZ944,947,LEU,-0.0377711935623042,0.009756474661508049,0.048572674986221635,0.008930131788478738,0.010801481423917432,0.0014713294806682293
mZ944,948,MET,-0.1752191877670202,0.04489133830322918,0.15319963181010612,0.015177572074434044,-0.02201955595691413,0.029803788958396624
mZ944,949,THR,-0.027096363745175395,0.006726984889339541,0.052039996837961656,0.013044708092136764,0.024943633092786268,0.00639991878273475
mZ944,950,PHE,-0.026993620542888036,0.009536136895689168,0.042456070801076363,0.012618103804902416,0.0154624502581883,0.0033717961959749193
mZ944,951,GLY,-0.18324887457337033,0.10376558390144064,0.171659611212195,0.03750856735773636,-0.011589263361175467,0.06971443389422768
mZ944,952,ASN,-2.0137789924530893,0.3713349051319088,0.8782298880513358,0.4772794872642246,-1.1355491044017534,0.8243378081471219
mZ944,953,TYR,-0.3896814537516154,0.07102357977075743,0.37537610115307185,0.003917181611317247,-0.014305352598543436,0.06729733306621613
mZ944,954,VAL,-0.0393769390932453,0.01572464113219279,0.0693729450100087,0.026379269989275936,0.029996005916763335,0.011153033417524775
mZ944,955,LEU,-0.08304398323940997,0.03838296868622194,0.10015243293843573,0.0334712597744561,0.01710844969902563,0.013614042836260326
mZ944,956,PHE,-3.813602396717909,1.4487803779560364,0.6819693918256838,0.2314912144595959,-3.1316330048922274,1.2399494709877221
mZ944,957,ASN,-0.26947822052270093,0.18009651119655734,0.4030974224027746,0.22374700651913665,0.13361920188007345,0.04980014515161382
mZ944,958,LEU,-0.024678906434926703,0.011818602310075442,0.03654212272817806,0.019721675100259482,0.011863216293251266,0.008072510308447092
mZ944,959,LEU,-0.0894661757468083,0.021826216730853946,0.08642242537276769,0.03324974378909052,-0.0030437503740406,0.012288227061755674
mZ944,960,VAL,-0.15620547407798446,0.10931009020824692,0.1110740428804559,0.06787390971705774,-0.04513143119752853,0.04147193251966866
mZ944,961,ALA,-0.008773888530107667,0.006143405866290753,0.011930374058422599,0.009345551550536834,0.0031564855283149327,0.003241225742005336
mZ944,962,ILE,-0.0038458583103102664,0.001975314410050699,0.0020765204357895,0.0013596944192842413,-0.0017693378745206668,0.0009454727311057167
mZ944,963,LEU,-0.014998182810480432,0.007858368286672324,0.010742310217403498,0.006956855665832263,-0.0042558725930769,0.0013153436724172782
mZ944,964,VAL,-0.0057669463373501,0.004926237782386467,0.004947417623987122,0.004351639298541938,-0.0008195287133629644,0.0007106247834413261
mZ944,965,GLU,-0.0001491502245136441,0.00013537303725273775,0.0003393989983304,0.0003115372256877989,0.0001902487738166892,0.0001762618306518454
mZ944,966,GLY,-1.1429339607408039e-05,1.6672946228693116e-05,0.0002799537484891254,0.0002496129122266615,0.00026852440888169084,0.0002357783533330777
mZ944,967,PHE,-0.0005662896337841108,0.0004768427891641273,0.00039873714975267215,0.00035232331077821505,-0.00016755248403137193,0.00015344527563110078
mZ944,968,GLN,-2.4493828219133955e-05,3.368736645407814e-05,0.000278115300067305,0.00025183618279233457,0.0002536214718481832,0.00022505645431533075
