system,replica,time_ns,PC1,PC2,local_state,matched_state
Apo,1,200.306,20.193931579589844,21.17949104309082,0,0
Apo,1,200.506,25.15537452697754,16.543066024780273,0,0
Apo,1,200.706,23.880428314208984,16.229934692382812,0,0
Apo,1,200.906,13.457324028015137,14.586409568786621,0,0
Apo,1,201.106,24.178056716918945,23.96685791015625,0,0
Apo,1,201.306,24.404747009277344,20.140634536743164,0,0
Apo,1,201.506,18.99494171142578,19.686843872070312,0,0
Apo,1,201.706,24.78588104248047,24.456815719604492,0,0
Apo,1,201.906,28.300378799438477,21.85196876525879,0,0
Apo,1,202.106,27.2490291595459,37.78530502319336,0,0
Apo,1,202.306,21.591917037963867,25.46555519104004,0,0
Apo,1,202.506,21.89425277709961,29.703271865844727,0,0
Apo,1,202.706,19.36269760131836,20.58057403564453,0,0
Apo,1,202.906,31.25121307373047,30.434589385986328,0,0
Apo,1,203.106,31.379610061645508,22.091426849365234,0,0
Apo,1,203.306,32.25212860107422,21.804609298706055,0,0
Apo,1,203.506,28.362754821777344,25.911273956298828,0,0
Apo,1,203.706,31.054636001586914,23.713865280151367,0,0
Apo,1,203.906,25.9605712890625,18.153575897216797,0,0
Apo,1,204.106,22.89025115966797,22.03457260131836,0,0
Apo,1,204.306,29.749258041381836,22.130550384521484,0,0
Apo,1,204.506,26.475082397460938,15.99681568145752,0,0
Apo,1,204.706,17.295812606811523,17.43140411376953,0,0
Apo,1,204.906,22.866798400878906,22.74582862854004,0,0
Apo,1,205.106,20.81036376953125,19.898073196411133,0,0
Apo,1,205.306,23.739473342895508,10.188389778137207,0,0
Apo,1,205.506,23.546411514282227,16.04446029663086,0,0
Apo,1,205.706,24.815841674804688,14.806450843811035,0,0
Apo,1,205.906,21.093774795532227,22.074697494506836,0,0
Apo,1,206.106,25.332996368408203,16.453407287597656,0,0
Apo,1,206.306,23.954721450805664,29.824058532714844,0,0
Apo,1,206.506,29.505292892456055,24.536649703979492,0,0
Apo,1,206.706,31.7733154296875,19.679597854614258,0,0
Apo,1,206.906,17.602840423583984,13.3391695022583,0,0
Apo,1,207.106,18.121477127075195,21.91619873046875,0,0
Apo,1,207.306,22.749662399291992,15.921066284179688,0,0
Apo,1,207.506,24.906570434570312,11.574053764343262,0,0
Apo,1,207.706,24.706741333007812,22.29604721069336,0,0
Apo,1,207.906,27.38020896911621,14.117155075073242,0,0
Apo,1,208.106,35.56234359741211,25.831518173217773,0,0
Apo,1,208.306,26.788803100585938,19.134174346923828,0,0
Apo,1,208.506,25.180683135986328,12.766902923583984,0,0
Apo,1,208.706,26.06942367553711,20.152482986450195,0,0
Apo,1,208.906,32.55562973022461,21.210693359375,0,0
Apo,1,209.106,21.60186195373535,11.076043128967285,0,0
Apo,1,209.306,25.829076766967773,7.440617084503174,0,0
Apo,1,209.506,30.896366119384766,17.204561233520508,0,0
Apo,1,209.706,30.096332550048828,19.90212059020996,0,0
Apo,1,209.906,30.22968292236328,14.34827995300293,0,0
Apo,1,210.106,23.572612762451172,14.375980377197266,0,0
Apo,1,210.306,25.815584182739258,10.787095069885254,0,0
Apo,1,210.506,34.0209846496582,26.573617935180664,0,0
Apo,1,210.706,32.10721969604492,15.040008544921875,0,0
Apo,1,210.906,25.76068115234375,23.42292022705078,0,0
Apo,1,211.106,28.118770599365234,19.018518447875977,0,0
Apo,1,211.306,27.62967300415039,21.400659561157227,0,0
Apo,1,211.506,28.08110237121582,20.820085525512695,0,0
Apo,1,211.706,29.6292781829834,25.028274536132812,0,0
Apo,1,211.906,28.17082405090332,15.097649574279785,0,0
Apo,1,212.106,17.881481170654297,14.516366958618164,0,0
Apo,1,212.306,17.760929107666016,15.909187316894531,0,0
Apo,1,212.506,27.343238830566406,12.530055046081543,0,0
Apo,1,212.706,21.656705856323242,9.721962928771973,0,0
Apo,1,212.906,19.435087203979492,9.511905670166016,0,0
Apo,1,213.106,25.784034729003906,12.635149955749512,0,0
Apo,1,213.306,26.8599796295166,14.15481185913086,0,0
Apo,1,213.506,30.022016525268555,12.983169555664062,0,0
Apo,1,213.706,27.81668472290039,14.036052703857422,0,0
Apo,1,213.906,28.784006118774414,11.603832244873047,0,0
Apo,1,214.106,23.62194061279297,13.051692008972168,0,0
Apo,1,214.306,30.704023361206055,19.3678035736084,0,0
Apo,1,214.506,25.3985538482666,13.043346405029297,0,0
Apo,1,214.706,25.808195114135742,3.201392889022827,0,0
Apo,1,214.906,30.689319610595703,22.29631233215332,0,0
Apo,1,215.106,27.17276954650879,17.91819190979004,0,0
Apo,1,215.306,24.000093460083008,18.746179580688477,0,0
Apo,1,215.506,25.625410079956055,13.890257835388184,0,0
Apo,1,215.706,27.554418563842773,19.04126739501953,0,0
Apo,1,215.906,25.528541564941406,12.815152168273926,0,0
Apo,1,216.106,27.328702926635742,17.28548812866211,0,0
Apo,1,216.306,26.87482261657715,13.592503547668457,0,0
Apo,1,216.506,28.043529510498047,13.138895034790039,0,0
Apo,1,216.706,26.32552719116211,22.960615158081055,0,0
Apo,1,216.906,29.28583526611328,13.77234935760498,0,0
Apo,1,217.106,29.31804847717285,22.20412254333496,0,0
Apo,1,217.306,27.315988540649414,14.545413970947266,0,0
Apo,1,217.506,27.919858932495117,18.524648666381836,0,0
Apo,1,217.706,25.41039276123047,19.557662963867188,0,0
Apo,1,217.906,23.099069595336914,16.265316009521484,0,0
Apo,1,218.106,28.54595184326172,23.214427947998047,0,0
Apo,1,218.306,32.39064025878906,14.56395149230957,0,0
Apo,1,218.506,24.90330696105957,18.60689926147461,0,0
Apo,1,218.706,29.90474510192871,13.374584197998047,0,0
Apo,1,218.906,20.212322235107422,17.109975814819336,0,0
Apo,1,219.106,25.867589950561523,16.570730209350586,0,0
Apo,1,219.306,32.132789611816406,20.133352279663086,0,0
Apo,1,219.506,25.420377731323242,17.709814071655273,0,0
Apo,1,219.706,20.875259399414062,16.4249210357666,0,0
Apo,1,219.906,28.563138961791992,22.038190841674805,0,0
Apo,1,220.106,32.489864349365234,24.102916717529297,0,0
Apo,1,220.306,20.28434181213379,18.436973571777344,0,0
Apo,1,220.506,20.868228912353516,16.59932518005371,0,0
Apo,1,220.706,32.8187370300293,14.745265007019043,0,0
Apo,1,220.906,22.437746047973633,18.842727661132812,0,0
Apo,1,221.106,28.507055282592773,26.163257598876953,0,0
Apo,1,221.306,26.662639617919922,21.255386352539062,0,0
Apo,1,221.506,23.714134216308594,17.08294105529785,0,0
Apo,1,221.706,21.82284164428711,12.65401554107666,0,0
Apo,1,221.906,28.347612380981445,16.016223907470703,0,0
Apo,1,222.106,20.272592544555664,17.123369216918945,0,0
Apo,1,222.306,33.32334518432617,20.214111328125,0,0
Apo,1,222.506,34.4525146484375,8.15434741973877,0,0
Apo,1,222.706,26.701969146728516,17.057771682739258,0,0
Apo,1,222.906,23.0830078125,11.446661949157715,0,0
Apo,1,223.106,30.942487716674805,11.88079833984375,0,0
Apo,1,223.306,25.414525985717773,18.571819305419922,0,0
Apo,1,223.506,26.732484817504883,12.321621894836426,0,0
Apo,1,223.706,21.851520538330078,17.14604949951172,0,0
Apo,1,223.906,27.02423858642578,10.974483489990234,1,1
Apo,1,224.106,26.113086700439453,14.824950218200684,0,0
Apo,1,224.306,28.63178825378418,18.378612518310547,0,0
Apo,1,224.506,30.421571731567383,17.225187301635742,0,0
Apo,1,224.706,29.938766479492188,14.841653823852539,0,0
Apo,1,224.906,33.74520492553711,14.91464900970459,0,0
Apo,1,225.106,28.928661346435547,9.12648868560791,0,0
Apo,1,225.306,30.11674690246582,15.75548267364502,0,0
Apo,1,225.506,21.026010513305664,17.851089477539062,0,0
Apo,1,225.706,31.84784698486328,9.998805046081543,0,0
Apo,1,225.906,29.61737632751465,7.394434928894043,1,1
Apo,1,226.106,21.99861717224121,7.0580949783325195,0,0
Apo,1,226.306,23.704397201538086,8.414045333862305,0,0
Apo,1,226.506,27.926647186279297,13.728590965270996,0,0
Apo,1,226.706,24.10887908935547,16.552978515625,0,0
Apo,1,226.906,24.761104583740234,10.467580795288086,0,0
Apo,1,227.106,28.41794776916504,14.406144142150879,0,0
Apo,1,227.306,26.047487258911133,15.039806365966797,0,0
Apo,1,227.506,22.859060287475586,10.299720764160156,0,0
Apo,1,227.706,18.323867797851562,7.629408836364746,0,0
Apo,1,227.906,23.203868865966797,13.88903522491455,0,0
Apo,1,228.106,25.520959854125977,15.989912033081055,0,0
Apo,1,228.306,32.935882568359375,20.148134231567383,0,0
Apo,1,228.506,27.406757354736328,13.833077430725098,0,0
Apo,1,228.706,23.329919815063477,18.54499626159668,0,0
Apo,1,228.906,27.149991989135742,12.553239822387695,0,0
Apo,1,229.106,27.702470779418945,8.00106430053711,0,0
Apo,1,229.306,36.251953125,16.404882431030273,0,0
Apo,1,229.506,32.5540885925293,22.56920623779297,0,0
Apo,1,229.706,26.01365089416504,11.125895500183105,0,0
Apo,1,229.906,31.676025390625,18.906944274902344,0,0
Apo,1,230.106,28.084733963012695,22.581817626953125,0,0
Apo,1,230.306,24.294618606567383,18.42470359802246,0,0
Apo,1,230.506,31.640525817871094,25.922588348388672,0,0
Apo,1,230.706,26.775720596313477,16.263103485107422,0,0
Apo,1,230.906,34.011566162109375,22.87871742248535,0,0
Apo,1,231.106,31.73991584777832,10.006688117980957,0,0
Apo,1,231.306,32.468109130859375,27.736509323120117,0,0
Apo,1,231.506,30.09691619873047,21.579029083251953,0,0
Apo,1,231.706,25.058271408081055,17.70604133605957,0,0
Apo,1,231.906,23.609878540039062,21.536836624145508,0,0
Apo,1,232.106,20.319704055786133,19.710758209228516,0,0
Apo,1,232.306,28.031713485717773,12.606966972351074,0,0
Apo,1,232.506,25.677759170532227,13.338001251220703,0,0
Apo,1,232.706,21.403148651123047,11.657868385314941,0,0
Apo,1,232.906,28.682655334472656,13.708992004394531,0,0
Apo,1,233.106,23.44436264038086,12.887995719909668,0,0
Apo,1,233.306,29.43895721435547,17.65778923034668,0,0
Apo,1,233.506,32.14768981933594,23.179006576538086,0,0
Apo,1,233.706,32.026145935058594,20.83441734313965,0,0
Apo,1,233.906,28.946378707885742,11.7590970993042,0,0
Apo,1,234.106,27.33257484436035,16.15959930419922,0,0
Apo,1,234.306,35.26963806152344,21.093355178833008,0,0
Apo,1,234.506,24.17704200744629,12.090019226074219,0,0
Apo,1,234.706,16.05552101135254,17.430496215820312,0,0
Apo,1,234.906,23.810821533203125,21.16293716430664,0,0
Apo,1,235.106,23.711397171020508,8.466431617736816,0,0
Apo,1,235.306,26.102275848388672,14.892584800720215,0,0
Apo,1,235.506,24.161684036254883,18.896169662475586,0,0
Apo,1,235.706,23.895112991333008,12.899914741516113,0,0
Apo,1,235.906,24.645252227783203,15.07168197631836,0,0
Apo,1,236.106,23.768394470214844,17.03053092956543,0,0
Apo,1,236.306,20.527402877807617,12.027506828308105,0,0
Apo,1,236.506,21.12548065185547,8.08021068572998,0,0
Apo,1,236.706,25.03837013244629,7.181549072265625,0,0
Apo,1,236.906,26.167274475097656,15.758670806884766,0,0
Apo,1,237.106,29.65119171142578,21.476314544677734,0,0
Apo,1,237.306,26.208187103271484,2.1406378746032715,0,0
Apo,1,237.506,20.638343811035156,14.283382415771484,0,0
Apo,1,237.706,26.94284439086914,13.029492378234863,0,0
Apo,1,237.906,26.850683212280273,10.839073181152344,0,0
Apo,1,238.106,27.04871368408203,19.11848258972168,0,0
Apo,1,238.306,28.320758819580078,13.5482177734375,0,0
Apo,1,238.506,26.905832290649414,5.775187969207764,0,0
Apo,1,238.706,27.09041404724121,5.8769121170043945,0,0
Apo,1,238.906,32.713008880615234,13.859447479248047,0,0
Apo,1,239.106,25.11907958984375,16.573774337768555,0,0
Apo,1,239.306,33.17952346801758,16.74799156188965,0,0
Apo,1,239.506,27.802980422973633,12.238168716430664,0,0
Apo,1,239.706,27.768035888671875,16.418691635131836,0,0
Apo,1,239.906,25.63067626953125,12.475859642028809,0,0
Apo,1,240.106,26.10378646850586,21.809099197387695,0,0
Apo,1,240.306,21.39008140563965,15.58491325378418,0,0
Apo,1,240.506,26.743642807006836,21.836698532104492,0,0
Apo,1,240.706,23.99810028076172,19.367273330688477,0,0
Apo,1,240.906,29.72991943359375,20.203866958618164,0,0
Apo,1,241.106,24.562944412231445,19.506135940551758,0,0
Apo,1,241.306,22.24588394165039,24.01949691772461,0,0
Apo,1,241.506,28.620227813720703,19.214847564697266,0,0
Apo,1,241.706,28.01549530029297,21.842557907104492,0,0
Apo,1,241.906,27.468610763549805,22.546905517578125,0,0
Apo,1,242.106,20.80164909362793,17.113147735595703,0,0
Apo,1,242.306,25.316993713378906,21.568222045898438,0,0
Apo,1,242.506,21.72261619567871,7.64824914932251,0,0
Apo,1,242.706,21.825212478637695,13.416418075561523,0,0
Apo,1,242.906,22.201868057250977,15.452960014343262,0,0
Apo,1,243.106,25.72557830810547,23.13534164428711,0,0
Apo,1,243.306,23.681365966796875,14.515064239501953,0,0
Apo,1,243.506,29.004682540893555,7.809048175811768,0,0
Apo,1,243.706,22.141111373901367,11.218070983886719,0,0
Apo,1,243.906,23.94729995727539,23.825424194335938,0,0
Apo,1,244.106,24.06431007385254,17.88348388671875,0,0
Apo,1,244.306,28.72007942199707,12.656197547912598,0,0
Apo,1,244.506,26.884235382080078,23.424406051635742,0,0
Apo,1,244.706,25.124719619750977,20.5841007232666,0,0
Apo,1,244.906,18.979297637939453,21.172571182250977,0,0
Apo,1,245.106,26.440208435058594,18.133556365966797,0,0
Apo,1,245.306,32.93067932128906,13.798821449279785,0,0
Apo,1,245.506,28.61896514892578,9.285038948059082,0,0
Apo,1,245.706,25.06589126586914,15.52908706665039,0,0
Apo,1,245.906,28.122053146362305,22.090566635131836,0,0
Apo,1,246.106,29.418241500854492,14.027462005615234,0,0
Apo,1,246.306,31.76144790649414,19.356964111328125,0,0
Apo,1,246.506,27.013385772705078,14.301374435424805,0,0
Apo,1,246.706,27.69759178161621,11.846181869506836,0,0
Apo,1,246.906,26.04389190673828,21.255197525024414,0,0
Apo,1,247.106,29.856033325195312,16.713788986206055,0,0
Apo,1,247.306,32.208274841308594,16.539060592651367,0,0
Apo,1,247.506,31.109046936035156,15.648524284362793,0,0
Apo,1,247.706,24.511430740356445,11.555262565612793,0,0
Apo,1,247.906,23.389448165893555,8.532875061035156,0,0
Apo,1,248.106,25.622398376464844,16.903108596801758,0,0
Apo,1,248.306,19.577680587768555,12.605850219726562,0,0
Apo,1,248.506,28.489501953125,18.636674880981445,0,0
Apo,1,248.706,24.604389190673828,8.114912033081055,0,0
Apo,1,248.906,29.11215591430664,8.801216125488281,0,0
Apo,1,249.106,25.962753295898438,17.352834701538086,0,0
Apo,1,249.306,26.326196670532227,12.590911865234375,0,0
Apo,1,249.506,26.305233001708984,16.303619384765625,0,0
Apo,1,249.706,33.651546478271484,18.73659896850586,0,0
Apo,1,249.906,27.985136032104492,20.51115608215332,0,0
Apo,1,250.106,30.210901260375977,16.860973358154297,0,0
Apo,1,250.306,26.874746322631836,14.035757064819336,0,0
Apo,1,250.506,23.272024154663086,20.801969528198242,0,0
Apo,1,250.706,21.865785598754883,20.94135856628418,0,0
Apo,1,250.906,21.720844268798828,15.173257827758789,0,0
Apo,1,251.106,21.277727127075195,14.0638427734375,0,0
Apo,1,251.306,20.798128128051758,16.514223098754883,0,0
Apo,1,251.506,18.40699577331543,23.568065643310547,0,0
Apo,1,251.706,18.05743980407715,20.89272117614746,0,0
Apo,1,251.906,26.8902645111084,16.899314880371094,0,0
Apo,1,252.106,23.92426872253418,22.17533302307129,0,0
Apo,1,252.306,17.9088077545166,18.89756202697754,0,0
Apo,1,252.506,19.873563766479492,19.31345558166504,0,0
Apo,1,252.706,18.329078674316406,20.983850479125977,0,0
Apo,1,252.906,21.6049861907959,15.64990520477295,0,0
Apo,1,253.106,24.825727462768555,18.845590591430664,0,0
Apo,1,253.306,28.729341506958008,23.401134490966797,0,0
Apo,1,253.506,21.94582748413086,14.450152397155762,0,0
Apo,1,253.706,22.702239990234375,26.40481185913086,0,0
Apo,1,253.906,24.95151710510254,15.86294174194336,0,0
Apo,1,254.106,22.162569046020508,20.188085556030273,0,0
Apo,1,254.306,19.029640197753906,16.884553909301758,0,0
Apo,1,254.506,18.797985076904297,21.21192169189453,0,0
Apo,1,254.706,24.032115936279297,20.500446319580078,0,0
Apo,1,254.906,16.854660034179688,22.80947494506836,0,0
Apo,1,255.106,17.933015823364258,22.36623764038086,0,0
Apo,1,255.306,14.80473518371582,28.12098503112793,0,0
Apo,1,255.506,16.07095718383789,17.656898498535156,0,0
Apo,1,255.706,18.684587478637695,15.78279972076416,0,0
Apo,1,255.906,23.418664932250977,20.327383041381836,0,0
Apo,1,256.106,28.0427303314209,15.143840789794922,0,0
Apo,1,256.306,22.9060001373291,17.87422752380371,0,0
Apo,1,256.506,26.76593589782715,11.9686279296875,0,0
Apo,1,256.706,29.5026912689209,16.622949600219727,0,0
Apo,1,256.906,31.318450927734375,16.202213287353516,0,0
Apo,1,257.106,21.414485931396484,17.992733001708984,0,0
Apo,1,257.306,12.025912284851074,14.376864433288574,0,0
Apo,1,257.506,22.12212562561035,25.108427047729492,0,0
Apo,1,257.706,18.9079532623291,16.835294723510742,0,0
Apo,1,257.906,23.67826271057129,16.071393966674805,1,1
Apo,1,258.106,26.346006393432617,8.55672836303711,1,1
Apo,1,258.306,22.580989837646484,15.197810173034668,0,0
Apo,1,258.506,32.5136604309082,9.444008827209473,1,1
Apo,1,258.706,27.637508392333984,17.433521270751953,0,0
Apo,1,258.906,23.615079879760742,17.07978057861328,0,0
Apo,1,259.106,21.00787353515625,16.591388702392578,0,0
Apo,1,259.306,23.177160263061523,13.686264038085938,0,0
Apo,1,259.506,25.930429458618164,12.203832626342773,0,0
Apo,1,259.706,22.00413703918457,6.632948875427246,0,0
Apo,1,259.906,24.060340881347656,14.390957832336426,0,0
Apo,1,260.106,32.781524658203125,24.640277862548828,0,0
Apo,1,260.306,28.459697723388672,18.089536666870117,0,0
Apo,1,260.506,34.381526947021484,20.262069702148438,0,0
Apo,1,260.706,31.256376266479492,17.868501663208008,0,0
Apo,1,260.906,27.279251098632812,21.960987091064453,0,0
Apo,1,261.106,30.427745819091797,15.44306755065918,0,0
Apo,1,261.306,31.45394515991211,15.581232070922852,0,0
Apo,1,261.506,32.21627426147461,15.525296211242676,1,1
Apo,1,261.706,28.587018966674805,8.225404739379883,0,0
Apo,1,261.906,28.945188522338867,15.838716506958008,0,0
Apo,1,262.106,35.10420608520508,17.07157325744629,0,0
Apo,1,262.306,32.08776092529297,16.496389389038086,0,0
Apo,1,262.506,31.488040924072266,13.855734825134277,0,0
Apo,1,262.706,34.59543991088867,15.522469520568848,0,0
Apo,1,262.906,37.755496978759766,14.450663566589355,0,0
Apo,1,263.106,31.338470458984375,11.204854965209961,0,0
Apo,1,263.306,29.924131393432617,8.528762817382812,0,0
Apo,1,263.506,35.76451873779297,7.270391941070557,1,1
Apo,1,263.706,27.50670623779297,8.3424711227417,0,0
Apo,1,263.906,28.89488983154297,16.84672737121582,0,0
Apo,1,264.106,30.909013748168945,23.803937911987305,0,0
Apo,1,264.306,28.039264678955078,14.729277610778809,0,0
Apo,1,264.506,30.991655349731445,12.618425369262695,0,0
Apo,1,264.706,31.719280242919922,14.513200759887695,0,0
Apo,1,264.906,30.606840133666992,19.85901641845703,0,0
Apo,1,265.106,20.954341888427734,13.369158744812012,0,0
Apo,1,265.306,19.007396697998047,13.523847579956055,0,0
Apo,1,265.506,26.89756965637207,12.367945671081543,0,0
Apo,1,265.706,25.713987350463867,13.14770221710205,0,0
Apo,1,265.906,31.03323745727539,15.996136665344238,0,0
Apo,1,266.106,21.017702102661133,14.728622436523438,0,0
Apo,1,266.306,21.8041934967041,18.722625732421875,0,0
Apo,1,266.506,27.82176971435547,9.536715507507324,0,0
Apo,1,266.706,21.462059020996094,4.904797554016113,0,0
Apo,1,266.906,20.691736221313477,2.8656115531921387,1,1
Apo,1,267.106,26.45098876953125,14.411216735839844,0,0
Apo,1,267.306,24.749513626098633,23.81870460510254,0,0
Apo,1,267.506,29.990921020507812,19.48908805847168,0,0
Apo,1,267.706,33.04628372192383,22.881452560424805,0,0
Apo,1,267.906,27.219343185424805,16.99583625793457,0,0
Apo,1,268.106,24.23354721069336,18.28570556640625,1,1
Apo,1,268.306,34.57292938232422,14.277263641357422,0,0
Apo,1,268.506,33.57234573364258,19.876731872558594,0,0
Apo,1,268.706,33.6602897644043,11.150984764099121,0,0
Apo,1,268.906,34.62302780151367,23.62545394897461,0,0
Apo,1,269.106,27.18182945251465,7.0389509201049805,0,0
Apo,1,269.306,27.637239456176758,9.252208709716797,1,1
Apo,1,269.506,35.01263427734375,6.955183029174805,1,1
Apo,1,269.706,31.94361686706543,12.244407653808594,0,0
Apo,1,269.906,26.384389877319336,4.750168323516846,0,0
Apo,1,270.106,27.954246520996094,4.768948078155518,0,0
Apo,1,270.306,25.874826431274414,13.593585014343262,0,0
Apo,1,270.506,31.796966552734375,9.246438980102539,0,0
Apo,1,270.706,28.367206573486328,11.040621757507324,0,0
Apo,1,270.906,32.23054504394531,19.875587463378906,0,0
Apo,1,271.106,26.575153350830078,11.6443510055542,0,0
Apo,1,271.306,23.778247833251953,8.8402681350708,0,0
Apo,1,271.506,26.768125534057617,12.920072555541992,0,0
Apo,1,271.706,26.97844696044922,1.372625708580017,0,0
Apo,1,271.906,26.597204208374023,15.4187593460083,0,0
Apo,1,272.106,23.6571044921875,8.364656448364258,1,1
Apo,1,272.306,18.840124130249023,16.04887580871582,0,0
Apo,1,272.506,20.61568832397461,11.591601371765137,0,0
Apo,1,272.706,19.797325134277344,9.936853408813477,1,1
Apo,1,272.906,22.571208953857422,12.622700691223145,0,0
Apo,1,273.106,23.94390296936035,10.018635749816895,0,0
Apo,1,273.276,23.142091751098633,12.353857040405273,0,0
Apo,1,273.486,24.454463958740234,11.143503189086914,0,0
Apo,1,273.686,27.620750427246094,9.39159870147705,1,1
Apo,1,273.886,19.738229751586914,8.33026123046875,1,1
Apo,1,274.086,22.364519119262695,-3.8410608768463135,1,1
Apo,1,274.286,20.831058502197266,-0.4902285933494568,1,1
Apo,1,274.486,23.442737579345703,1.3926723003387451,1,1
Apo,1,274.686,23.477901458740234,-0.005240302067250013,1,1
Apo,1,274.886,27.508546829223633,4.705104827880859,1,1
Apo,1,275.086,17.19512939453125,1.0165736675262451,0,0
Apo,1,275.286,20.015457153320312,8.880613327026367,0,0
Apo,1,275.486,26.611940383911133,5.199590682983398,1,1
Apo,1,275.686,24.51966094970703,2.7768170833587646,0,0
Apo,1,275.886,20.479503631591797,-2.512212038040161,0,0
Apo,1,276.086,21.578214645385742,11.888322830200195,0,0
Apo,1,276.286,19.007221221923828,5.052488803863525,0,0
Apo,1,276.486,25.935504913330078,5.273373603820801,0,0
Apo,1,276.686,20.420841217041016,10.20442008972168,0,0
Apo,1,276.886,18.63080596923828,8.493108749389648,0,0
Apo,1,277.086,21.889694213867188,3.651088237762451,0,0
Apo,1,277.286,20.51567268371582,-2.3516082763671875,1,1
Apo,1,277.486,27.172483444213867,6.761270046234131,0,0
Apo,1,277.686,27.462705612182617,1.9692665338516235,1,1
Apo,1,277.886,26.309524536132812,7.093230724334717,0,0
Apo,1,278.086,25.707666397094727,9.135658264160156,0,0
Apo,1,278.286,25.310009002685547,8.987117767333984,0,0
Apo,1,278.486,23.410736083984375,17.135099411010742,0,0
Apo,1,278.686,22.174123764038086,5.895562648773193,0,0
Apo,1,278.886,23.373600006103516,14.910133361816406,0,0
Apo,1,279.086,22.005525588989258,8.051613807678223,0,0
Apo,1,279.286,28.359113693237305,4.058367729187012,0,0
Apo,1,279.486,25.92487144470215,1.1124073266983032,1,1
Apo,1,279.686,22.308094024658203,8.1856689453125,1,1
Apo,1,279.886,27.168790817260742,8.713048934936523,0,0
Apo,1,280.086,30.430356979370117,12.089383125305176,1,1
Apo,1,280.286,22.835498809814453,11.414084434509277,0,0
Apo,1,280.486,28.010547637939453,16.448772430419922,0,0
Apo,1,280.686,28.47488021850586,6.411520481109619,1,1
Apo,1,280.886,22.847990036010742,15.635043144226074,0,0
Apo,1,281.086,24.009845733642578,14.873516082763672,0,0
Apo,1,281.286,30.46259117126465,13.321517944335938,0,0
Apo,1,281.486,27.29914665222168,6.020401477813721,1,1
Apo,1,281.686,25.382394790649414,9.99485969543457,0,0
Apo,1,281.886,23.14795684814453,9.01373291015625,0,0
Apo,1,282.086,25.26859474182129,9.893202781677246,0,0
Apo,1,282.286,25.61142921447754,10.908943176269531,0,0
Apo,1,282.486,27.49688720703125,9.997381210327148,0,0
Apo,1,282.686,22.44495964050293,12.202384948730469,0,0
Apo,1,282.886,35.4356803894043,17.349573135375977,0,0
Apo,1,283.086,29.9585018157959,9.263577461242676,0,0
Apo,1,283.286,22.926502227783203,13.406610488891602,0,0
Apo,1,283.486,21.906402587890625,4.6413493156433105,0,0
Apo,1,283.686,24.476469039916992,9.953288078308105,0,0
Apo,1,283.886,23.679426193237305,9.69831371307373,0,0
Apo,1,284.086,23.452167510986328,4.144338607788086,1,1
Apo,1,284.286,23.542709350585938,2.2150702476501465,1,1
Apo,1,284.486,22.623811721801758,5.206823348999023,1,1
Apo,1,284.686,26.452957153320312,0.5970889329910278,1,1
Apo,1,284.886,23.116212844848633,8.138400077819824,1,1
Apo,1,285.086,23.33991813659668,4.5117340087890625,1,1
Apo,1,285.286,24.728784561157227,4.529715538024902,1,1
Apo,1,285.486,28.27482032775879,6.770718574523926,0,0
Apo,1,285.686,29.25918197631836,14.850765228271484,1,1
Apo,1,285.886,23.273609161376953,9.768306732177734,1,1
Apo,1,286.086,21.78604507446289,11.761007308959961,0,0
Apo,1,286.286,25.945463180541992,6.075953006744385,1,1
Apo,1,286.486,18.624940872192383,11.23193073272705,1,1
Apo,1,286.686,25.2840518951416,7.082861423492432,1,1
Apo,1,286.886,19.868480682373047,2.497650623321533,1,1
Apo,1,287.086,21.285207748413086,15.566130638122559,0,0
Apo,1,287.286,26.472930908203125,6.693502902984619,0,0
Apo,1,287.486,22.22610092163086,13.704298973083496,0,0
Apo,1,287.686,24.434009552001953,16.339008331298828,0,0
Apo,1,287.886,25.128381729125977,12.842637062072754,0,0
Apo,1,288.086,25.5235538482666,13.109145164489746,0,0
Apo,1,288.286,24.395084381103516,9.997353553771973,0,0
Apo,1,288.486,27.605907440185547,14.361721992492676,0,0
Apo,1,288.686,29.433914184570312,16.94445037841797,0,0
Apo,1,288.886,32.0552978515625,10.48729133605957,0,0
Apo,1,289.086,24.377933502197266,10.047764778137207,0,0
Apo,1,289.286,34.047264099121094,13.311400413513184,0,0
Apo,1,289.486,24.22268295288086,17.348251342773438,0,0
Apo,1,289.686,23.79594612121582,8.563403129577637,0,0
Apo,1,289.886,27.15372657775879,13.944025993347168,0,0
Apo,1,290.086,33.97940444946289,10.895806312561035,0,0
Apo,1,290.286,22.395244598388672,10.631612777709961,0,0
Apo,1,290.486,27.519210815429688,13.347373008728027,0,0
Apo,1,290.686,23.662691116333008,9.995009422302246,0,0
Apo,1,290.886,22.535900115966797,10.172477722167969,0,0
Apo,1,291.086,25.556066513061523,14.01883316040039,0,0
Apo,1,291.286,25.759592056274414,4.676807403564453,0,0
Apo,1,291.486,28.770200729370117,9.766845703125,0,0
Apo,1,291.686,21.941856384277344,13.217873573303223,0,0
Apo,1,291.886,27.23365592956543,7.263344764709473,0,0
Apo,1,292.086,29.629924774169922,10.449600219726562,0,0
Apo,1,292.286,22.423824310302734,15.679803848266602,0,0
Apo,1,292.486,21.172550201416016,9.964736938476562,0,0
Apo,1,292.686,32.349063873291016,13.320984840393066,0,0
Apo,1,292.886,20.484268188476562,14.956896781921387,0,0
Apo,1,293.086,32.29634094238281,18.293787002563477,0,0
Apo,1,293.286,30.893783569335938,24.66269874572754,0,0
Apo,1,293.486,25.47317123413086,10.242250442504883,0,0
Apo,1,293.686,28.298995971679688,7.62346076965332,0,0
Apo,1,293.886,28.67404556274414,12.597604751586914,0,0
Apo,1,294.086,24.262672424316406,7.161210060119629,0,0
Apo,1,294.286,23.990991592407227,13.306371688842773,0,0
Apo,1,294.486,19.00165367126465,19.012256622314453,0,0
Apo,1,294.686,28.529674530029297,14.561975479125977,0,0
Apo,1,294.886,24.30461883544922,11.773772239685059,0,0
Apo,1,295.086,25.504745483398438,16.714569091796875,0,0
Apo,1,295.286,22.875038146972656,18.15566062927246,0,0
Apo,1,295.486,28.769092559814453,23.884666442871094,0,0
Apo,1,295.686,24.874324798583984,21.821500778198242,0,0
Apo,1,295.886,24.227535247802734,13.932798385620117,0,0
Apo,1,296.086,28.000648498535156,23.294424057006836,0,0
Apo,1,296.286,20.206398010253906,13.572249412536621,0,0
Apo,1,296.486,26.067218780517578,12.844477653503418,0,0
Apo,1,296.686,27.10910415649414,8.138728141784668,0,0
Apo,1,296.886,20.055707931518555,19.6795597076416,0,0
Apo,1,297.086,21.61456871032715,22.574844360351562,0,0
Apo,1,297.286,18.782352447509766,15.728484153747559,0,0
Apo,1,297.486,25.86825942993164,22.186494827270508,0,0
Apo,1,297.686,23.49302101135254,17.466291427612305,0,0
Apo,1,297.886,24.422317504882812,27.134384155273438,0,0
Apo,1,298.086,24.256250381469727,24.04958152770996,0,0
Apo,1,298.286,26.287782669067383,24.980295181274414,0,0
Apo,1,298.486,27.445384979248047,13.749502182006836,0,0
Apo,1,298.686,29.74652099609375,21.15037727355957,0,0
Apo,1,298.886,22.765756607055664,27.019411087036133,0,0
Apo,1,299.086,26.098695755004883,24.920806884765625,0,0
Apo,1,299.286,31.583816528320312,29.165496826171875,0,0
Apo,1,299.486,39.85960388183594,31.131851196289062,0,0
Apo,1,299.686,27.851425170898438,12.719494819641113,0,0
Apo,1,299.886,35.57098388671875,17.189598083496094,0,0
Apo,1,300.086,33.266204833984375,19.101533889770508,0,0
Apo,1,300.286,27.918899536132812,16.731904983520508,0,0
Apo,1,300.486,27.7259464263916,21.633831024169922,1,1
Apo,1,300.686,33.61952590942383,20.922008514404297,0,0
Apo,1,300.886,22.795677185058594,15.733187675476074,0,0
Apo,1,301.086,25.9288330078125,16.148902893066406,0,0
Apo,1,301.286,33.6495475769043,26.34564971923828,0,0
Apo,1,301.486,31.19347381591797,11.109068870544434,0,0
Apo,1,301.686,32.61457443237305,23.561847686767578,0,0
Apo,1,301.886,26.054712295532227,17.093196868896484,0,0
Apo,1,302.086,28.885940551757812,28.384252548217773,0,0
Apo,1,302.286,23.515111923217773,25.151844024658203,0,0
Apo,1,302.486,23.967748641967773,17.15985870361328,0,0
Apo,1,302.686,24.61408805847168,17.216266632080078,0,0
Apo,1,302.886,31.311737060546875,24.8917179107666,0,0
Apo,1,303.086,24.467761993408203,19.265348434448242,0,0
Apo,1,303.286,23.94886016845703,18.820127487182617,0,0
Apo,1,303.486,23.832653045654297,21.70370864868164,0,0
Apo,1,303.686,26.228546142578125,23.521347045898438,0,0
Apo,1,303.886,17.870737075805664,21.652101516723633,0,0
Apo,1,304.086,26.60036277770996,22.407560348510742,0,0
Apo,1,304.286,17.72715187072754,21.829004287719727,0,0
Apo,1,304.486,24.431949615478516,14.823821067810059,0,0
Apo,1,304.686,23.03773307800293,26.224117279052734,0,0
Apo,1,304.886,20.921751022338867,20.733129501342773,0,0
Apo,1,305.086,17.863584518432617,11.587650299072266,0,0
Apo,1,305.286,29.440580368041992,24.147899627685547,0,0
Apo,1,305.486,19.95992088317871,20.13718605041504,0,0
Apo,1,305.686,22.041048049926758,16.326068878173828,0,0
Apo,1,305.886,27.86199951171875,19.73740577697754,0,0
Apo,1,306.086,23.05967903137207,17.642314910888672,0,0
Apo,1,306.286,25.10271453857422,31.106136322021484,0,0
Apo,1,306.486,27.409700393676758,22.10162925720215,0,0
Apo,1,306.686,28.50782012939453,24.881017684936523,0,0
Apo,1,306.886,28.606115341186523,23.211688995361328,0,0
Apo,1,307.086,23.554187774658203,26.105424880981445,0,0
Apo,1,307.286,23.878904342651367,28.045320510864258,0,0
Apo,1,307.486,31.91644287109375,27.828685760498047,0,0
Apo,1,307.686,19.13387107849121,24.780628204345703,0,0
Apo,1,307.886,28.941946029663086,24.833406448364258,0,0
Apo,1,308.086,26.943117141723633,26.371103286743164,0,0
Apo,1,308.286,22.809642791748047,27.858545303344727,0,0
Apo,1,308.486,23.57846450805664,22.03614616394043,0,0
Apo,1,308.686,26.94389533996582,20.341949462890625,0,0
Apo,1,308.886,22.737524032592773,22.596899032592773,0,0
Apo,1,309.086,22.624418258666992,18.541213989257812,0,0
Apo,1,309.286,17.681833267211914,17.32029914855957,0,0
Apo,1,309.486,23.405847549438477,18.055971145629883,0,0
Apo,1,309.686,25.015544891357422,17.843656539916992,0,0
Apo,1,309.886,23.171857833862305,25.432174682617188,0,0
Apo,1,310.086,14.557432174682617,14.15200138092041,0,0
Apo,1,310.286,20.43849754333496,20.477285385131836,0,0
Apo,1,310.486,17.627796173095703,15.046098709106445,0,0
Apo,1,310.686,16.972387313842773,13.755067825317383,0,0
Apo,1,310.886,16.89008331298828,17.509334564208984,0,0
Apo,1,311.086,22.122211456298828,19.208087921142578,0,0
Apo,1,311.286,22.17587661743164,25.335899353027344,0,0
Apo,1,311.486,22.727319717407227,22.329486846923828,0,0
Apo,1,311.686,22.356597900390625,15.195732116699219,0,0
Apo,1,311.886,27.01624870300293,20.644258499145508,0,0
Apo,1,312.086,23.163028717041016,21.924442291259766,0,0
Apo,1,312.286,25.331787109375,19.796602249145508,0,0
Apo,1,312.486,23.628528594970703,18.977622985839844,0,0
Apo,1,312.686,15.322956085205078,20.582408905029297,0,0
Apo,1,312.886,29.90667724609375,26.871288299560547,0,0
Apo,1,313.086,28.69723892211914,20.736400604248047,0,0
Apo,1,313.286,28.758268356323242,19.244909286499023,0,0
Apo,1,313.486,25.135568618774414,27.34926414489746,0,0
Apo,1,313.686,26.988121032714844,24.508970260620117,0,0
Apo,1,313.886,30.308279037475586,23.310829162597656,0,0
Apo,1,314.086,28.2296199798584,23.311723709106445,0,0
Apo,1,314.286,25.259347915649414,20.734827041625977,0,0
Apo,1,314.486,24.08114242553711,14.164475440979004,0,0
Apo,1,314.686,24.67156410217285,19.07244873046875,0,0
Apo,1,314.886,21.787519454956055,25.129682540893555,0,0
Apo,1,315.086,27.622699737548828,14.026923179626465,0,0
Apo,1,315.286,28.90450668334961,22.066471099853516,0,0
Apo,1,315.486,23.402099609375,16.24785614013672,0,0
Apo,1,315.686,24.359859466552734,21.431562423706055,0,0
Apo,1,315.886,22.88066291809082,12.588176727294922,0,0
Apo,1,316.086,21.859392166137695,13.53269100189209,0,0
Apo,1,316.286,24.94832420349121,15.315779685974121,1,1
Apo,1,316.486,22.1087646484375,13.199496269226074,0,0
Apo,1,316.686,21.456008911132812,9.773996353149414,0,0
Apo,1,316.886,24.14956283569336,12.742135047912598,0,0
Apo,1,317.086,27.953489303588867,15.707008361816406,0,0
Apo,1,317.286,20.510818481445312,19.368484497070312,0,0
Apo,1,317.486,22.771486282348633,6.278291702270508,0,0
Apo,1,317.686,24.176437377929688,5.78631591796875,0,0
Apo,1,317.886,19.006296157836914,6.764355659484863,0,0
Apo,1,318.086,21.151697158813477,6.053606986999512,0,0
Apo,1,318.286,22.361553192138672,10.367605209350586,0,0
Apo,1,318.486,17.286479949951172,21.29227638244629,0,0
Apo,1,318.686,20.456348419189453,8.222883224487305,0,0
Apo,1,318.886,29.469924926757812,14.951841354370117,0,0
Apo,1,319.086,26.33091163635254,14.367438316345215,0,0
Apo,1,319.286,28.78521728515625,10.231562614440918,0,0
Apo,1,319.486,22.890466690063477,17.01260757446289,0,0
Apo,1,319.686,24.053569793701172,8.325927734375,0,0
Apo,1,319.886,14.550512313842773,7.303135871887207,0,0
Apo,1,320.086,22.996706008911133,8.0459566116333,0,0
Apo,1,320.286,21.31468963623047,14.308453559875488,0,0
Apo,1,320.486,26.88848304748535,5.9653730392456055,0,0
Apo,1,320.686,18.91339874267578,8.430781364440918,0,0
Apo,1,320.886,30.403060913085938,10.59746265411377,0,0
Apo,1,321.086,21.47425079345703,15.48037052154541,0,0
Apo,1,321.286,24.33476448059082,9.483684539794922,0,0
Apo,1,321.486,18.30801010131836,-0.17449195683002472,0,0
Apo,1,321.686,19.76434326171875,4.337939262390137,0,0
Apo,1,321.886,22.68613052368164,1.9460985660552979,0,0
Apo,1,322.086,19.458240509033203,10.177495002746582,0,0
Apo,1,322.286,21.223356246948242,5.555737018585205,0,0
Apo,1,322.486,26.16364288330078,6.400476455688477,0,0
Apo,1,322.686,27.863245010375977,-0.3724810481071472,1,1
Apo,1,322.886,25.439725875854492,5.454397678375244,0,0
Apo,1,323.086,23.7689266204834,5.832091331481934,0,0
Apo,1,323.186,27.0311279296875,4.335595607757568,0,0
Apo,1,323.476,24.186765670776367,-0.6906875371932983,0,0
Apo,1,323.676,27.041013717651367,7.060266971588135,0,0
Apo,1,323.876,28.13555335998535,-0.2107449471950531,0,0
Apo,1,324.076,28.5576171875,-0.25261473655700684,0,0
Apo,1,324.276,24.853374481201172,5.760374069213867,0,0
Apo,1,324.476,23.471847534179688,1.3701525926589966,1,1
Apo,1,324.676,21.486530303955078,4.861067295074463,0,0
Apo,1,324.876,28.375534057617188,10.002961158752441,0,0
Apo,1,325.076,27.146533966064453,9.56963062286377,0,0
Apo,1,325.276,29.995361328125,11.4716157913208,0,0
Apo,1,325.476,30.739213943481445,19.16450309753418,0,0
Apo,1,325.676,33.13799285888672,10.344015121459961,0,0
Apo,1,325.876,27.50196647644043,14.267890930175781,0,0
Apo,1,326.076,23.841075897216797,11.343425750732422,1,1
Apo,1,326.276,23.751955032348633,15.782955169677734,0,0
Apo,1,326.476,25.51715660095215,9.274116516113281,1,1
Apo,1,326.676,32.7698974609375,16.409175872802734,1,1
Apo,1,326.876,21.202651977539062,13.48499584197998,1,1
Apo,1,327.076,24.133460998535156,15.411327362060547,0,0
Apo,1,327.276,31.21141815185547,12.68496322631836,0,0
Apo,1,327.476,25.24671745300293,9.950246810913086,0,0
Apo,1,327.676,24.919334411621094,14.342498779296875,0,0
Apo,1,327.876,25.184494018554688,14.847877502441406,0,0
Apo,1,328.076,25.52630615234375,17.401432037353516,0,0
Apo,1,328.276,24.354877471923828,11.953661918640137,0,0
Apo,1,328.476,22.074392318725586,3.410344362258911,0,0
Apo,1,328.676,23.410057067871094,12.889965057373047,0,0
Apo,1,328.876,25.263168334960938,9.596696853637695,0,0
Apo,1,329.076,30.3924560546875,10.524404525756836,0,0
Apo,1,329.276,28.434650421142578,5.1285529136657715,0,0
Apo,1,329.476,27.167661666870117,14.882647514343262,0,0
Apo,1,329.676,23.456727981567383,15.317082405090332,0,0
Apo,1,329.876,24.496713638305664,14.99020004272461,0,0
Apo,1,330.076,28.37566375732422,12.23914623260498,0,0
Apo,1,330.276,24.65630340576172,6.5979084968566895,0,0
Apo,1,330.476,19.84665298461914,18.86144256591797,0,0
Apo,1,330.676,28.047483444213867,13.368950843811035,0,0
Apo,1,330.876,22.9123477935791,10.124858856201172,0,0
Apo,1,331.076,22.549318313598633,10.480219841003418,0,0
Apo,1,331.276,30.21933937072754,11.344629287719727,0,0
Apo,1,331.476,30.431306838989258,7.5140790939331055,0,0
Apo,1,331.676,30.589767456054688,8.270999908447266,0,0
Apo,1,331.876,24.36324691772461,8.08596134185791,1,1
Apo,1,332.076,20.48298454284668,6.5828471183776855,0,0
Apo,1,332.276,33.018924713134766,9.012288093566895,0,0
Apo,1,332.476,34.43312072753906,9.258472442626953,0,0
Apo,1,332.676,32.33052062988281,16.10051918029785,0,0
Apo,1,332.876,27.439617156982422,4.333253860473633,1,1
Apo,1,333.076,31.244747161865234,14.707135200500488,0,0
Apo,1,333.276,29.8878173828125,9.380772590637207,0,0
Apo,1,333.476,32.33030700683594,9.19822883605957,0,0
Apo,1,333.676,29.961130142211914,14.573735237121582,0,0
Apo,1,333.876,25.6871280670166,12.629313468933105,0,0
Apo,1,334.076,25.71302604675293,5.868175983428955,0,0
Apo,1,334.276,29.118032455444336,15.077744483947754,0,0
Apo,1,334.476,29.132823944091797,15.62486457824707,0,0
Apo,1,334.676,26.724212646484375,12.629233360290527,1,1
Apo,1,334.876,24.289583206176758,1.6561866998672485,1,1
Apo,1,335.076,35.567562103271484,21.760921478271484,0,0
Apo,1,335.276,31.260372161865234,14.179913520812988,0,0
Apo,1,335.476,29.876365661621094,13.120448112487793,0,0
Apo,1,335.676,23.91338539123535,22.954681396484375,0,0
Apo,1,335.876,27.268341064453125,10.981460571289062,0,0
Apo,1,336.076,15.545331954956055,7.596668720245361,1,1
Apo,1,336.276,23.92116355895996,4.4618096351623535,1,1
Apo,1,336.476,25.03898048400879,10.528889656066895,1,1
Apo,1,336.676,23.005422592163086,12.064306259155273,0,0
Apo,1,336.876,22.43293571472168,15.003214836120605,0,0
Apo,1,337.076,24.43100929260254,12.121922492980957,0,0
Apo,1,337.276,23.221529006958008,11.861898422241211,0,0
Apo,1,337.476,20.298751831054688,8.4840669631958,0,0
Apo,1,337.676,17.823694229125977,13.295915603637695,0,0
Apo,1,337.876,24.123546600341797,8.96566104888916,1,1
Apo,1,338.076,28.991029739379883,16.139911651611328,0,0
Apo,1,338.276,27.582468032836914,12.104841232299805,0,0
Apo,1,338.476,29.299697875976562,18.94621467590332,0,0
Apo,1,338.676,20.09868049621582,9.91519546508789,1,1
Apo,1,338.876,26.88233184814453,13.451675415039062,0,0
Apo,1,339.076,25.57961082458496,9.587430953979492,0,0
Apo,1,339.276,26.680532455444336,3.6294338703155518,1,1
Apo,1,339.476,22.03801155090332,9.1400785446167,0,0
Apo,1,339.676,23.17180824279785,9.761822700500488,0,0
Apo,1,339.876,25.202009201049805,13.98911190032959,0,0
Apo,1,340.076,25.727840423583984,17.64069366455078,0,0
Apo,1,340.276,25.59926414489746,11.035965919494629,0,0
Apo,1,340.476,27.154369354248047,18.490039825439453,0,0
Apo,1,340.676,22.40430450439453,11.064939498901367,0,0
Apo,1,340.876,28.304899215698242,6.162036418914795,0,0
Apo,1,341.076,28.061498641967773,15.692394256591797,0,0
Apo,1,341.276,24.99753189086914,20.557897567749023,0,0
Apo,1,341.476,24.65666389465332,16.430889129638672,0,0
Apo,1,341.676,26.552814483642578,15.209868431091309,0,0
Apo,1,341.876,30.6478214263916,12.931595802307129,0,0
Apo,1,342.076,20.52374267578125,14.588115692138672,0,0
Apo,1,342.276,28.78117561340332,15.523685455322266,0,0
Apo,1,342.476,26.780622482299805,8.942581176757812,0,0
Apo,1,342.676,20.93549919128418,6.912320613861084,0,0
Apo,1,342.876,24.148021697998047,18.81500816345215,0,0
Apo,1,343.076,25.03191566467285,19.43149757385254,0,0
Apo,1,343.276,20.922210693359375,13.606371879577637,0,0
Apo,1,343.476,23.950191497802734,13.958780288696289,0,0
Apo,1,343.676,24.989768981933594,22.047887802124023,0,0
Apo,1,343.876,23.8882999420166,8.400081634521484,0,0
Apo,1,344.076,22.27818489074707,11.392256736755371,0,0
Apo,1,344.276,24.510509490966797,11.304290771484375,0,0
Apo,1,344.476,23.93752670288086,8.227700233459473,1,1
Apo,1,344.676,24.72979164123535,10.551939964294434,0,0
Apo,1,344.876,21.800504684448242,11.991641998291016,1,1
Apo,1,345.076,26.4521427154541,14.90251636505127,0,0
Apo,1,345.276,23.97736358642578,4.442943096160889,1,1
Apo,1,345.476,20.648744583129883,14.099360466003418,1,1
Apo,1,345.676,19.410850524902344,13.702930450439453,1,1
Apo,1,345.876,22.609254837036133,13.9447660446167,0,0
Apo,1,346.076,23.083518981933594,3.5438058376312256,0,0
Apo,1,346.276,28.088489532470703,11.4089937210083,0,0
Apo,1,346.476,28.744421005249023,19.33418083190918,0,0
Apo,1,346.676,21.33477210998535,15.900554656982422,1,1
Apo,1,346.876,33.776832580566406,14.415600776672363,1,1
Apo,1,347.076,22.365489959716797,15.598088264465332,0,0
Apo,1,347.276,28.171483993530273,17.995521545410156,0,0
Apo,1,347.476,30.083473205566406,6.992305755615234,0,0
Apo,1,347.676,30.878923416137695,8.071002960205078,0,0
Apo,1,347.876,28.42486000061035,4.4941792488098145,1,1
Apo,1,348.076,19.680625915527344,6.171254634857178,0,0
Apo,1,348.276,24.790973663330078,10.504368782043457,1,1
Apo,1,348.476,25.20803451538086,18.399248123168945,0,0
Apo,1,348.676,31.4912052154541,9.201022148132324,0,0
Apo,1,348.876,24.00259780883789,6.502191066741943,0,0
Apo,1,349.076,28.563955307006836,11.298312187194824,0,0
Apo,1,349.276,31.696523666381836,20.692012786865234,0,0
Apo,1,349.476,27.657991409301758,8.863350868225098,0,0
Apo,1,349.676,23.268062591552734,6.314205169677734,1,1
Apo,1,349.876,21.24791717529297,1.9430043697357178,1,1
Apo,1,350.076,17.89192008972168,2.4106924533843994,0,0
Apo,1,350.276,21.346981048583984,6.42077112197876,0,0
Apo,1,350.476,15.83069133758545,3.0473389625549316,1,1
Apo,1,350.676,26.386064529418945,6.123386383056641,0,0
Apo,1,350.876,19.310625076293945,2.5347087383270264,0,0
Apo,1,351.076,23.29827308654785,6.911618709564209,0,0
Apo,1,351.276,18.06366539001465,5.067770004272461,1,1
Apo,1,351.476,22.80537223815918,8.988778114318848,1,1
Apo,1,351.676,13.888957023620605,-0.8091027140617371,0,0
Apo,1,351.876,15.887443542480469,-1.279393196105957,1,1
Apo,1,352.076,11.826992988586426,-3.0634663105010986,1,1
Apo,1,352.276,14.066349983215332,-1.8505184650421143,1,1
Apo,1,352.476,17.86737823486328,3.9401185512542725,0,0
Apo,1,352.676,19.472341537475586,-1.4575368165969849,1,1
Apo,1,352.876,20.452999114990234,0.5045297741889954,1,1
Apo,1,353.076,22.82876968383789,-0.4305545687675476,1,1
Apo,1,353.276,18.63043975830078,6.536881923675537,1,1
Apo,1,353.476,14.139471054077148,11.192322731018066,1,1
Apo,1,353.676,17.19170570373535,14.360312461853027,1,1
Apo,1,353.876,14.821473121643066,3.4357330799102783,1,1
Apo,1,354.076,26.403884887695312,5.474576473236084,0,0
Apo,1,354.276,23.86092758178711,8.522747039794922,0,0
Apo,1,354.476,23.214500427246094,14.231072425842285,0,0
Apo,1,354.676,27.28030776977539,3.3466296195983887,1,1
Apo,1,354.876,21.480712890625,5.433112621307373,1,1
Apo,1,355.076,21.21839714050293,10.740846633911133,1,1
Apo,1,355.276,21.848466873168945,11.52493667602539,1,1
Apo,1,355.476,22.68663215637207,6.038351535797119,0,0
Apo,1,355.676,19.276599884033203,9.3031644821167,1,1
Apo,1,355.876,17.029861450195312,11.746586799621582,1,1
Apo,1,356.076,20.183456420898438,1.5913381576538086,1,1
Apo,1,356.276,17.35145378112793,-5.433051109313965,1,1
Apo,1,356.476,17.066431045532227,3.753706932067871,0,0
Apo,1,356.676,18.443492889404297,-1.312671422958374,1,1
Apo,1,356.876,17.81326675415039,4.964909553527832,1,1
Apo,1,357.076,21.079486846923828,14.128567695617676,0,0
Apo,1,357.276,23.801361083984375,3.3801827430725098,0,0
Apo,1,357.476,16.255126953125,5.2436370849609375,0,0
Apo,1,357.676,21.124494552612305,-0.5206232666969299,0,0
Apo,1,357.876,27.49015235900879,11.608976364135742,0,0
Apo,1,358.076,23.7680606842041,13.953060150146484,0,0
Apo,1,358.276,24.01117706298828,11.415613174438477,0,0
Apo,1,358.476,27.887012481689453,4.820390701293945,0,0
Apo,1,358.676,31.956052780151367,8.452370643615723,0,0
Apo,1,358.876,28.990806579589844,9.377778053283691,1,1
Apo,1,359.076,21.218101501464844,8.898200988769531,0,0
Apo,1,359.276,27.067657470703125,11.349708557128906,0,0
Apo,1,359.476,18.65888786315918,3.9619951248168945,1,1
Apo,1,359.676,25.8669490814209,10.956951141357422,0,0
Apo,1,359.876,22.987590789794922,4.4388604164123535,0,0
Apo,1,360.076,20.78019142150879,7.116631507873535,0,0
Apo,1,360.276,20.016368865966797,2.6123600006103516,0,0
Apo,1,360.476,26.506101608276367,10.772225379943848,0,0
Apo,1,360.676,15.052977561950684,1.7327147722244263,1,1
Apo,1,360.876,15.835179328918457,12.777559280395508,0,0
Apo,1,361.076,17.157447814941406,12.485188484191895,0,0
Apo,1,361.276,26.982534408569336,5.008450508117676,0,0
Apo,1,361.476,18.608867645263672,15.856400489807129,0,0
Apo,1,361.676,19.597108840942383,5.055572986602783,0,0
Apo,1,361.876,25.893959045410156,11.792990684509277,0,0
Apo,1,362.076,26.2283935546875,11.20849895477295,1,1
Apo,1,362.276,20.82605743408203,7.048110008239746,1,1
Apo,1,362.476,19.203310012817383,-0.7139560580253601,1,1
Apo,1,362.676,24.933502197265625,15.175943374633789,0,0
Apo,1,362.876,24.284963607788086,7.627252101898193,1,1
Apo,1,363.076,22.639856338500977,17.01211166381836,0,0
Apo,1,363.276,23.978652954101562,11.662384033203125,0,0
Apo,1,363.476,25.356891632080078,10.698354721069336,1,1
Apo,1,363.676,30.417203903198242,11.312394142150879,0,0
Apo,1,363.876,31.6577205657959,10.367180824279785,1,1
Apo,1,364.076,22.9978084564209,11.211318016052246,1,1
Apo,1,364.276,25.719619750976562,9.94792652130127,1,1
Apo,1,364.476,32.65774917602539,9.646140098571777,1,1
Apo,1,364.676,24.582534790039062,5.329997539520264,1,1
Apo,1,364.876,25.586673736572266,16.519939422607422,0,0
Apo,1,365.076,26.597116470336914,10.827940940856934,0,0
Apo,1,365.276,28.239168167114258,11.394749641418457,1,1
Apo,1,365.476,24.20955467224121,14.835399627685547,0,0
Apo,1,365.676,20.137250900268555,16.317432403564453,0,0
Apo,1,365.876,19.68587875366211,8.876935005187988,0,0
Apo,1,366.076,21.425199508666992,18.100547790527344,0,0
Apo,1,366.276,22.666229248046875,10.308271408081055,0,0
Apo,1,366.476,17.749034881591797,6.577978134155273,1,1
Apo,1,366.676,21.693012237548828,16.305469512939453,0,0
Apo,1,366.876,26.260154724121094,3.9212098121643066,0,0
Apo,1,367.076,22.858673095703125,7.990346908569336,0,0
Apo,1,367.276,19.55807876586914,-2.8596181869506836,1,1
Apo,1,367.476,23.83428955078125,5.951068878173828,0,0
Apo,1,367.676,33.037750244140625,8.809224128723145,1,1
Apo,1,367.876,25.856761932373047,14.370904922485352,1,1
Apo,1,368.076,22.49197006225586,10.365130424499512,0,0
Apo,1,368.276,26.43433380126953,13.714303016662598,0,0
Apo,1,368.476,27.425073623657227,14.608229637145996,0,0
Apo,1,368.676,25.923965454101562,13.204727172851562,0,0
Apo,1,368.876,24.119373321533203,1.5400198698043823,1,1
Apo,1,369.076,19.55719566345215,4.9329833984375,1,1
Apo,1,369.276,22.14466094970703,4.652773857116699,0,0
Apo,1,369.476,20.536012649536133,15.020532608032227,0,0
Apo,1,369.676,22.522968292236328,9.476400375366211,0,0
Apo,1,369.876,24.64021873474121,10.018963813781738,1,1
Apo,1,370.076,32.87193298339844,10.03861141204834,0,0
Apo,1,370.276,22.59006690979004,9.08669376373291,1,1
Apo,1,370.476,28.333740234375,13.889842987060547,0,0
Apo,1,370.676,29.547794342041016,8.43935775756836,1,1
Apo,1,370.876,35.81267166137695,11.94919204711914,0,0
Apo,1,371.076,23.550783157348633,9.460055351257324,0,0
Apo,1,371.276,27.21049690246582,7.798961162567139,0,0
Apo,1,371.476,25.997467041015625,10.37662410736084,0,0
Apo,1,371.676,27.94791030883789,3.1612420082092285,0,0
Apo,1,371.876,23.530031204223633,5.317471981048584,0,0
Apo,1,372.076,25.710359573364258,10.341933250427246,0,0
Apo,1,372.276,27.12131118774414,4.432413578033447,0,0
Apo,1,372.476,28.629657745361328,3.1565868854522705,1,1
Apo,1,372.676,27.758522033691406,6.910577297210693,0,0
Apo,1,372.876,28.512645721435547,10.768436431884766,0,0
Apo,1,373.076,30.566314697265625,8.52536392211914,0,0
Apo,1,373.276,27.29786491394043,10.237154006958008,0,0
Apo,1,373.476,26.039091110229492,11.724716186523438,0,0
Apo,1,373.676,32.80709457397461,12.913389205932617,0,0
Apo,1,373.876,30.001432418823242,10.414678573608398,0,0
Apo,1,374.076,28.98826789855957,10.512203216552734,0,0
Apo,1,374.276,30.683330535888672,13.457536697387695,0,0
Apo,1,374.476,29.72423553466797,10.822977066040039,0,0
Apo,1,374.676,29.139909744262695,12.183098793029785,0,0
Apo,1,374.876,22.958120346069336,10.900604248046875,0,0
Apo,1,375.076,21.647212982177734,8.375361442565918,0,0
Apo,1,375.276,22.97796630859375,19.85471534729004,0,0
Apo,1,375.476,28.97671890258789,14.161996841430664,0,0
Apo,1,375.676,27.989356994628906,3.0005509853363037,0,0
Apo,1,375.876,29.321687698364258,3.9888219833374023,1,1
Apo,1,376.076,23.957122802734375,4.585398197174072,1,1
Apo,1,376.276,31.109827041625977,9.75406551361084,1,1
Apo,1,376.476,30.172964096069336,10.278877258300781,0,0
Apo,1,376.676,33.20137023925781,15.912971496582031,0,0
Apo,1,376.876,29.321619033813477,13.687499046325684,0,0
Apo,1,377.076,28.337648391723633,10.231658935546875,0,0
Apo,1,377.276,28.136972427368164,13.982439041137695,1,1
Apo,1,377.476,27.613473892211914,16.973876953125,0,0
Apo,1,377.676,28.63475799560547,20.317367553710938,0,0
Apo,1,377.876,35.130836486816406,7.236626148223877,1,1
Apo,1,378.076,32.18930435180664,7.6536478996276855,0,0
Apo,1,378.276,31.08110809326172,10.117071151733398,1,1
Apo,1,378.476,31.655399322509766,16.873876571655273,0,0
Apo,1,378.676,32.043251037597656,9.503435134887695,0,0
Apo,1,378.876,29.432117462158203,9.999112129211426,1,1
Apo,1,379.076,30.136171340942383,9.793941497802734,1,1
Apo,1,379.276,28.950305938720703,9.976016998291016,1,1
Apo,1,379.476,26.60260581970215,10.442960739135742,0,0
Apo,1,379.676,32.15602111816406,12.132074356079102,0,0
Apo,1,379.876,28.10797691345215,17.41203498840332,0,0
Apo,1,380.076,29.303539276123047,11.532261848449707,1,1
Apo,1,380.276,28.852420806884766,15.603212356567383,0,0
Apo,1,380.476,24.736663818359375,8.777398109436035,1,1
Apo,1,380.676,28.428030014038086,6.09846830368042,1,1
Apo,1,380.876,33.89994430541992,8.73008918762207,1,1
Apo,1,381.076,33.178897857666016,6.210864067077637,1,1
Apo,1,381.276,26.50403594970703,5.084071159362793,1,1
Apo,1,381.476,30.50519371032715,9.0853271484375,1,1
Apo,1,381.676,28.61520004272461,11.832907676696777,1,1
Apo,1,381.876,31.383634567260742,9.28533935546875,1,1
Apo,1,382.076,30.579666137695312,15.790087699890137,1,1
Apo,1,382.276,29.16187286376953,8.980422973632812,1,1
Apo,1,382.476,31.45554542541504,16.014728546142578,1,1
Apo,1,382.676,35.96544647216797,20.978300094604492,1,1
Apo,1,382.876,22.35581398010254,6.607591152191162,1,1
Apo,1,383.076,21.963537216186523,9.0305814743042,1,1
Apo,1,383.276,26.656293869018555,15.145623207092285,1,1
Apo,1,383.476,21.362871170043945,4.597942352294922,1,1
Apo,1,383.676,32.78262710571289,20.011579513549805,0,0
Apo,1,383.876,28.895763397216797,12.582850456237793,0,0
Apo,1,384.076,32.623626708984375,13.646883010864258,0,0
Apo,1,384.276,35.88248825073242,10.187304496765137,0,0
Apo,1,384.476,29.691858291625977,21.2769775390625,0,0
Apo,1,384.676,27.200233459472656,14.761520385742188,0,0
Apo,1,384.876,28.638763427734375,17.715105056762695,0,0
Apo,1,385.076,25.0174560546875,6.584714889526367,1,1
Apo,1,385.276,18.923852920532227,11.741365432739258,1,1
Apo,1,385.476,27.218141555786133,9.843597412109375,1,1
Apo,1,385.676,28.125865936279297,9.721528053283691,1,1
Apo,1,385.876,21.059131622314453,11.804219245910645,1,1
Apo,1,386.076,26.15102195739746,14.28251838684082,0,0
Apo,1,386.276,28.889575958251953,6.237454891204834,1,1
Apo,1,386.476,22.29598045349121,11.900124549865723,1,1
Apo,1,386.676,28.14456558227539,10.237919807434082,1,1
Apo,1,386.876,27.567604064941406,9.006820678710938,1,1
Apo,1,387.076,20.86476707458496,7.804864883422852,1,1
Apo,1,387.276,20.982120513916016,10.06357192993164,1,1
Apo,1,387.476,22.58229637145996,9.539400100708008,1,1
Apo,1,387.676,22.111120223999023,-0.6590702533721924,1,1
Apo,1,387.876,25.082252502441406,0.23004800081253052,1,1
Apo,1,388.076,21.78948211669922,1.9557271003723145,1,1
Apo,1,388.276,18.923065185546875,14.28399658203125,0,0
Apo,1,388.476,20.25176429748535,1.7893239259719849,1,1
Apo,1,388.676,22.843210220336914,6.140265941619873,1,1
Apo,1,388.876,29.1959171295166,0.8890411257743835,1,1
Apo,1,389.076,24.523069381713867,4.2389984130859375,1,1
Apo,1,389.276,30.839847564697266,7.153138637542725,1,1
Apo,1,389.476,26.885208129882812,-1.2845453023910522,1,1
Apo,1,389.676,25.1489315032959,-3.343959093093872,1,1
Apo,1,389.876,28.430158615112305,-2.9154016971588135,1,1
Apo,1,390.076,29.2946834564209,4.459192276000977,1,1
Apo,1,390.276,36.32360076904297,4.392730236053467,0,0
Apo,1,390.476,28.35748291015625,2.1804442405700684,1,1
Apo,1,390.676,30.10590171813965,1.612660527229309,1,1
Apo,1,390.876,27.50493621826172,6.80746603012085,1,1
Apo,1,391.076,23.117084503173828,4.939112186431885,1,1
Apo,1,391.276,22.015581130981445,2.965452194213867,1,1
Apo,1,391.476,23.983545303344727,11.99059009552002,1,1
Apo,1,391.676,23.016685485839844,6.372440338134766,1,1
Apo,1,391.876,24.382118225097656,5.572710037231445,1,1
Apo,1,392.076,28.47614097595215,2.1496870517730713,1,1
Apo,1,392.276,29.26213264465332,13.304095268249512,1,1
Apo,1,392.476,28.731224060058594,2.9955365657806396,1,1
Apo,1,392.676,30.841346740722656,7.075165748596191,1,1
Apo,1,392.876,24.287839889526367,2.8040783405303955,1,1
Apo,1,393.076,29.35590171813965,4.743559837341309,1,1
Apo,1,393.276,29.491836547851562,12.071972846984863,1,1
Apo,1,393.476,26.008302688598633,8.471847534179688,1,1
Apo,1,393.676,26.159364700317383,4.4747819900512695,1,1
Apo,1,393.876,31.255578994750977,6.563165664672852,1,1
Apo,1,394.076,20.195449829101562,7.733006000518799,1,1
Apo,1,394.276,27.472366333007812,10.506743431091309,1,1
Apo,1,394.476,28.703153610229492,2.318474292755127,1,1
Apo,1,394.676,25.88555908203125,2.8781232833862305,1,1
Apo,1,394.876,25.545312881469727,4.958679676055908,1,1
Apo,1,395.076,32.537044525146484,9.935617446899414,1,1
Apo,1,395.276,28.574033737182617,-2.2762765884399414,1,1
Apo,1,395.476,27.37789535522461,15.609447479248047,1,1
Apo,1,395.676,28.625089645385742,-2.934272289276123,1,1
Apo,1,395.876,25.748577117919922,0.8401710987091064,1,1
Apo,1,396.076,28.986610412597656,8.19361400604248,1,1
Apo,1,396.276,27.071443557739258,5.627525329589844,1,1
Apo,1,396.476,26.96202278137207,-3.156012535095215,1,1
Apo,1,396.676,26.801454544067383,5.912467956542969,1,1
Apo,1,396.876,27.755586624145508,6.00124454498291,1,1
Apo,1,397.076,25.86152458190918,10.628742218017578,1,1
Apo,1,397.276,24.18201446533203,13.272363662719727,1,1
Apo,1,397.476,28.993913650512695,9.0066556930542,1,1
Apo,1,397.676,22.19855308532715,6.355478763580322,1,1
Apo,1,397.876,33.19874954223633,5.923923492431641,1,1
Apo,1,398.076,29.54485321044922,7.320045471191406,1,1
Apo,1,398.276,30.246673583984375,7.3356781005859375,1,1
Apo,1,398.476,24.995285034179688,9.118521690368652,1,1
Apo,1,398.676,27.590560913085938,10.815858840942383,1,1
Apo,1,398.876,26.268077850341797,9.300069808959961,1,1
Apo,1,399.076,21.836381912231445,8.88896369934082,1,1
Apo,1,399.276,26.42011260986328,8.505864143371582,1,1
Apo,1,399.476,25.14255142211914,-2.6106603145599365,1,1
Apo,1,399.676,27.505022048950195,10.817350387573242,1,1
Apo,1,399.876,26.697887420654297,4.918633460998535,1,1
Apo,1,400.076,24.71747398376465,1.855424165725708,1,1
Apo,1,400.276,27.527029037475586,10.048454284667969,1,1
Apo,1,400.476,27.15332794189453,4.8404459953308105,1,1
Apo,1,400.676,24.46217155456543,6.995075225830078,1,1
Apo,1,400.876,34.420745849609375,5.308925151824951,1,1
Apo,1,401.076,29.667001724243164,10.627762794494629,1,1
Apo,1,401.276,28.138826370239258,1.3270835876464844,1,1
Apo,1,401.476,28.183399200439453,15.360713958740234,1,1
Apo,1,401.676,29.91747283935547,10.160579681396484,1,1
Apo,1,401.876,26.68719482421875,10.745067596435547,1,1
Apo,1,402.076,27.90474510192871,2.313600540161133,1,1
Apo,1,402.276,29.817663192749023,0.8688743114471436,1,1
Apo,1,402.476,22.044931411743164,-0.5988284349441528,1,1
Apo,1,402.676,25.363306045532227,1.780361533164978,1,1
Apo,1,402.876,30.83132553100586,-7.006779670715332,1,1
Apo,1,403.076,25.19232940673828,6.434493064880371,1,1
Apo,1,403.276,30.79720687866211,1.6828696727752686,1,1
Apo,1,403.476,28.22223472595215,-1.21100652217865,1,1
Apo,1,403.676,26.14728355407715,2.173997163772583,1,1
Apo,1,403.876,23.292076110839844,4.983099937438965,1,1
Apo,1,404.076,19.64720344543457,0.9141664505004883,1,1
Apo,1,404.276,27.772035598754883,5.66261100769043,1,1
Apo,1,404.476,26.050151824951172,4.956281661987305,1,1
Apo,1,404.676,31.901643753051758,10.19446849822998,1,1
Apo,1,404.876,27.308963775634766,5.290133476257324,1,1
Apo,1,405.076,27.34505271911621,4.405299663543701,1,1
Apo,1,405.276,25.580812454223633,8.066678047180176,1,1
Apo,1,405.476,32.28429412841797,9.767577171325684,1,1
Apo,1,405.676,24.28215789794922,7.14016580581665,1,1
Apo,1,405.876,28.366159439086914,6.18600606918335,1,1
Apo,1,406.076,37.55592346191406,12.876324653625488,1,1
Apo,1,406.276,24.24187469482422,11.869802474975586,1,1
Apo,1,406.476,33.129417419433594,5.508959770202637,1,1
Apo,1,406.676,25.562889099121094,4.22853946685791,1,1
Apo,1,406.876,34.17992401123047,4.073075294494629,1,1
Apo,1,407.076,34.10102844238281,9.3395414352417,1,1
Apo,1,407.276,27.82649803161621,3.6016154289245605,1,1
Apo,1,407.476,28.436277389526367,3.202192783355713,1,1
Apo,1,407.676,27.68663215637207,0.19688886404037476,1,1
Apo,1,407.876,26.904043197631836,-0.9672389626502991,1,1
Apo,1,408.076,21.860599517822266,1.748798131942749,1,1
Apo,1,408.276,23.692264556884766,2.82133412361145,1,1
Apo,1,408.476,25.88736915588379,6.070297718048096,1,1
Apo,1,408.676,33.76104736328125,-1.899683952331543,1,1
Apo,1,408.876,32.07406997680664,6.568690299987793,1,1
Apo,1,409.076,30.365026473999023,9.505207061767578,1,1
Apo,1,409.276,29.246732711791992,-1.2878243923187256,1,1
Apo,1,409.476,24.809125900268555,5.433544158935547,1,1
Apo,1,409.676,29.03207778930664,0.899806022644043,1,1
Apo,1,409.876,27.849864959716797,5.670861721038818,1,1
Apo,1,410.076,26.740652084350586,5.4318342208862305,1,1
Apo,1,410.276,27.938581466674805,8.652246475219727,1,1
Apo,1,410.476,30.259204864501953,10.597764015197754,1,1
Apo,1,410.676,22.06570816040039,12.323347091674805,1,1
Apo,1,410.876,27.551488876342773,8.039545059204102,1,1
Apo,1,411.076,26.148637771606445,4.562816143035889,1,1
Apo,1,411.276,26.707393646240234,11.678662300109863,1,1
Apo,1,411.476,25.796663284301758,9.930522918701172,1,1
Apo,1,411.676,28.71278190612793,19.266782760620117,1,1
Apo,1,411.876,23.86269760131836,6.205186367034912,1,1
Apo,1,412.076,28.110837936401367,11.4290189743042,1,1
Apo,1,412.276,27.698238372802734,6.268107891082764,1,1
Apo,1,412.476,24.94342041015625,7.723873138427734,1,1
Apo,1,412.676,29.649662017822266,6.2819366455078125,1,1
Apo,1,412.876,27.33330535888672,6.722024440765381,1,1
Apo,1,413.076,31.78789520263672,3.597607135772705,1,1
Apo,1,413.276,26.220794677734375,11.424513816833496,1,1
Apo,1,413.476,24.532651901245117,1.8730254173278809,1,1
Apo,1,413.676,20.708477020263672,3.8698315620422363,1,1
Apo,1,413.876,24.738698959350586,7.129838943481445,1,1
Apo,1,414.076,22.751903533935547,-2.755488395690918,1,1
Apo,1,414.276,26.56072235107422,-5.479772090911865,1,1
Apo,1,414.476,31.194360733032227,7.245533466339111,1,1
Apo,1,414.676,29.737627029418945,-0.9111120104789734,1,1
Apo,1,414.876,29.528635025024414,6.43810510635376,1,1
Apo,1,415.076,27.110591888427734,3.802218198776245,1,1
Apo,1,415.276,27.562623977661133,0.6632829308509827,1,1
Apo,1,415.476,31.711719512939453,-0.778026282787323,1,1
Apo,1,415.676,25.38047981262207,9.311843872070312,1,1
Apo,1,415.876,25.726957321166992,0.26510176062583923,1,1
Apo,1,416.076,22.060543060302734,3.1736316680908203,1,1
Apo,1,416.276,28.786775588989258,6.980569362640381,1,1
Apo,1,416.476,24.387269973754883,7.684894561767578,1,1
Apo,1,416.676,30.24139404296875,7.335661888122559,1,1
Apo,1,416.876,21.135738372802734,10.307478904724121,1,1
Apo,1,417.076,26.102062225341797,3.9613423347473145,1,1
Apo,1,417.276,22.70465087890625,3.2052862644195557,1,1
Apo,1,417.476,24.813230514526367,6.569260120391846,1,1
Apo,1,417.676,25.551528930664062,-0.1967572718858719,1,1
Apo,1,417.876,25.900718688964844,2.0475289821624756,1,1
Apo,1,418.076,24.119375228881836,9.047860145568848,1,1
Apo,1,418.276,23.08974266052246,7.778942108154297,1,1
Apo,1,418.476,34.180809020996094,4.674822807312012,1,1
Apo,1,418.676,27.441184997558594,-2.1134588718414307,1,1
Apo,1,418.876,27.837095260620117,5.998607635498047,1,1
Apo,1,419.076,29.308517456054688,5.83083963394165,1,1
Apo,1,419.276,30.248079299926758,-1.0644285678863525,1,1
Apo,1,419.476,23.99623680114746,-1.8674628734588623,1,1
Apo,1,419.676,24.185306549072266,4.053918838500977,1,1
Apo,1,419.876,20.109315872192383,2.3992838859558105,1,1
Apo,1,420.076,20.81598663330078,2.423309326171875,1,1
Apo,1,420.276,26.868953704833984,1.012413501739502,1,1
Apo,1,420.476,21.479618072509766,5.710672378540039,1,1
Apo,1,420.676,25.35403060913086,7.287756443023682,1,1
Apo,1,420.876,21.52085304260254,7.835814952850342,1,1
Apo,1,421.076,24.584056854248047,10.199323654174805,1,1
Apo,1,421.276,20.063838958740234,9.725486755371094,1,1
Apo,1,421.476,27.119422912597656,11.745468139648438,1,1
Apo,1,421.676,22.932838439941406,-0.3579784035682678,1,1
Apo,1,421.876,22.081356048583984,3.7333388328552246,1,1
Apo,1,422.076,22.11679458618164,11.435144424438477,1,1
Apo,1,422.276,27.324295043945312,5.770553112030029,1,1
Apo,1,422.476,19.54859733581543,13.789042472839355,1,1
Apo,1,422.676,26.43545913696289,16.897260665893555,1,1
Apo,1,422.876,24.623428344726562,10.587892532348633,1,1
Apo,1,423.076,30.523258209228516,12.104777336120605,1,1
Apo,1,423.276,26.353029251098633,16.86854362487793,1,1
Apo,1,423.476,23.02182960510254,3.232316255569458,1,1
Apo,1,423.676,23.994674682617188,13.612504959106445,1,1
Apo,1,423.876,33.59764862060547,5.897405624389648,1,1
Apo,1,424.076,26.105192184448242,5.237802028656006,1,1
Apo,1,424.276,27.01067543029785,3.0692622661590576,1,1
Apo,1,424.476,32.1158561706543,5.612051486968994,1,1
Apo,1,424.676,29.13434410095215,10.069870948791504,1,1
Apo,1,424.876,22.1524658203125,11.204821586608887,1,1
Apo,1,425.076,27.265474319458008,3.962754011154175,1,1
Apo,1,425.276,29.36183738708496,5.574536323547363,1,1
Apo,1,425.476,22.762706756591797,4.631398677825928,1,1
Apo,1,425.676,27.12862777709961,11.981502532958984,1,1
Apo,1,425.876,29.72511863708496,4.061821460723877,1,1
Apo,1,426.076,32.206886291503906,5.946887969970703,1,1
Apo,1,426.276,28.906396865844727,7.007961750030518,1,1
Apo,1,426.476,20.648653030395508,16.9300594329834,1,1
Apo,1,426.676,25.982250213623047,18.627731323242188,0,0
Apo,1,426.876,31.48316192626953,18.11129379272461,0,0
Apo,1,427.076,25.811914443969727,15.150429725646973,1,1
Apo,1,427.276,27.15858268737793,12.70076847076416,1,1
Apo,1,427.476,27.52328872680664,7.906699180603027,1,1
Apo,1,427.676,20.71454429626465,14.246391296386719,1,1
Apo,1,427.876,21.131168365478516,11.028485298156738,1,1
Apo,1,428.076,19.83248519897461,8.603204727172852,1,1
Apo,1,428.276,25.384174346923828,15.85777759552002,1,1
Apo,1,428.476,29.475299835205078,12.445662498474121,1,1
Apo,1,428.676,26.747007369995117,11.863722801208496,1,1
Apo,1,428.876,13.767138481140137,7.6142683029174805,1,1
Apo,1,429.076,20.50933074951172,8.97035026550293,1,1
Apo,1,429.276,27.58331871032715,11.802105903625488,1,1
Apo,1,429.476,28.080080032348633,13.160633087158203,1,1
Apo,1,429.676,24.936906814575195,9.702098846435547,1,1
Apo,1,429.876,32.240867614746094,24.258272171020508,0,0
Apo,1,430.076,29.256383895874023,13.742142677307129,1,1
Apo,1,430.276,27.615678787231445,7.122278690338135,1,1
Apo,1,430.476,22.647754669189453,5.331455707550049,1,1
Apo,1,430.676,25.16145133972168,15.105013847351074,1,1
Apo,1,430.876,33.18863296508789,7.103109836578369,1,1
Apo,1,431.076,26.681318283081055,11.062044143676758,1,1
Apo,1,431.276,26.695842742919922,7.888915061950684,1,1
Apo,1,431.476,30.695091247558594,14.57446575164795,1,1
Apo,1,431.676,27.173725128173828,13.154906272888184,1,1
Apo,1,431.876,24.661977767944336,6.606703281402588,1,1
Apo,1,432.076,19.511228561401367,9.224344253540039,1,1
Apo,1,432.276,22.976377487182617,16.238656997680664,1,1
Apo,1,432.476,34.847232818603516,2.8537418842315674,1,1
Apo,1,432.676,28.292160034179688,2.9155938625335693,1,1
Apo,1,432.876,28.556211471557617,-0.5208035707473755,1,1
Apo,1,433.076,16.70826530456543,11.48533821105957,1,1
Apo,1,433.276,25.240182876586914,10.870153427124023,1,1
Apo,1,433.476,26.589475631713867,8.343778610229492,1,1
Apo,1,433.676,24.509450912475586,2.161200523376465,1,1
Apo,1,433.876,34.445556640625,13.996530532836914,1,1
Apo,1,434.076,30.278139114379883,7.28525972366333,1,1
Apo,1,434.276,28.936241149902344,8.863130569458008,1,1
Apo,1,434.476,29.62738609313965,1.6914823055267334,1,1
Apo,1,434.676,27.439424514770508,8.326350212097168,1,1
Apo,1,434.876,32.568424224853516,9.420313835144043,1,1
Apo,1,435.076,29.35609245300293,8.570839881896973,1,1
Apo,1,435.276,27.744035720825195,5.120802879333496,1,1
Apo,1,435.476,22.93100929260254,15.777822494506836,1,1
Apo,1,435.676,28.30399513244629,14.285223960876465,1,1
Apo,1,435.876,21.724515914916992,10.095908164978027,1,1
Apo,1,436.076,20.268251419067383,4.9175705909729,1,1
Apo,1,436.276,17.358381271362305,5.586646556854248,1,1
Apo,1,436.476,26.86271095275879,10.774874687194824,1,1
Apo,1,436.676,29.09185218811035,6.83504581451416,1,1
Apo,1,436.876,23.2740421295166,11.263486862182617,1,1
Apo,1,437.076,27.19200325012207,14.685441970825195,1,1
Apo,1,437.276,18.630388259887695,12.297184944152832,1,1
Apo,1,437.476,23.401063919067383,16.463483810424805,0,0
Apo,1,437.676,34.93759536743164,16.779428482055664,1,1
Apo,1,437.876,29.798542022705078,11.511221885681152,1,1
Apo,1,438.076,27.064722061157227,9.845381736755371,1,1
Apo,1,438.276,28.288394927978516,11.53119945526123,1,1
Apo,1,438.476,19.61465835571289,15.272439956665039,1,1
Apo,1,438.676,25.273239135742188,17.986600875854492,0,0
Apo,1,438.876,13.5108003616333,8.659246444702148,1,1
Apo,1,439.076,20.61683464050293,11.567658424377441,1,1
Apo,1,439.276,21.47895050048828,9.31285285949707,1,1
Apo,1,439.476,17.50080680847168,6.683989524841309,1,1
Apo,1,439.676,22.700868606567383,14.24213981628418,1,1
Apo,1,439.876,22.498153686523438,14.262413024902344,1,1
Apo,1,440.076,21.791519165039062,6.013593673706055,1,1
Apo,1,440.276,22.566009521484375,15.08495807647705,1,1
Apo,1,440.476,25.825742721557617,7.507716178894043,1,1
Apo,1,440.676,27.822710037231445,9.883939743041992,1,1
Apo,1,440.876,26.12520408630371,8.422383308410645,1,1
Apo,1,441.076,32.729759216308594,13.302591323852539,1,1
Apo,1,441.276,26.587900161743164,8.108973503112793,1,1
Apo,1,441.476,26.279102325439453,3.660635471343994,1,1
Apo,1,441.676,19.91326904296875,12.493772506713867,1,1
Apo,1,441.876,28.902711868286133,-4.892852306365967,1,1
Apo,1,442.076,29.279083251953125,9.471993446350098,1,1
Apo,1,442.276,25.993881225585938,3.477832555770874,1,1
Apo,1,442.476,26.76976776123047,4.896884918212891,1,1
Apo,1,442.676,25.74308204650879,4.378481864929199,1,1
Apo,1,442.876,26.138105392456055,14.000600814819336,1,1
Apo,1,443.076,23.83502769470215,11.135343551635742,1,1
Apo,1,443.276,26.86041831970215,7.377293586730957,1,1
Apo,1,443.476,25.37444496154785,8.95310115814209,1,1
Apo,1,443.676,25.65673065185547,22.982357025146484,0,0
Apo,1,443.876,30.97136688232422,6.5225348472595215,1,1
Apo,1,444.076,32.293800354003906,16.499977111816406,1,1
Apo,1,444.276,31.100223541259766,14.096761703491211,1,1
Apo,1,444.476,34.64328384399414,18.598522186279297,0,0
Apo,1,444.676,25.2056827545166,9.173871994018555,1,1
Apo,1,444.876,26.738126754760742,13.801007270812988,1,1
Apo,1,445.076,25.421510696411133,4.484642028808594,1,1
Apo,1,445.276,30.899904251098633,10.963583946228027,1,1
Apo,1,445.476,27.248994827270508,4.0511794090271,1,1
Apo,1,445.676,28.217700958251953,7.875306606292725,0,0
Apo,1,445.876,32.696502685546875,6.178987503051758,1,1
Apo,1,446.076,27.309682846069336,6.0233154296875,1,1
Apo,1,446.276,30.073909759521484,8.372297286987305,1,1
Apo,1,446.476,27.03769302368164,19.216327667236328,0,0
Apo,1,446.676,24.99791717529297,14.893585205078125,0,0
Apo,1,446.876,31.50289535522461,8.809743881225586,1,1
Apo,1,447.076,32.42131042480469,8.742213249206543,1,1
Apo,1,447.276,23.92589569091797,11.235603332519531,1,1
Apo,1,447.476,18.056028366088867,16.43595314025879,0,0
Apo,1,447.676,19.460668563842773,23.940509796142578,0,0
Apo,1,447.876,29.30717658996582,22.08183479309082,0,0
Apo,1,448.076,20.292306900024414,13.992560386657715,1,1
Apo,1,448.276,29.645174026489258,15.194140434265137,0,0
Apo,1,448.476,24.90980339050293,15.260838508605957,1,1
Apo,1,448.676,25.52691650390625,7.155466556549072,1,1
Apo,1,448.876,28.720308303833008,13.319971084594727,1,1
Apo,1,449.076,27.558273315429688,12.940805435180664,0,0
Apo,1,449.276,28.383377075195312,8.654932975769043,0,0
Apo,1,449.476,26.63580322265625,4.358773231506348,1,1
Apo,1,449.676,24.64307975769043,8.741952896118164,1,1
Apo,1,449.876,25.713712692260742,11.179630279541016,1,1
Apo,1,450.076,30.306575775146484,12.885628700256348,1,1
Apo,1,450.276,26.996885299682617,8.684447288513184,1,1
Apo,1,450.476,24.632570266723633,2.2966105937957764,1,1
Apo,1,450.676,26.752769470214844,4.308950424194336,1,1
Apo,1,450.876,26.027606964111328,18.900501251220703,1,1
Apo,1,451.076,20.91275405883789,1.583350658416748,1,1
Apo,1,451.276,35.29472732543945,9.085957527160645,1,1
Apo,1,451.476,24.85546112060547,7.535736083984375,1,1
Apo,1,451.676,24.276287078857422,7.310908794403076,1,1
Apo,1,451.876,27.508211135864258,6.532502174377441,1,1
Apo,1,452.076,25.55994415283203,3.5654022693634033,1,1
Apo,1,452.276,17.759737014770508,2.3314409255981445,1,1
Apo,1,452.476,25.80752182006836,-4.518503665924072,1,1
Apo,1,452.676,25.861421585083008,0.751924991607666,1,1
Apo,1,452.876,28.691810607910156,5.675679683685303,1,1
Apo,1,453.076,25.054216384887695,5.576002597808838,1,1
Apo,1,453.276,22.401203155517578,9.690688133239746,1,1
Apo,1,453.476,22.89035987854004,10.337738037109375,1,1
Apo,1,453.676,27.669511795043945,12.494937896728516,1,1
Apo,1,453.876,18.599109649658203,15.283974647521973,1,1
Apo,1,454.076,21.759305953979492,0.692108690738678,1,1
Apo,1,454.276,22.877079010009766,5.614339351654053,1,1
Apo,1,454.476,21.500770568847656,4.2574357986450195,1,1
Apo,1,454.676,27.09482192993164,2.071347713470459,1,1
Apo,1,454.876,21.90020179748535,-1.099587321281433,1,1
Apo,1,455.076,22.212459564208984,1.0153348445892334,1,1
Apo,1,455.276,21.93133544921875,4.817101955413818,1,1
Apo,1,455.476,21.613645553588867,5.959914207458496,1,1
Apo,1,455.676,13.652483940124512,6.503973960876465,1,1
Apo,1,455.876,20.203433990478516,7.948078155517578,1,1
Apo,1,456.076,27.12784767150879,13.939255714416504,1,1
Apo,1,456.276,18.211681365966797,6.409853458404541,1,1
Apo,1,456.476,24.280969619750977,14.918831825256348,1,1
Apo,1,456.676,19.9946346282959,11.057195663452148,1,1
Apo,1,456.876,24.888866424560547,11.475245475769043,1,1
Apo,1,457.076,21.003803253173828,1.9680911302566528,1,1
Apo,1,457.276,27.59512710571289,4.837311267852783,1,1
Apo,1,457.476,25.834047317504883,6.319108009338379,1,1
Apo,1,457.676,25.2213077545166,0.7604125738143921,1,1
Apo,1,457.876,23.979568481445312,0.3681907653808594,1,1
Apo,1,458.076,20.96608543395996,-1.5230034589767456,1,1
Apo,1,458.276,21.912586212158203,13.207204818725586,1,1
Apo,1,458.476,26.06296730041504,2.0838756561279297,1,1
Apo,1,458.676,23.356176376342773,3.1640822887420654,1,1
Apo,1,458.876,24.82362937927246,7.015669345855713,1,1
Apo,1,459.076,30.53304672241211,4.733919620513916,1,1
Apo,1,459.276,29.61034393310547,12.289605140686035,1,1
Apo,1,459.476,27.17703628540039,10.863658905029297,1,1
Apo,1,459.676,19.206588745117188,4.910063743591309,1,1
Apo,1,459.876,30.23301887512207,15.383184432983398,1,1
Apo,1,460.076,29.78959083557129,12.068378448486328,1,1
Apo,1,460.276,30.23590850830078,19.64156150817871,0,0
Apo,1,460.476,28.559480667114258,7.453193664550781,1,1
Apo,1,460.676,25.003202438354492,14.106385231018066,1,1
Apo,1,460.876,20.89748764038086,7.242657661437988,1,1
Apo,1,461.076,25.060483932495117,12.861452102661133,1,1
Apo,1,461.276,30.99693489074707,0.19018971920013428,1,1
Apo,1,461.476,17.02219009399414,18.365367889404297,1,1
Apo,1,461.676,21.657899856567383,21.68107032775879,0,0
Apo,1,461.876,24.13273048400879,15.600542068481445,1,1
Apo,1,462.076,26.741100311279297,20.826894760131836,1,1
Apo,1,462.276,27.5550479888916,11.869129180908203,1,1
Apo,1,462.476,22.85150909423828,13.676427841186523,1,1
Apo,1,462.676,23.171035766601562,14.666236877441406,1,1
Apo,1,462.876,24.579944610595703,18.5402889251709,1,1
Apo,1,463.076,24.169992446899414,8.21707534790039,1,1
Apo,1,463.276,21.908641815185547,7.4434943199157715,1,1
Apo,1,463.476,25.396636962890625,7.606010437011719,1,1
Apo,1,463.676,22.790700912475586,11.560506820678711,1,1
Apo,1,463.876,21.925216674804688,18.971738815307617,0,0
Apo,1,464.076,32.9571418762207,18.764097213745117,1,1
Apo,1,464.276,33.288734436035156,19.061630249023438,1,1
Apo,1,464.476,24.502849578857422,16.967988967895508,1,1
Apo,1,464.676,27.518585205078125,9.436161041259766,1,1
Apo,1,464.876,25.797637939453125,15.338353157043457,1,1
Apo,1,465.076,22.79517936706543,11.97683334350586,1,1
Apo,1,465.276,29.17348289489746,17.26346206665039,1,1
Apo,1,465.476,22.30368995666504,16.03252601623535,0,0
Apo,1,465.676,25.395431518554688,16.168746948242188,1,1
Apo,1,465.876,27.83375358581543,13.061079978942871,1,1
Apo,1,466.076,20.59178352355957,3.038883686065674,1,1
Apo,1,466.276,21.067428588867188,11.085600852966309,1,1
Apo,1,466.476,28.716392517089844,4.947690486907959,1,1
Apo,1,466.676,27.924463272094727,-0.9852892756462097,1,1
Apo,1,466.876,25.98603630065918,5.191771507263184,1,1
Apo,1,467.076,24.049713134765625,4.382562637329102,1,1
Apo,1,467.276,28.738079071044922,5.231846809387207,1,1
Apo,1,467.476,21.56393051147461,0.7244871258735657,1,1
Apo,1,467.676,27.268840789794922,0.015529359690845013,1,1
Apo,1,467.876,24.713340759277344,3.0374343395233154,1,1
Apo,1,468.076,20.238807678222656,8.194768905639648,1,1
Apo,1,468.276,20.660371780395508,8.906709671020508,1,1
Apo,1,468.476,26.965696334838867,10.500123023986816,1,1
Apo,1,468.676,28.1373291015625,8.288925170898438,1,1
Apo,1,468.876,21.295581817626953,9.309109687805176,1,1
Apo,1,469.076,30.87884521484375,16.56304168701172,1,1
Apo,1,469.276,25.109031677246094,19.868152618408203,0,0
Apo,1,469.476,26.7874755859375,18.231781005859375,1,1
Apo,1,469.676,30.663347244262695,7.251104831695557,1,1
Apo,1,469.876,29.625839233398438,14.352865219116211,0,0
Apo,1,470.076,23.619504928588867,7.070858001708984,1,1
Apo,1,470.276,20.862510681152344,6.6690144538879395,0,0
Apo,1,470.476,30.0277099609375,9.779346466064453,1,1
Apo,1,470.676,18.523691177368164,1.4584755897521973,1,1
Apo,1,470.876,25.89916229248047,3.1772570610046387,1,1
Apo,1,471.076,21.369876861572266,3.4723052978515625,1,1
Apo,1,471.276,13.950517654418945,3.482919692993164,1,1
Apo,1,471.476,23.21215057373047,1.8711707592010498,1,1
Apo,1,471.676,29.704280853271484,16.94455909729004,1,1
Apo,1,471.876,28.531076431274414,13.52274227142334,1,1
Apo,1,472.076,22.919784545898438,11.695980072021484,1,1
Apo,1,472.276,27.713279724121094,14.981168746948242,1,1
Apo,1,472.476,23.609846115112305,14.824946403503418,1,1
Apo,1,472.676,27.055217742919922,12.051003456115723,1,1
Apo,1,472.876,31.353986740112305,6.261334419250488,1,1
Apo,1,473.076,26.315214157104492,9.5294189453125,1,1
Apo,1,473.276,26.252517700195312,13.233190536499023,1,1
Apo,1,473.476,28.188100814819336,12.272285461425781,1,1
Apo,1,473.676,27.295379638671875,14.308441162109375,1,1
Apo,1,473.876,23.5126895904541,12.506257057189941,1,1
Apo,1,474.076,25.583765029907227,7.871407508850098,1,1
Apo,1,474.276,26.89015769958496,1.8593342304229736,1,1
Apo,1,474.476,28.234642028808594,6.394847393035889,1,1
Apo,1,474.676,25.495737075805664,0.32753250002861023,1,1
Apo,1,474.876,23.253156661987305,2.860966205596924,1,1
Apo,1,475.076,28.26372718811035,-1.0138386487960815,1,1
Apo,1,475.276,22.981182098388672,7.5648956298828125,1,1
Apo,1,475.476,26.042478561401367,6.020308971405029,1,1
Apo,1,475.676,26.100255966186523,8.15822982788086,1,1
Apo,1,475.876,23.304845809936523,10.23323917388916,1,1
Apo,1,476.076,24.5361270904541,2.2169363498687744,1,1
Apo,1,476.276,26.633403778076172,14.579148292541504,1,1
Apo,1,476.476,27.92652702331543,6.215344429016113,1,1
Apo,1,476.676,25.323034286499023,7.4687371253967285,1,1
Apo,1,476.876,28.482160568237305,2.6618199348449707,1,1
Apo,1,477.076,25.094512939453125,2.9317312240600586,1,1
Apo,1,477.276,26.0046329498291,10.292485237121582,1,1
Apo,1,477.476,25.869752883911133,6.5462965965271,1,1
Apo,1,477.676,22.923362731933594,-0.6485248804092407,1,1
Apo,1,477.876,23.044801712036133,2.9480865001678467,1,1
Apo,1,478.076,23.284950256347656,4.946855068206787,1,1
Apo,1,478.276,30.012453079223633,18.526630401611328,1,1
Apo,1,478.476,24.73370361328125,2.2578253746032715,1,1
Apo,1,478.676,29.146705627441406,1.0068601369857788,1,1
Apo,1,478.876,31.029930114746094,10.343610763549805,1,1
Apo,1,479.076,27.28899574279785,-1.3568798303604126,1,1
Apo,1,479.276,30.294458389282227,8.669485092163086,1,1
Apo,1,479.476,27.626779556274414,13.010575294494629,1,1
Apo,1,479.676,35.199974060058594,13.042511940002441,1,1
Apo,1,479.876,25.751712799072266,10.300738334655762,1,1
Apo,1,480.076,30.18760871887207,7.813433647155762,1,1
Apo,1,480.276,20.518287658691406,0.6763876080513,1,1
Apo,1,480.476,25.958555221557617,4.062414646148682,1,1
Apo,1,480.676,30.711610794067383,15.327898025512695,1,1
Apo,1,480.876,28.8314208984375,6.359356880187988,1,1
Apo,1,481.076,23.16604995727539,6.683651447296143,1,1
Apo,1,481.276,25.884475708007812,5.494590759277344,1,1
Apo,1,481.476,25.810197830200195,-3.288773775100708,1,1
Apo,1,481.676,19.840620040893555,6.74567985534668,1,1
Apo,1,481.876,21.591691970825195,-0.6667364835739136,1,1
Apo,1,482.076,17.59696388244629,8.098052978515625,1,1
Apo,1,482.276,25.103910446166992,-0.07639274001121521,1,1
Apo,1,482.476,28.423974990844727,1.9051343202590942,1,1
Apo,1,482.676,29.85379409790039,0.4965229034423828,1,1
Apo,1,482.876,25.576641082763672,-1.757140874862671,1,1
Apo,1,483.076,23.283170700073242,0.5037178993225098,1,1
Apo,1,483.276,24.960853576660156,-0.6880740523338318,1,1
Apo,1,483.476,25.084482192993164,8.656838417053223,1,1
Apo,1,483.676,25.701162338256836,-0.5416144728660583,1,1
Apo,1,483.876,28.620311737060547,-3.1954843997955322,1,1
Apo,1,484.076,18.242712020874023,-1.7169219255447388,1,1
Apo,1,484.276,18.635421752929688,-3.454477548599243,1,1
Apo,1,484.476,29.22838020324707,4.833205223083496,1,1
Apo,1,484.676,26.067346572875977,6.870274066925049,1,1
Apo,1,484.876,32.060302734375,0.25038573145866394,1,1
Apo,1,485.076,27.675758361816406,4.575077533721924,1,1
Apo,1,485.276,27.115074157714844,5.219104290008545,1,1
Apo,1,485.476,31.251968383789062,14.757355690002441,1,1
Apo,1,485.676,29.89885139465332,4.922328948974609,1,1
Apo,1,485.876,23.594831466674805,-1.730534553527832,1,1
Apo,1,486.076,30.20947265625,8.491989135742188,1,1
Apo,1,486.276,33.333621978759766,0.043533988296985626,1,1
Apo,1,486.476,33.1630859375,10.089046478271484,1,1
Apo,1,486.676,30.031129837036133,8.409367561340332,1,1
Apo,1,486.876,27.070598602294922,7.014883041381836,1,1
Apo,1,487.076,29.717748641967773,5.979156017303467,1,1
Apo,1,487.276,27.682016372680664,3.957263708114624,1,1
Apo,1,487.476,23.1680908203125,10.565195083618164,1,1
Apo,1,487.676,27.668033599853516,14.198686599731445,1,1
Apo,1,487.876,24.48453140258789,8.497406959533691,1,1
Apo,1,488.076,27.79151153564453,10.390824317932129,1,1
Apo,1,488.276,20.488624572753906,17.665678024291992,1,1
Apo,1,488.476,29.36369514465332,15.310074806213379,1,1
Apo,1,488.676,29.52662467956543,10.314136505126953,1,1
Apo,1,488.876,23.515941619873047,13.701086044311523,1,1
Apo,1,489.076,20.164098739624023,10.927172660827637,1,1
Apo,1,489.276,22.54087257385254,7.644690990447998,1,1
Apo,1,489.476,25.406089782714844,6.486334323883057,1,1
Apo,1,489.676,28.537824630737305,9.076066970825195,1,1
Apo,1,489.876,24.10906982421875,9.089255332946777,1,1
Apo,1,490.076,20.09657859802246,2.5160231590270996,1,1
Apo,1,490.276,31.813329696655273,8.477063179016113,1,1
Apo,1,490.476,29.273731231689453,16.243797302246094,1,1
Apo,1,490.676,25.654088973999023,10.48316478729248,1,1
Apo,1,490.876,27.02642250061035,6.077892780303955,1,1
Apo,1,491.076,25.40561294555664,3.0404186248779297,1,1
Apo,1,491.276,28.74567985534668,0.7810520529747009,1,1
Apo,1,491.476,20.57221794128418,5.2042999267578125,1,1
Apo,1,491.676,24.877843856811523,9.792740821838379,1,1
Apo,1,491.876,27.142595291137695,8.523563385009766,1,1
Apo,1,492.076,23.14737892150879,15.160804748535156,1,1
Apo,1,492.276,27.133634567260742,7.002225875854492,1,1
Apo,1,492.476,20.034912109375,7.039529800415039,1,1
Apo,1,492.676,25.956058502197266,10.9619140625,1,1
Apo,1,492.876,23.386869430541992,3.4834887981414795,1,1
Apo,1,493.076,30.8436222076416,12.13143253326416,1,1
Apo,1,493.276,29.417009353637695,16.183561325073242,1,1
Apo,1,493.476,29.370988845825195,11.793603897094727,1,1
Apo,1,493.676,29.031835556030273,1.1384226083755493,1,1
Apo,1,493.876,26.31214714050293,13.863956451416016,1,1
Apo,1,494.076,28.156076431274414,7.909582614898682,1,1
Apo,1,494.276,31.010385513305664,11.748294830322266,1,1
Apo,1,494.476,27.0955867767334,9.092843055725098,1,1
Apo,1,494.676,29.834712982177734,4.022390842437744,1,1
Apo,1,494.876,24.741758346557617,9.87132453918457,1,1
Apo,1,495.076,32.92984390258789,10.469802856445312,1,1
Apo,1,495.276,30.023653030395508,11.703716278076172,1,1
Apo,1,495.476,25.53351402282715,11.46304702758789,1,1
Apo,1,495.676,26.38800621032715,8.455377578735352,1,1
Apo,1,495.876,22.84017562866211,17.969947814941406,1,1
Apo,1,496.076,25.952295303344727,11.072564125061035,1,1
Apo,1,496.276,23.910598754882812,9.495859146118164,1,1
Apo,1,496.476,24.366043090820312,11.255036354064941,1,1
Apo,1,496.676,29.148042678833008,10.905057907104492,1,1
Apo,1,496.876,25.427125930786133,7.26413106918335,1,1
Apo,1,497.076,26.948728561401367,7.0461859703063965,1,1
Apo,1,497.276,19.387842178344727,7.2192063331604,1,1
Apo,1,497.476,24.325498580932617,11.351198196411133,1,1
Apo,1,497.676,27.335098266601562,8.928279876708984,1,1
Apo,1,497.876,28.34633445739746,15.673096656799316,1,1
Apo,1,498.076,24.357807159423828,6.2944016456604,1,1
Apo,1,498.276,26.553211212158203,7.667081356048584,1,1
Apo,1,498.476,22.437206268310547,14.425284385681152,1,1
Apo,1,498.676,15.361297607421875,15.665799140930176,1,1
Apo,1,498.876,13.90829086303711,3.41585373878479,1,1
Apo,1,499.076,19.647584915161133,12.866667747497559,1,1
Apo,1,499.276,16.7165470123291,12.795682907104492,1,1
Apo,1,499.476,26.856752395629883,5.999426364898682,1,1
Apo,1,499.676,19.782909393310547,14.56470012664795,1,1
Apo,1,499.876,24.85753059387207,10.613075256347656,1,1
Apo,1,500.076,24.7750301361084,14.01700210571289,1,1
Apo,1,500.276,21.43284034729004,17.122835159301758,0,0
Apo,2,199.8,-11.439643859863281,10.525519371032715,1,1
Apo,2,200.0,-9.943107604980469,18.20160484313965,0,0
Apo,2,200.2,-12.885162353515625,8.01716423034668,1,1
Apo,2,200.4,-5.024219989776611,16.566394805908203,1,1
Apo,2,200.6,-14.436320304870605,16.314237594604492,1,1
Apo,2,200.8,-13.452034950256348,7.05965518951416,1,1
Apo,2,201.0,-6.218381404876709,18.866836547851562,1,1
Apo,2,201.2,-8.907073020935059,15.396703720092773,0,0
Apo,2,201.4,-7.852908134460449,20.304706573486328,1,1
Apo,2,201.6,-12.93651294708252,17.41362953186035,0,0
Apo,2,201.8,-14.160760879516602,19.04050064086914,1,1
Apo,2,202.0,-8.611247062683105,18.469486236572266,0,0
Apo,2,202.2,-17.145021438598633,19.144439697265625,1,1
Apo,2,202.4,-8.37680721282959,14.061139106750488,1,1
Apo,2,202.6,-8.307828903198242,21.282960891723633,1,1
Apo,2,202.8,-15.20716667175293,19.74032974243164,0,0
Apo,2,203.0,-10.320854187011719,13.516454696655273,1,1
Apo,2,203.2,-2.655916690826416,17.356990814208984,0,0
Apo,2,203.4,-9.264822006225586,17.52511978149414,1,1
Apo,2,203.6,-9.234025001525879,18.1648006439209,0,0
Apo,2,203.8,-11.875884056091309,13.849007606506348,1,1
Apo,2,204.0,-11.428800582885742,12.470552444458008,1,1
Apo,2,204.2,-9.290358543395996,22.421709060668945,1,1
Apo,2,204.4,-13.63682746887207,17.19444465637207,1,1
Apo,2,204.6,-13.53586196899414,19.050567626953125,1,1
Apo,2,204.8,-14.618873596191406,14.711703300476074,1,1
Apo,2,205.0,-15.659993171691895,13.222049713134766,1,1
Apo,2,205.2,-11.51320743560791,17.280916213989258,1,1
Apo,2,205.4,-12.301029205322266,15.468049049377441,1,1
Apo,2,205.6,-10.330056190490723,16.059593200683594,1,1
Apo,2,205.8,-6.373906135559082,20.40886688232422,0,0
Apo,2,206.0,-12.285271644592285,21.996337890625,0,0
Apo,2,206.2,-8.138729095458984,22.419857025146484,0,0
Apo,2,206.4,-14.547201156616211,8.600976943969727,1,1
Apo,2,206.6,-6.140546798706055,15.869743347167969,0,0
Apo,2,206.8,-13.471028327941895,23.072410583496094,1,1
Apo,2,207.0,-12.590564727783203,19.495437622070312,1,1
Apo,2,207.2,-12.555963516235352,17.98074722290039,1,1
Apo,2,207.4,-17.514604568481445,25.59041404724121,0,0
Apo,2,207.6,-10.384696960449219,16.728437423706055,1,1
Apo,2,207.8,-13.203226089477539,18.450138092041016,1,1
Apo,2,208.0,-16.017799377441406,21.77605438232422,1,1
Apo,2,208.2,-10.282044410705566,21.5579833984375,1,1
Apo,2,208.4,-11.06687068939209,19.822641372680664,1,1
Apo,2,208.6,-18.164121627807617,20.37081527709961,1,1
Apo,2,208.8,-9.021614074707031,23.303430557250977,1,1
Apo,2,209.0,-15.317218780517578,14.277985572814941,1,1
Apo,2,209.2,-17.664409637451172,13.692364692687988,1,1
Apo,2,209.4,-16.695566177368164,11.215940475463867,1,1
Apo,2,209.6,-14.071568489074707,17.926454544067383,1,1
Apo,2,209.8,-15.300492286682129,18.6411075592041,1,1
Apo,2,210.0,-15.503878593444824,18.059812545776367,1,1
Apo,2,210.2,-16.079431533813477,11.659673690795898,1,1
Apo,2,210.4,-9.43881893157959,18.36643409729004,1,1
Apo,2,210.6,-14.135445594787598,11.532571792602539,1,1
Apo,2,210.8,-8.710336685180664,11.465557098388672,1,1
Apo,2,211.0,-13.895331382751465,15.841205596923828,1,1
Apo,2,211.2,-19.022987365722656,8.011929512023926,1,1
Apo,2,211.4,-13.805773735046387,17.626920700073242,1,1
Apo,2,211.6,-10.089238166809082,20.687179565429688,1,1
Apo,2,211.8,-8.622697830200195,16.227622985839844,1,1
Apo,2,212.0,-18.682971954345703,21.116228103637695,0,0
Apo,2,212.2,-15.435833930969238,19.822721481323242,1,1
Apo,2,212.4,-13.117079734802246,17.46320343017578,1,1
Apo,2,212.6,-9.73213005065918,20.749614715576172,1,1
Apo,2,212.8,-13.808693885803223,23.774057388305664,1,1
Apo,2,213.0,-16.696542739868164,21.854419708251953,1,1
Apo,2,213.2,-19.47235870361328,14.53315258026123,1,1
Apo,2,213.4,-12.262995719909668,23.24012565612793,1,1
Apo,2,213.6,-10.941699028015137,18.093505859375,1,1
Apo,2,213.8,-15.180191040039062,20.792829513549805,1,1
Apo,2,214.0,-13.289819717407227,21.59973907470703,1,1
Apo,2,214.2,-21.437252044677734,13.42623519897461,1,1
Apo,2,214.4,-11.858120918273926,21.07872200012207,1,1
Apo,2,214.6,-14.651752471923828,14.5683012008667,1,1
Apo,2,214.8,-14.588088989257812,13.72109603881836,1,1
Apo,2,215.0,-13.178451538085938,13.785487174987793,1,1
Apo,2,215.2,-14.847607612609863,23.88018035888672,1,1
Apo,2,215.4,-15.350029945373535,28.622615814208984,1,1
Apo,2,215.6,-19.953250885009766,23.582698822021484,1,1
Apo,2,215.8,-11.062590599060059,15.718412399291992,1,1
Apo,2,216.0,-17.512365341186523,10.039225578308105,1,1
Apo,2,216.2,-18.223175048828125,9.716609001159668,1,1
Apo,2,216.4,-17.473615646362305,10.113140106201172,1,1
Apo,2,216.6,-18.92288589477539,-1.1262577772140503,1,1
Apo,2,216.8,-8.390138626098633,12.08836555480957,1,1
Apo,2,217.0,-17.771244049072266,0.743704080581665,1,1
Apo,2,217.2,-17.286724090576172,0.7461943030357361,1,1
Apo,2,217.4,-18.761510848999023,12.071981430053711,1,1
Apo,2,217.6,-22.02296257019043,15.457429885864258,1,1
Apo,2,217.8,-14.847564697265625,18.233110427856445,1,1
Apo,2,218.0,-13.715781211853027,12.791333198547363,1,1
Apo,2,218.2,-15.316976547241211,16.842599868774414,1,1
Apo,2,218.4,-18.77592658996582,2.3992812633514404,1,1
Apo,2,218.6,-19.45741844177246,7.603604316711426,1,1
Apo,2,218.8,-20.875553131103516,12.03681755065918,1,1
Apo,2,219.0,-18.47332763671875,10.433113098144531,1,1
Apo,2,219.2,-14.017943382263184,6.90068244934082,1,1
Apo,2,219.4,-16.75291633605957,13.92406940460205,1,1
Apo,2,219.6,-14.38747501373291,16.94773292541504,1,1
Apo,2,219.8,-19.479440689086914,13.345739364624023,1,1
Apo,2,220.0,-16.139509201049805,13.092438697814941,1,1
Apo,2,220.2,-21.149808883666992,6.109221935272217,1,1
Apo,2,220.4,-19.39111328125,10.368304252624512,1,1
Apo,2,220.6,-15.670254707336426,0.8675988912582397,1,1
Apo,2,220.8,-12.374130249023438,4.913793087005615,1,1
Apo,2,221.0,-20.135038375854492,11.771331787109375,1,1
Apo,2,221.2,-19.517009735107422,10.635041236877441,1,1
Apo,2,221.4,-14.713266372680664,13.443693161010742,1,1
Apo,2,221.6,-13.68046760559082,10.455732345581055,1,1
Apo,2,221.8,-12.993879318237305,17.31692123413086,1,1
Apo,2,222.0,-14.020334243774414,18.782649993896484,1,1
Apo,2,222.2,-15.064648628234863,7.166390419006348,1,1
Apo,2,222.4,-15.91558837890625,12.614847183227539,1,1
Apo,2,222.6,-19.75003433227539,7.902740478515625,1,1
Apo,2,222.8,-13.582871437072754,10.11622428894043,1,1
Apo,2,223.0,-12.272137641906738,7.964367389678955,1,1
Apo,2,223.2,-13.830648422241211,4.256507396697998,1,1
Apo,2,223.4,-15.878853797912598,3.4477927684783936,1,1
Apo,2,223.6,-11.742606163024902,4.636556148529053,1,1
Apo,2,223.8,-14.004504203796387,12.745498657226562,1,1
Apo,2,224.0,-13.359471321105957,15.038480758666992,1,1
Apo,2,224.2,-13.212746620178223,14.030173301696777,1,1
Apo,2,224.4,-14.60842227935791,20.00986099243164,1,1
Apo,2,224.6,-12.03689956665039,8.568215370178223,1,1
Apo,2,224.8,-5.107107162475586,14.588500022888184,1,1
Apo,2,225.0,-9.556138038635254,14.147957801818848,1,1
Apo,2,225.2,-10.021638870239258,10.472146034240723,1,1
Apo,2,225.4,-9.48849868774414,10.011112213134766,1,1
Apo,2,225.6,-11.55329418182373,13.128851890563965,1,1
Apo,2,225.8,-14.279932975769043,15.632739067077637,1,1
Apo,2,226.0,-12.373756408691406,18.60658836364746,1,1
Apo,2,226.2,-14.445792198181152,13.753527641296387,1,1
Apo,2,226.4,-15.94092845916748,14.913254737854004,1,1
Apo,2,226.6,-21.52475929260254,8.467305183410645,1,1
Apo,2,226.8,-17.84992790222168,11.927518844604492,1,1
Apo,2,227.0,-13.953447341918945,15.388166427612305,1,1
Apo,2,227.2,-19.538145065307617,5.759993076324463,1,1
Apo,2,227.4,-24.971315383911133,13.33952522277832,1,1
Apo,2,227.6,-21.583948135375977,2.3225038051605225,1,1
Apo,2,227.8,-19.031618118286133,17.32448959350586,1,1
Apo,2,228.0,-25.89569854736328,9.443395614624023,1,1
Apo,2,228.2,-14.050430297851562,8.981917381286621,1,1
Apo,2,228.4,-18.553199768066406,7.396624565124512,1,1
Apo,2,228.6,-13.707778930664062,4.463753700256348,1,1
Apo,2,228.8,-11.49842643737793,9.969437599182129,1,1
Apo,2,229.0,-16.962060928344727,10.751972198486328,1,1
Apo,2,229.2,-13.019749641418457,-1.9063422679901123,1,1
Apo,2,229.4,-12.995450973510742,8.173239707946777,1,1
Apo,2,229.6,-9.208915710449219,0.5832690000534058,1,1
Apo,2,229.8,-18.805665969848633,4.555943965911865,1,1
Apo,2,230.0,-15.931604385375977,7.12379264831543,1,1
Apo,2,230.2,-12.182136535644531,13.16822338104248,1,1
Apo,2,230.4,-5.554100513458252,10.443781852722168,1,1
Apo,2,230.6,-13.652356147766113,7.859199047088623,1,1
Apo,2,230.8,-10.999385833740234,21.675567626953125,1,1
Apo,2,231.0,-11.668583869934082,6.205955982208252,1,1
Apo,2,231.2,-9.710448265075684,13.963017463684082,1,1
Apo,2,231.4,-9.431827545166016,13.051169395446777,1,1
Apo,2,231.6,-10.491244316101074,14.406743049621582,1,1
Apo,2,231.8,-11.211623191833496,11.903553009033203,1,1
Apo,2,232.0,-11.807684898376465,5.731342315673828,1,1
Apo,2,232.2,-12.237089157104492,7.815014839172363,1,1
Apo,2,232.4,-17.192052841186523,13.429813385009766,1,1
Apo,2,232.6,-16.481231689453125,13.018392562866211,1,1
Apo,2,232.8,-12.952491760253906,9.33580493927002,1,1
Apo,2,233.0,-15.76425838470459,12.396782875061035,1,1
Apo,2,233.2,-15.934395790100098,9.604382514953613,1,1
Apo,2,233.4,-13.287181854248047,10.362263679504395,1,1
Apo,2,233.6,-12.186720848083496,-4.680143356323242,1,1
Apo,2,233.8,-9.210145950317383,9.870360374450684,1,1
Apo,2,234.0,-13.404860496520996,4.67548131942749,1,1
Apo,2,234.2,-12.32935905456543,6.626918792724609,1,1
Apo,2,234.4,-15.316311836242676,10.58502197265625,1,1
Apo,2,234.6,-12.624249458312988,8.2826509475708,1,1
Apo,2,234.8,-8.219911575317383,10.57287883758545,1,1
Apo,2,235.0,-12.937058448791504,7.235128402709961,1,1
Apo,2,235.2,-11.828838348388672,4.692564487457275,1,1
Apo,2,235.4,-13.653340339660645,0.37085527181625366,1,1
Apo,2,235.6,-7.069812297821045,8.637158393859863,1,1
Apo,2,235.8,-15.483046531677246,15.159061431884766,1,1
Apo,2,236.0,-9.933489799499512,5.461071491241455,1,1
Apo,2,236.2,-10.174853324890137,7.669161796569824,1,1
Apo,2,236.4,-11.836045265197754,11.366379737854004,1,1
Apo,2,236.6,-10.862009048461914,8.813163757324219,1,1
Apo,2,236.8,-12.966072082519531,7.720885276794434,1,1
Apo,2,237.0,-10.21891975402832,-0.019431201741099358,1,1
Apo,2,237.2,-9.818078994750977,6.008854866027832,1,1
Apo,2,237.4,-9.664249420166016,9.668458938598633,1,1
Apo,2,237.6,-4.820956230163574,15.496417999267578,1,1
Apo,2,237.8,-6.6329169273376465,9.531340599060059,1,1
Apo,2,238.0,-11.92917251586914,4.2182936668396,1,1
Apo,2,238.2,-9.289101600646973,3.4826972484588623,1,1
Apo,2,238.4,-10.788054466247559,6.943759918212891,1,1
Apo,2,238.6,-13.706506729125977,12.077654838562012,1,1
Apo,2,238.8,-8.747763633728027,1.3476423025131226,1,1
Apo,2,239.0,-10.7777681350708,11.793598175048828,1,1
Apo,2,239.2,-7.023013591766357,9.202082633972168,1,1
Apo,2,239.4,-10.63353157043457,4.63481330871582,1,1
Apo,2,239.6,-7.89016580581665,9.63715648651123,1,1
Apo,2,239.8,-8.207911491394043,16.67761993408203,1,1
Apo,2,240.0,-7.764952182769775,10.193729400634766,1,1
Apo,2,240.2,-5.6045098304748535,15.925397872924805,1,1
Apo,2,240.4,-5.5889434814453125,16.037635803222656,1,1
Apo,2,240.6,-7.773292064666748,11.64520263671875,1,1
Apo,2,240.8,-9.782243728637695,16.20471954345703,1,1
Apo,2,241.0,-4.820577621459961,11.60185718536377,1,1
Apo,2,241.2,-7.5900797843933105,13.844639778137207,1,1
Apo,2,241.4,-8.538032531738281,5.995676040649414,1,1
Apo,2,241.6,-4.809367656707764,8.73387622833252,1,1
Apo,2,241.8,-13.044174194335938,16.146907806396484,1,1
Apo,2,242.0,-6.702678203582764,11.554864883422852,1,1
Apo,2,242.2,-6.700191020965576,5.820358753204346,1,1
Apo,2,242.4,-2.1780149936676025,6.30638313293457,1,1
Apo,2,242.6,-3.9098403453826904,11.361764907836914,1,1
Apo,2,242.8,-10.304097175598145,13.756013870239258,1,1
Apo,2,243.0,-1.5792607069015503,3.065175771713257,1,1
Apo,2,243.2,-6.066166877746582,-2.613851547241211,1,1
Apo,2,243.4,-6.709596157073975,5.510030269622803,1,1
Apo,2,243.6,-2.2620317935943604,10.507719993591309,1,1
Apo,2,243.8,-9.789495468139648,7.570393085479736,1,1
Apo,2,244.0,-11.557588577270508,12.825501441955566,1,1
Apo,2,244.2,-6.270410537719727,12.176773071289062,1,1
Apo,2,244.4,-9.902960777282715,11.948805809020996,1,1
Apo,2,244.6,-11.26646900177002,13.008858680725098,1,1
Apo,2,244.8,-11.397078514099121,10.114716529846191,1,1
Apo,2,245.0,-15.324698448181152,9.518025398254395,1,1
Apo,2,245.2,-6.594940662384033,13.330437660217285,1,1
Apo,2,245.4,-6.941327095031738,15.893491744995117,1,1
Apo,2,245.6,-6.074389934539795,14.195592880249023,1,1
Apo,2,245.8,-9.657453536987305,8.794528007507324,1,1
Apo,2,246.0,-7.859237194061279,5.421842098236084,1,1
Apo,2,246.2,-9.319891929626465,9.702726364135742,1,1
Apo,2,246.4,-7.48960018157959,10.463774681091309,1,1
Apo,2,246.6,-9.924089431762695,10.833685874938965,1,1
Apo,2,246.8,-11.904533386230469,6.689633369445801,1,1
Apo,2,247.0,-7.647866725921631,10.64826488494873,1,1
Apo,2,247.2,-8.738455772399902,17.593463897705078,1,1
Apo,2,247.4,-10.036733627319336,19.646209716796875,1,1
Apo,2,247.6,-7.932462692260742,11.762064933776855,1,1
Apo,2,247.8,-11.350176811218262,12.414997100830078,1,1
Apo,2,248.0,-6.814486503601074,13.149712562561035,1,1
Apo,2,248.2,-9.113080024719238,4.904003620147705,1,1
Apo,2,248.4,-9.792647361755371,19.16078758239746,1,1
Apo,2,248.6,-1.974976658821106,19.322696685791016,1,1
Apo,2,248.8,-8.58260440826416,16.673982620239258,1,1
Apo,2,249.0,-8.165735244750977,15.92085075378418,1,1
Apo,2,249.2,-8.968326568603516,3.8186960220336914,1,1
Apo,2,249.4,-11.45664119720459,8.105588912963867,1,1
Apo,2,249.6,-7.3902435302734375,19.332408905029297,1,1
Apo,2,249.8,-14.32956600189209,13.121686935424805,1,1
Apo,2,250.0,-11.939275741577148,6.295138359069824,1,1
Apo,2,250.2,-9.610162734985352,9.302274703979492,1,1
Apo,2,250.4,-8.16489028930664,10.336432456970215,1,1
Apo,2,250.6,-7.814546585083008,11.753113746643066,1,1
Apo,2,250.8,-4.9983673095703125,15.101290702819824,1,1
Apo,2,251.0,-10.56037425994873,10.293232917785645,1,1
Apo,2,251.2,-6.591225624084473,-1.279779314994812,1,1
Apo,2,251.4,-10.24581241607666,7.284267902374268,1,1
Apo,2,251.6,-13.547139167785645,3.363661289215088,1,1
Apo,2,251.8,-12.404292106628418,0.6667624115943909,1,1
Apo,2,252.0,-10.84792709350586,12.309701919555664,1,1
Apo,2,252.2,-5.998383522033691,8.569451332092285,1,1
Apo,2,252.4,-4.401727676391602,14.133618354797363,1,1
Apo,2,252.6,-11.299012184143066,7.775503158569336,1,1
Apo,2,252.8,-1.57402503490448,9.498924255371094,1,1
Apo,2,253.0,-10.885811805725098,8.718042373657227,1,1
Apo,2,253.2,-7.713470935821533,11.526488304138184,1,1
Apo,2,253.4,-3.8791251182556152,11.06396198272705,1,1
Apo,2,253.6,-11.172369956970215,10.398641586303711,1,1
Apo,2,253.8,-7.762571334838867,11.312260627746582,1,1
Apo,2,254.0,-15.898283958435059,9.76781940460205,1,1
Apo,2,254.2,-10.198564529418945,14.334208488464355,1,1
Apo,2,254.4,-18.288188934326172,6.751194953918457,1,1
Apo,2,254.6,-7.119558811187744,8.700100898742676,1,1
Apo,2,254.8,-7.503868579864502,1.0475451946258545,1,1
Apo,2,255.0,-14.458636283874512,4.089145660400391,1,1
Apo,2,255.2,-7.599647045135498,11.662470817565918,1,1
Apo,2,255.4,-6.446586608886719,19.451923370361328,1,1
Apo,2,255.6,-11.149042129516602,12.896809577941895,0,0
Apo,2,255.8,-4.739002704620361,15.630110740661621,0,0
Apo,2,256.0,-7.96135139465332,13.091451644897461,0,0
Apo,2,256.2,-7.219298362731934,11.860751152038574,1,1
Apo,2,256.4,-10.56752872467041,14.13908576965332,1,1
Apo,2,256.6,-10.931330680847168,15.751269340515137,1,1
Apo,2,256.8,-9.328983306884766,18.697824478149414,1,1
Apo,2,257.0,-10.154528617858887,16.859718322753906,1,1
Apo,2,257.2,-9.502518653869629,18.52139663696289,1,1
Apo,2,257.4,-8.85539436340332,10.319650650024414,1,1
Apo,2,257.6,-14.47313117980957,13.693648338317871,1,1
Apo,2,257.8,-11.254236221313477,15.360479354858398,1,1
Apo,2,258.0,-11.083928108215332,15.418374061584473,1,1
Apo,2,258.2,-13.300169944763184,12.499878883361816,1,1
Apo,2,258.4,-8.588950157165527,12.232423782348633,1,1
Apo,2,258.6,-11.324000358581543,17.584638595581055,1,1
Apo,2,258.8,-11.494338989257812,12.207768440246582,1,1
Apo,2,259.0,-11.016621589660645,12.542567253112793,1,1
Apo,2,259.2,-12.470118522644043,13.388200759887695,1,1
Apo,2,259.4,-9.436952590942383,13.192220687866211,1,1
Apo,2,259.6,-12.120440483093262,9.507462501525879,1,1
Apo,2,259.8,-8.296514511108398,21.271066665649414,1,1
Apo,2,260.0,-5.737388610839844,20.714637756347656,1,1
Apo,2,260.2,-14.10012149810791,11.323725700378418,1,1
Apo,2,260.4,-6.682692527770996,9.315279006958008,1,1
Apo,2,260.6,-13.857579231262207,7.704029560089111,1,1
Apo,2,260.8,-11.043529510498047,19.87164306640625,1,1
Apo,2,261.0,-17.778228759765625,15.231776237487793,1,1
Apo,2,261.2,-10.12412166595459,8.840086936950684,1,1
Apo,2,261.4,-9.730847358703613,9.11177921295166,1,1
Apo,2,261.6,-9.118170738220215,12.803940773010254,1,1
Apo,2,261.8,-10.333098411560059,11.255365371704102,1,1
Apo,2,262.0,-16.57463264465332,8.27522087097168,1,1
Apo,2,262.2,-14.673816680908203,9.762475967407227,1,1
Apo,2,262.4,-6.288555145263672,3.468503475189209,1,1
Apo,2,262.6,-16.01036262512207,5.174644947052002,1,1
Apo,2,262.8,-11.84901237487793,7.744603157043457,1,1
Apo,2,263.0,-16.316802978515625,3.5281193256378174,1,1
Apo,2,263.2,-15.336176872253418,6.759883880615234,1,1
Apo,2,263.4,-11.828882217407227,1.757893681526184,1,1
Apo,2,263.6,-11.703927040100098,-3.9018917083740234,1,1
Apo,2,263.8,-10.199074745178223,-3.2307591438293457,1,1
Apo,2,264.0,-9.048235893249512,4.756186008453369,1,1
Apo,2,264.2,-9.2526216506958,9.358309745788574,1,1
Apo,2,264.4,1.4759937524795532,14.205842018127441,1,1
Apo,2,264.6,-9.654736518859863,7.292879581451416,1,1
Apo,2,264.8,-7.376701831817627,7.718224048614502,1,1
Apo,2,265.0,-6.6624555587768555,14.291519165039062,1,1
Apo,2,265.2,-9.214808464050293,12.456624031066895,1,1
Apo,2,265.4,-8.6289701461792,16.20844841003418,1,1
Apo,2,265.6,-10.119053840637207,10.440049171447754,1,1
Apo,2,265.8,-4.498314380645752,11.615818977355957,1,1
Apo,2,266.0,-6.588276386260986,8.537174224853516,1,1
Apo,2,266.2,-13.784627914428711,15.866975784301758,1,1
Apo,2,266.4,-14.315464973449707,12.965788841247559,1,1
Apo,2,266.6,-10.458695411682129,12.31235122680664,1,1
Apo,2,266.8,-13.240872383117676,11.082090377807617,1,1
Apo,2,267.0,-9.787009239196777,9.918888092041016,1,1
Apo,2,267.2,-16.628040313720703,9.76478099822998,1,1
Apo,2,267.4,-6.684750080108643,12.761101722717285,1,1
Apo,2,267.6,-11.287801742553711,5.8578619956970215,1,1
Apo,2,267.8,-8.91880989074707,9.93147087097168,1,1
Apo,2,268.0,-8.448561668395996,15.769548416137695,1,1
Apo,2,268.2,-5.171257019042969,3.3576297760009766,1,1
Apo,2,268.4,-11.515274047851562,5.804811000823975,1,1
Apo,2,268.6,-12.76900863647461,17.01688575744629,1,1
Apo,2,268.8,-14.209151268005371,4.957650184631348,1,1
Apo,2,269.0,-11.263494491577148,6.490655422210693,1,1
Apo,2,269.2,-13.898897171020508,8.637347221374512,1,1
Apo,2,269.4,-12.410118103027344,9.518997192382812,1,1
Apo,2,269.6,-9.218311309814453,1.7819855213165283,1,1
Apo,2,269.8,-15.515088081359863,11.398181915283203,1,1
Apo,2,270.0,-10.791166305541992,9.957035064697266,1,1
Apo,2,270.2,-11.00931453704834,9.381967544555664,1,1
Apo,2,270.4,-11.845235824584961,8.163165092468262,1,1
Apo,2,270.6,-14.940805435180664,6.459605693817139,1,1
Apo,2,270.8,-16.174070358276367,11.789658546447754,1,1
Apo,2,271.0,-13.991836547851562,10.254495620727539,1,1
Apo,2,271.2,-13.084622383117676,15.661077499389648,1,1
Apo,2,271.4,-12.062853813171387,14.61807632446289,1,1
Apo,2,271.6,-10.545719146728516,15.543323516845703,1,1
Apo,2,271.8,-10.025616645812988,11.416275978088379,1,1
Apo,2,272.0,-14.002690315246582,12.932814598083496,1,1
Apo,2,272.2,-16.301618576049805,12.63194751739502,1,1
Apo,2,272.4,-19.332639694213867,9.179436683654785,1,1
Apo,2,272.6,-14.937893867492676,14.779808044433594,1,1
Apo,2,272.8,-13.358834266662598,9.373069763183594,1,1
Apo,2,273.0,-16.88968276977539,16.14469337463379,1,1
Apo,2,273.2,-18.222536087036133,13.68612003326416,1,1
Apo,2,273.4,-21.452627182006836,5.47936487197876,1,1
Apo,2,273.6,-16.419414520263672,6.035032749176025,1,1
Apo,2,273.8,-17.636850357055664,4.873473167419434,1,1
Apo,2,274.0,-15.221220970153809,10.770990371704102,1,1
Apo,2,274.2,-18.04076385498047,11.078792572021484,1,1
Apo,2,274.4,-13.986133575439453,11.035133361816406,1,1
Apo,2,274.6,-20.031143188476562,2.1611485481262207,1,1
Apo,2,274.8,-15.210590362548828,13.036036491394043,1,1
Apo,2,275.0,-10.442432403564453,11.357171058654785,1,1
Apo,2,275.2,-11.415151596069336,13.92457103729248,1,1
Apo,2,275.4,-20.600929260253906,5.24785041809082,1,1
Apo,2,275.6,-9.24668025970459,9.851107597351074,1,1
Apo,2,275.8,-10.214423179626465,7.818259239196777,1,1
Apo,2,276.0,-9.995142936706543,0.7287197709083557,1,1
Apo,2,276.2,-15.89037036895752,9.903749465942383,1,1
Apo,2,276.4,-18.018051147460938,2.335270643234253,1,1
Apo,2,276.6,-15.444418907165527,11.16355037689209,1,1
Apo,2,276.8,-9.187846183776855,9.826730728149414,1,1
Apo,2,277.0,-14.683234214782715,7.604278564453125,0,0
Apo,2,277.2,-12.3363676071167,2.9010045528411865,1,1
Apo,2,277.4,-12.73554801940918,11.610919952392578,1,1
Apo,2,277.6,-10.369053840637207,6.353405952453613,1,1
Apo,2,277.8,-15.573790550231934,13.391366958618164,1,1
Apo,2,278.0,-8.507796287536621,6.427026748657227,1,1
Apo,2,278.2,-16.474435806274414,12.634684562683105,1,1
Apo,2,278.4,-17.93568992614746,6.089327812194824,1,1
Apo,2,278.6,-15.59984302520752,10.984355926513672,1,1
Apo,2,278.8,-17.71377182006836,14.132680892944336,1,1
Apo,2,279.0,-8.889786720275879,6.882019996643066,1,1
Apo,2,279.2,-16.963808059692383,6.529119491577148,1,1
Apo,2,279.4,-15.517876625061035,6.128803253173828,1,1
Apo,2,279.6,-16.991802215576172,4.965033531188965,1,1
Apo,2,279.8,-9.87536334991455,10.029631614685059,1,1
Apo,2,280.0,-18.78742790222168,13.095702171325684,1,1
Apo,2,280.2,-17.05705451965332,7.440113067626953,1,1
Apo,2,280.4,-11.263227462768555,0.6934581995010376,1,1
Apo,2,280.6,-10.179017066955566,9.266840934753418,1,1
Apo,2,280.8,-10.995647430419922,5.878967761993408,1,1
Apo,2,281.0,-18.821630477905273,3.3082735538482666,0,0
Apo,2,281.2,-14.894109725952148,5.050060272216797,1,1
Apo,2,281.4,-13.981648445129395,1.0884294509887695,1,1
Apo,2,281.6,-8.690974235534668,2.527527093887329,1,1
Apo,2,281.8,-16.345062255859375,6.6119608879089355,1,1
Apo,2,282.0,-12.786215782165527,10.607460975646973,1,1
Apo,2,282.2,-17.365325927734375,4.551350116729736,1,1
Apo,2,282.4,-11.440147399902344,2.9611358642578125,1,1
Apo,2,282.6,-20.284770965576172,2.0397837162017822,1,1
Apo,2,282.8,-14.179204940795898,3.4838650226593018,1,1
Apo,2,283.0,-15.620131492614746,7.28373908996582,1,1
Apo,2,283.2,-14.067434310913086,2.0140299797058105,1,1
Apo,2,283.4,-13.047853469848633,4.066287994384766,1,1
Apo,2,283.6,-19.40752410888672,13.760395050048828,1,1
Apo,2,283.8,-20.12888526916504,9.865266799926758,1,1
Apo,2,284.0,-15.240385055541992,6.879391193389893,1,1
Apo,2,284.2,-16.29448890686035,1.559705376625061,1,1
Apo,2,284.4,-13.584080696105957,14.87741470336914,1,1
Apo,2,284.6,-8.960888862609863,15.158759117126465,1,1
Apo,2,284.8,-19.653589248657227,12.721389770507812,1,1
Apo,2,285.0,-17.936851501464844,5.942845344543457,1,1
Apo,2,285.2,-13.791202545166016,10.002642631530762,1,1
Apo,2,285.4,-15.730125427246094,3.566157102584839,1,1
Apo,2,285.6,-21.459110260009766,13.864466667175293,1,1
Apo,2,285.8,-18.983789443969727,9.108546257019043,1,1
Apo,2,286.0,-13.739313125610352,12.161327362060547,1,1
Apo,2,286.2,-19.28772735595703,18.10079574584961,1,1
Apo,2,286.4,-25.081403732299805,10.986468315124512,1,1
Apo,2,286.6,-13.311731338500977,5.744629859924316,1,1
Apo,2,286.8,-16.434144973754883,9.532747268676758,1,1
Apo,2,287.0,-18.897235870361328,6.72614860534668,1,1
Apo,2,287.2,-15.09692096710205,13.2579927444458,1,1
Apo,2,287.4,-16.98537826538086,19.20113754272461,0,0
Apo,2,287.6,-8.963335037231445,13.693711280822754,1,1
Apo,2,287.8,-11.957561492919922,8.724212646484375,0,0
Apo,2,288.0,-21.685710906982422,10.551453590393066,1,1
Apo,2,288.2,-15.069510459899902,3.8535518646240234,1,1
Apo,2,288.4,-17.91425895690918,11.478418350219727,1,1
Apo,2,288.6,-23.067378997802734,11.528319358825684,1,1
Apo,2,288.8,-17.870454788208008,6.585735321044922,1,1
Apo,2,289.0,-16.654081344604492,10.320322036743164,1,1
Apo,2,289.2,-12.603753089904785,6.178806781768799,1,1
Apo,2,289.4,-11.91322135925293,10.66585636138916,1,1
Apo,2,289.6,-15.175228118896484,14.481687545776367,1,1
Apo,2,289.8,-18.4685001373291,20.893117904663086,1,1
Apo,2,290.0,-11.940672874450684,6.914572715759277,1,1
Apo,2,290.2,-16.08781623840332,7.146701335906982,1,1
Apo,2,290.4,-20.009706497192383,10.53200626373291,1,1
Apo,2,290.6,-13.525580406188965,9.843955039978027,1,1
Apo,2,290.8,-16.775251388549805,11.91743278503418,1,1
Apo,2,291.0,-12.164929389953613,11.742581367492676,0,0
Apo,2,291.2,-14.457186698913574,16.546640396118164,1,1
Apo,2,291.4,-14.884191513061523,12.923529624938965,1,1
Apo,2,291.6,-12.679328918457031,22.84385871887207,0,0
Apo,2,291.8,-14.806472778320312,18.808591842651367,0,0
Apo,2,292.0,-18.517478942871094,9.374244689941406,1,1
Apo,2,292.2,-11.826276779174805,15.664154052734375,1,1
Apo,2,292.4,-14.880359649658203,18.560468673706055,1,1
Apo,2,292.6,-21.088401794433594,7.11067533493042,0,0
Apo,2,292.8,-14.429755210876465,18.53253173828125,1,1
Apo,2,293.0,-20.201208114624023,19.52255630493164,0,0
Apo,2,293.2,-13.908578872680664,7.610888957977295,1,1
Apo,2,293.4,-9.82308578491211,11.849230766296387,1,1
Apo,2,293.6,-15.47819995880127,9.293559074401855,1,1
Apo,2,293.8,-8.26753044128418,7.036792278289795,0,0
Apo,2,294.0,-15.775724411010742,15.517444610595703,0,0
Apo,2,294.2,-19.373626708984375,19.192838668823242,1,1
Apo,2,294.4,-16.42024040222168,15.409634590148926,1,1
Apo,2,294.6,-12.363912582397461,16.10527992248535,0,0
Apo,2,294.8,-14.947933197021484,10.80016040802002,1,1
Apo,2,295.0,-9.542226791381836,18.040035247802734,0,0
Apo,2,295.2,-16.506818771362305,14.953831672668457,0,0
Apo,2,295.4,-10.828943252563477,17.259675979614258,0,0
Apo,2,295.6,-14.216743469238281,13.785293579101562,0,0
Apo,2,295.8,-13.106319427490234,14.53583812713623,1,1
Apo,2,296.0,-8.578731536865234,13.161896705627441,1,1
Apo,2,296.2,-11.60688591003418,18.97869300842285,0,0
Apo,2,296.4,-12.643086433410645,17.090559005737305,1,1
Apo,2,296.6,-14.328584671020508,11.779354095458984,1,1
Apo,2,296.8,-12.358003616333008,6.738110065460205,1,1
Apo,2,297.0,-18.714767456054688,13.043024063110352,1,1
Apo,2,297.2,-14.492986679077148,22.120790481567383,0,0
Apo,2,297.4,-14.104063987731934,5.921699523925781,1,1
Apo,2,297.6,-11.750950813293457,9.944101333618164,1,1
Apo,2,297.8,-11.342591285705566,0.03651720657944679,1,1
Apo,2,298.0,-11.400002479553223,12.926553726196289,0,0
Apo,2,298.2,-16.24139976501465,13.77277660369873,0,0
Apo,2,298.4,-7.773954391479492,15.131424903869629,0,0
Apo,2,298.6,-10.769983291625977,17.436922073364258,1,1
Apo,2,298.8,-10.083061218261719,18.814697265625,0,0
Apo,2,299.0,-13.161297798156738,13.408586502075195,0,0
Apo,2,299.2,-17.306570053100586,14.510799407958984,1,1
Apo,2,299.4,-17.240922927856445,14.227584838867188,0,0
Apo,2,299.6,-12.804842948913574,15.944999694824219,0,0
Apo,2,299.8,-16.905990600585938,14.461174964904785,1,1
Apo,2,300.0,-17.62114906311035,11.510350227355957,1,1
Apo,2,300.2,-13.617051124572754,7.839059829711914,0,0
Apo,2,300.4,-7.772846698760986,10.893463134765625,0,0
Apo,2,300.6,-6.947258472442627,12.768546104431152,0,0
Apo,2,300.8,-15.785149574279785,16.573707580566406,0,0
Apo,2,301.0,-12.92075252532959,23.113061904907227,1,1
Apo,2,301.2,-8.588639259338379,12.284494400024414,1,1
Apo,2,301.4,-4.539709091186523,18.387592315673828,0,0
Apo,2,301.6,-13.355734825134277,10.723116874694824,1,1
Apo,2,301.8,-8.058034896850586,9.705843925476074,1,1
Apo,2,302.0,-13.320863723754883,14.283408164978027,1,1
Apo,2,302.2,-12.089078903198242,18.859390258789062,1,1
Apo,2,302.4,-6.304823398590088,6.959187984466553,1,1
Apo,2,302.6,-10.00306224822998,4.090530872344971,1,1
Apo,2,302.8,-6.048182487487793,12.705465316772461,1,1
Apo,2,303.0,-16.51666259765625,10.896200180053711,1,1
Apo,2,303.2,-13.118597984313965,6.649742603302002,1,1
Apo,2,303.4,-16.29033088684082,15.332693099975586,1,1
Apo,2,303.6,-17.44092559814453,8.266984939575195,1,1
Apo,2,303.8,-10.678598403930664,2.8560950756073,1,1
Apo,2,304.0,-16.001535415649414,3.7059104442596436,1,1
Apo,2,304.2,-9.989828109741211,11.280637741088867,1,1
Apo,2,304.4,-6.624692916870117,1.9143885374069214,1,1
Apo,2,304.6,-11.508113861083984,2.905033826828003,1,1
Apo,2,304.8,-7.767498970031738,15.73127269744873,1,1
Apo,2,305.0,-14.317934036254883,6.771502494812012,1,1
Apo,2,305.2,-13.655454635620117,11.224830627441406,1,1
Apo,2,305.4,-16.525644302368164,4.898869514465332,1,1
Apo,2,305.6,-18.9316463470459,5.882878303527832,1,1
Apo,2,305.8,-16.320201873779297,-1.182128667831421,1,1
Apo,2,306.0,-19.806116104125977,7.023673057556152,1,1
Apo,2,306.2,-11.782781600952148,15.198650360107422,1,1
Apo,2,306.4,-16.209199905395508,11.30866527557373,0,0
Apo,2,306.6,-8.70467758178711,16.013925552368164,0,0
Apo,2,306.8,-13.218842506408691,17.273021697998047,0,0
Apo,2,307.0,-14.845479011535645,17.9627742767334,0,0
Apo,2,307.2,-17.684738159179688,13.817970275878906,0,0
Apo,2,307.4,-14.547622680664062,12.540519714355469,0,0
Apo,2,307.6,-14.818646430969238,7.753231048583984,1,1
Apo,2,307.8,-8.64463996887207,7.2072906494140625,0,0
Apo,2,308.0,-7.1421895027160645,13.478808403015137,0,0
Apo,2,308.2,-8.439143180847168,21.19235610961914,0,0
Apo,2,308.4,-8.73244857788086,12.60861587524414,0,0
Apo,2,308.6,-4.709787368774414,18.237171173095703,0,0
Apo,2,308.8,-11.650737762451172,14.326278686523438,0,0
Apo,2,309.0,-2.5587046146392822,20.153520584106445,0,0
Apo,2,309.2,-3.2275023460388184,22.70105743408203,0,0
Apo,2,309.4,-3.8084073066711426,20.425458908081055,0,0
Apo,2,309.6,-8.604776382446289,22.468595504760742,0,0
Apo,2,309.8,-4.166257381439209,16.856508255004883,0,0
Apo,2,310.0,-12.771615028381348,21.87766456604004,0,0
Apo,2,310.2,-11.017592430114746,23.741636276245117,0,0
Apo,2,310.4,-9.284923553466797,14.7829008102417,0,0
Apo,2,310.6,-7.58471155166626,17.349313735961914,0,0
Apo,2,310.8,-14.654537200927734,19.818817138671875,0,0
Apo,2,311.0,-9.481110572814941,18.517610549926758,0,0
Apo,2,311.2,-3.9061694145202637,21.248777389526367,0,0
Apo,2,311.4,-5.778263092041016,27.734825134277344,0,0
Apo,2,311.6,-4.628779411315918,24.450054168701172,0,0
Apo,2,311.8,-5.979246616363525,20.560279846191406,0,0
Apo,2,312.0,-10.556994438171387,20.331295013427734,0,0
Apo,2,312.2,-8.650765419006348,20.359281539916992,0,0
Apo,2,312.4,-7.715545177459717,20.502288818359375,0,0
Apo,2,312.6,-10.850303649902344,19.307817459106445,0,0
Apo,2,312.8,-17.3843994140625,11.359912872314453,0,0
Apo,2,313.0,-7.778993606567383,20.562673568725586,0,0
Apo,2,313.2,-14.939813613891602,26.36647605895996,0,0
Apo,2,313.4,-8.358309745788574,22.427751541137695,0,0
Apo,2,313.6,-12.423800468444824,16.0898380279541,0,0
Apo,2,313.8,-16.3116455078125,10.406842231750488,0,0
Apo,2,314.0,-12.999223709106445,12.808916091918945,0,0
Apo,2,314.2,-17.904888153076172,15.695321083068848,0,0
Apo,2,314.4,-7.72299861907959,19.637109756469727,0,0
Apo,2,314.6,-6.1519975662231445,15.910813331604004,0,0
Apo,2,314.8,-9.339077949523926,20.061992645263672,0,0
Apo,2,315.0,-15.815957069396973,12.98112678527832,0,0
Apo,2,315.2,-16.371156692504883,4.793058395385742,1,1
Apo,2,315.4,-10.531420707702637,11.297350883483887,0,0
Apo,2,315.6,-17.240867614746094,12.81400203704834,0,0
Apo,2,315.8,-13.121062278747559,17.662614822387695,0,0
Apo,2,316.0,-13.48676586151123,10.20683765411377,0,0
Apo,2,316.2,-12.11318302154541,4.170493125915527,0,0
Apo,2,316.4,-9.536993026733398,5.630740642547607,1,1
Apo,2,316.6,-13.700312614440918,8.340216636657715,0,0
Apo,2,316.8,-12.025464057922363,17.10427474975586,0,0
Apo,2,317.0,-13.661029815673828,13.660927772521973,1,1
Apo,2,317.2,-12.161438941955566,14.07868480682373,1,1
Apo,2,317.4,-12.859399795532227,14.188718795776367,1,1
Apo,2,317.6,-16.45914077758789,13.39199447631836,1,1
Apo,2,317.8,-14.991375923156738,17.050338745117188,0,0
Apo,2,318.0,-16.794401168823242,16.231029510498047,0,0
Apo,2,318.2,-8.6126070022583,16.461997985839844,0,0
Apo,2,318.4,-5.116305351257324,16.357181549072266,0,0
Apo,2,318.6,-16.744752883911133,6.58174991607666,0,0
Apo,2,318.8,-6.050413608551025,17.52878189086914,0,0
Apo,2,319.0,-6.414109230041504,13.02006721496582,0,0
Apo,2,319.2,-2.9041099548339844,14.160475730895996,0,0
Apo,2,319.4,-4.424219608306885,13.142029762268066,0,0
Apo,2,319.6,-6.07403039932251,19.20976448059082,0,0
Apo,2,319.8,-9.771196365356445,20.316978454589844,0,0
Apo,2,320.0,-13.34844970703125,11.857983589172363,0,0
Apo,2,320.2,-8.504271507263184,15.48833179473877,0,0
Apo,2,320.4,-8.277485847473145,14.866798400878906,0,0
Apo,2,320.6,-5.471510410308838,23.29529571533203,0,0
Apo,2,320.8,-11.310199737548828,14.121450424194336,0,0
Apo,2,321.0,-6.957920074462891,18.848323822021484,0,0
Apo,2,321.2,-8.225311279296875,12.393356323242188,0,0
Apo,2,321.4,-5.7054948806762695,22.42901611328125,0,0
Apo,2,321.6,-5.5976457595825195,29.018095016479492,0,0
Apo,2,321.8,-11.402589797973633,17.105361938476562,0,0
Apo,2,322.0,-9.112239837646484,18.70839500427246,0,0
Apo,2,322.2,-8.16778564453125,17.813459396362305,0,0
Apo,2,322.4,-11.356912612915039,14.719152450561523,0,0
Apo,2,322.6,-10.835831642150879,11.68264102935791,0,0
Apo,2,322.8,-10.421541213989258,10.397743225097656,0,0
Apo,2,323.0,-12.068156242370605,11.789726257324219,0,0
Apo,2,323.2,-8.937904357910156,12.525368690490723,0,0
Apo,2,323.4,-11.24397087097168,14.303360939025879,0,0
Apo,2,323.6,-7.937495231628418,14.67486572265625,0,0
Apo,2,323.8,-8.084216117858887,22.39113426208496,0,0
Apo,2,324.0,-4.969660758972168,7.302027702331543,0,0
Apo,2,324.2,-7.846529006958008,20.161020278930664,0,0
Apo,2,324.4,-8.34492015838623,21.066679000854492,0,0
Apo,2,324.6,-8.07927417755127,17.33854866027832,0,0
Apo,2,324.8,-2.7921903133392334,19.349172592163086,0,0
Apo,2,325.0,-9.19643783569336,18.8608341217041,0,0
Apo,2,325.2,-4.045825481414795,19.379940032958984,0,0
Apo,2,325.4,-8.536166191101074,19.27381706237793,0,0
Apo,2,325.6,-9.10213851928711,12.340665817260742,0,0
Apo,2,325.8,-8.896830558776855,14.893381118774414,0,0
Apo,2,326.0,-2.126323699951172,13.896632194519043,0,0
Apo,2,326.2,-7.913077354431152,16.793785095214844,0,0
Apo,2,326.4,-18.316650390625,7.889957904815674,0,0
Apo,2,326.6,-2.8184220790863037,16.748746871948242,0,0
Apo,2,326.8,-7.16227912902832,18.390092849731445,0,0
Apo,2,327.0,-11.688756942749023,24.180522918701172,0,0
Apo,2,327.2,-5.066993236541748,16.010765075683594,0,0
Apo,2,327.4,-13.186075210571289,18.649036407470703,0,0
Apo,2,327.6,-7.561014175415039,26.359792709350586,0,0
Apo,2,327.8,-11.196013450622559,16.14433479309082,0,0
Apo,2,328.0,-12.692031860351562,21.80072021484375,0,0
Apo,2,328.2,-15.443096160888672,26.44940948486328,0,0
Apo,2,328.4,-14.317590713500977,24.31760597229004,0,0
Apo,2,328.6,-11.974679946899414,35.391395568847656,0,0
Apo,2,328.8,-15.403100967407227,17.89864730834961,0,0
Apo,2,329.0,-9.606283187866211,23.83034896850586,0,0
Apo,2,329.2,-11.35403823852539,21.32828712463379,0,0
Apo,2,329.4,-11.92147445678711,22.501237869262695,0,0
Apo,2,329.6,-10.715987205505371,22.088293075561523,0,0
Apo,2,329.8,-5.689690589904785,20.940683364868164,0,0
Apo,2,330.0,-11.164386749267578,32.405521392822266,0,0
Apo,2,330.2,-13.653067588806152,14.829340934753418,0,0
Apo,2,330.4,-13.317646026611328,15.521981239318848,0,0
Apo,2,330.6,-9.239532470703125,23.885046005249023,0,0
Apo,2,330.8,-5.8439412117004395,30.230146408081055,0,0
Apo,2,331.0,-14.310194969177246,17.181726455688477,0,0
Apo,2,331.2,-4.945565700531006,28.377872467041016,0,0
Apo,2,331.4,-14.2107515335083,21.264747619628906,0,0
Apo,2,331.6,-17.488845825195312,20.772836685180664,0,0
Apo,2,331.8,-16.212350845336914,25.791791915893555,0,0
Apo,2,332.0,-12.761582374572754,25.605791091918945,0,0
Apo,2,332.2,-14.537374496459961,21.759281158447266,0,0
Apo,2,332.4,-9.459643363952637,32.53946304321289,0,0
Apo,2,332.6,-12.874176979064941,28.58707618713379,0,0
Apo,2,332.8,-8.440325736999512,34.819007873535156,0,0
Apo,2,333.0,-13.238774299621582,33.3487434387207,0,0
Apo,2,333.2,-11.158059120178223,25.820215225219727,0,0
Apo,2,333.4,-18.498079299926758,43.554744720458984,0,0
Apo,2,333.6,-10.17340087890625,32.8411865234375,0,0
Apo,2,333.8,-7.727717876434326,43.86243438720703,0,0
Apo,2,334.0,-12.993033409118652,29.637657165527344,0,0
Apo,2,334.2,-9.406281471252441,33.024635314941406,0,0
Apo,2,334.4,-12.42945384979248,27.242223739624023,0,0
Apo,2,334.6,-12.904013633728027,25.83744239807129,0,0
Apo,2,334.8,-9.582905769348145,25.140262603759766,0,0
Apo,2,335.0,-9.623087882995605,23.502458572387695,0,0
Apo,2,335.2,-7.878436088562012,33.996185302734375,0,0
Apo,2,335.4,-9.746549606323242,32.48027801513672,0,0
Apo,2,335.6,-8.637728691101074,47.58499526977539,0,0
Apo,2,335.8,-12.481010437011719,38.698020935058594,0,0
Apo,2,336.0,-12.06721305847168,32.695213317871094,0,0
Apo,2,336.2,-11.227977752685547,33.110252380371094,0,0
Apo,2,336.4,-2.2844321727752686,34.504554748535156,0,0
Apo,2,336.6,-13.798279762268066,25.29840850830078,0,0
Apo,2,336.8,-6.5332512855529785,34.036251068115234,0,0
Apo,2,337.0,-10.21072769165039,29.453447341918945,0,0
Apo,2,337.2,-9.706792831420898,36.70802307128906,0,0
Apo,2,337.4,-10.539838790893555,28.48543930053711,0,0
Apo,2,337.6,-12.98221206665039,30.135820388793945,0,0
Apo,2,337.8,-6.693070888519287,24.063222885131836,0,0
Apo,2,338.0,-10.26236629486084,18.134323120117188,0,0
Apo,2,338.2,-6.031557083129883,18.07828140258789,0,0
Apo,2,338.4,-9.494070053100586,15.887069702148438,0,0
Apo,2,338.6,-11.240346908569336,18.03213882446289,0,0
Apo,2,338.8,-6.679961681365967,16.473527908325195,0,0
Apo,2,339.0,-12.905351638793945,34.8626708984375,0,0
Apo,2,339.2,-7.132925987243652,27.271373748779297,0,0
Apo,2,339.4,-8.607534408569336,28.026927947998047,0,0
Apo,2,339.6,-12.94205093383789,22.05953598022461,1,1
Apo,2,339.8,-13.696173667907715,19.207263946533203,0,0
Apo,2,340.0,-21.90355110168457,24.83314323425293,0,0
Apo,2,340.2,-15.14746379852295,21.29100799560547,0,0
Apo,2,340.4,-7.410672187805176,17.360027313232422,1,1
Apo,2,340.6,-7.934295654296875,20.247880935668945,0,0
Apo,2,340.8,-6.079823970794678,18.306808471679688,0,0
Apo,2,341.0,-6.441229820251465,15.23997688293457,0,0
Apo,2,341.2,-10.410469055175781,17.932518005371094,0,0
Apo,2,341.4,-9.05832576751709,27.207311630249023,0,0
Apo,2,341.6,-9.12024211883545,21.808090209960938,0,0
Apo,2,341.8,-9.597774505615234,20.485248565673828,0,0
Apo,2,342.0,-13.982826232910156,24.99075698852539,0,0
Apo,2,342.2,-9.945707321166992,28.80507469177246,1,1
Apo,2,342.4,-8.364143371582031,26.617570877075195,0,0
Apo,2,342.6,-8.3264799118042,20.084821701049805,0,0
Apo,2,342.8,-11.077381134033203,24.673500061035156,0,0
Apo,2,343.0,-10.59422492980957,28.072919845581055,0,0
Apo,2,343.2,-9.181900024414062,24.123838424682617,0,0
Apo,2,343.4,-13.30616283416748,21.542451858520508,1,1
Apo,2,343.6,-15.216538429260254,19.576107025146484,0,0
Apo,2,343.8,-8.535319328308105,23.309524536132812,0,0
Apo,2,344.0,-13.211965560913086,14.69288158416748,1,1
Apo,2,344.2,-12.06916332244873,19.360708236694336,0,0
Apo,2,344.4,-16.785051345825195,12.437220573425293,1,1
Apo,2,344.6,-14.569169044494629,21.779417037963867,0,0
Apo,2,344.8,-6.39845085144043,18.762168884277344,0,0
Apo,2,345.0,-13.565808296203613,23.11821746826172,1,1
Apo,2,345.2,-14.71205997467041,21.153079986572266,1,1
Apo,2,345.4,-11.373621940612793,18.773923873901367,0,0
Apo,2,345.6,-14.473422050476074,20.097429275512695,0,0
Apo,2,345.8,-14.217714309692383,21.991649627685547,0,0
Apo,2,346.0,-6.848928451538086,26.16497802734375,0,0
Apo,2,346.2,-14.632095336914062,23.208608627319336,0,0
Apo,2,346.4,-8.262027740478516,22.69818115234375,1,1
Apo,2,346.6,-9.212892532348633,25.332651138305664,1,1
Apo,2,346.8,-12.690329551696777,21.109596252441406,0,0
Apo,2,347.0,-15.011109352111816,21.395971298217773,1,1
Apo,2,347.2,-18.439462661743164,17.5489444732666,1,1
Apo,2,347.4,-10.3560152053833,27.11622428894043,0,0
Apo,2,347.6,-6.09694766998291,23.97201919555664,0,0
Apo,2,347.8,-8.249059677124023,28.453832626342773,0,0
Apo,2,348.0,-10.888291358947754,27.058929443359375,0,0
Apo,2,348.2,-8.297447204589844,25.134780883789062,0,0
Apo,2,348.4,-13.73002815246582,15.160767555236816,1,1
Apo,2,348.6,-12.48324966430664,18.971900939941406,0,0
Apo,2,348.8,-13.183581352233887,19.358306884765625,1,1
Apo,2,349.0,-15.435281753540039,18.32264518737793,1,1
Apo,2,349.2,-10.835734367370605,17.518701553344727,1,1
Apo,2,349.4,-13.9475736618042,18.20840835571289,1,1
Apo,2,349.6,-8.772055625915527,25.016889572143555,0,0
Apo,2,349.8,-12.252837181091309,21.2177734375,0,0
Apo,2,350.0,-10.512624740600586,15.9952392578125,1,1
Apo,2,350.2,-6.908655166625977,18.39928436279297,1,1
Apo,2,350.4,-13.540876388549805,17.03220558166504,1,1
Apo,2,350.6,-8.764122009277344,23.744091033935547,0,0
Apo,2,350.8,-18.300251007080078,22.265748977661133,1,1
Apo,2,351.0,-14.939993858337402,22.594955444335938,0,0
Apo,2,351.2,-15.516350746154785,9.405830383300781,1,1
Apo,2,351.4,-15.810800552368164,19.94151496887207,1,1
Apo,2,351.6,-8.201642036437988,21.975112915039062,1,1
Apo,2,351.8,-10.1434326171875,15.621047019958496,1,1
Apo,2,352.0,-11.405850410461426,10.42328929901123,1,1
Apo,2,352.2,-12.509891510009766,14.171490669250488,1,1
Apo,2,352.4,-15.648112297058105,11.81344985961914,1,1
Apo,2,352.6,-17.545000076293945,9.82346248626709,1,1
Apo,2,352.8,-18.34529685974121,19.877094268798828,0,0
Apo,2,353.0,-17.157367706298828,23.01264190673828,1,1
Apo,2,353.2,-12.350092887878418,25.893407821655273,1,1
Apo,2,353.4,-15.29159164428711,17.65898895263672,1,1
Apo,2,353.6,-10.262277603149414,17.510019302368164,0,0
Apo,2,353.8,-12.280029296875,15.314306259155273,1,1
Apo,2,354.0,-15.145148277282715,23.393022537231445,0,0
Apo,2,354.2,-9.319433212280273,24.270875930786133,0,0
Apo,2,354.4,-11.691803932189941,6.789086818695068,1,1
Apo,2,354.6,-17.02600860595703,17.482189178466797,1,1
Apo,2,354.8,-11.332609176635742,22.074222564697266,0,0
Apo,2,355.0,-9.80495834350586,19.503198623657227,0,0
Apo,2,355.2,-6.542094707489014,16.099807739257812,0,0
Apo,2,355.4,-12.196700096130371,23.190032958984375,0,0
Apo,2,355.6,-16.403249740600586,17.73924446105957,0,0
Apo,2,355.8,-14.49181079864502,14.278853416442871,1,1
Apo,2,356.0,-13.251907348632812,11.812398910522461,1,1
Apo,2,356.2,-21.108766555786133,11.186857223510742,1,1
Apo,2,356.4,-17.54152488708496,18.655771255493164,1,1
Apo,2,356.6,-12.787393569946289,16.99103355407715,1,1
Apo,2,356.8,-14.346309661865234,18.67742919921875,1,1
Apo,2,357.0,-13.933562278747559,15.92895793914795,0,0
Apo,2,357.2,-14.57413387298584,19.063255310058594,1,1
Apo,2,357.4,-14.711649894714355,23.83872413635254,0,0
Apo,2,357.6,-11.120989799499512,24.19471549987793,1,1
Apo,2,357.8,-16.02229881286621,22.27577018737793,0,0
Apo,2,358.0,-11.516227722167969,7.938117504119873,1,1
Apo,2,358.2,-12.929829597473145,26.226055145263672,0,0
Apo,2,358.4,-18.465045928955078,17.705476760864258,1,1
Apo,2,358.6,-15.872570037841797,22.73089027404785,1,1
Apo,2,358.8,-13.496315002441406,20.754518508911133,0,0
Apo,2,359.0,-8.497932434082031,26.61151885986328,0,0
Apo,2,359.2,-15.459604263305664,19.05173683166504,1,1
Apo,2,359.4,-11.426133155822754,21.293638229370117,1,1
Apo,2,359.6,-9.107369422912598,24.076017379760742,0,0
Apo,2,359.8,-14.102402687072754,14.831061363220215,0,0
Apo,2,360.0,-12.17326831817627,20.31757926940918,0,0
Apo,2,360.2,-15.457852363586426,25.68792724609375,0,0
Apo,2,360.4,-12.86178970336914,16.23697853088379,1,1
Apo,2,360.6,-12.97579288482666,13.63132381439209,0,0
Apo,2,360.8,-13.605239868164062,21.514047622680664,0,0
Apo,2,361.0,-14.581596374511719,17.07872772216797,1,1
Apo,2,361.2,-13.211791038513184,19.116432189941406,1,1
Apo,2,361.4,-15.682345390319824,18.077272415161133,0,0
Apo,2,361.6,-12.828540802001953,19.60894012451172,1,1
Apo,2,361.8,-8.780816078186035,24.39232063293457,1,1
Apo,2,362.0,-15.28488540649414,15.291337966918945,0,0
Apo,2,362.2,-15.166081428527832,16.421466827392578,0,0
Apo,2,362.4,-9.01546573638916,20.32532501220703,0,0
Apo,2,362.6,-9.378927230834961,22.906126022338867,0,0
Apo,2,362.8,-14.543197631835938,22.46686363220215,0,0
Apo,2,363.0,-19.138694763183594,16.9050235748291,0,0
Apo,2,363.2,-4.146947383880615,23.68250846862793,0,0
Apo,2,363.4,-11.315590858459473,19.009172439575195,1,1
Apo,2,363.6,-12.205487251281738,15.679494857788086,0,0
Apo,2,363.8,-8.93103313446045,21.325439453125,0,0
Apo,2,364.0,-11.7362699508667,27.838626861572266,0,0
Apo,2,364.2,-13.602180480957031,11.773486137390137,1,1
Apo,2,364.4,-9.516990661621094,13.96692180633545,0,0
Apo,2,364.6,-10.447193145751953,17.89676856994629,1,1
Apo,2,364.8,-8.629834175109863,12.626221656799316,1,1
Apo,2,365.0,-12.117136001586914,18.557388305664062,1,1
Apo,2,365.2,-6.203939914703369,14.707429885864258,0,0
Apo,2,365.4,-14.056777000427246,13.525071144104004,1,1
Apo,2,365.6,-8.159019470214844,21.460485458374023,1,1
Apo,2,365.8,-16.216833114624023,16.3908634185791,0,0
Apo,2,366.0,-13.771485328674316,18.26506805419922,1,1
Apo,2,366.2,-12.869430541992188,12.88061237335205,1,1
Apo,2,366.4,-10.744006156921387,18.691757202148438,0,0
Apo,2,366.6,-18.478546142578125,14.836526870727539,1,1
Apo,2,366.8,-14.095004081726074,12.468141555786133,1,1
Apo,2,367.0,-12.099784851074219,15.476883888244629,1,1
Apo,2,367.2,-11.365665435791016,14.441940307617188,0,0
Apo,2,367.4,-12.928844451904297,21.173479080200195,0,0
Apo,2,367.6,-13.69179630279541,25.352684020996094,0,0
Apo,2,367.8,-9.41578197479248,18.83738136291504,0,0
Apo,2,368.0,-11.86260986328125,28.573362350463867,0,0
Apo,2,368.2,-14.518670082092285,16.717784881591797,0,0
Apo,2,368.4,-11.066162109375,21.15845489501953,0,0
Apo,2,368.6,-13.386148452758789,14.847076416015625,0,0
Apo,2,368.8,-12.41612434387207,29.957963943481445,0,0
Apo,2,369.0,-6.604022979736328,18.130273818969727,0,0
Apo,2,369.2,-13.358146667480469,20.7893009185791,0,0
Apo,2,369.4,-7.11354923248291,26.765552520751953,0,0
Apo,2,369.6,-10.87087631225586,11.090030670166016,1,1
Apo,2,369.8,-10.822571754455566,10.850944519042969,1,1
Apo,2,370.0,-4.219600200653076,24.59473419189453,0,0
Apo,2,370.2,2.3510146141052246,10.833099365234375,0,0
Apo,2,370.4,-7.093173980712891,18.860132217407227,0,0
Apo,2,370.6,-6.224930286407471,17.515785217285156,1,1
Apo,2,370.8,-7.743849754333496,20.069692611694336,0,0
Apo,2,371.0,-12.946920394897461,21.375093460083008,1,1
Apo,2,371.2,-10.372220993041992,16.245012283325195,1,1
Apo,2,371.4,-10.648679733276367,21.36150550842285,1,1
Apo,2,371.6,-14.027740478515625,22.50595474243164,1,1
Apo,2,371.8,-8.49126148223877,17.88669776916504,0,0
Apo,2,372.0,-10.08620834350586,26.30210304260254,1,1
Apo,2,372.2,-9.05048656463623,20.822975158691406,0,0
Apo,2,372.4,-9.846570014953613,18.69499397277832,0,0
Apo,2,372.6,-7.479218482971191,10.118182182312012,1,1
Apo,2,372.8,-10.819463729858398,18.37162971496582,1,1
Apo,2,373.0,-11.275568962097168,13.764657974243164,1,1
Apo,2,373.2,-12.6006441116333,24.05327606201172,0,0
Apo,2,373.4,-11.03278923034668,30.154407501220703,0,0
Apo,2,373.6,-10.140055656433105,20.94061279296875,0,0
Apo,2,373.8,-12.129305839538574,16.960960388183594,1,1
Apo,2,374.0,-7.512129783630371,23.666561126708984,0,0
Apo,2,374.2,-8.279497146606445,29.477760314941406,1,1
Apo,2,374.4,-4.982729434967041,28.672325134277344,1,1
Apo,2,374.6,-9.346190452575684,25.927440643310547,0,0
Apo,2,374.8,-16.230510711669922,13.147738456726074,1,1
Apo,2,375.0,-8.616999626159668,8.435677528381348,1,1
Apo,2,375.2,-9.972900390625,21.56326675415039,1,1
Apo,2,375.4,-8.950034141540527,15.196463584899902,1,1
Apo,2,375.6,-12.223661422729492,15.956450462341309,1,1
Apo,2,375.8,-6.306917667388916,14.922598838806152,1,1
Apo,2,376.0,-10.294544219970703,19.53804588317871,1,1
Apo,2,376.2,-5.329800605773926,19.4055233001709,1,1
Apo,2,376.4,-13.515144348144531,7.9061689376831055,1,1
Apo,2,376.6,-6.238461017608643,15.89942455291748,1,1
Apo,2,376.8,-13.50009536743164,13.64493179321289,1,1
Apo,2,377.0,-3.6771867275238037,23.042505264282227,1,1
Apo,2,377.2,0.08002086728811264,22.13833236694336,1,1
Apo,2,377.4,-6.589934349060059,16.426925659179688,1,1
Apo,2,377.6,-8.226284980773926,16.313751220703125,1,1
Apo,2,377.8,-4.613957405090332,17.465579986572266,1,1
Apo,2,378.0,0.2836816608905792,13.091937065124512,1,1
Apo,2,378.2,-3.673978328704834,14.04576587677002,1,1
Apo,2,378.4,-0.3274105489253998,22.465229034423828,1,1
Apo,2,378.6,-5.940606594085693,21.290273666381836,1,1
Apo,2,378.8,-5.841498374938965,10.611783981323242,1,1
Apo,2,379.0,-7.18581485748291,12.455859184265137,1,1
Apo,2,379.2,-6.486669063568115,16.967815399169922,1,1
Apo,2,379.4,-6.906314373016357,14.495552062988281,1,1
Apo,2,379.6,-10.64555549621582,14.287148475646973,1,1
Apo,2,379.8,-6.341956615447998,10.640024185180664,1,1
Apo,2,380.0,-1.871303915977478,7.9692182540893555,1,1
Apo,2,380.2,-16.561342239379883,14.983073234558105,1,1
Apo,2,380.4,-9.041196823120117,12.773143768310547,1,1
Apo,2,380.6,-14.197890281677246,11.220141410827637,1,1
Apo,2,380.8,-9.074809074401855,5.617778301239014,1,1
Apo,2,381.0,-5.168581485748291,12.10041332244873,1,1
Apo,2,381.2,-13.068693161010742,12.058121681213379,1,1
Apo,2,381.4,-16.33269500732422,8.701762199401855,1,1
Apo,2,381.6,-8.907415390014648,6.495617866516113,1,1
Apo,2,381.8,-7.477023601531982,16.44046401977539,1,1
Apo,2,382.0,-11.721003532409668,18.32870864868164,1,1
Apo,2,382.2,-7.8108720779418945,16.878110885620117,1,1
Apo,2,382.4,-11.452058792114258,10.794363975524902,1,1
Apo,2,382.6,-9.178654670715332,13.906973838806152,1,1
Apo,2,382.8,-3.877171516418457,16.34404754638672,1,1
Apo,2,383.0,-11.317610740661621,14.792044639587402,1,1
Apo,2,383.2,-13.141304016113281,1.8167850971221924,1,1
Apo,2,383.4,-5.480052471160889,12.934069633483887,1,1
Apo,2,383.6,-3.891000986099243,14.59177017211914,1,1
Apo,2,383.8,-4.636218070983887,15.898031234741211,1,1
Apo,2,384.0,-4.601932048797607,6.453481674194336,1,1
Apo,2,384.2,-4.953230381011963,15.389187812805176,1,1
Apo,2,384.4,-9.43591594696045,15.964709281921387,1,1
Apo,2,384.6,-4.448318958282471,17.959205627441406,1,1
Apo,2,384.8,-8.6055326461792,11.553271293640137,1,1
Apo,2,385.0,-10.360311508178711,14.179221153259277,1,1
Apo,2,385.2,-10.669898986816406,23.18113136291504,1,1
Apo,2,385.4,-12.309856414794922,20.63871192932129,1,1
Apo,2,385.6,-11.782722473144531,8.208662986755371,1,1
Apo,2,385.8,-10.67905044555664,7.289449691772461,1,1
Apo,2,386.0,-12.837946891784668,12.347073554992676,1,1
Apo,2,386.2,-9.986519813537598,10.909089088439941,1,1
Apo,2,386.4,-11.431832313537598,11.857439994812012,1,1
Apo,2,386.6,-13.507678985595703,8.726330757141113,1,1
Apo,2,386.8,-7.710403919219971,15.765917778015137,1,1
Apo,2,387.0,-14.462325096130371,4.749874114990234,1,1
Apo,2,387.2,-9.501073837280273,14.361024856567383,1,1
Apo,2,387.4,-13.827680587768555,10.304927825927734,1,1
Apo,2,387.6,-4.445722579956055,10.676012992858887,1,1
Apo,2,387.8,-10.866450309753418,16.13430404663086,1,1
Apo,2,388.0,-6.852479457855225,18.685863494873047,1,1
Apo,2,388.2,-12.986185073852539,6.875673294067383,1,1
Apo,2,388.4,-11.019927978515625,11.010327339172363,1,1
Apo,2,388.6,-10.359227180480957,13.97496509552002,1,1
Apo,2,388.8,-12.926900863647461,14.678604125976562,1,1
Apo,2,389.0,-9.654494285583496,2.8846073150634766,1,1
Apo,2,389.2,-13.209778785705566,12.165070533752441,1,1
Apo,2,389.4,-11.579269409179688,10.198308944702148,1,1
Apo,2,389.6,-12.79990005493164,1.1950874328613281,1,1
Apo,2,389.8,-16.795438766479492,18.449853897094727,1,1
Apo,2,390.0,-12.678574562072754,16.193063735961914,1,1
Apo,2,390.2,-15.029820442199707,5.568765163421631,1,1
Apo,2,390.4,-12.348092079162598,16.757043838500977,1,1
Apo,2,390.6,-4.715624809265137,13.733841896057129,1,1
Apo,2,390.8,-8.748496055603027,14.421721458435059,0,0
Apo,2,391.0,-3.97060227394104,19.937414169311523,1,1
Apo,2,391.2,-8.546327590942383,19.902389526367188,1,1
Apo,2,391.4,-3.521418809890747,23.998016357421875,0,0
Apo,2,391.6,-14.045568466186523,20.676733016967773,0,0
Apo,2,391.8,-10.915746688842773,20.257219314575195,0,0
Apo,2,392.0,-12.692439079284668,12.782690048217773,0,0
Apo,2,392.2,-10.160222053527832,21.104265213012695,0,0
Apo,2,392.4,-15.400497436523438,19.337541580200195,0,0
Apo,2,392.6,-17.639034271240234,17.302873611450195,0,0
Apo,2,392.8,-15.343879699707031,23.957515716552734,0,0
Apo,2,393.0,-3.791476011276245,19.46219825744629,0,0
Apo,2,393.2,-8.771238327026367,18.746789932250977,0,0
Apo,2,393.4,-6.90855598449707,19.813364028930664,0,0
Apo,2,393.6,-6.620151996612549,17.99856948852539,0,0
Apo,2,393.8,-15.288270950317383,13.458072662353516,0,0
Apo,2,394.0,-18.63014030456543,14.742852210998535,0,0
Apo,2,394.2,-10.745908737182617,21.50584602355957,0,0
Apo,2,394.4,-12.647253036499023,10.565299987792969,0,0
Apo,2,394.6,-9.220893859863281,23.223438262939453,0,0
Apo,2,394.8,-5.823561191558838,25.14272117614746,0,0
Apo,2,395.0,-11.679819107055664,21.84636688232422,0,0
Apo,2,395.2,-14.204992294311523,22.46077537536621,0,0
Apo,2,395.4,-17.30772590637207,17.47836685180664,0,0
Apo,2,395.6,-15.437027931213379,17.010265350341797,0,0
Apo,2,395.8,-14.93771743774414,19.806615829467773,0,0
Apo,2,396.0,-18.561885833740234,16.64433479309082,0,0
Apo,2,396.2,-19.025562286376953,25.145517349243164,0,0
Apo,2,396.4,-16.89066505432129,23.98987579345703,0,0
Apo,2,396.6,-12.445699691772461,13.576834678649902,0,0
Apo,2,396.8,-11.90224838256836,7.439657688140869,0,0
Apo,2,397.0,-14.461760520935059,19.140302658081055,0,0
Apo,2,397.2,-13.13817024230957,25.99308967590332,0,0
Apo,2,397.4,-16.85599136352539,14.845331192016602,0,0
Apo,2,397.6,-10.164908409118652,18.545381546020508,0,0
Apo,2,397.8,-12.438553810119629,21.800539016723633,0,0
Apo,2,398.0,-13.303587913513184,35.27811813354492,0,0
Apo,2,398.2,-21.907657623291016,13.780999183654785,0,0
Apo,2,398.4,-11.490986824035645,27.361082077026367,0,0
Apo,2,398.6,-19.37866973876953,14.6165189743042,0,0
Apo,2,398.8,-14.343754768371582,15.848073959350586,0,0
Apo,2,399.0,-15.446593284606934,24.112119674682617,0,0
Apo,2,399.2,-15.10130786895752,14.988717079162598,0,0
Apo,2,399.4,-19.958568572998047,20.352754592895508,0,0
Apo,2,399.6,-17.394733428955078,15.082437515258789,0,0
Apo,2,399.8,-23.650938034057617,24.29644203186035,0,0
Apo,2,400.0,-19.3919677734375,13.237845420837402,0,0
Apo,2,400.2,-21.342363357543945,20.882375717163086,0,0
Apo,2,400.4,-10.13646411895752,24.367185592651367,0,0
Apo,2,400.6,-15.716645240783691,27.564266204833984,0,0
Apo,2,400.8,-9.20142936706543,10.070425987243652,0,0
Apo,2,401.0,-17.896129608154297,17.503814697265625,0,0
Apo,2,401.2,-16.361936569213867,22.467988967895508,0,0
Apo,2,401.4,-12.397871971130371,20.650102615356445,0,0
Apo,2,401.6,-12.874122619628906,13.211383819580078,0,0
Apo,2,401.8,-8.4093017578125,23.156015396118164,0,0
Apo,2,402.0,-12.164813995361328,18.225927352905273,0,0
Apo,2,402.2,-14.094341278076172,22.027931213378906,0,0
Apo,2,402.4,-14.708308219909668,22.375205993652344,0,0
Apo,2,402.6,-10.909788131713867,15.841720581054688,1,1
Apo,2,402.8,-15.547199249267578,12.315996170043945,0,0
Apo,2,403.0,-7.55040979385376,18.97735023498535,0,0
Apo,2,403.2,-5.1502299308776855,25.379074096679688,0,0
Apo,2,403.4,-10.620003700256348,21.1787052154541,0,0
Apo,2,403.6,-9.60115909576416,19.89432716369629,0,0
Apo,2,403.8,-5.966917037963867,23.30240249633789,0,0
Apo,2,404.0,-6.078956604003906,29.429765701293945,0,0
Apo,2,404.2,-10.508411407470703,31.032154083251953,0,0
Apo,2,404.4,-9.047432899475098,30.05606460571289,0,0
Apo,2,404.6,-13.284073829650879,15.907756805419922,0,0
Apo,2,404.8,-6.434601783752441,17.164623260498047,0,0
Apo,2,405.0,-8.371702194213867,30.934799194335938,0,0
Apo,2,405.2,-4.033560752868652,27.39964485168457,0,0
Apo,2,405.4,0.246336430311203,26.50696563720703,0,0
Apo,2,405.6,-14.389009475708008,34.189483642578125,0,0
Apo,2,405.8,-12.171809196472168,29.705053329467773,0,0
Apo,2,406.0,-9.97675895690918,23.66999626159668,0,0
Apo,2,406.2,-6.384819030761719,29.45704460144043,0,0
Apo,2,406.4,-7.364916801452637,29.912277221679688,0,0
Apo,2,406.6,-2.742523431777954,25.083438873291016,0,0
Apo,2,406.8,-10.149334907531738,24.647693634033203,0,0
Apo,2,407.0,-9.287327766418457,30.43928337097168,0,0
Apo,2,407.2,-0.906736433506012,31.73326873779297,0,0
Apo,2,407.4,-6.457108974456787,27.10355567932129,0,0
Apo,2,407.6,-7.246794700622559,18.083749771118164,0,0
Apo,2,407.8,-6.901548385620117,29.47941017150879,0,0
Apo,2,408.0,-9.001242637634277,28.663463592529297,0,0
Apo,2,408.2,-11.423450469970703,20.422531127929688,0,0
Apo,2,408.4,-7.782431602478027,24.477693557739258,0,0
Apo,2,408.6,-12.896366119384766,23.74222183227539,0,0
Apo,2,408.8,-10.662093162536621,20.05820655822754,0,0
Apo,2,409.0,-15.151934623718262,20.606990814208984,0,0
Apo,2,409.2,-9.777493476867676,19.091543197631836,0,0
Apo,2,409.4,-9.381935119628906,23.499298095703125,0,0
Apo,2,409.6,-8.829191207885742,24.799579620361328,0,0
Apo,2,409.8,-9.700300216674805,19.82758331298828,0,0
Apo,2,410.0,-15.458003997802734,22.986209869384766,0,0
Apo,2,410.2,-14.124709129333496,27.702693939208984,0,0
Apo,2,410.4,-9.677489280700684,20.927478790283203,0,0
Apo,2,410.6,-4.660833835601807,17.98185920715332,0,0
Apo,2,410.8,-12.36067008972168,22.072534561157227,0,0
Apo,2,411.0,-13.395998001098633,9.802265167236328,0,0
Apo,2,411.2,-7.0632452964782715,19.079837799072266,0,0
Apo,2,411.4,-16.262170791625977,18.757240295410156,0,0
Apo,2,411.6,-12.6907377243042,21.648263931274414,0,0
Apo,2,411.8,-6.961870193481445,19.93659782409668,0,0
Apo,2,412.0,-13.618223190307617,21.893142700195312,0,0
Apo,2,412.2,-7.7238993644714355,19.978450775146484,0,0
Apo,2,412.4,-6.704704761505127,21.521474838256836,0,0
Apo,2,412.6,-7.100025177001953,29.39068603515625,0,0
Apo,2,412.8,-4.118165016174316,27.421335220336914,0,0
Apo,2,413.0,-13.499855041503906,22.059255599975586,0,0
Apo,2,413.2,-15.49459171295166,28.38408851623535,0,0
Apo,2,413.4,-15.183937072753906,24.950597763061523,0,0
Apo,2,413.6,-9.769314765930176,17.768112182617188,0,0
Apo,2,413.8,-8.033419609069824,21.693056106567383,0,0
Apo,2,414.0,-10.310282707214355,27.50278091430664,0,0
Apo,2,414.2,-11.930977821350098,29.783174514770508,0,0
Apo,2,414.4,-8.649409294128418,23.15774154663086,0,0
Apo,2,414.6,-8.151130676269531,29.384769439697266,0,0
Apo,2,414.8,-10.729108810424805,29.519887924194336,0,0
Apo,2,415.0,-8.386695861816406,30.32491111755371,0,0
Apo,2,415.2,-9.282072067260742,22.218505859375,0,0
Apo,2,415.4,-7.349670886993408,26.227109909057617,0,0
Apo,2,415.6,-13.2186918258667,31.41055679321289,0,0
Apo,2,415.8,-12.178620338439941,22.54761505126953,0,0
Apo,2,416.0,-9.305830955505371,30.332361221313477,0,0
Apo,2,416.2,-8.525581359863281,26.06365966796875,0,0
Apo,2,416.4,-8.944869041442871,24.624645233154297,0,0
Apo,2,416.6,-9.567620277404785,22.0880126953125,0,0
Apo,2,416.8,-8.964208602905273,21.718093872070312,0,0
Apo,2,417.0,-13.535699844360352,26.603675842285156,0,0
Apo,2,417.2,-16.872331619262695,24.244792938232422,0,0
Apo,2,417.4,-17.054868698120117,22.17482566833496,0,0
Apo,2,417.6,-12.670433044433594,23.065814971923828,0,0
Apo,2,417.8,-15.266886711120605,27.04011344909668,0,0
Apo,2,418.0,-10.6918306350708,18.75992202758789,0,0
Apo,2,418.2,-16.106252670288086,21.680078506469727,0,0
Apo,2,418.4,-12.693305969238281,21.740564346313477,0,0
Apo,2,418.6,-9.722326278686523,20.75789451599121,0,0
Apo,2,418.8,-12.818817138671875,18.946840286254883,0,0
Apo,2,419.0,-12.702303886413574,20.448347091674805,0,0
Apo,2,419.2,-7.866509437561035,18.03908920288086,1,1
Apo,2,419.4,-15.643010139465332,24.20418357849121,0,0
Apo,2,419.6,-14.36917495727539,24.21102523803711,0,0
Apo,2,419.8,-8.871865272521973,29.462629318237305,0,0
Apo,2,420.0,-6.434933185577393,24.27007293701172,0,0
Apo,2,420.2,-7.661865234375,17.51352882385254,0,0
Apo,2,420.4,-12.342227935791016,21.7921085357666,0,0
Apo,2,420.6,-15.403072357177734,25.24423599243164,0,0
Apo,2,420.8,-8.270827293395996,21.296802520751953,0,0
Apo,2,421.0,-8.807567596435547,25.124752044677734,0,0
Apo,2,421.2,-12.009207725524902,27.189701080322266,0,0
Apo,2,421.4,-7.2719645500183105,21.675798416137695,0,0
Apo,2,421.6,-10.005941390991211,23.61040496826172,0,0
Apo,2,421.8,-5.929111480712891,26.992189407348633,0,0
Apo,2,422.0,-10.696685791015625,21.2722225189209,0,0
Apo,2,422.2,-8.654064178466797,21.884634017944336,0,0
Apo,2,422.4,-14.208062171936035,27.901039123535156,0,0
Apo,2,422.6,-12.963641166687012,16.9885196685791,0,0
Apo,2,422.8,-11.072522163391113,28.421937942504883,0,0
Apo,2,423.0,-13.26347827911377,24.837095260620117,0,0
Apo,2,423.2,-10.570880889892578,26.63972282409668,0,0
Apo,2,423.4,-5.091159820556641,19.638683319091797,0,0
Apo,2,423.6,-13.442461013793945,14.35703182220459,0,0
Apo,2,423.8,-9.064105033874512,11.31466007232666,0,0
Apo,2,424.0,-8.570355415344238,15.034643173217773,0,0
Apo,2,424.2,-1.333446741104126,17.660497665405273,0,0
Apo,2,424.4,-6.851323127746582,14.728519439697266,0,0
Apo,2,424.6,-9.034327507019043,23.821176528930664,0,0
Apo,2,424.8,-6.816323280334473,22.250469207763672,0,0
Apo,2,425.0,-16.37427520751953,31.039447784423828,0,0
Apo,2,425.2,-10.893895149230957,21.78614616394043,0,0
Apo,2,425.4,-10.328916549682617,24.44253921508789,0,0
Apo,2,425.6,-12.839262962341309,20.80250358581543,0,0
Apo,2,425.8,-6.979241371154785,33.846439361572266,0,0
Apo,2,426.0,-10.709548950195312,20.865558624267578,0,0
Apo,2,426.2,-13.41999340057373,23.316919326782227,0,0
Apo,2,426.4,-6.121571063995361,23.50697898864746,0,0
Apo,2,426.6,-13.311100959777832,24.929075241088867,0,0
Apo,2,426.8,-5.277817249298096,29.551252365112305,0,0
Apo,2,427.0,-12.11501693725586,33.30131912231445,0,0
Apo,2,427.2,-13.475435256958008,28.877281188964844,0,0
Apo,2,427.4,-8.885871887207031,29.04802894592285,0,0
Apo,2,427.6,-14.366862297058105,32.589656829833984,0,0
Apo,2,427.8,-11.735942840576172,33.957061767578125,0,0
Apo,2,428.0,-16.440397262573242,30.543241500854492,0,0
Apo,2,428.2,-6.07814359664917,24.8399658203125,0,0
Apo,2,428.4,-10.170117378234863,33.464019775390625,0,0
Apo,2,428.6,-16.440895080566406,27.747173309326172,0,0
Apo,2,428.8,-8.422106742858887,17.99266242980957,0,0
Apo,2,429.0,-8.902743339538574,28.313411712646484,0,0
Apo,2,429.2,-9.390824317932129,24.927608489990234,0,0
Apo,2,429.4,-15.107412338256836,18.252111434936523,0,0
Apo,2,429.6,-6.921799659729004,24.894350051879883,0,0
Apo,2,429.8,-8.351898193359375,27.161108016967773,0,0
Apo,2,430.0,-15.86795425415039,21.365814208984375,0,0
Apo,2,430.2,-10.89483642578125,20.14809226989746,0,0
Apo,2,430.4,-14.150660514831543,15.411503791809082,0,0
Apo,2,430.6,-17.08499526977539,19.517131805419922,1,1
Apo,2,430.8,-12.48337173461914,26.148639678955078,0,0
Apo,2,431.0,-7.586477279663086,24.927833557128906,0,0
Apo,2,431.2,-12.073015213012695,18.409587860107422,0,0
Apo,2,431.4,-10.437321662902832,24.176856994628906,0,0
Apo,2,431.6,-13.873316764831543,22.04648208618164,0,0
Apo,2,431.8,-16.186559677124023,19.289152145385742,0,0
Apo,2,432.0,-10.135595321655273,17.567211151123047,0,0
Apo,2,432.2,-9.685383796691895,17.2684326171875,0,0
Apo,2,432.4,-12.326309204101562,22.318099975585938,0,0
Apo,2,432.6,-10.344985008239746,23.606689453125,0,0
Apo,2,432.8,-9.494382858276367,20.361087799072266,0,0
Apo,2,433.0,-8.873414993286133,25.80027961730957,0,0
Apo,2,433.2,-14.068778991699219,15.376319885253906,0,0
Apo,2,433.4,-10.313030242919922,18.926368713378906,0,0
Apo,2,433.6,-10.06435489654541,21.844728469848633,0,0
Apo,2,433.8,-10.599343299865723,23.80031967163086,0,0
Apo,2,434.0,-1.6740050315856934,27.485097885131836,0,0
Apo,2,434.2,-11.366063117980957,15.404489517211914,0,0
Apo,2,434.4,-10.417677879333496,31.121816635131836,0,0
Apo,2,434.6,-10.24133014678955,24.364986419677734,0,0
Apo,2,434.8,-15.378862380981445,27.297943115234375,0,0
Apo,2,435.0,-10.28393268585205,28.28745460510254,0,0
Apo,2,435.2,-11.288105964660645,26.779510498046875,0,0
Apo,2,435.4,-1.8563481569290161,30.040929794311523,0,0
Apo,2,435.6,-2.0490543842315674,22.855106353759766,0,0
Apo,2,435.8,-17.13412094116211,25.046945571899414,0,0
Apo,2,436.0,-12.715815544128418,24.381023406982422,0,0
Apo,2,436.2,-18.334972381591797,26.12043571472168,0,0
Apo,2,436.4,-8.632023811340332,19.6081600189209,0,0
Apo,2,436.6,-11.754878044128418,20.377811431884766,0,0
Apo,2,436.8,-18.377779006958008,19.965185165405273,0,0
Apo,2,437.0,-10.696245193481445,11.858055114746094,1,1
Apo,2,437.2,-16.249162673950195,22.182811737060547,0,0
Apo,2,437.4,-13.265509605407715,24.42389488220215,0,0
Apo,2,437.6,-11.460893630981445,26.934782028198242,0,0
Apo,2,437.8,-11.49361801147461,24.32832145690918,0,0
Apo,2,438.0,-11.08678913116455,24.997928619384766,0,0
Apo,2,438.2,-10.815884590148926,21.9829044342041,0,0
Apo,2,438.4,-13.713373184204102,19.457843780517578,1,1
Apo,2,438.6,-13.890483856201172,14.674660682678223,0,0
Apo,2,438.8,-11.266581535339355,18.915639877319336,0,0
Apo,2,439.0,-11.819010734558105,21.485794067382812,0,0
Apo,2,439.2,-14.473657608032227,27.786455154418945,0,0
Apo,2,439.4,-15.310121536254883,20.271928787231445,1,1
Apo,2,439.6,-11.258404731750488,17.735376358032227,1,1
Apo,2,439.8,-3.6447811126708984,16.733890533447266,0,0
Apo,2,440.0,-7.572442054748535,24.28436851501465,0,0
Apo,2,440.2,-14.639110565185547,18.705068588256836,0,0
Apo,2,440.4,-13.923665046691895,18.310842514038086,1,1
Apo,2,440.6,-16.833091735839844,14.575035095214844,1,1
Apo,2,440.8,-15.417624473571777,15.905807495117188,1,1
Apo,2,441.0,-13.972830772399902,19.92936134338379,1,1
Apo,2,441.2,-9.876562118530273,20.85350799560547,1,1
Apo,2,441.4,-10.542337417602539,22.15065574645996,1,1
Apo,2,441.6,-13.019495010375977,15.059483528137207,1,1
Apo,2,441.8,-14.508060455322266,25.31168556213379,1,1
Apo,2,442.0,-9.09066104888916,29.863615036010742,1,1
Apo,2,442.2,-15.416055679321289,19.76180076599121,1,1
Apo,2,442.4,-4.851747512817383,23.23356819152832,1,1
Apo,2,442.6,-16.502962112426758,17.95036506652832,1,1
Apo,2,442.8,-7.427826881408691,19.423751831054688,1,1
Apo,2,443.0,-12.197129249572754,15.696541786193848,1,1
Apo,2,443.2,-7.1494340896606445,13.17821979522705,1,1
Apo,2,443.4,-3.3406076431274414,15.188651084899902,1,1
Apo,2,443.6,-13.140183448791504,19.507970809936523,1,1
Apo,2,443.8,-6.309817790985107,19.183368682861328,1,1
Apo,2,444.0,-10.02252197265625,16.369829177856445,1,1
Apo,2,444.2,-9.197648048400879,6.680840969085693,1,1
Apo,2,444.4,-12.858299255371094,13.817643165588379,1,1
Apo,2,444.6,-10.76444149017334,9.23742389678955,1,1
Apo,2,444.8,-14.01740550994873,15.071653366088867,1,1
Apo,2,445.0,-9.497769355773926,22.28693199157715,1,1
Apo,2,445.2,-11.943784713745117,20.32672119140625,1,1
Apo,2,445.4,-11.519649505615234,24.9014949798584,1,1
Apo,2,445.6,-14.716034889221191,13.338497161865234,1,1
Apo,2,445.8,-10.994427680969238,17.233732223510742,1,1
Apo,2,446.0,-15.363237380981445,12.607077598571777,1,1
Apo,2,446.2,-11.61437702178955,12.842217445373535,1,1
Apo,2,446.4,-11.035066604614258,11.291518211364746,1,1
Apo,2,446.6,-13.699543952941895,14.075182914733887,1,1
Apo,2,446.8,-8.471846580505371,13.835021018981934,1,1
Apo,2,447.0,-5.498263835906982,11.467697143554688,1,1
Apo,2,447.2,-6.3984479904174805,10.442749977111816,1,1
Apo,2,447.4,-12.043770790100098,15.605094909667969,1,1
Apo,2,447.6,-11.577971458435059,15.521954536437988,1,1
Apo,2,447.8,-5.993383884429932,15.112407684326172,1,1
Apo,2,448.0,-1.3097087144851685,16.54656219482422,0,0
Apo,2,448.2,-10.549427032470703,8.106293678283691,1,1
Apo,2,448.4,-10.703728675842285,12.982909202575684,1,1
Apo,2,448.6,-10.245229721069336,15.556886672973633,1,1
Apo,2,448.8,-7.69329309463501,17.176712036132812,1,1
Apo,2,449.0,-11.780752182006836,21.571659088134766,1,1
Apo,2,449.2,-7.294003486633301,19.702861785888672,1,1
Apo,2,449.4,-9.762097358703613,14.07814884185791,1,1
Apo,2,449.6,-9.653800010681152,11.642210006713867,1,1
Apo,2,449.8,-9.209798812866211,7.926133632659912,1,1
Apo,2,450.0,-5.782309055328369,19.285789489746094,0,0
Apo,2,450.2,-10.099266052246094,18.375347137451172,1,1
Apo,2,450.4,-8.813624382019043,10.12539005279541,1,1
Apo,2,450.6,-9.410398483276367,13.306961059570312,1,1
Apo,2,450.8,-12.431013107299805,19.601028442382812,1,1
Apo,2,451.0,-9.232422828674316,22.018287658691406,1,1
Apo,2,451.2,-13.085070610046387,21.222993850708008,1,1
Apo,2,451.4,-11.378067016601562,14.727249145507812,1,1
Apo,2,451.6,-9.80251407623291,16.02963638305664,1,1
Apo,2,451.8,-10.480449676513672,18.220502853393555,1,1
Apo,2,452.0,-9.16576099395752,27.015079498291016,1,1
Apo,2,452.2,-11.23245906829834,21.4200496673584,1,1
Apo,2,452.4,-12.445277214050293,13.314894676208496,1,1
Apo,2,452.6,-13.356724739074707,21.622928619384766,1,1
Apo,2,452.8,-11.628377914428711,16.16347312927246,1,1
Apo,2,453.0,-13.63603401184082,18.690649032592773,1,1
Apo,2,453.2,-12.836594581604004,15.458107948303223,1,1
Apo,2,453.4,-15.993574142456055,21.033205032348633,1,1
Apo,2,453.6,-10.713626861572266,23.869609832763672,1,1
Apo,2,453.8,-14.794323921203613,24.51007652282715,1,1
Apo,2,454.0,-8.73086929321289,18.839204788208008,1,1
Apo,2,454.2,-3.610945463180542,24.73288345336914,1,1
Apo,2,454.4,-8.592222213745117,19.640989303588867,1,1
Apo,2,454.6,-7.304028034210205,28.893556594848633,1,1
Apo,2,454.8,-10.209518432617188,16.54595375061035,1,1
Apo,2,455.0,-9.592350959777832,17.57488441467285,1,1
Apo,2,455.2,-4.9954986572265625,20.365253448486328,1,1
Apo,2,455.4,-10.291136741638184,19.54343605041504,1,1
Apo,2,455.6,-5.9254679679870605,19.281503677368164,1,1
Apo,2,455.8,-2.1751840114593506,21.654809951782227,1,1
Apo,2,456.0,-8.558154106140137,17.781526565551758,1,1
Apo,2,456.2,-7.5492658615112305,19.652631759643555,1,1
Apo,2,456.4,-10.00991439819336,17.479646682739258,1,1
Apo,2,456.6,-14.510570526123047,17.75252342224121,1,1
Apo,2,456.8,-7.227649211883545,17.198331832885742,1,1
Apo,2,457.0,-12.780659675598145,14.329171180725098,1,1
Apo,2,457.2,-14.415510177612305,16.63871192932129,1,1
Apo,2,457.4,-8.16914176940918,18.14826011657715,1,1
Apo,2,457.6,-10.627484321594238,19.008249282836914,1,1
Apo,2,457.8,-6.921428203582764,24.77177619934082,1,1
Apo,2,458.0,-7.472353458404541,27.580963134765625,1,1
Apo,2,458.2,-6.463801383972168,20.295541763305664,1,1
Apo,2,458.4,-8.444095611572266,19.352184295654297,1,1
Apo,2,458.6,-5.930416584014893,20.06871795654297,1,1
Apo,2,458.8,-12.227523803710938,16.990934371948242,1,1
Apo,2,459.0,-7.359648704528809,21.247268676757812,1,1
Apo,2,459.2,-7.2062249183654785,27.439437866210938,1,1
Apo,2,459.4,-0.6599804162979126,21.840103149414062,1,1
Apo,2,459.6,-6.499722480773926,22.795278549194336,1,1
Apo,2,459.8,-6.700157642364502,23.837148666381836,1,1
Apo,2,460.0,-9.092473983764648,22.66077995300293,1,1
Apo,2,460.2,-1.0901947021484375,24.838926315307617,1,1
Apo,2,460.4,-4.721442222595215,23.300874710083008,1,1
Apo,2,460.6,-4.3079142570495605,28.725765228271484,1,1
Apo,2,460.8,-6.4365105628967285,22.909320831298828,1,1
Apo,2,461.0,-9.31474494934082,13.76957893371582,1,1
Apo,2,461.2,-7.021144390106201,17.95140838623047,1,1
Apo,2,461.4,-8.722877502441406,14.226204872131348,1,1
Apo,2,461.6,-14.629990577697754,16.634750366210938,1,1
Apo,2,461.8,-12.154699325561523,18.955537796020508,0,0
Apo,2,462.0,-2.625600576400757,18.5844783782959,1,1
Apo,2,462.2,-5.726132869720459,23.890830993652344,1,1
Apo,2,462.4,-10.29747486114502,24.74489974975586,1,1
Apo,2,462.6,-6.078883171081543,21.674026489257812,1,1
Apo,2,462.8,-9.876045227050781,21.197561264038086,1,1
Apo,2,463.0,-7.218362331390381,15.565764427185059,1,1
Apo,2,463.2,-6.994726181030273,14.693201065063477,1,1
Apo,2,463.4,-13.063911437988281,17.514041900634766,1,1
Apo,2,463.6,-12.479047775268555,18.00771713256836,1,1
Apo,2,463.8,-12.306711196899414,8.473245620727539,1,1
Apo,2,464.0,-10.894950866699219,11.638239860534668,1,1
Apo,2,464.2,-13.79901123046875,11.96240520477295,1,1
Apo,2,464.4,-11.423721313476562,16.099960327148438,1,1
Apo,2,464.6,-8.903480529785156,18.026363372802734,1,1
Apo,2,464.8,-5.910085678100586,19.98284339904785,1,1
Apo,2,465.0,-3.9085092544555664,19.383808135986328,1,1
Apo,2,465.2,-12.747474670410156,14.787091255187988,1,1
Apo,2,465.4,-7.173643112182617,17.189504623413086,1,1
Apo,2,465.6,-13.536079406738281,16.265304565429688,1,1
Apo,2,465.8,-13.964067459106445,13.309009552001953,1,1
Apo,2,466.0,-10.330155372619629,16.69664764404297,1,1
Apo,2,466.2,-17.755390167236328,15.667241096496582,1,1
Apo,2,466.4,-11.950142860412598,9.415973663330078,1,1
Apo,2,466.6,-8.24427604675293,17.73788070678711,1,1
Apo,2,466.8,-13.37891674041748,21.19546890258789,1,1
Apo,2,467.0,-7.833731174468994,14.977112770080566,1,1
Apo,2,467.2,-11.840829849243164,15.561447143554688,1,1
Apo,2,467.4,-8.730016708374023,13.807449340820312,1,1
Apo,2,467.6,-8.193589210510254,16.04815673828125,1,1
Apo,2,467.8,-11.590113639831543,5.373646259307861,1,1
Apo,2,468.0,-12.853302001953125,18.48920440673828,1,1
Apo,2,468.2,-17.75959587097168,19.784624099731445,1,1
Apo,2,468.4,-5.970790863037109,18.56977653503418,1,1
Apo,2,468.6,-9.809929847717285,17.52317237854004,1,1
Apo,2,468.8,-9.244189262390137,13.671976089477539,1,1
Apo,2,469.0,-14.265053749084473,27.04796600341797,1,1
Apo,2,469.2,-16.001445770263672,19.209409713745117,1,1
Apo,2,469.4,-10.071666717529297,20.804790496826172,1,1
Apo,2,469.6,-14.85555362701416,18.734100341796875,1,1
Apo,2,469.8,-7.447958469390869,17.706653594970703,1,1
Apo,2,470.0,-11.904679298400879,19.977521896362305,1,1
Apo,2,470.2,-12.203577995300293,21.586896896362305,1,1
Apo,2,470.4,-13.993834495544434,22.693288803100586,1,1
Apo,2,470.6,-13.23458194732666,23.701251983642578,1,1
Apo,2,470.8,-11.720257759094238,12.426288604736328,1,1
Apo,2,471.0,-14.330739974975586,18.677684783935547,1,1
Apo,2,471.2,-8.69060230255127,25.532142639160156,1,1
Apo,2,471.4,-8.807096481323242,23.388416290283203,1,1
Apo,2,471.6,-13.42575454711914,28.256200790405273,1,1
Apo,2,471.8,-13.75503158569336,18.050432205200195,1,1
Apo,2,472.0,-17.03252410888672,20.93435287475586,1,1
Apo,2,472.2,-18.053041458129883,13.290964126586914,1,1
Apo,2,472.4,-14.926139831542969,21.393068313598633,1,1
Apo,2,472.6,-12.287129402160645,27.379863739013672,1,1
Apo,2,472.8,-11.560885429382324,25.477157592773438,1,1
Apo,2,473.0,-11.491399765014648,22.740032196044922,1,1
Apo,2,473.2,-14.110133171081543,22.52564811706543,1,1
Apo,2,473.4,-11.82007122039795,21.21248435974121,1,1
Apo,2,473.6,-20.13288116455078,17.611948013305664,1,1
Apo,2,473.8,-12.962352752685547,15.315207481384277,1,1
Apo,2,474.0,-10.352306365966797,23.205778121948242,1,1
Apo,2,474.2,-11.765822410583496,14.286810874938965,1,1
Apo,2,474.4,-10.23682975769043,24.39554214477539,1,1
Apo,2,474.6,-7.682590961456299,25.505245208740234,1,1
Apo,2,474.8,-11.472821235656738,21.2998046875,1,1
Apo,2,475.0,-20.169300079345703,31.63202476501465,1,1
Apo,2,475.2,-13.483880996704102,24.69409942626953,1,1
Apo,2,475.4,-18.65772247314453,18.309999465942383,1,1
Apo,2,475.6,-9.120877265930176,21.399187088012695,1,1
Apo,2,475.8,-14.030198097229004,25.647075653076172,1,1
Apo,2,476.0,-14.545282363891602,30.653709411621094,1,1
Apo,2,476.2,-19.092453002929688,29.90732765197754,1,1
Apo,2,476.4,-16.78510856628418,16.336246490478516,1,1
Apo,2,476.6,-16.203155517578125,21.4431209564209,1,1
Apo,2,476.8,-15.347233772277832,19.896013259887695,1,1
Apo,2,477.0,-21.419084548950195,10.082490921020508,1,1
Apo,2,477.2,-20.88447380065918,17.988420486450195,1,1
Apo,2,477.4,-18.533193588256836,20.397539138793945,1,1
Apo,2,477.6,-15.02527141571045,19.630084991455078,1,1
Apo,2,477.8,-13.468052864074707,20.73304557800293,1,1
Apo,2,478.0,-13.14332389831543,23.565210342407227,1,1
Apo,2,478.2,-14.465954780578613,21.798742294311523,1,1
Apo,2,478.4,-17.51248550415039,18.991931915283203,1,1
Apo,2,478.6,-14.7760591506958,12.359456062316895,1,1
Apo,2,478.8,-23.088502883911133,12.839825630187988,1,1
Apo,2,479.0,-18.28460121154785,17.397777557373047,1,1
Apo,2,479.2,-14.041848182678223,21.200231552124023,1,1
Apo,2,479.4,-15.288161277770996,24.073497772216797,1,1
Apo,2,479.6,-7.116410255432129,14.413344383239746,1,1
Apo,2,479.8,-9.672455787658691,18.608869552612305,1,1
Apo,2,480.0,-17.2645263671875,19.459535598754883,1,1
Apo,2,480.2,-17.05746078491211,13.867304801940918,1,1
Apo,2,480.4,-12.030499458312988,19.67715835571289,1,1
Apo,2,480.6,-21.14972686767578,15.411587715148926,1,1
Apo,2,480.8,-12.361205101013184,12.317399978637695,1,1
Apo,2,481.0,-17.33255386352539,14.179079055786133,1,1
Apo,2,481.2,-16.676513671875,15.199042320251465,1,1
Apo,2,481.4,-14.359493255615234,16.951316833496094,1,1
Apo,2,481.6,-15.577850341796875,10.622872352600098,1,1
Apo,2,481.8,-17.78150177001953,7.360866546630859,1,1
Apo,2,482.0,-18.61147117614746,14.39304256439209,1,1
Apo,2,482.2,-18.062772750854492,14.691225051879883,1,1
Apo,2,482.4,-20.727977752685547,8.636380195617676,1,1
Apo,2,482.6,-17.026517868041992,4.252442836761475,1,1
Apo,2,482.8,-18.77445411682129,8.596917152404785,1,1
Apo,2,483.0,-16.187021255493164,9.870261192321777,1,1
Apo,2,483.2,-16.0205078125,14.251579284667969,1,1
Apo,2,483.4,-19.93682098388672,13.321879386901855,1,1
Apo,2,483.6,-13.127365112304688,16.99498176574707,1,1
Apo,2,483.8,-13.097073554992676,15.093153953552246,1,1
Apo,2,484.0,-13.941113471984863,12.670331001281738,1,1
Apo,2,484.2,-14.939373970031738,9.595624923706055,1,1
Apo,2,484.4,-20.92049217224121,5.105052471160889,1,1
Apo,2,484.6,-10.946226119995117,7.669397354125977,1,1
Apo,2,484.8,-21.09343910217285,17.657211303710938,1,1
Apo,2,485.0,-11.633502960205078,13.162906646728516,1,1
Apo,2,485.2,-12.485660552978516,20.33143424987793,1,1
Apo,2,485.4,-18.13779640197754,15.812629699707031,1,1
Apo,2,485.6,-17.20639419555664,16.754199981689453,1,1
Apo,2,485.8,-17.434707641601562,5.625948905944824,1,1
Apo,2,486.0,-22.529783248901367,12.783349990844727,1,1
Apo,2,486.2,-17.58090591430664,13.31493854522705,1,1
Apo,2,486.4,-17.947725296020508,8.378744125366211,1,1
Apo,2,486.6,-13.575024604797363,15.102083206176758,1,1
Apo,2,486.8,-17.083362579345703,9.40860652923584,1,1
Apo,2,487.0,-19.89212989807129,22.308279037475586,1,1
Apo,2,487.2,-18.038347244262695,15.261816024780273,1,1
Apo,2,487.4,-17.8389892578125,15.396456718444824,1,1
Apo,2,487.6,-15.146217346191406,18.080398559570312,1,1
Apo,2,487.8,-17.556631088256836,13.32302188873291,1,1
Apo,2,488.0,-19.107070922851562,15.974111557006836,1,1
Apo,2,488.2,-12.406059265136719,13.644238471984863,1,1
Apo,2,488.4,-15.029146194458008,5.131824970245361,1,1
Apo,2,488.6,-15.294659614562988,13.587980270385742,1,1
Apo,2,488.8,-14.813380241394043,13.331603050231934,1,1
Apo,2,489.0,-18.48439598083496,17.119972229003906,1,1
Apo,2,489.2,-15.88050651550293,6.061814785003662,1,1
Apo,2,489.4,-14.277290344238281,7.454451084136963,1,1
Apo,2,489.6,-18.20353126525879,8.772249221801758,1,1
Apo,2,489.8,-15.25240707397461,4.7810492515563965,1,1
Apo,2,490.0,-16.30513572692871,17.01317596435547,1,1
Apo,2,490.2,-19.635231018066406,13.849379539489746,1,1
Apo,2,490.4,-14.929890632629395,23.395221710205078,1,1
Apo,2,490.6,-18.735015869140625,11.97540283203125,1,1
Apo,2,490.8,-14.438008308410645,11.820144653320312,1,1
Apo,2,491.0,-20.096969604492188,13.474325180053711,1,1
Apo,2,491.2,-15.247958183288574,15.00506591796875,1,1
Apo,2,491.4,-15.530783653259277,14.045334815979004,1,1
Apo,2,491.6,-18.83915138244629,12.236716270446777,1,1
Apo,2,491.8,-16.0826416015625,13.690241813659668,1,1
Apo,2,492.0,-16.233482360839844,7.180831432342529,1,1
Apo,2,492.2,-16.808568954467773,8.989836692810059,1,1
Apo,2,492.4,-22.11441421508789,13.503093719482422,1,1
Apo,2,492.6,-17.184223175048828,11.865262985229492,1,1
Apo,2,492.8,-20.087326049804688,14.37774658203125,1,1
Apo,2,493.0,-17.21455955505371,9.844054222106934,1,1
Apo,2,493.2,-12.854358673095703,10.407530784606934,1,1
Apo,2,493.4,-14.048168182373047,17.837297439575195,1,1
Apo,2,493.6,-15.76659870147705,14.370323181152344,1,1
Apo,2,493.8,-6.778064727783203,21.885318756103516,1,1
Apo,2,494.0,-20.570592880249023,12.967373847961426,1,1
Apo,2,494.2,-12.761340141296387,18.56131935119629,1,1
Apo,2,494.4,-10.882246971130371,9.568068504333496,1,1
Apo,2,494.6,-12.6998291015625,18.40462875366211,1,1
Apo,2,494.8,-10.153204917907715,27.78242301940918,1,1
Apo,2,495.0,-11.870701789855957,11.299724578857422,1,1
Apo,2,495.2,-15.393756866455078,10.494640350341797,1,1
Apo,2,495.4,-14.604578018188477,12.700115203857422,1,1
Apo,2,495.6,-17.683977127075195,5.499996185302734,1,1
Apo,2,495.8,-16.445026397705078,13.694053649902344,1,1
Apo,2,496.0,-13.115211486816406,10.403660774230957,1,1
Apo,2,496.2,-10.060306549072266,12.67992115020752,1,1
Apo,2,496.4,-16.003141403198242,16.505022048950195,1,1
Apo,2,496.6,-14.749459266662598,13.423113822937012,1,1
Apo,2,496.8,-18.50600814819336,14.058741569519043,1,1
Apo,2,497.0,-17.513452529907227,12.201078414916992,1,1
Apo,2,497.2,-13.883031845092773,13.428421974182129,1,1
Apo,2,497.4,-19.411924362182617,9.526208877563477,1,1
Apo,2,497.6,-17.841896057128906,15.873003005981445,1,1
Apo,2,497.8,-13.88650131225586,8.890725135803223,1,1
Apo,2,498.0,-9.33955192565918,15.900569915771484,1,1
Apo,2,498.2,-14.243556022644043,7.573978424072266,1,1
Apo,2,498.4,-10.21914005279541,9.486363410949707,1,1
Apo,2,498.6,-14.840004920959473,4.081730842590332,1,1
Apo,2,498.8,-19.143259048461914,9.02069091796875,1,1
Apo,2,499.0,-19.091800689697266,9.605961799621582,1,1
Apo,2,499.2,-13.453592300415039,8.63664722442627,1,1
Apo,2,499.4,-16.335222244262695,17.074684143066406,1,1
Apo,2,499.6,-23.1971378326416,10.998522758483887,1,1
Apo,2,499.8,-13.861215591430664,14.231976509094238,1,1
Apo,3,199.8,-2.2265679836273193,-20.365100860595703,1,0
Apo,3,200.0,-3.794635772705078,-12.5563383102417,1,0
Apo,3,200.2,1.651098370552063,-17.861116409301758,0,1
Apo,3,200.4,2.219116687774658,-11.622734069824219,1,0
Apo,3,200.6,-5.9164252281188965,-24.04930305480957,0,1
Apo,3,200.8,3.6167571544647217,-10.271058082580566,1,0
Apo,3,201.0,-3.413517475128174,-22.882610321044922,1,0
Apo,3,201.2,5.83163595199585,-16.96014404296875,0,1
Apo,3,201.4,1.7040419578552246,-17.597881317138672,0,1
Apo,3,201.6,-4.4069061279296875,-12.865006446838379,1,0
Apo,3,201.8,5.482358455657959,-19.73477554321289,0,1
Apo,3,202.0,-2.6771583557128906,-16.4648380279541,1,0
Apo,3,202.2,2.473499059677124,-16.621524810791016,0,1
Apo,3,202.4,-5.149867057800293,-15.796281814575195,1,0
Apo,3,202.6,1.2189528942108154,-19.140703201293945,1,0
Apo,3,202.8,-3.9088518619537354,-20.373798370361328,0,1
Apo,3,203.0,4.50105094909668,-19.690038681030273,0,1
Apo,3,203.2,-0.19307777285575867,-15.985329627990723,0,1
Apo,3,203.4,7.889289855957031,-16.12045669555664,1,0
Apo,3,203.6,-5.785739421844482,-27.11920738220215,1,0
Apo,3,203.8,-1.8204970359802246,-17.603565216064453,0,1
Apo,3,204.0,-1.6283224821090698,-20.983192443847656,0,1
Apo,3,204.2,-4.648708820343018,-17.73528289794922,1,0
Apo,3,204.4,-1.03932785987854,-22.048973083496094,1,0
Apo,3,204.6,-3.0404343605041504,-16.244529724121094,0,1
Apo,3,204.8,-5.5930376052856445,-28.241151809692383,1,0
Apo,3,205.0,0.240611732006073,-26.669082641601562,0,1
Apo,3,205.2,-4.074556350708008,-25.204849243164062,0,1
Apo,3,205.4,-6.291433811187744,-22.947782516479492,1,0
Apo,3,205.6,-4.604582786560059,-22.343236923217773,1,0
Apo,3,205.8,-1.5497008562088013,-16.842727661132812,1,0
Apo,3,206.0,-0.500242292881012,-20.196308135986328,0,1
Apo,3,206.2,-0.9861560463905334,-21.767990112304688,1,0
Apo,3,206.4,-3.658228874206543,-18.927488327026367,1,0
Apo,3,206.6,1.9056177139282227,-15.348047256469727,1,0
Apo,3,206.8,-0.2284936010837555,-15.700647354125977,1,0
Apo,3,207.0,6.595911026000977,-15.656383514404297,1,0
Apo,3,207.2,1.5499122142791748,-21.070350646972656,0,1
Apo,3,207.4,4.404159069061279,-19.215665817260742,1,0
Apo,3,207.6,6.497708320617676,-19.7720890045166,0,1
Apo,3,207.8,-0.4384055435657501,-9.29965877532959,1,0
Apo,3,208.0,2.176234483718872,-23.89560317993164,0,1
Apo,3,208.2,1.1447442770004272,-19.154991149902344,0,1
Apo,3,208.4,0.34493815898895264,-15.457776069641113,1,0
Apo,3,208.6,0.3795592784881592,-19.17878532409668,1,0
Apo,3,208.8,2.013176441192627,-13.920441627502441,1,0
Apo,3,209.0,-2.323981285095215,-20.331287384033203,1,0
Apo,3,209.2,2.6791937351226807,-13.501094818115234,1,0
Apo,3,209.4,0.4534429609775543,-12.323770523071289,1,0
Apo,3,209.6,-4.323836326599121,-15.815718650817871,1,0
Apo,3,209.8,-1.7171680927276611,-21.156309127807617,0,1
Apo,3,210.0,-3.1265180110931396,-21.297443389892578,0,1
Apo,3,210.2,-3.675905704498291,-14.582551002502441,1,0
Apo,3,210.4,2.0570030212402344,-17.08472442626953,1,0
Apo,3,210.6,2.0791594982147217,-18.40546989440918,0,1
Apo,3,210.8,0.20302151143550873,-15.835248947143555,0,1
Apo,3,211.0,2.9521543979644775,-28.904781341552734,0,1
Apo,3,211.2,1.328743577003479,-14.752344131469727,1,0
Apo,3,211.4,-2.604055881500244,-19.92947769165039,1,0
Apo,3,211.6,-0.8201498985290527,-17.33362579345703,0,1
Apo,3,211.8,1.7927415370941162,-16.98279571533203,0,1
Apo,3,212.0,4.280832290649414,-11.398477554321289,0,1
Apo,3,212.2,4.232570171356201,-19.028230667114258,0,1
Apo,3,212.4,3.583529472351074,-15.983604431152344,0,1
Apo,3,212.6,1.2455205917358398,-17.081422805786133,0,1
Apo,3,212.8,-5.184391975402832,-19.609813690185547,1,0
Apo,3,213.0,-4.349477291107178,-20.66900062561035,1,0
Apo,3,213.2,-3.0739004611968994,-23.149206161499023,0,1
Apo,3,213.4,0.8784604072570801,-16.062786102294922,0,1
Apo,3,213.6,-1.4281984567642212,-16.117477416992188,0,1
Apo,3,213.8,-7.189084529876709,-18.11878776550293,0,1
Apo,3,214.0,1.322507619857788,-7.0944600105285645,1,0
Apo,3,214.2,1.8295118808746338,-14.824737548828125,1,0
Apo,3,214.4,1.8993598222732544,-11.331707000732422,0,1
Apo,3,214.6,-5.184391975402832,-19.857675552368164,1,0
Apo,3,214.8,-4.304650783538818,-13.71318531036377,1,0
Apo,3,215.0,-3.0619125366210938,-19.694110870361328,0,1
Apo,3,215.2,-2.569180488586426,-14.517807960510254,1,0
Apo,3,215.4,0.6620465517044067,-11.446981430053711,1,0
Apo,3,215.6,-7.519931316375732,-19.425119400024414,1,0
Apo,3,215.8,-1.1458112001419067,-16.562833786010742,1,0
Apo,3,216.0,-0.07461146265268326,-11.295652389526367,1,0
Apo,3,216.2,3.3319828510284424,-11.264511108398438,1,0
Apo,3,216.4,-3.59224534034729,-16.08782386779785,1,0
Apo,3,216.6,-0.029276784509420395,-11.268668174743652,1,0
Apo,3,216.8,-2.5780913829803467,-11.174631118774414,1,0
Apo,3,217.0,0.34021103382110596,-12.996743202209473,1,0
Apo,3,217.2,-2.9820668697357178,-9.884087562561035,1,0
Apo,3,217.4,0.39571118354797363,-13.141457557678223,1,0
Apo,3,217.6,-2.06612229347229,-12.42297077178955,1,0
Apo,3,217.8,-0.4638042151927948,-13.545269966125488,0,1
Apo,3,218.0,0.38500428199768066,-14.253865242004395,1,0
Apo,3,218.2,-2.613269567489624,-26.216930389404297,0,1
Apo,3,218.4,1.9409691095352173,-17.496501922607422,0,1
Apo,3,218.6,-1.1995627880096436,-16.862613677978516,0,1
Apo,3,218.8,0.9661558866500854,-13.717196464538574,1,0
Apo,3,219.0,6.267862319946289,-18.933666229248047,0,1
Apo,3,219.2,1.1451960802078247,-19.473600387573242,0,1
Apo,3,219.4,0.7348399758338928,-14.083097457885742,0,1
Apo,3,219.6,5.2714715003967285,-10.663725852966309,0,1
Apo,3,219.8,5.153399467468262,-12.199082374572754,0,1
Apo,3,220.0,0.7867850065231323,-14.577118873596191,1,0
Apo,3,220.2,2.161492347717285,-9.85571002960205,0,1
Apo,3,220.4,3.7064101696014404,-9.843408584594727,0,1
Apo,3,220.6,-4.899268627166748,-2.764708995819092,1,0
Apo,3,220.8,-1.07979154586792,-11.848760604858398,1,0
Apo,3,221.0,-3.276240348815918,-8.276983261108398,1,0
Apo,3,221.2,-0.6868902444839478,-10.18986701965332,0,1
Apo,3,221.4,2.1146864891052246,-15.557519912719727,0,1
Apo,3,221.6,0.6802880167961121,-9.151344299316406,0,1
Apo,3,221.8,0.40966007113456726,-10.853741645812988,0,1
Apo,3,222.0,-2.529468297958374,-16.500717163085938,1,0
Apo,3,222.2,2.0367910861968994,-16.441585540771484,0,1
Apo,3,222.4,-4.207722187042236,-11.196417808532715,1,0
Apo,3,222.6,0.6078846454620361,-12.838885307312012,1,0
Apo,3,222.8,-0.9962181448936462,-11.019248008728027,0,1
Apo,3,223.0,1.3483844995498657,-17.58639907836914,0,1
Apo,3,223.2,-4.757948398590088,-19.576078414916992,0,1
Apo,3,223.4,-1.0625337362289429,-18.474267959594727,0,1
Apo,3,223.6,-6.004760265350342,-18.385326385498047,0,1
Apo,3,223.8,-0.2501067519187927,-17.487112045288086,1,0
Apo,3,224.0,-0.9931783080101013,-20.2112979888916,0,1
Apo,3,224.2,-2.6274023056030273,-20.492725372314453,0,1
Apo,3,224.4,-0.5042968392372131,-17.703149795532227,0,1
Apo,3,224.6,0.49739009141921997,-22.668527603149414,0,1
Apo,3,224.8,-0.45324617624282837,-25.99210548400879,0,1
Apo,3,225.0,6.290342807769775,-25.057350158691406,0,1
Apo,3,225.2,7.177469730377197,-32.03361511230469,0,1
Apo,3,225.4,2.133742094039917,-29.91094970703125,0,1
Apo,3,225.6,-6.134492874145508,-27.6435546875,0,1
Apo,3,225.8,-4.738075256347656,-27.129150390625,0,1
Apo,3,226.0,-1.077627420425415,-24.410390853881836,1,0
Apo,3,226.2,0.5242704153060913,-33.84421920776367,0,1
Apo,3,226.4,-4.080037593841553,-25.928321838378906,1,0
Apo,3,226.6,-0.7110387682914734,-22.670560836791992,0,1
Apo,3,226.8,-1.9607548713684082,-23.15485382080078,0,1
Apo,3,227.0,-0.018765268847346306,-24.315690994262695,0,1
Apo,3,227.2,4.383805751800537,-20.339590072631836,0,1
Apo,3,227.4,-1.0367218255996704,-24.088611602783203,0,1
Apo,3,227.6,-2.418550729751587,-21.27631187438965,1,0
Apo,3,227.8,0.967097282409668,-17.726884841918945,0,1
Apo,3,228.0,0.812525749206543,-18.027381896972656,0,1
Apo,3,228.2,-0.20737209916114807,-21.349449157714844,0,1
Apo,3,228.4,-0.30677998065948486,-31.070222854614258,0,1
Apo,3,228.6,-0.05905666574835777,-29.494342803955078,0,1
Apo,3,228.8,3.6551992893218994,-26.042844772338867,0,1
Apo,3,229.0,-1.8814729452133179,-26.181978225708008,0,1
Apo,3,229.2,-0.5117290019989014,-24.05481719970703,0,1
Apo,3,229.4,1.3044332265853882,-28.418325424194336,0,1
Apo,3,229.6,-3.2298595905303955,-24.061742782592773,1,0
Apo,3,229.8,2.539761543273926,-26.49539566040039,0,1
Apo,3,230.0,-1.6425060033798218,-27.923574447631836,0,1
Apo,3,230.2,-1.6616885662078857,-21.900169372558594,0,1
Apo,3,230.4,-5.555485725402832,-24.933616638183594,0,1
Apo,3,230.6,-1.1981672048568726,-24.74115753173828,0,1
Apo,3,230.8,5.215579986572266,-26.197105407714844,0,1
Apo,3,231.0,5.096316814422607,-23.307723999023438,0,1
Apo,3,231.2,-2.6847457885742188,-21.563283920288086,1,0
Apo,3,231.4,2.0723869800567627,-16.852176666259766,0,1
Apo,3,231.6,1.530298113822937,-20.514415740966797,1,0
Apo,3,231.8,2.9150710105895996,-23.350278854370117,0,1
Apo,3,232.0,-0.24850033223628998,-21.272899627685547,0,1
Apo,3,232.2,4.862448692321777,-24.42376136779785,0,1
Apo,3,232.4,4.320640563964844,-11.74556827545166,0,1
Apo,3,232.6,9.065557479858398,-18.747955322265625,0,1
Apo,3,232.8,2.2784688472747803,-16.224754333496094,0,1
Apo,3,233.0,2.65024995803833,-27.560489654541016,0,1
Apo,3,233.2,3.355929374694824,-20.398923873901367,0,1
Apo,3,233.4,-0.8540754318237305,-22.146345138549805,0,1
Apo,3,233.6,7.253904819488525,-15.735060691833496,0,1
Apo,3,233.8,2.7095322608947754,-19.004432678222656,0,1
Apo,3,234.0,2.326200008392334,-12.051161766052246,1,0
Apo,3,234.2,-1.6296805143356323,-24.893041610717773,0,1
Apo,3,234.4,1.2934343814849854,-25.8507137298584,0,1
Apo,3,234.6,4.362758636474609,-26.586559295654297,0,1
Apo,3,234.8,1.7625483274459839,-21.049556732177734,0,1
Apo,3,235.0,-9.280665397644043,-22.37973403930664,1,0
Apo,3,235.2,2.01084041595459,-24.489704132080078,0,1
Apo,3,235.4,-4.609225749969482,-18.79668617248535,0,1
Apo,3,235.6,4.284217834472656,-18.62274169921875,0,1
Apo,3,235.8,1.6987909078598022,-10.090641975402832,1,0
Apo,3,236.0,1.8779877424240112,-19.388710021972656,0,1
Apo,3,236.2,-7.650588512420654,-17.95302391052246,1,0
Apo,3,236.4,-1.5314422845840454,-17.207714080810547,1,0
Apo,3,236.6,-4.319455146789551,-17.552513122558594,1,0
Apo,3,236.8,-1.6865177154541016,-14.358634948730469,1,0
Apo,3,237.0,-3.668393850326538,-19.19011688232422,1,0
Apo,3,237.2,-3.0529446601867676,-19.985454559326172,0,1
Apo,3,237.4,-0.667563259601593,-20.401172637939453,1,0
Apo,3,237.6,4.807254791259766,-23.07143783569336,0,1
Apo,3,237.8,-2.088716506958008,-25.46516990661621,0,1
Apo,3,238.0,0.7600635886192322,-19.050504684448242,0,1
Apo,3,238.2,-5.2296366691589355,-21.44107437133789,1,0
Apo,3,238.4,-2.522489070892334,-16.74306869506836,1,0
Apo,3,238.6,-3.1497292518615723,-28.23763084411621,0,1
Apo,3,238.8,-3.890646457672119,-29.334762573242188,1,0
Apo,3,239.0,-3.8695521354675293,-19.7033748626709,1,0
Apo,3,239.2,-0.8786736726760864,-16.91629409790039,0,1
Apo,3,239.4,2.2887179851531982,-26.575822830200195,0,1
Apo,3,239.6,2.4837677478790283,-12.8379487991333,1,0
Apo,3,239.8,-4.416006088256836,-20.30713653564453,1,0
Apo,3,240.0,-2.7921390533447266,-24.018476486206055,0,1
Apo,3,240.2,-3.2782604694366455,-26.930862426757812,1,0
Apo,3,240.4,-5.847004413604736,-18.67059898376465,1,0
Apo,3,240.6,-2.3611464500427246,-26.23876953125,0,1
Apo,3,240.8,-4.7003703117370605,-24.89288902282715,1,0
Apo,3,241.0,-3.0838260650634766,-17.57117462158203,1,0
Apo,3,241.2,4.566869258880615,-17.106992721557617,1,0
Apo,3,241.4,-8.996848106384277,-9.077048301696777,1,0
Apo,3,241.6,2.5760293006896973,-21.759016036987305,0,1
Apo,3,241.8,0.7533446550369263,-17.981245040893555,0,1
Apo,3,242.0,-6.853102207183838,-14.072321891784668,1,0
Apo,3,242.2,-2.451261520385742,-18.933393478393555,1,0
Apo,3,242.4,0.803722083568573,-20.104639053344727,0,1
Apo,3,242.6,-3.102463960647583,-28.149951934814453,0,1
Apo,3,242.8,-5.222269535064697,-20.237781524658203,1,0
Apo,3,243.0,0.8025371432304382,-17.930288314819336,1,0
Apo,3,243.2,-9.89503002166748,-24.77547264099121,1,0
Apo,3,243.4,4.927565097808838,-24.026737213134766,0,1
Apo,3,243.6,-1.223177433013916,-23.833847045898438,1,0
Apo,3,243.8,-7.00800895690918,-16.821903228759766,1,0
Apo,3,244.0,-4.221110820770264,-13.11500072479248,1,0
Apo,3,244.2,-1.1437764167785645,-17.65169334411621,1,0
Apo,3,244.4,-1.639048457145691,-19.120359420776367,1,0
Apo,3,244.6,-4.116565704345703,-25.26753807067871,0,1
Apo,3,244.8,1.6621159315109253,-16.784019470214844,1,0
Apo,3,245.0,-7.515893936157227,-19.38878059387207,1,0
Apo,3,245.2,0.6012864112854004,-32.37734603881836,0,1
Apo,3,245.4,-1.9071133136749268,-18.045408248901367,1,0
Apo,3,245.6,-3.9475245475769043,-12.842049598693848,1,0
Apo,3,245.8,-3.7751896381378174,-25.085079193115234,0,1
Apo,3,246.0,-0.37129467725753784,-14.168967247009277,1,0
Apo,3,246.2,2.672030448913574,-18.030719757080078,1,0
Apo,3,246.4,4.562464237213135,-22.079769134521484,0,1
Apo,3,246.6,-0.042495276778936386,-19.229799270629883,0,1
Apo,3,246.8,3.253915309906006,-13.935184478759766,1,0
Apo,3,247.0,1.0320228338241577,-20.765071868896484,0,1
Apo,3,247.2,1.6201541423797607,-23.03883171081543,0,1
Apo,3,247.4,-3.0329174995422363,-30.620275497436523,0,1
Apo,3,247.6,-6.922529220581055,-16.80130386352539,1,0
Apo,3,247.8,-4.170175075531006,-20.267759323120117,0,1
Apo,3,248.0,-4.728363513946533,-18.4913330078125,0,1
Apo,3,248.2,-0.7838428020477295,-15.09775161743164,1,0
Apo,3,248.4,-5.092964172363281,-14.626763343811035,1,0
Apo,3,248.6,3.46413516998291,-19.49951934814453,1,0
Apo,3,248.8,-2.378451108932495,-19.29926109313965,0,1
Apo,3,249.0,1.900864839553833,-20.6643123626709,0,1
Apo,3,249.2,-4.791891574859619,-17.26618766784668,1,0
Apo,3,249.4,-4.270885944366455,-28.726917266845703,0,1
Apo,3,249.6,0.5251893401145935,-19.183929443359375,1,0
Apo,3,249.8,-5.628966331481934,-18.039104461669922,1,0
Apo,3,250.0,2.9426870346069336,-28.274354934692383,1,0
Apo,3,250.2,-2.1558568477630615,-19.321548461914062,1,0
Apo,3,250.4,-4.527392864227295,-21.945884704589844,1,0
Apo,3,250.6,-10.295394897460938,-20.537899017333984,1,0
Apo,3,250.8,-7.9833502769470215,-22.8538761138916,1,0
Apo,3,251.0,-4.4967498779296875,-10.899362564086914,1,0
Apo,3,251.2,-7.463064193725586,-18.9096736907959,1,0
Apo,3,251.4,-1.2252894639968872,-18.341690063476562,1,0
Apo,3,251.6,-9.551843643188477,-24.928197860717773,1,0
Apo,3,251.8,-1.7842601537704468,-21.72638511657715,1,0
Apo,3,252.0,-4.972999095916748,-20.510570526123047,1,0
Apo,3,252.2,-5.024440765380859,-19.671598434448242,1,0
Apo,3,252.4,-3.63826847076416,-17.82813835144043,1,0
Apo,3,252.6,-2.2066287994384766,-17.41383934020996,1,0
Apo,3,252.8,0.7395899891853333,-14.780640602111816,1,0
Apo,3,253.0,-1.6425508260726929,-19.175270080566406,0,1
Apo,3,253.2,-7.989218235015869,-22.40253448486328,1,0
Apo,3,253.4,0.2873774468898773,-20.239425659179688,1,0
Apo,3,253.6,-1.2534078359603882,-23.59974479675293,1,0
Apo,3,253.8,1.1152567863464355,-22.71759033203125,0,1
Apo,3,254.0,-0.019324909895658493,-25.59278106689453,0,1
Apo,3,254.2,-2.4094395637512207,-20.893680572509766,1,0
Apo,3,254.4,-5.413884162902832,-21.242835998535156,1,0
Apo,3,254.6,-1.823611855506897,-13.644173622131348,1,0
Apo,3,254.8,-9.67538833618164,-18.335237503051758,1,0
Apo,3,255.0,-5.428953647613525,-17.909698486328125,1,0
Apo,3,255.2,0.8764525651931763,-18.551206588745117,1,0
Apo,3,255.4,-5.840407371520996,-25.80437469482422,1,0
Apo,3,255.6,-4.878986358642578,-19.555145263671875,1,0
Apo,3,255.8,-1.682295322418213,-23.540422439575195,1,0
Apo,3,256.0,1.6678123474121094,-19.63309669494629,1,0
Apo,3,256.2,0.6945803165435791,-21.52678108215332,0,1
Apo,3,256.4,0.896360456943512,-18.837209701538086,1,0
Apo,3,256.6,1.9932292699813843,-15.597591400146484,1,0
Apo,3,256.8,-2.3262977600097656,-18.739038467407227,1,0
Apo,3,257.0,-3.3578922748565674,-17.003177642822266,1,0
Apo,3,257.2,-2.8646459579467773,-18.557846069335938,1,0
Apo,3,257.4,0.7091807126998901,-16.392175674438477,1,0
Apo,3,257.6,-0.2810644805431366,-9.863487243652344,1,0
Apo,3,257.8,0.9570205807685852,-17.326627731323242,1,0
Apo,3,258.0,-1.5980108976364136,-15.848910331726074,1,0
Apo,3,258.2,2.4988462924957275,-18.516448974609375,1,0
Apo,3,258.4,1.637136697769165,-15.135322570800781,1,0
Apo,3,258.6,4.066861629486084,-17.103012084960938,1,0
Apo,3,258.8,1.711142897605896,-21.908226013183594,1,0
Apo,3,259.0,2.9737210273742676,-23.572975158691406,1,0
Apo,3,259.2,0.05682031437754631,-21.284269332885742,1,0
Apo,3,259.4,-4.128087043762207,-19.053592681884766,1,0
Apo,3,259.6,-2.01220703125,-26.175622940063477,1,0
Apo,3,259.8,-7.262833118438721,-26.489845275878906,1,0
Apo,3,260.0,-0.18206118047237396,-19.858240127563477,1,0
Apo,3,260.2,-4.072784423828125,-22.856203079223633,1,0
Apo,3,260.4,2.1512672901153564,-12.273823738098145,1,0
Apo,3,260.6,-0.361226350069046,-14.730987548828125,1,0
Apo,3,260.8,2.5975489616394043,-13.052154541015625,1,0
Apo,3,261.0,2.262036085128784,-13.997797012329102,1,0
Apo,3,261.2,-5.380908012390137,-19.573274612426758,1,0
Apo,3,261.4,3.6001639366149902,-21.1079158782959,1,0
Apo,3,261.6,0.40389469265937805,-23.096450805664062,1,0
Apo,3,261.8,0.06328503787517548,-24.89040756225586,0,1
Apo,3,262.0,8.58629322052002,-15.851008415222168,1,0
Apo,3,262.2,-6.325360298156738,-14.938871383666992,1,0
Apo,3,262.4,5.55790376663208,-19.515859603881836,1,0
Apo,3,262.6,5.7712202072143555,-15.86589527130127,1,0
Apo,3,262.8,-1.2567481994628906,-20.550750732421875,1,0
Apo,3,263.0,2.4281554222106934,-12.805213928222656,1,0
Apo,3,263.2,4.546022891998291,-14.478074073791504,1,0
Apo,3,263.4,-0.4895927906036377,-16.705211639404297,1,0
Apo,3,263.6,0.7429089546203613,-16.179080963134766,1,0
Apo,3,263.8,0.7190563678741455,-16.917272567749023,1,0
Apo,3,264.0,-3.7331173419952393,-16.685333251953125,1,0
Apo,3,264.2,-1.8119999170303345,-13.69192123413086,1,0
Apo,3,264.4,-3.699057102203369,-8.693804740905762,1,0
Apo,3,264.6,-2.488682270050049,-11.682188034057617,1,0
Apo,3,264.8,-4.802606582641602,-14.313462257385254,1,0
Apo,3,265.0,-5.72429895401001,-11.894165992736816,1,0
Apo,3,265.2,-7.447779655456543,-17.43389320373535,1,0
Apo,3,265.4,0.33268672227859497,-21.753116607666016,1,0
Apo,3,265.6,-0.03452565148472786,-20.06971549987793,1,0
Apo,3,265.8,-3.973013401031494,-20.476600646972656,1,0
Apo,3,266.0,-0.07301738858222961,-22.53791046142578,1,0
Apo,3,266.2,2.205209255218506,-18.61321449279785,1,0
Apo,3,266.4,-3.3870348930358887,-23.1495361328125,1,0
Apo,3,266.6,-3.861086130142212,-22.243425369262695,1,0
Apo,3,266.8,0.2560383379459381,-18.779218673706055,1,0
Apo,3,267.0,2.7694449424743652,-23.066049575805664,1,0
Apo,3,267.2,2.9142932891845703,-13.020922660827637,1,0
Apo,3,267.4,6.4195685386657715,-21.132598876953125,1,0
Apo,3,267.6,-0.9505801200866699,-18.053091049194336,1,0
Apo,3,267.8,0.5056971907615662,-20.125381469726562,1,0
Apo,3,268.0,1.212575912475586,-10.39355182647705,1,0
Apo,3,268.2,2.5909717082977295,-15.649742126464844,1,0
Apo,3,268.4,0.49789008498191833,-11.714463233947754,1,0
Apo,3,268.6,2.325732707977295,-11.263352394104004,1,0
Apo,3,268.8,-1.5568207502365112,-13.525287628173828,1,0
Apo,3,269.0,7.1833343505859375,-15.302108764648438,1,0
Apo,3,269.2,3.1477019786834717,-23.353927612304688,1,0
Apo,3,269.4,-0.26895299553871155,-17.759197235107422,1,0
Apo,3,269.6,-4.20361328125,-25.290807723999023,1,0
Apo,3,269.8,-2.9124557971954346,-21.105792999267578,1,0
Apo,3,270.0,0.33672988414764404,-28.529909133911133,1,0
Apo,3,270.2,-6.436283111572266,-20.759302139282227,0,1
Apo,3,270.4,1.7177048921585083,-20.362356185913086,1,0
Apo,3,270.6,0.9470922946929932,-26.107589721679688,0,1
Apo,3,270.8,-1.8352769613265991,-21.527917861938477,1,0
Apo,3,271.0,-8.350095748901367,-17.721281051635742,1,0
Apo,3,271.2,-1.232499361038208,-20.225996017456055,0,1
Apo,3,271.4,2.2041571140289307,-21.174236297607422,1,0
Apo,3,271.6,-6.8338775634765625,-21.51546287536621,1,0
Apo,3,271.8,-3.7426517009735107,-21.744998931884766,1,0
Apo,3,272.0,-2.1953558921813965,-12.368688583374023,1,0
Apo,3,272.2,-3.3974876403808594,-11.764864921569824,1,0
Apo,3,272.4,-3.6321659088134766,-19.01930809020996,1,0
Apo,3,272.6,0.18543881177902222,-19.838777542114258,1,0
Apo,3,272.8,-0.4353537857532501,-18.71869659423828,0,1
Apo,3,273.0,1.7369908094406128,-13.852892875671387,1,0
Apo,3,273.2,-2.5616679191589355,-25.64772605895996,0,1
Apo,3,273.4,-7.079188346862793,-27.474681854248047,1,0
Apo,3,273.6,2.072462320327759,-20.347801208496094,1,0
Apo,3,273.8,-6.263967990875244,-23.892263412475586,1,0
Apo,3,274.0,-0.4774840772151947,-18.231735229492188,1,0
Apo,3,274.2,2.222681999206543,-22.153728485107422,0,1
Apo,3,274.4,6.3240742683410645,-25.269847869873047,0,1
Apo,3,274.6,3.01457142829895,-24.73634147644043,0,1
Apo,3,274.8,6.141716957092285,-19.074188232421875,0,1
Apo,3,275.0,-1.134451985359192,-14.47799015045166,1,0
Apo,3,275.2,-2.0138821601867676,-18.331119537353516,0,1
Apo,3,275.4,-2.809734344482422,-19.467199325561523,1,0
Apo,3,275.6,-3.896601915359497,-21.317304611206055,1,0
Apo,3,275.8,-3.0764882564544678,-7.916923522949219,1,0
Apo,3,276.0,-4.924076557159424,-23.489213943481445,1,0
Apo,3,276.2,4.942264556884766,-20.656709671020508,1,0
Apo,3,276.4,-0.7902126908302307,-21.915098190307617,0,1
Apo,3,276.6,0.6039000749588013,-28.801626205444336,0,1
Apo,3,276.8,0.7606698870658875,-22.625802993774414,1,0
Apo,3,277.0,-3.373283624649048,-21.25043296813965,1,0
Apo,3,277.2,-2.701085329055786,-10.589255332946777,1,0
Apo,3,277.4,6.393531322479248,-18.982221603393555,0,1
Apo,3,277.6,4.614055633544922,-22.885805130004883,1,0
Apo,3,277.8,-0.2240745723247528,-14.718084335327148,1,0
Apo,3,278.0,6.526663780212402,-17.632970809936523,0,1
Apo,3,278.2,-1.7205710411071777,-26.988969802856445,1,0
Apo,3,278.4,2.8082687854766846,-22.60833740234375,0,1
Apo,3,278.6,6.148931980133057,-21.683557510375977,0,1
Apo,3,278.8,2.5335960388183594,-25.52237319946289,0,1
Apo,3,279.0,4.312126636505127,-24.160192489624023,0,1
Apo,3,279.2,-0.042925573885440826,-24.31024932861328,0,1
Apo,3,279.4,6.778265476226807,-26.344940185546875,0,1
Apo,3,279.6,4.304497718811035,-19.462093353271484,0,1
Apo,3,279.8,1.0287070274353027,-14.669706344604492,0,1
Apo,3,280.0,7.790335178375244,-20.703237533569336,0,1
Apo,3,280.2,4.079309940338135,-22.42474365234375,0,1
Apo,3,280.4,2.702143669128418,-23.60040855407715,0,1
Apo,3,280.6,2.587002992630005,-24.792509078979492,0,1
Apo,3,280.8,8.186166763305664,-23.092668533325195,0,1
Apo,3,281.0,9.34687328338623,-17.459789276123047,0,1
Apo,3,281.2,2.852628469467163,-23.587230682373047,0,1
Apo,3,281.4,1.279456615447998,-22.242773056030273,0,1
Apo,3,281.6,0.3460107445716858,-23.32383155822754,0,1
Apo,3,281.8,7.794139862060547,-22.745271682739258,0,1
Apo,3,282.0,1.9266103506088257,-17.398548126220703,0,1
Apo,3,282.2,3.104079008102417,-24.113079071044922,0,1
Apo,3,282.4,4.921597003936768,-16.95013999938965,0,1
Apo,3,282.6,3.0994768142700195,-17.544437408447266,1,0
Apo,3,282.8,-1.4131617546081543,-14.726741790771484,1,0
Apo,3,283.0,0.9368314743041992,-19.248323440551758,0,1
Apo,3,283.2,7.393016338348389,-12.313222885131836,0,1
Apo,3,283.4,4.100247383117676,-14.680475234985352,1,0
Apo,3,283.6,8.687092781066895,-15.23685359954834,1,0
Apo,3,283.8,6.17324686050415,-15.871423721313477,0,1
Apo,3,284.0,4.517728805541992,-4.969033718109131,1,0
Apo,3,284.2,-0.8432784676551819,-11.428524017333984,1,0
Apo,3,284.4,7.747142791748047,-17.43914794921875,0,1
Apo,3,284.6,2.0889549255371094,-16.874534606933594,0,1
Apo,3,284.8,2.2469162940979004,-9.194966316223145,0,1
Apo,3,285.0,-2.3136672973632812,-12.899911880493164,1,0
Apo,3,285.2,-0.05817311257123947,-14.33383560180664,1,0
Apo,3,285.4,1.2168807983398438,-18.98004150390625,0,1
Apo,3,285.6,-0.7929664850234985,-24.486513137817383,1,0
Apo,3,285.8,-0.5748211145401001,-24.169456481933594,0,1
Apo,3,286.0,-1.7528687715530396,-17.860557556152344,1,0
Apo,3,286.2,-0.13473652303218842,-20.50282859802246,0,1
Apo,3,286.4,1.3270663022994995,-14.600481033325195,1,0
Apo,3,286.6,2.8980069160461426,-22.245380401611328,0,1
Apo,3,286.8,1.4518043994903564,-10.97400951385498,1,0
Apo,3,287.0,1.479750156402588,-21.28768539428711,0,1
Apo,3,287.2,-3.46958327293396,-22.408964157104492,0,1
Apo,3,287.4,-3.347984552383423,-22.35206413269043,0,1
Apo,3,287.6,3.023312568664551,-24.866138458251953,0,1
Apo,3,287.8,-0.33903926610946655,-19.85513687133789,0,1
Apo,3,288.0,5.1677985191345215,-15.77376651763916,1,0
Apo,3,288.2,-0.3621975779533386,-22.673681259155273,1,0
Apo,3,288.4,0.852378785610199,-17.470630645751953,1,0
Apo,3,288.6,2.4045393466949463,-21.679704666137695,0,1
Apo,3,288.8,3.5819485187530518,-27.64136505126953,0,1
Apo,3,289.0,0.7544838190078735,-25.502185821533203,1,0
Apo,3,289.2,1.0864337682724,-15.644268035888672,1,0
Apo,3,289.4,3.3254342079162598,-15.204242706298828,0,1
Apo,3,289.6,1.967704176902771,-14.929061889648438,1,0
Apo,3,289.8,4.492664337158203,-15.95394515991211,0,1
Apo,3,290.0,8.639065742492676,-18.054380416870117,0,1
Apo,3,290.2,11.082857131958008,-19.319442749023438,0,1
Apo,3,290.4,7.177976131439209,-20.23008155822754,0,1
Apo,3,290.6,4.579233169555664,-20.579444885253906,1,0
Apo,3,290.8,3.7834527492523193,-15.406842231750488,1,0
Apo,3,291.0,6.765671730041504,-23.58578109741211,0,1
Apo,3,291.2,3.4557690620422363,-23.867958068847656,0,1
Apo,3,291.4,4.812406539916992,-23.145078659057617,0,1
Apo,3,291.6,2.9691007137298584,-15.888916969299316,1,0
Apo,3,291.8,5.722261428833008,-26.402109146118164,0,1
Apo,3,292.0,0.6952947974205017,-17.6472110748291,1,0
Apo,3,292.2,5.222370147705078,-12.654611587524414,1,0
Apo,3,292.4,-3.661722183227539,-20.905115127563477,1,0
Apo,3,292.6,1.7612110376358032,-13.565897941589355,1,0
Apo,3,292.8,1.305661916732788,-17.360559463500977,1,0
Apo,3,293.0,0.3941555917263031,-19.59354019165039,0,1
Apo,3,293.2,0.46960440278053284,-17.442726135253906,1,0
Apo,3,293.4,-1.5863810777664185,-12.219904899597168,1,0
Apo,3,293.6,7.132110118865967,-14.091805458068848,1,0
Apo,3,293.8,0.7975299954414368,-14.089673042297363,1,0
Apo,3,294.0,1.5603971481323242,-15.275754928588867,0,1
Apo,3,294.2,-3.924058675765991,-16.308849334716797,1,0
Apo,3,294.4,-2.1081748008728027,-13.860605239868164,1,0
Apo,3,294.6,2.3767588138580322,-14.844280242919922,1,0
Apo,3,294.8,1.7101696729660034,-24.89963722229004,0,1
Apo,3,295.0,3.0024325847625732,-23.535099029541016,0,1
Apo,3,295.2,4.477908134460449,-23.308561325073242,0,1
Apo,3,295.4,-1.57870352268219,-30.846181869506836,0,1
Apo,3,295.6,2.905595064163208,-15.200444221496582,1,0
Apo,3,295.8,0.012646832503378391,-29.06939697265625,0,1
Apo,3,296.0,6.482464790344238,-19.56140899658203,0,1
Apo,3,296.2,1.072281002998352,-16.73397445678711,1,0
Apo,3,296.4,-4.151882171630859,-24.727283477783203,0,1
Apo,3,296.6,2.638007640838623,-24.543243408203125,0,1
Apo,3,296.8,-1.064269781112671,-28.18161392211914,0,1
Apo,3,297.0,3.100592613220215,-25.83110237121582,0,1
Apo,3,297.2,5.1270551681518555,-23.1756534576416,0,1
Apo,3,297.4,-0.29766738414764404,-21.559690475463867,1,0
Apo,3,297.6,1.3641821146011353,-24.36180305480957,1,0
Apo,3,297.8,5.583112716674805,-21.493289947509766,0,1
Apo,3,298.0,-1.647020936012268,-26.21965980529785,1,0
Apo,3,298.2,2.6058425903320312,-21.948732376098633,1,0
Apo,3,298.4,0.9559761881828308,-16.331567764282227,0,1
Apo,3,298.6,4.001007080078125,-25.119646072387695,0,1
Apo,3,298.8,-1.0069115161895752,-19.748971939086914,0,1
Apo,3,299.0,1.8676663637161255,-17.820737838745117,1,0
Apo,3,299.2,-3.8880326747894287,-22.50676918029785,1,0
Apo,3,299.4,-1.495809555053711,-20.322656631469727,1,0
Apo,3,299.6,2.2681798934936523,-18.719579696655273,1,0
Apo,3,299.8,3.229116439819336,-16.465225219726562,0,1
Apo,3,300.0,-4.773250102996826,-18.94867515563965,1,0
Apo,3,300.2,-7.696226596832275,-22.286840438842773,1,0
Apo,3,300.4,-3.4385664463043213,-15.661097526550293,1,0
Apo,3,300.6,-1.246108889579773,-12.909876823425293,1,0
Apo,3,300.8,0.3961103856563568,-19.105180740356445,1,0
Apo,3,301.0,-1.668227195739746,-18.383222579956055,1,0
Apo,3,301.2,-1.5424004793167114,-26.804241180419922,0,1
Apo,3,301.4,6.243293285369873,-19.723543167114258,0,1
Apo,3,301.6,-1.748718023300171,-26.938169479370117,0,1
Apo,3,301.8,3.6280412673950195,-20.297670364379883,0,1
Apo,3,302.0,1.32463800907135,-19.948801040649414,1,0
Apo,3,302.2,1.5084747076034546,-25.44864845275879,1,0
Apo,3,302.4,-5.425457000732422,-11.450331687927246,1,0
Apo,3,302.6,1.5261520147323608,-21.076364517211914,0,1
Apo,3,302.8,5.4233527183532715,-17.034578323364258,0,1
Apo,3,303.0,3.792476177215576,-17.76856231689453,1,0
Apo,3,303.2,0.3473781645298004,-11.210094451904297,1,0
Apo,3,303.4,0.38697555661201477,-15.600561141967773,1,0
Apo,3,303.6,-5.2780070304870605,-17.51190185546875,1,0
Apo,3,303.8,-0.43257936835289,-17.460933685302734,1,0
Apo,3,304.0,2.1062636375427246,-24.022180557250977,1,0
Apo,3,304.2,3.501478672027588,-19.964332580566406,1,0
Apo,3,304.4,-0.9563512802124023,-11.288752555847168,1,0
Apo,3,304.6,5.12942361831665,-21.052587509155273,1,0
Apo,3,304.8,1.7162920236587524,-14.761540412902832,1,0
Apo,3,305.0,2.7209396362304688,-10.350443840026855,1,0
Apo,3,305.2,-2.384341239929199,-19.67271614074707,1,0
Apo,3,305.4,8.270610809326172,-15.714587211608887,1,0
Apo,3,305.6,5.7890400886535645,-18.602476119995117,0,1
Apo,3,305.8,3.3759493827819824,-10.72563362121582,0,1
Apo,3,306.0,-1.2982819080352783,-17.264190673828125,1,0
Apo,3,306.2,-2.0890915393829346,-12.850006103515625,0,1
Apo,3,306.4,-0.6573551297187805,-20.02874755859375,1,0
Apo,3,306.6,9.686470985412598,-8.767481803894043,0,1
Apo,3,306.8,-1.747382402420044,-18.452484130859375,0,1
Apo,3,307.0,-5.313912391662598,-17.425432205200195,0,1
Apo,3,307.2,1.8212674856185913,-22.069583892822266,0,1
Apo,3,307.4,-0.05352708697319031,-16.56913185119629,0,1
Apo,3,307.6,3.8487327098846436,-20.494943618774414,0,1
Apo,3,307.8,7.508544445037842,-23.12818145751953,0,1
Apo,3,308.0,-1.6527460813522339,-22.39187240600586,0,1
Apo,3,308.2,-3.392265558242798,-19.679494857788086,0,1
Apo,3,308.4,0.20264795422554016,-26.22696876525879,0,1
Apo,3,308.6,3.3105783462524414,-21.468149185180664,0,1
Apo,3,308.8,1.579275369644165,-24.280466079711914,0,1
Apo,3,309.0,-6.017297744750977,-25.63654899597168,0,1
Apo,3,309.2,-1.8451128005981445,-22.52355194091797,0,1
Apo,3,309.4,2.380549430847168,-28.499971389770508,0,1
Apo,3,309.6,4.494945526123047,-13.07956314086914,0,1
Apo,3,309.8,5.083735466003418,-17.035459518432617,0,1
Apo,3,310.0,3.5960710048675537,-22.855558395385742,0,1
Apo,3,310.2,7.6220221519470215,-21.35001564025879,0,1
Apo,3,310.4,2.6652393341064453,-20.20133399963379,0,1
Apo,3,310.6,11.157089233398438,-20.094684600830078,0,1
Apo,3,310.8,1.3727948665618896,-18.592283248901367,0,1
Apo,3,311.0,4.385418891906738,-20.450618743896484,0,1
Apo,3,311.2,2.2898993492126465,-20.28541374206543,0,1
Apo,3,311.4,4.486960411071777,-20.148530960083008,0,1
Apo,3,311.6,5.199089050292969,-18.265920639038086,0,1
Apo,3,311.8,3.9804418087005615,-20.541927337646484,0,1
Apo,3,312.0,-0.8032646179199219,-27.384546279907227,0,1
Apo,3,312.2,4.096397876739502,-25.195083618164062,0,1
Apo,3,312.4,2.7781310081481934,-26.867586135864258,0,1
Apo,3,312.6,4.985110282897949,-29.599197387695312,0,1
Apo,3,312.8,-2.7351977825164795,-28.05331039428711,0,1
Apo,3,313.0,-0.18789812922477722,-21.465843200683594,0,1
Apo,3,313.2,3.963198184967041,-26.48671531677246,0,1
Apo,3,313.4,5.840818405151367,-23.29216957092285,0,1
Apo,3,313.6,0.9988586902618408,-33.86956024169922,0,1
Apo,3,313.8,1.3501116037368774,-27.38370704650879,0,1
Apo,3,314.0,0.8651926517486572,-27.966588973999023,0,1
Apo,3,314.2,1.9842075109481812,-29.018280029296875,0,1
Apo,3,314.4,0.5462605953216553,-26.83171272277832,0,1
Apo,3,314.6,1.339966893196106,-24.346050262451172,0,1
Apo,3,314.8,2.6681339740753174,-23.73074722290039,0,1
Apo,3,315.0,3.755638360977173,-20.172496795654297,0,1
Apo,3,315.2,2.954146146774292,-18.686113357543945,0,1
Apo,3,315.4,5.288450241088867,-29.07068634033203,0,1
Apo,3,315.6,-3.964935302734375,-21.845760345458984,0,1
Apo,3,315.8,3.400409460067749,-27.886674880981445,0,1
Apo,3,316.0,-3.02217698097229,-24.386465072631836,0,1
Apo,3,316.2,5.156425476074219,-28.737661361694336,0,1
Apo,3,316.4,-0.3067927360534668,-24.3403263092041,0,1
Apo,3,316.6,-0.6401464343070984,-26.162940979003906,0,1
Apo,3,316.8,3.09317684173584,-23.456897735595703,0,1
Apo,3,317.0,2.816859483718872,-19.167524337768555,0,1
Apo,3,317.2,-1.2108464241027832,-17.609577178955078,0,1
Apo,3,317.4,0.6592235565185547,-27.677343368530273,0,1
Apo,3,317.6,6.237547397613525,-23.138458251953125,0,1
Apo,3,317.8,-0.7395433783531189,-26.576946258544922,0,1
Apo,3,318.0,-0.876579761505127,-28.018198013305664,0,1
Apo,3,318.2,-1.5426353216171265,-22.366601943969727,0,1
Apo,3,318.4,6.7387895584106445,-20.82445526123047,0,1
Apo,3,318.6,1.5542563199996948,-24.870357513427734,0,1
Apo,3,318.8,4.050889015197754,-22.468969345092773,0,1
Apo,3,319.0,6.105792999267578,-23.52261734008789,0,1
Apo,3,319.2,-0.23817744851112366,-25.204200744628906,0,1
Apo,3,319.4,-0.991780161857605,-22.397571563720703,0,1
Apo,3,319.6,1.4959112405776978,-24.008520126342773,0,1
Apo,3,319.8,3.63555645942688,-22.020063400268555,0,1
Apo,3,320.0,-3.4287919998168945,-27.175519943237305,0,1
Apo,3,320.2,3.48681640625,-22.964570999145508,0,1
Apo,3,320.4,6.881529808044434,-23.68492889404297,0,1
Apo,3,320.6,3.517179012298584,-31.334243774414062,0,1
Apo,3,320.8,-1.151026725769043,-27.423948287963867,0,1
Apo,3,321.0,6.710463523864746,-21.975574493408203,0,1
Apo,3,321.2,3.8475284576416016,-23.694786071777344,0,1
Apo,3,321.4,3.2077884674072266,-17.13608741760254,0,1
Apo,3,321.6,1.3682420253753662,-35.03473663330078,0,1
Apo,3,321.8,3.2791266441345215,-25.348636627197266,0,1
Apo,3,322.0,2.880279779434204,-25.495359420776367,0,1
Apo,3,322.2,-2.894656181335449,-22.2507266998291,1,0
Apo,3,322.4,-2.5115365982055664,-24.173189163208008,0,1
Apo,3,322.6,-0.9834848642349243,-26.907188415527344,0,1
Apo,3,322.8,0.6017956733703613,-31.683319091796875,0,1
Apo,3,323.0,-1.4455454349517822,-28.01749038696289,0,1
Apo,3,323.2,-3.56443452835083,-23.551105499267578,0,1
Apo,3,323.4,-1.7041501998901367,-21.483285903930664,0,1
Apo,3,323.6,-3.0149331092834473,-23.085952758789062,0,1
Apo,3,323.8,-3.2834086418151855,-23.656240463256836,0,1
Apo,3,324.0,-0.7825873494148254,-30.277708053588867,0,1
Apo,3,324.2,2.224843740463257,-24.64054298400879,0,1
Apo,3,324.4,3.4025111198425293,-29.812368392944336,0,1
Apo,3,324.6,2.106010913848877,-24.852209091186523,0,1
Apo,3,324.8,2.494194269180298,-12.926558494567871,0,1
Apo,3,325.0,1.7433297634124756,-27.894643783569336,0,1
Apo,3,325.2,-2.7863521575927734,-15.382919311523438,0,1
Apo,3,325.4,0.9549241662025452,-20.214853286743164,0,1
Apo,3,325.6,3.988856315612793,-14.159774780273438,0,1
Apo,3,325.8,0.46832939982414246,-22.036209106445312,0,1
Apo,3,326.0,9.373373031616211,-13.824893951416016,0,1
Apo,3,326.2,3.42659068107605,-22.50482749938965,0,1
Apo,3,326.4,1.8109841346740723,-20.246612548828125,0,1
Apo,3,326.6,1.8145816326141357,-19.825157165527344,0,1
Apo,3,326.8,6.386297702789307,-13.386340141296387,0,1
Apo,3,327.0,3.813455581665039,-20.11711883544922,0,1
Apo,3,327.2,5.442539215087891,-19.002309799194336,0,1
Apo,3,327.4,6.5782012939453125,-16.85980224609375,0,1
Apo,3,327.6,-1.87723970413208,-17.057884216308594,0,1
Apo,3,327.8,6.004725456237793,-22.091402053833008,0,1
Apo,3,328.0,4.952212810516357,-23.425373077392578,0,1
Apo,3,328.2,4.876397132873535,-24.502979278564453,0,1
Apo,3,328.4,4.195929527282715,-25.765926361083984,0,1
Apo,3,328.6,0.7251424193382263,-21.10504722595215,0,1
Apo,3,328.8,3.2897064685821533,-19.492677688598633,0,1
Apo,3,329.0,-1.768507480621338,-18.518512725830078,0,1
Apo,3,329.2,-1.6866815090179443,-20.3064022064209,0,1
Apo,3,329.4,-3.382344961166382,-25.517343521118164,0,1
Apo,3,329.6,1.0126290321350098,-19.47987937927246,0,1
Apo,3,329.8,-8.074495315551758,-20.660350799560547,0,1
Apo,3,330.0,1.6067066192626953,-17.495759963989258,0,1
Apo,3,330.2,0.18823769688606262,-28.322303771972656,0,1
Apo,3,330.4,0.8277559876441956,-23.402420043945312,0,1
Apo,3,330.6,0.7442532777786255,-25.45632553100586,0,1
Apo,3,330.8,0.6205479502677917,-28.338518142700195,0,1
Apo,3,331.0,0.01696200482547283,-30.321468353271484,0,1
Apo,3,331.2,-2.532370090484619,-22.942426681518555,0,1
Apo,3,331.4,-0.07868608087301254,-27.56529426574707,0,1
Apo,3,331.6,2.740523338317871,-24.6663818359375,0,1
Apo,3,331.8,-0.882715106010437,-21.115089416503906,0,1
Apo,3,332.0,2.928840160369873,-24.95543098449707,0,1
Apo,3,332.2,0.5401915907859802,-19.73844337463379,0,1
Apo,3,332.4,3.650716781616211,-21.700702667236328,0,1
Apo,3,332.6,1.7457712888717651,-23.895214080810547,0,1
Apo,3,332.8,-2.2584598064422607,-29.288461685180664,0,1
Apo,3,333.0,2.7520642280578613,-27.162721633911133,0,1
Apo,3,333.2,-1.1171696186065674,-25.281360626220703,0,1
Apo,3,333.4,-5.222748756408691,-21.118040084838867,0,1
Apo,3,333.6,-2.6490280628204346,-27.205137252807617,0,1
Apo,3,333.8,-3.014600992202759,-31.170103073120117,0,1
Apo,3,334.0,-1.0956329107284546,-32.36402130126953,0,1
Apo,3,334.2,-1.4039210081100464,-28.232803344726562,0,1
Apo,3,334.4,0.04370418190956116,-31.7059326171875,0,1
Apo,3,334.6,-0.7925168871879578,-33.29582977294922,0,1
Apo,3,334.8,-3.8519644737243652,-36.691673278808594,0,1
Apo,3,335.0,-1.7514159679412842,-26.284957885742188,0,1
Apo,3,335.2,-3.7634427547454834,-23.521730422973633,0,1
Apo,3,335.4,0.5313315987586975,-23.900419235229492,0,1
Apo,3,335.6,-1.5475289821624756,-21.823413848876953,0,1
Apo,3,335.8,-4.875560283660889,-33.692047119140625,0,1
Apo,3,336.0,0.5184914469718933,-26.540546417236328,0,1
Apo,3,336.2,-2.717498779296875,-22.94316291809082,0,1
Apo,3,336.4,1.5082433223724365,-26.491592407226562,0,1
Apo,3,336.6,0.8563501238822937,-14.299492835998535,0,1
Apo,3,336.8,0.8841512799263,-24.59312629699707,0,1
Apo,3,337.0,-1.1574424505233765,-22.74079132080078,0,1
Apo,3,337.2,-1.2444976568222046,-24.430644989013672,0,1
Apo,3,337.4,3.6713314056396484,-28.361238479614258,0,1
Apo,3,337.6,-2.389383554458618,-15.60312271118164,0,1
Apo,3,337.8,-0.35133442282676697,-26.705530166625977,0,1
Apo,3,338.0,-3.1735150814056396,-16.195274353027344,0,1
Apo,3,338.2,2.678421974182129,-25.933582305908203,0,1
Apo,3,338.4,1.5644538402557373,-19.413650512695312,0,1
Apo,3,338.6,0.1812697947025299,-19.23046875,0,1
Apo,3,338.8,1.4991835355758667,-21.800207138061523,0,1
Apo,3,339.0,0.07900433987379074,-21.07221031188965,0,1
Apo,3,339.2,2.8665096759796143,-22.26692771911621,0,1
Apo,3,339.4,5.6892313957214355,-22.095590591430664,0,1
Apo,3,339.6,0.47298163175582886,-20.628400802612305,0,1
Apo,3,339.8,6.960998058319092,-20.010066986083984,0,1
Apo,3,340.0,9.193132400512695,-17.998023986816406,0,1
Apo,3,340.2,5.8442816734313965,-17.28887176513672,0,1
Apo,3,340.4,4.871768951416016,-20.66946029663086,0,1
Apo,3,340.6,2.5231833457946777,-13.405308723449707,0,1
Apo,3,340.8,8.41012191772461,-21.194780349731445,0,1
Apo,3,341.0,7.5601725578308105,-8.665398597717285,0,1
Apo,3,341.2,13.377294540405273,-12.797076225280762,0,1
Apo,3,341.4,12.985278129577637,-20.137805938720703,0,1
Apo,3,341.6,3.1403214931488037,-15.71730899810791,0,1
Apo,3,341.8,8.26402473449707,-6.225805759429932,0,1
Apo,3,342.0,7.257358551025391,-16.42890167236328,0,1
Apo,3,342.2,5.310182571411133,-11.860672950744629,0,1
Apo,3,342.4,6.602865219116211,-12.516681671142578,0,1
Apo,3,342.6,2.3587512969970703,-11.499580383300781,0,1
Apo,3,342.8,2.71207857131958,-12.353157043457031,0,1
Apo,3,343.0,5.357415199279785,-21.559677124023438,0,1
Apo,3,343.2,0.6532357931137085,-27.114120483398438,0,1
Apo,3,343.4,2.2867579460144043,-18.52824592590332,0,1
Apo,3,343.6,3.63224720954895,-20.866622924804688,0,1
Apo,3,343.8,4.678966045379639,-24.082263946533203,0,1
Apo,3,344.0,2.544379949569702,-25.01286506652832,0,1
Apo,3,344.2,2.2166736125946045,-24.352306365966797,0,1
Apo,3,344.4,-1.6900193691253662,-25.433631896972656,0,1
Apo,3,344.6,4.969974994659424,-26.76365852355957,0,1
Apo,3,344.8,-0.016524793580174446,-17.124073028564453,0,1
Apo,3,345.0,1.086586833000183,-14.846691131591797,0,1
Apo,3,345.2,0.6641032099723816,-25.324159622192383,0,1
Apo,3,345.4,-0.6532450318336487,-17.932647705078125,0,1
Apo,3,345.6,2.3703763484954834,-16.222820281982422,0,1
Apo,3,345.8,3.995046377182007,-8.841033935546875,0,1
Apo,3,346.0,0.9352597594261169,-26.344636917114258,0,1
Apo,3,346.2,-4.306442737579346,-22.538637161254883,0,1
Apo,3,346.4,-0.1686779409646988,-24.021621704101562,0,1
Apo,3,346.6,-0.035897571593523026,-11.517431259155273,0,1
Apo,3,346.8,0.12211526185274124,-19.133426666259766,0,1
Apo,3,347.0,-1.0087249279022217,-26.776437759399414,0,1
Apo,3,347.2,-0.3031381070613861,-31.091896057128906,0,1
Apo,3,347.4,1.4556702375411987,-25.690956115722656,0,1
Apo,3,347.6,3.853242874145508,-30.759674072265625,0,1
Apo,3,347.8,4.598845481872559,-21.136981964111328,0,1
Apo,3,348.0,3.1922719478607178,-25.445505142211914,0,1
Apo,3,348.2,-0.07894735783338547,-22.312816619873047,0,1
Apo,3,348.4,2.6389243602752686,-20.974193572998047,0,1
Apo,3,348.6,-1.9282910823822021,-21.944589614868164,0,1
Apo,3,348.8,-1.5798977613449097,-24.79231834411621,0,1
Apo,3,349.0,1.8222534656524658,-25.363317489624023,0,1
Apo,3,349.2,-5.502510070800781,-18.177248001098633,0,1
Apo,3,349.4,-3.2976250648498535,-23.58092498779297,0,1
Apo,3,349.6,2.4070310592651367,-16.58038330078125,0,1
Apo,3,349.8,1.4861249923706055,-20.125839233398438,0,1
Apo,3,350.0,-2.1001856327056885,-10.696252822875977,0,1
Apo,3,350.2,6.366195201873779,-14.26015567779541,0,1
Apo,3,350.4,-0.7102104425430298,-17.770030975341797,0,1
Apo,3,350.6,-0.8103275895118713,-17.547229766845703,0,1
Apo,3,350.8,-1.3699805736541748,-15.457030296325684,0,1
Apo,3,351.0,5.19708776473999,-16.805959701538086,0,1
Apo,3,351.2,6.128572463989258,-14.325018882751465,0,1
Apo,3,351.4,0.7174888849258423,-8.614164352416992,0,1
Apo,3,351.6,-0.2817258834838867,-15.175760269165039,0,1
Apo,3,351.8,0.8878746628761292,-17.217021942138672,0,1
Apo,3,352.0,2.040827512741089,-14.37674331665039,0,1
Apo,3,352.2,6.027439594268799,-17.76102066040039,0,1
Apo,3,352.4,-0.7346853017807007,-18.920364379882812,0,1
Apo,3,352.6,-1.7940268516540527,-14.764848709106445,0,1
Apo,3,352.8,3.508282423019409,-13.379779815673828,0,1
Apo,3,353.0,-1.745459794998169,-12.73831844329834,1,0
Apo,3,353.2,-1.9493507146835327,-9.56989860534668,0,1
Apo,3,353.4,4.3864545822143555,-20.066335678100586,0,1
Apo,3,353.6,-3.7585368156433105,-18.436134338378906,0,1
Apo,3,353.8,0.9005779027938843,-22.104482650756836,0,1
Apo,3,354.0,-4.1790266036987305,-19.457353591918945,0,1
Apo,3,354.2,0.03054973855614662,-19.871570587158203,0,1
Apo,3,354.4,3.5875308513641357,-25.994165420532227,0,1
Apo,3,354.6,3.8002145290374756,-31.653846740722656,0,1
Apo,3,354.8,0.6765313744544983,-24.84259605407715,0,1
Apo,3,355.0,6.182378768920898,-15.915759086608887,0,1
Apo,3,355.2,1.5929681062698364,-19.640321731567383,0,1
Apo,3,355.4,1.9784804582595825,-21.830978393554688,0,1
Apo,3,355.6,7.6967997550964355,-22.485382080078125,0,1
Apo,3,355.8,3.7158665657043457,-22.503957748413086,0,1
Apo,3,356.0,2.4488606452941895,-14.477675437927246,0,1
Apo,3,356.2,1.045745611190796,-20.24176788330078,0,1
Apo,3,356.4,6.370952129364014,-21.167171478271484,0,1
Apo,3,356.6,-8.333770751953125,-12.966337203979492,0,1
Apo,3,356.8,4.467557907104492,-13.191808700561523,0,1
Apo,3,357.0,5.003574371337891,-18.90825653076172,0,1
Apo,3,357.2,1.5066251754760742,-22.372852325439453,0,1
Apo,3,357.4,4.395219802856445,-19.37624168395996,0,1
Apo,3,357.6,3.4954352378845215,-13.901803970336914,0,1
Apo,3,357.8,6.902766227722168,-17.04583740234375,0,1
Apo,3,358.0,7.98014497756958,-19.972412109375,0,1
Apo,3,358.2,1.7857881784439087,-18.966142654418945,0,1
Apo,3,358.4,-2.652684211730957,-10.895037651062012,0,1
Apo,3,358.6,10.92818832397461,-15.030158042907715,0,1
Apo,3,358.8,1.6537128686904907,-19.108549118041992,0,1
Apo,3,359.0,6.040379047393799,-18.001590728759766,0,1
Apo,3,359.2,3.3332064151763916,-7.673582553863525,0,1
Apo,3,359.4,1.67202889919281,-17.370121002197266,0,1
Apo,3,359.6,-0.5463504791259766,-14.80073070526123,0,1
Apo,3,359.8,6.9279069900512695,-24.496601104736328,0,1
Apo,3,360.0,1.187975525856018,-16.338624954223633,0,1
Apo,3,360.2,1.8689098358154297,-9.626375198364258,0,1
Apo,3,360.4,9.841008186340332,-16.259017944335938,0,1
Apo,3,360.6,5.435801982879639,-15.452494621276855,0,1
Apo,3,360.8,5.891581058502197,-22.780105590820312,0,1
Apo,3,361.0,5.298176288604736,-11.435737609863281,1,0
Apo,3,361.2,-0.5800690054893494,-14.785045623779297,1,0
Apo,3,361.4,-0.17634843289852142,-22.576568603515625,0,1
Apo,3,361.6,-4.883604049682617,-23.21236228942871,1,0
Apo,3,361.8,0.21058416366577148,-11.459542274475098,1,0
Apo,3,362.0,-6.699596881866455,-16.045854568481445,1,0
Apo,3,362.2,-3.9041357040405273,-18.421062469482422,1,0
Apo,3,362.4,-6.326018333435059,-24.340105056762695,1,0
Apo,3,362.6,-3.691028118133545,-17.176301956176758,1,0
Apo,3,362.8,-1.193773865699768,-16.973520278930664,1,0
Apo,3,363.0,-6.483658313751221,-15.055490493774414,1,0
Apo,3,363.2,-0.780465841293335,-19.817548751831055,0,1
Apo,3,363.4,-1.4568175077438354,-18.417612075805664,0,1
Apo,3,363.6,-4.848464488983154,-16.284536361694336,1,0
Apo,3,363.8,1.6056691408157349,-13.838769912719727,1,0
Apo,3,364.0,-3.311460018157959,-22.611480712890625,0,1
Apo,3,364.2,-2.6258342266082764,-19.287004470825195,0,1
Apo,3,364.4,-4.0582075119018555,-14.59618854522705,0,1
Apo,3,364.6,-0.2539672553539276,-18.23761558532715,0,1
Apo,3,364.8,-6.285743236541748,-11.960923194885254,1,0
Apo,3,365.0,2.7185685634613037,-15.754189491271973,0,1
Apo,3,365.2,-1.7066069841384888,-15.58260726928711,1,0
Apo,3,365.4,-9.511336326599121,-16.228803634643555,1,0
Apo,3,365.6,-7.494506359100342,-18.253868103027344,1,0
Apo,3,365.8,-5.616364479064941,-16.663206100463867,1,0
Apo,3,366.0,0.1594085544347763,-22.62551498413086,0,1
Apo,3,366.2,-1.1692007780075073,-19.160865783691406,1,0
Apo,3,366.4,-0.4745500981807709,-15.682754516601562,0,1
Apo,3,366.6,-0.050116825848817825,-22.693830490112305,1,0
Apo,3,366.8,3.709512233734131,-22.578025817871094,0,1
Apo,3,367.0,2.067748785018921,-23.52824592590332,0,1
Apo,3,367.2,0.6225383877754211,-27.48682403564453,0,1
Apo,3,367.4,8.099254608154297,-20.833398818969727,0,1
Apo,3,367.6,-3.91015362739563,-19.522478103637695,0,1
Apo,3,367.8,2.536921501159668,-23.33647918701172,0,1
Apo,3,368.0,-5.276594161987305,-13.035271644592285,0,1
Apo,3,368.2,-3.061732530593872,-20.819923400878906,0,1
Apo,3,368.4,-2.218946695327759,-15.487170219421387,1,0
Apo,3,368.6,-5.309690952301025,-21.516191482543945,1,0
Apo,3,368.8,-2.46870756149292,-21.75407600402832,0,1
Apo,3,369.0,-4.645689010620117,-19.05877113342285,0,1
Apo,3,369.2,-2.0115087032318115,-22.607074737548828,0,1
Apo,3,369.4,-3.3587486743927,-24.898237228393555,1,0
Apo,3,369.6,2.4286208152770996,-25.155519485473633,0,1
Apo,3,369.8,5.311014175415039,-29.095441818237305,0,1
Apo,3,370.0,3.7171366214752197,-27.0489444732666,0,1
Apo,3,370.2,8.453879356384277,-15.510963439941406,0,1
Apo,3,370.4,14.689468383789062,-18.413206100463867,0,1
Apo,3,370.6,4.734073638916016,-22.714824676513672,0,1
Apo,3,370.8,2.2809531688690186,-21.53139305114746,0,1
Apo,3,371.0,-0.5801658034324646,-18.909286499023438,0,1
Apo,3,371.2,6.414201736450195,-24.030838012695312,0,1
Apo,3,371.4,0.07029686868190765,-26.63429832458496,0,1
Apo,3,371.6,2.9567618370056152,-22.169435501098633,0,1
Apo,3,371.8,4.953219890594482,-27.25481414794922,0,1
Apo,3,372.0,-0.8072914481163025,-27.95884895324707,0,1
Apo,3,372.2,-1.6134297847747803,-18.61937713623047,1,0
Apo,3,372.4,2.0179810523986816,-19.9996395111084,1,0
Apo,3,372.6,-0.840926468372345,-16.564773559570312,1,0
Apo,3,372.8,-1.3110822439193726,-14.94654655456543,1,0
Apo,3,373.0,-8.572957038879395,-18.938575744628906,1,0
Apo,3,373.2,1.3785218000411987,-22.702966690063477,1,0
Apo,3,373.4,-3.387078285217285,-21.45559310913086,1,0
Apo,3,373.6,-0.21666160225868225,-18.362581253051758,1,0
Apo,3,373.8,-4.183592796325684,-30.76743507385254,0,1
Apo,3,374.0,0.6535854935646057,-21.37435531616211,1,0
Apo,3,374.2,-2.8635940551757812,-28.00983238220215,0,1
Apo,3,374.4,-6.703635215759277,-27.945087432861328,1,0
Apo,3,374.6,-1.9546648263931274,-27.043861389160156,0,1
Apo,3,374.8,-11.908672332763672,-19.31540870666504,1,0
Apo,3,375.0,-2.5078635215759277,-19.10840606689453,1,0
Apo,3,375.2,-7.883126258850098,-20.069561004638672,1,0
Apo,3,375.4,3.8562793731689453,-15.579381942749023,1,0
Apo,3,375.6,-2.5860002040863037,-18.00678825378418,1,0
Apo,3,375.8,-8.223926544189453,-19.625268936157227,1,0
Apo,3,376.0,-4.029518127441406,-27.11676597595215,1,0
Apo,3,376.2,-7.0237274169921875,-22.413389205932617,1,0
Apo,3,376.4,-0.8332697749137878,-24.076597213745117,1,0
Apo,3,376.6,-5.050656795501709,-34.97737121582031,1,0
Apo,3,376.8,-5.05914831161499,-20.78084373474121,1,0
Apo,3,377.0,-9.336519241333008,-19.42938995361328,1,0
Apo,3,377.2,-5.136445999145508,-19.676259994506836,1,0
Apo,3,377.4,3.0688376426696777,-15.720643043518066,1,0
Apo,3,377.6,0.5908453464508057,-24.015674591064453,1,0
Apo,3,377.8,-7.101819038391113,-15.183338165283203,1,0
Apo,3,378.0,0.05996333807706833,-17.425033569335938,1,0
Apo,3,378.2,-6.082085609436035,-18.6282958984375,1,0
Apo,3,378.4,-3.9406278133392334,-15.468903541564941,1,0
Apo,3,378.6,-5.487439155578613,-24.722049713134766,1,0
Apo,3,378.8,-2.004244565963745,-23.196611404418945,1,0
Apo,3,379.0,-8.566750526428223,-23.8309383392334,1,0
Apo,3,379.2,-0.7128217220306396,-19.86281394958496,1,0
Apo,3,379.4,-3.512256622314453,-22.64006996154785,1,0
Apo,3,379.6,0.488772988319397,-24.782581329345703,1,0
Apo,3,379.8,1.8351221084594727,-19.35947036743164,1,0
Apo,3,380.0,2.1461424827575684,-20.27170753479004,1,0
Apo,3,380.2,-0.547448456287384,-22.277692794799805,1,0
Apo,3,380.4,-3.5341289043426514,-25.695159912109375,1,0
Apo,3,380.6,-8.459689140319824,-28.505571365356445,1,0
Apo,3,380.8,-3.5928430557250977,-32.126766204833984,0,1
Apo,3,381.0,-6.399664878845215,-16.936241149902344,1,0
Apo,3,381.2,-1.5458338260650635,-26.559274673461914,1,0
Apo,3,381.4,-1.7681981325149536,-19.937150955200195,1,0
Apo,3,381.6,-6.9262542724609375,-20.726093292236328,1,0
Apo,3,381.8,-10.363576889038086,-31.580270767211914,1,0
Apo,3,382.0,-7.82202672958374,-18.534446716308594,1,0
Apo,3,382.2,-9.23741626739502,-19.071043014526367,1,0
Apo,3,382.4,5.836089134216309,-17.252079010009766,0,1
Apo,3,382.6,-1.5698449611663818,-22.42520523071289,1,0
Apo,3,382.8,-5.833300590515137,-19.284334182739258,1,0
Apo,3,383.0,-2.7750558853149414,-21.37266731262207,1,0
Apo,3,383.2,-6.835071563720703,-21.235755920410156,1,0
Apo,3,383.4,-4.392861366271973,-16.503826141357422,1,0
Apo,3,383.6,-4.438680171966553,-22.089725494384766,1,0
Apo,3,383.8,-5.139190196990967,-16.893781661987305,1,0
Apo,3,384.0,-5.035032272338867,-26.84881591796875,1,0
Apo,3,384.2,-4.7982072830200195,-19.656740188598633,1,0
Apo,3,384.4,-2.1788909435272217,-15.76209545135498,1,0
Apo,3,384.6,-1.7194929122924805,-23.850791931152344,1,0
Apo,3,384.8,-8.977338790893555,-27.501089096069336,1,0
Apo,3,385.0,-6.370889663696289,-24.333616256713867,1,0
Apo,3,385.2,-4.627683162689209,-16.538089752197266,1,0
Apo,3,385.4,-0.6427240371704102,-8.744256973266602,1,0
Apo,3,385.6,-7.240083694458008,-20.521821975708008,1,0
Apo,3,385.8,0.0226480420678854,-13.4662504196167,1,0
Apo,3,386.0,-1.8417527675628662,-23.430940628051758,0,1
Apo,3,386.2,-2.287224531173706,-23.2836971282959,1,0
Apo,3,386.4,-2.1127355098724365,-19.763843536376953,1,0
Apo,3,386.6,-0.9183253049850464,-25.380189895629883,1,0
Apo,3,386.8,-2.8331778049468994,-26.796457290649414,1,0
Apo,3,387.0,7.777533054351807,-23.261558532714844,1,0
Apo,3,387.2,1.7920321226119995,-23.027185440063477,1,0
Apo,3,387.4,3.552652597427368,-20.611408233642578,0,1
Apo,3,387.6,-1.137233853340149,-29.3271541595459,1,0
Apo,3,387.8,5.460150718688965,-24.031368255615234,0,1
Apo,3,388.0,3.294520139694214,-23.60204315185547,0,1
Apo,3,388.2,7.270505428314209,-23.236347198486328,1,0
Apo,3,388.4,6.010056972503662,-24.294628143310547,1,0
Apo,3,388.6,1.2761785984039307,-20.204463958740234,1,0
Apo,3,388.8,-3.8798961639404297,-24.49095916748047,0,1
Apo,3,389.0,3.903155565261841,-21.9835147857666,0,1
Apo,3,389.2,5.476444721221924,-31.520919799804688,0,1
Apo,3,389.4,11.94088363647461,-20.031991958618164,0,1
Apo,3,389.6,2.9495346546173096,-16.900693893432617,0,1
Apo,3,389.8,5.301356315612793,-26.42388153076172,0,1
Apo,3,390.0,-3.8252429962158203,-27.86362648010254,0,1
Apo,3,390.2,6.548398017883301,-19.158802032470703,0,1
Apo,3,390.4,0.02350267581641674,-25.939672470092773,0,1
Apo,3,390.6,0.1776212900876999,-19.19760513305664,0,1
Apo,3,390.8,1.2373462915420532,-20.374267578125,0,1
Apo,3,391.0,0.8396030068397522,-22.515779495239258,0,1
Apo,3,391.2,1.82552969455719,-22.4398250579834,0,1
Apo,3,391.4,-5.941431045532227,-23.04012107849121,0,1
Apo,3,391.6,-3.4023256301879883,-18.121904373168945,0,1
Apo,3,391.8,-1.5874359607696533,-24.057172775268555,1,0
Apo,3,392.0,-4.08909273147583,-19.73118782043457,1,0
Apo,3,392.2,6.094945430755615,-26.672409057617188,0,1
Apo,3,392.4,0.9259196519851685,-19.610877990722656,0,1
Apo,3,392.6,-1.076582908630371,-25.364429473876953,0,1
Apo,3,392.8,0.7482402324676514,-27.169797897338867,0,1
Apo,3,393.0,2.8411810398101807,-28.43305778503418,0,1
Apo,3,393.2,1.5618287324905396,-32.98809051513672,0,1
Apo,3,393.4,-0.4831938147544861,-20.817975997924805,1,0
Apo,3,393.6,-8.84846305847168,-22.151262283325195,1,0
Apo,3,393.8,-4.939001083374023,-20.562864303588867,1,0
Apo,3,394.0,-2.8333139419555664,-25.13564109802246,1,0
Apo,3,394.2,1.3959481716156006,-23.247451782226562,0,1
Apo,3,394.4,-3.1499695777893066,-21.421661376953125,1,0
Apo,3,394.6,-2.2697415351867676,-23.637958526611328,1,0
Apo,3,394.8,2.4555370807647705,-20.602296829223633,1,0
Apo,3,395.0,2.7022476196289062,-30.834793090820312,0,1
Apo,3,395.2,2.2671351432800293,-20.366802215576172,1,0
Apo,3,395.4,-0.23362159729003906,-26.35370445251465,1,0
Apo,3,395.6,3.815864086151123,-19.10036849975586,1,0
Apo,3,395.8,-0.9921532273292542,-25.540267944335938,1,0
Apo,3,396.0,3.216264009475708,-21.280282974243164,1,0
Apo,3,396.2,0.8813703060150146,-18.82720947265625,1,0
Apo,3,396.4,1.526109218597412,-18.10123634338379,1,0
Apo,3,396.6,-0.09662864357233047,-16.611345291137695,1,0
Apo,3,396.8,7.542934417724609,-22.94455337524414,1,0
Apo,3,397.0,2.224224328994751,-17.36531639099121,1,0
Apo,3,397.2,0.6841471791267395,-25.486385345458984,0,1
Apo,3,397.4,-1.9491342306137085,-20.807340621948242,0,1
Apo,3,397.6,4.066686630249023,-21.068347930908203,1,0
Apo,3,397.8,2.876925468444824,-23.781408309936523,0,1
Apo,3,398.0,-1.1470158100128174,-19.585796356201172,1,0
Apo,3,398.2,-1.503291368484497,-22.04534149169922,1,0
Apo,3,398.4,-1.8412878513336182,-14.992013931274414,1,0
Apo,3,398.6,-7.92470645904541,-22.17362403869629,1,0
Apo,3,398.8,-0.07763902842998505,-13.063361167907715,1,0
Apo,3,399.0,-3.810905933380127,-18.003583908081055,1,0
Apo,3,399.2,3.4385695457458496,-14.240447998046875,0,1
Apo,3,399.4,-6.160256862640381,-24.063560485839844,0,1
Apo,3,399.6,-9.258779525756836,-19.116968154907227,1,0
Apo,3,399.8,-1.1829044818878174,-17.312999725341797,1,0
Apo,3,400.0,6.594470977783203,-23.079172134399414,0,1
Apo,3,400.2,-0.8863620758056641,-33.63389205932617,0,1
Apo,3,400.4,-1.5452672243118286,-25.416200637817383,1,0
Apo,3,400.6,1.1995092630386353,-19.917407989501953,1,0
Apo,3,400.8,-1.7231489419937134,-24.55535125732422,1,0
Apo,3,401.0,-0.32199910283088684,-21.014842987060547,1,0
Apo,3,401.2,-0.8362302184104919,-23.34539222717285,1,0
Apo,3,401.4,-4.162346839904785,-18.496530532836914,1,0
Apo,3,401.6,-1.3189407587051392,-17.924583435058594,1,0
Apo,3,401.8,-0.7166063785552979,-22.65904426574707,1,0
Apo,3,402.0,1.8368014097213745,-19.57801055908203,1,0
Apo,3,402.2,-4.5446457862854,-17.4805908203125,1,0
Apo,3,402.4,0.35961994528770447,-24.288904190063477,0,1
Apo,3,402.6,-6.250579357147217,-23.124135971069336,1,0
Apo,3,402.8,-6.918974876403809,-24.719465255737305,0,1
Apo,3,403.0,-7.124756813049316,-30.57245445251465,1,0
Apo,3,403.2,-2.6700034141540527,-27.651077270507812,1,0
Apo,3,403.4,-3.3663947582244873,-20.051706314086914,1,0
Apo,3,403.6,-4.043361663818359,-21.522571563720703,1,0
Apo,3,403.8,-6.201158046722412,-24.314380645751953,0,1
Apo,3,404.0,2.7132790088653564,-19.946327209472656,0,1
Apo,3,404.2,-0.41268816590309143,-20.844383239746094,0,1
Apo,3,404.4,-4.81058931350708,-26.405406951904297,0,1
Apo,3,404.6,-5.795179843902588,-16.595003128051758,1,0
Apo,3,404.8,-5.657972812652588,-23.577165603637695,0,1
Apo,3,405.0,-7.167936325073242,-22.7408504486084,1,0
Apo,3,405.2,-4.116528511047363,-23.572938919067383,1,0
Apo,3,405.4,-6.079981327056885,-27.81658363342285,1,0
Apo,3,405.6,4.428586483001709,-12.875924110412598,1,0
Apo,3,405.8,3.1194071769714355,-23.703580856323242,0,1
Apo,3,406.0,-7.468352317810059,-26.280458450317383,1,0
Apo,3,406.2,2.9102210998535156,-19.6716365814209,1,0
Apo,3,406.4,-0.02256297692656517,-26.732641220092773,0,1
Apo,3,406.6,-1.3948957920074463,-23.84783935546875,0,1
Apo,3,406.8,3.764066696166992,-21.280780792236328,0,1
Apo,3,407.0,-0.09883058071136475,-18.45924949645996,0,1
Apo,3,407.2,-0.9727510213851929,-15.841802597045898,0,1
Apo,3,407.4,-2.991384744644165,-23.810203552246094,0,1
Apo,3,407.6,-4.892443656921387,-15.373106002807617,1,0
Apo,3,407.8,-1.3868448734283447,-23.453630447387695,1,0
Apo,3,408.0,-1.5409060716629028,-16.404281616210938,1,0
Apo,3,408.2,-1.8493398427963257,-17.174503326416016,1,0
Apo,3,408.4,0.29464322328567505,-13.802962303161621,1,0
Apo,3,408.6,-1.9124914407730103,-21.64991569519043,1,0
Apo,3,408.8,1.4543635845184326,-25.549274444580078,1,0
Apo,3,409.0,0.28540992736816406,-16.82729721069336,1,0
Apo,3,409.2,0.17707572877407074,-26.317487716674805,1,0
Apo,3,409.4,-4.986462116241455,-27.121957778930664,1,0
Apo,3,409.6,-4.314963340759277,-21.31116485595703,1,0
Apo,3,409.8,3.836456775665283,-21.299863815307617,0,1
Apo,3,410.0,-1.5633090734481812,-21.87257957458496,1,0
Apo,3,410.2,0.39183712005615234,-15.312165260314941,1,0
Apo,3,410.4,0.7696558237075806,-15.370060920715332,1,0
Apo,3,410.6,-3.321970224380493,-15.672658920288086,1,0
Apo,3,410.8,-5.635209560394287,-16.815412521362305,1,0
Apo,3,411.0,5.374800682067871,-12.230335235595703,1,0
Apo,3,411.2,4.145658493041992,-16.981550216674805,0,1
Apo,3,411.4,1.9531723260879517,-13.718033790588379,1,0
Apo,3,411.6,0.6515030860900879,-23.65137481689453,0,1
Apo,3,411.8,-1.1855124235153198,-20.47265625,1,0
Apo,3,412.0,2.301301956176758,-17.325153350830078,1,0
Apo,3,412.2,-1.0758051872253418,-18.6772403717041,1,0
Apo,3,412.4,0.7554971575737,-7.396937847137451,1,0
Apo,3,412.6,-4.919219493865967,-14.912906646728516,1,0
Apo,3,412.8,2.511310338973999,-11.178109169006348,1,0
Apo,3,413.0,0.15250170230865479,-20.1744327545166,1,0
Apo,3,413.2,-1.666340947151184,-7.86037540435791,1,0
Apo,3,413.4,-0.19818517565727234,-16.009628295898438,1,0
Apo,3,413.6,-1.948054552078247,-12.493257522583008,1,0
Apo,3,413.8,-2.7057912349700928,-11.125954627990723,1,0
Apo,3,414.0,-0.5086207985877991,-18.901901245117188,1,0
Apo,3,414.2,-0.25949448347091675,-23.029624938964844,1,0
Apo,3,414.4,-0.7800524830818176,-18.694555282592773,0,1
Apo,3,414.6,-1.7452387809753418,-13.630708694458008,1,0
Apo,3,414.8,-1.786733865737915,-14.1660795211792,1,0
Apo,3,415.0,-4.126148223876953,-18.07180404663086,1,0
Apo,3,415.2,-3.2003870010375977,-14.668231964111328,1,0
Apo,3,415.4,-4.844754219055176,-15.397727966308594,1,0
Apo,3,415.6,-3.796564817428589,-13.381063461303711,1,0
Apo,3,415.8,0.37988895177841187,-5.538769721984863,1,0
Apo,3,416.0,-1.9307047128677368,-20.03153419494629,1,0
Apo,3,416.2,-0.8328353762626648,-21.51175880432129,1,0
Apo,3,416.4,1.9466453790664673,-16.73604965209961,1,0
Apo,3,416.6,3.4113972187042236,-16.39369773864746,1,0
Apo,3,416.8,1.076474905014038,-15.45407485961914,1,0
Apo,3,417.0,-0.4784022569656372,-16.3052978515625,0,1
Apo,3,417.2,-4.899816513061523,-14.836125373840332,1,0
Apo,3,417.4,1.0466432571411133,-15.13680362701416,1,0
Apo,3,417.6,0.8695863485336304,-12.417695045471191,1,0
Apo,3,417.8,-0.34306490421295166,-22.77566909790039,0,1
Apo,3,418.0,-2.3817780017852783,-13.057124137878418,1,0
Apo,3,418.2,3.497622013092041,-18.597206115722656,1,0
Apo,3,418.4,-0.637633740901947,-12.594518661499023,1,0
Apo,3,418.6,-2.908437490463257,-14.411938667297363,1,0
Apo,3,418.8,-5.471359729766846,-23.913799285888672,1,0
Apo,3,419.0,-5.397836208343506,-11.186246871948242,1,0
Apo,3,419.2,-3.4019434452056885,-19.30063247680664,1,0
Apo,3,419.4,-3.7288975715637207,-15.433568000793457,1,0
Apo,3,419.6,1.1104010343551636,-14.12242603302002,1,0
Apo,3,419.8,-1.1825370788574219,-11.083369255065918,1,0
Apo,3,420.0,0.6547080874443054,-10.258505821228027,1,0
Apo,3,420.2,0.5492833256721497,-28.06085968017578,0,1
Apo,3,420.4,0.39337852597236633,-22.23775291442871,0,1
Apo,3,420.6,5.3706135749816895,-10.883684158325195,0,1
Apo,3,420.8,2.7753190994262695,-19.85981559753418,0,1
Apo,3,421.0,4.426607608795166,-24.99291229248047,1,0
Apo,3,421.2,-1.163544774055481,-18.715267181396484,1,0
Apo,3,421.4,-0.9952031373977661,-17.934486389160156,1,0
Apo,3,421.6,-2.4172356128692627,-9.775084495544434,1,0
Apo,3,421.8,1.6552082300186157,-17.843433380126953,1,0
Apo,3,422.0,-0.5599581599235535,-14.497203826904297,1,0
Apo,3,422.2,-3.480649709701538,-18.32541275024414,1,0
Apo,3,422.4,-5.543939113616943,-16.880109786987305,1,0
Apo,3,422.6,-2.8227994441986084,-18.42409324645996,1,0
Apo,3,422.8,-8.030531883239746,-15.275464057922363,1,0
Apo,3,423.0,0.8416297435760498,-15.42403793334961,1,0
Apo,3,423.2,1.1598706245422363,-25.35411262512207,0,1
Apo,3,423.4,1.5452275276184082,-12.772995948791504,1,0
Apo,3,423.6,-1.031219720840454,-14.330221176147461,1,0
Apo,3,423.8,1.8214255571365356,-20.923912048339844,1,0
Apo,3,424.0,-0.5225632190704346,-15.10342025756836,1,0
Apo,3,424.2,-1.021771788597107,-15.721023559570312,1,0
Apo,3,424.4,-1.650960087776184,-12.259902954101562,1,0
Apo,3,424.6,-2.1194446086883545,-18.179452896118164,1,0
Apo,3,424.8,-1.7436726093292236,-21.717575073242188,1,0
Apo,3,425.0,-3.7905821800231934,-12.94731330871582,1,0
Apo,3,425.2,1.294769048690796,-23.25660514831543,1,0
Apo,3,425.4,-1.1680827140808105,-14.615510940551758,0,1
Apo,3,425.6,2.6817970275878906,-14.54421329498291,1,0
Apo,3,425.8,0.5163328051567078,-19.88220977783203,0,1
Apo,3,426.0,2.8760290145874023,-15.608695983886719,0,1
Apo,3,426.2,-4.175721645355225,-13.62203311920166,1,0
Apo,3,426.4,-1.0551421642303467,-15.789947509765625,0,1
Apo,3,426.6,-8.699213027954102,-16.130191802978516,1,0
Apo,3,426.8,-4.2761149406433105,-21.98769187927246,0,1
Apo,3,427.0,5.350470542907715,-10.200206756591797,1,0
Apo,3,427.2,-0.7970201373100281,-22.029035568237305,0,1
Apo,3,427.4,-4.947970390319824,-27.337787628173828,0,1
Apo,3,427.6,1.5897639989852905,-27.406644821166992,0,1
Apo,3,427.8,-1.917064905166626,-15.82621955871582,1,0
Apo,3,428.0,-3.096174716949463,-13.837837219238281,1,0
Apo,3,428.2,-6.297530174255371,-16.234216690063477,1,0
Apo,3,428.4,4.588281631469727,-13.643872261047363,1,0
Apo,3,428.6,-5.258358001708984,-26.015371322631836,1,0
Apo,3,428.8,0.6470054388046265,-14.753169059753418,1,0
Apo,3,429.0,-0.40525567531585693,-15.848479270935059,1,0
Apo,3,429.2,2.3705310821533203,-18.966304779052734,1,0
Apo,3,429.4,-1.2743545770645142,-16.899850845336914,1,0
Apo,3,429.6,4.679830551147461,-15.117424964904785,1,0
Apo,3,429.8,-0.9869641065597534,-5.724678993225098,1,0
Apo,3,430.0,-5.558231830596924,-17.196712493896484,1,0
Apo,3,430.2,-2.9293031692504883,-12.400705337524414,1,0
Apo,3,430.4,-4.445231914520264,-9.381775856018066,1,0
Apo,3,430.6,-1.190011739730835,-9.757128715515137,1,0
Apo,3,430.8,-0.2769726812839508,-11.198826789855957,1,0
Apo,3,431.0,-5.625183582305908,-12.674638748168945,1,0
Apo,3,431.2,-7.240984916687012,-20.034259796142578,1,0
Apo,3,431.4,-6.913297653198242,-15.327338218688965,1,0
Apo,3,431.6,0.1098395586013794,-12.85286808013916,1,0
Apo,3,431.8,-3.4985969066619873,-17.699525833129883,1,0
Apo,3,432.0,-0.2707255482673645,-16.236921310424805,1,0
Apo,3,432.2,1.3097147941589355,-14.847447395324707,1,0
Apo,3,432.4,0.12524822354316711,-8.3279390335083,1,0
Apo,3,432.6,-9.756645202636719,-10.139375686645508,1,0
Apo,3,432.8,-7.404172897338867,-9.492460250854492,1,0
Apo,3,433.0,-2.1430881023406982,-21.153152465820312,1,0
Apo,3,433.2,-3.73810076713562,-14.224766731262207,1,0
Apo,3,433.4,-3.7542338371276855,-15.364472389221191,1,0
Apo,3,433.6,-2.6019093990325928,-13.498674392700195,1,0
Apo,3,433.8,-3.465053081512451,-10.863264083862305,1,0
Apo,3,434.0,-4.691895961761475,-12.200721740722656,1,0
Apo,3,434.2,-1.7425845861434937,-16.461013793945312,1,0
Apo,3,434.4,-5.165802955627441,-16.71830940246582,1,0
Apo,3,434.6,-6.580134868621826,-9.003742218017578,1,0
Apo,3,434.8,0.7983507513999939,-13.317008018493652,1,0
Apo,3,435.0,-0.6810794472694397,-10.905709266662598,1,0
Apo,3,435.2,-3.92362117767334,-7.320409774780273,1,0
Apo,3,435.4,4.837016582489014,-15.14164924621582,1,0
Apo,3,435.6,-3.3600523471832275,-10.703198432922363,1,0
Apo,3,435.8,-5.123380184173584,-17.768590927124023,1,0
Apo,3,436.0,-4.101152420043945,-21.647960662841797,1,0
Apo,3,436.2,-5.936485290527344,-21.138202667236328,1,0
Apo,3,436.4,0.8879832029342651,-12.136225700378418,1,0
Apo,3,436.6,-0.8038341999053955,-11.43130874633789,1,0
Apo,3,436.8,1.299381971359253,-16.753631591796875,1,0
Apo,3,437.0,-3.0842761993408203,-12.286491394042969,1,0
Apo,3,437.2,0.621470034122467,-14.184880256652832,1,0
Apo,3,437.4,-3.1154603958129883,-8.144700050354004,1,0
Apo,3,437.6,-0.6191923022270203,-7.787148475646973,1,0
Apo,3,437.8,-1.6783075332641602,-6.9994025230407715,1,0
Apo,3,438.0,2.1778059005737305,-14.843544006347656,1,0
Apo,3,438.2,-3.6392970085144043,-9.629172325134277,1,0
Apo,3,438.4,-1.8116216659545898,-13.667167663574219,1,0
Apo,3,438.6,-4.9240403175354,-11.358135223388672,1,0
Apo,3,438.8,-5.52865743637085,-8.932988166809082,1,0
Apo,3,439.0,-3.528632640838623,-15.605141639709473,1,0
Apo,3,439.2,-2.0494837760925293,-15.228922843933105,1,0
Apo,3,439.4,-7.830766677856445,-22.3431453704834,1,0
Apo,3,439.6,-5.462652206420898,-20.683813095092773,1,0
Apo,3,439.8,-5.347713947296143,-22.031024932861328,1,0
Apo,3,440.0,-0.6063764095306396,-20.43160057067871,1,0
Apo,3,440.2,-1.356359839439392,-18.515897750854492,1,0
Apo,3,440.4,-5.279016494750977,-17.975242614746094,1,0
Apo,3,440.6,-8.788592338562012,-19.597929000854492,1,0
Apo,3,440.8,-4.710587024688721,-21.612695693969727,1,0
Apo,3,441.0,-3.8084757328033447,-21.414396286010742,1,0
Apo,3,441.2,-4.801273822784424,-13.937885284423828,1,0
Apo,3,441.4,-0.7157421112060547,-11.984379768371582,1,0
Apo,3,441.6,-8.624929428100586,-13.802330017089844,1,0
Apo,3,441.8,-5.554769039154053,-14.888099670410156,1,0
Apo,3,442.0,-3.5696232318878174,-18.838369369506836,1,0
Apo,3,442.2,-7.936474800109863,-22.08938217163086,1,0
Apo,3,442.4,0.32467639446258545,-19.225202560424805,1,0
Apo,3,442.6,-0.49378788471221924,-20.50543975830078,1,0
Apo,3,442.8,-2.1172122955322266,-19.01776123046875,1,0
Apo,3,443.0,-4.1862473487854,-16.944515228271484,1,0
Apo,3,443.2,-3.4219987392425537,-17.894058227539062,1,0
Apo,3,443.4,-8.065835952758789,-25.93810272216797,1,0
Apo,3,443.6,4.949804306030273,-16.821331024169922,1,0
Apo,3,443.8,-6.70892858505249,-20.429683685302734,1,0
Apo,3,444.0,-1.4404875040054321,-5.816673278808594,1,0
Apo,3,444.2,-6.4405198097229,-12.981282234191895,1,0
Apo,3,444.4,1.1108124256134033,-12.381359100341797,1,0
Apo,3,444.6,-4.893444538116455,-21.43767738342285,1,0
Apo,3,444.8,-4.3927226066589355,-14.206576347351074,1,0
Apo,3,445.0,-5.667118549346924,-14.908870697021484,1,0
Apo,3,445.2,-1.7508115768432617,-20.994213104248047,1,0
Apo,3,445.4,-3.4740219116210938,-19.864791870117188,1,0
Apo,3,445.6,-7.88722562789917,-22.074174880981445,1,0
Apo,3,445.8,-2.780993700027466,-29.54525375366211,1,0
Apo,3,446.0,0.35408392548561096,-6.180721759796143,1,0
Apo,3,446.2,0.4460705816745758,-19.905467987060547,1,0
Apo,3,446.4,-4.6513519287109375,-22.01199722290039,1,0
Apo,3,446.6,2.8657758235931396,-21.014734268188477,1,0
Apo,3,446.8,0.288702130317688,-18.12445831298828,1,0
Apo,3,447.0,0.5719526410102844,-19.098894119262695,1,0
Apo,3,447.2,4.516757011413574,-15.826065063476562,1,0
Apo,3,447.4,-10.07275390625,-20.032047271728516,1,0
Apo,3,447.6,-1.7082628011703491,-21.38576316833496,1,0
Apo,3,447.8,-7.22801399230957,-25.030200958251953,1,0
Apo,3,448.0,-4.352778911590576,-19.644248962402344,1,0
Apo,3,448.2,-8.598443031311035,-21.08152961730957,1,0
Apo,3,448.4,1.8092172145843506,-17.09125328063965,1,0
Apo,3,448.6,-3.7230937480926514,-24.693681716918945,1,0
Apo,3,448.8,-8.24026107788086,-15.250772476196289,1,0
Apo,3,449.0,-7.8461480140686035,-24.854732513427734,1,0
Apo,3,449.2,-2.4725353717803955,-23.58016586303711,1,0
Apo,3,449.4,-0.6902907490730286,-26.582111358642578,1,0
Apo,3,449.6,-6.840721607208252,-20.9874210357666,1,0
Apo,3,449.8,-2.0107898712158203,-18.396535873413086,1,0
Apo,3,450.0,-5.210754871368408,-17.278261184692383,1,0
Apo,3,450.2,4.6316237449646,-20.72549819946289,1,0
Apo,3,450.4,-2.4097728729248047,-23.62645721435547,0,1
Apo,3,450.6,-7.053164958953857,-23.080062866210938,1,0
Apo,3,450.8,-8.565970420837402,-18.70488166809082,1,0
Apo,3,451.0,0.04877307265996933,-18.06791114807129,1,0
Apo,3,451.2,1.7114803791046143,-15.490524291992188,1,0
Apo,3,451.4,-2.430109739303589,-9.729090690612793,1,0
Apo,3,451.6,-5.170459747314453,-19.92068862915039,1,0
Apo,3,451.8,-14.009214401245117,-29.8236141204834,0,1
Apo,3,452.0,-3.319955348968506,-20.663042068481445,1,0
Apo,3,452.2,1.311852216720581,-21.589426040649414,1,0
Apo,3,452.4,-4.1872124671936035,-17.946577072143555,0,1
Apo,3,452.6,-2.4689388275146484,-21.011302947998047,1,0
Apo,3,452.8,0.1682594269514084,-15.538742065429688,1,0
Apo,3,453.0,0.41713947057724,-15.445003509521484,1,0
Apo,3,453.2,-7.9445672035217285,-19.835275650024414,1,0
Apo,3,453.4,-6.1569294929504395,-14.028858184814453,1,0
Apo,3,453.6,-1.428218960762024,-10.145668029785156,1,0
Apo,3,453.8,0.2920588254928589,-17.355695724487305,1,0
Apo,3,454.0,-0.6533570289611816,-18.54515838623047,1,0
Apo,3,454.2,1.0578408241271973,-20.152450561523438,1,0
Apo,3,454.4,-6.260288715362549,-19.95442771911621,1,0
Apo,3,454.6,-5.452465534210205,-19.889820098876953,1,0
Apo,3,454.8,-8.248483657836914,-23.304468154907227,1,0
Apo,3,455.0,-3.4810938835144043,-17.54134178161621,1,0
Apo,3,455.2,-0.9004497528076172,-19.968589782714844,1,0
Apo,3,455.4,1.7967987060546875,-17.679052352905273,1,0
Apo,3,455.6,-5.629788398742676,-14.591206550598145,1,0
Apo,3,455.8,-3.3741190433502197,-12.788651466369629,1,0
Apo,3,456.0,-1.47223699092865,-12.540514945983887,1,0
Apo,3,456.2,-8.084611892700195,-10.251545906066895,1,0
Apo,3,456.4,-4.425397872924805,-12.272777557373047,1,0
Apo,3,456.6,3.4456372261047363,-7.3808979988098145,1,0
Apo,3,456.8,2.6821699142456055,-12.47321891784668,1,0
Apo,3,457.0,-2.831482410430908,-14.835095405578613,1,0
Apo,3,457.2,-8.37079906463623,-12.632251739501953,1,0
Apo,3,457.4,0.9023549556732178,-20.602752685546875,1,0
Apo,3,457.6,-0.23347394168376923,-13.322446823120117,1,0
Apo,3,457.8,0.6237055063247681,-17.164794921875,1,0
Apo,3,458.0,3.053121328353882,-9.869501113891602,1,0
Apo,3,458.2,-4.232841491699219,-1.3005751371383667,1,0
Apo,3,458.4,-1.9512622356414795,-18.084732055664062,1,0
Apo,3,458.6,-3.175398349761963,-15.576873779296875,1,0
Apo,3,458.8,3.1368963718414307,-10.787001609802246,1,0
Apo,3,459.0,0.9758080244064331,-12.243124961853027,1,0
Apo,3,459.2,8.803766250610352,-17.8470458984375,1,0
Apo,3,459.4,3.7178330421447754,-11.558699607849121,1,0
Apo,3,459.6,0.07318330556154251,-20.572633743286133,1,0
Apo,3,459.8,-0.9692339897155762,-16.574296951293945,1,0
Apo,3,460.0,-2.1670758724212646,-7.163495063781738,1,0
Apo,3,460.2,-2.359121561050415,-16.42808723449707,1,0
Apo,3,460.4,3.022291898727417,-12.057344436645508,1,0
Apo,3,460.6,1.8701363801956177,-17.503389358520508,1,0
Apo,3,460.8,4.4632463455200195,-7.978791236877441,1,0
Apo,3,461.0,5.198099136352539,-14.722833633422852,1,0
Apo,3,461.2,3.785132884979248,-21.14910316467285,0,1
Apo,3,461.4,0.6799254417419434,-17.991260528564453,1,0
Apo,3,461.6,-3.1677088737487793,-17.268970489501953,1,0
Apo,3,461.8,-0.635804295539856,-21.270549774169922,1,0
Apo,3,462.0,0.6575955152511597,-18.514753341674805,1,0
Apo,3,462.2,-3.3163089752197266,-21.628488540649414,1,0
Apo,3,462.4,4.812134742736816,-14.107381820678711,0,1
Apo,3,462.6,-3.831712007522583,-23.24272918701172,0,1
Apo,3,462.8,-3.6023387908935547,-15.977327346801758,1,0
Apo,3,463.0,-2.325587272644043,-18.8697509765625,1,0
Apo,3,463.2,-2.807187557220459,-17.515750885009766,1,0
Apo,3,463.4,-1.4349019527435303,-11.146697044372559,1,0
Apo,3,463.6,0.8123778700828552,-6.767967700958252,1,0
Apo,3,463.8,-5.931975364685059,-10.968572616577148,1,0
Apo,3,464.0,-6.831070899963379,-17.752159118652344,1,0
Apo,3,464.2,-5.373841285705566,-12.918127059936523,1,0
Apo,3,464.4,-2.5012731552124023,-18.61774253845215,1,0
Apo,3,464.6,-1.319983959197998,-17.925804138183594,1,0
Apo,3,464.8,-9.364791870117188,-17.903573989868164,1,0
Apo,3,465.0,-2.8180668354034424,-17.0131893157959,1,0
Apo,3,465.2,-4.721642971038818,-8.203997611999512,1,0
Apo,3,465.4,0.24323537945747375,-21.366708755493164,1,0
Apo,3,465.6,-7.631982326507568,-6.630063533782959,1,0
Apo,3,465.8,-2.856969118118286,-14.437417030334473,1,0
Apo,3,466.0,0.2814271152019501,-16.34413719177246,1,0
Apo,3,466.2,0.026867851614952087,-10.21141242980957,1,0
Apo,3,466.4,1.0057333707809448,-22.941682815551758,1,0
Apo,3,466.6,2.859103202819824,-16.276479721069336,1,0
Apo,3,466.8,0.8912829756736755,-17.645845413208008,1,0
Apo,3,467.0,3.625460147857666,-17.382335662841797,1,0
Apo,3,467.2,3.3075168132781982,-14.977407455444336,1,0
Apo,3,467.4,0.4159461259841919,-13.683633804321289,1,0
Apo,3,467.6,-4.135753631591797,-17.927066802978516,1,0
Apo,3,467.8,-2.892315626144409,-19.66492462158203,0,1
Apo,3,468.0,-3.1083409786224365,-19.850826263427734,0,1
Apo,3,468.2,-9.84321403503418,-19.052637100219727,1,0
Apo,3,468.4,-5.702296733856201,-21.457040786743164,1,0
Apo,3,468.6,-3.2752573490142822,-20.302396774291992,1,0
Apo,3,468.8,-4.392888069152832,-22.372934341430664,0,1
Apo,3,469.0,1.8724781274795532,-15.704493522644043,0,1
Apo,3,469.2,1.1253224611282349,-20.032957077026367,1,0
Apo,3,469.4,-5.005031108856201,-23.35104751586914,1,0
Apo,3,469.6,-0.9783393144607544,-20.782350540161133,0,1
Apo,3,469.8,-3.7994496822357178,-17.999549865722656,1,0
Apo,3,470.0,-3.812502145767212,-18.012617111206055,1,0
Apo,3,470.2,1.3709123134613037,-21.139469146728516,1,0
Apo,3,470.4,-3.925095558166504,-21.451541900634766,1,0
Apo,3,470.6,1.7605341672897339,-18.544315338134766,1,0
Apo,3,470.8,-5.290284156799316,-19.54899024963379,1,0
Apo,3,471.0,-6.77862024307251,-24.128137588500977,1,0
Apo,3,471.2,-3.8002452850341797,-21.621274948120117,1,0
Apo,3,471.4,-2.101146936416626,-13.059976577758789,1,0
Apo,3,471.6,1.399566650390625,-23.23982048034668,0,1
Apo,3,471.8,-0.6671825051307678,-15.628402709960938,1,0
Apo,3,472.0,-3.6830546855926514,-23.426076889038086,1,0
Apo,3,472.2,-1.0225952863693237,-17.698972702026367,1,0
Apo,3,472.4,-1.2527472972869873,-15.630287170410156,1,0
Apo,3,472.6,-5.707729816436768,-21.209556579589844,0,1
Apo,3,472.8,-4.602127552032471,-28.468017578125,1,0
Apo,3,473.0,-5.521422386169434,-11.142693519592285,1,0
Apo,3,473.2,0.4198875427246094,-19.709001541137695,1,0
Apo,3,473.4,1.9087858200073242,-17.547563552856445,1,0
Apo,3,473.6,-1.0273492336273193,-7.863215446472168,1,0
Apo,3,473.8,-4.7118682861328125,-23.856874465942383,1,0
Apo,3,474.0,-2.9372622966766357,-20.779144287109375,1,0
Apo,3,474.2,-5.07369327545166,-26.492687225341797,1,0
Apo,3,474.4,-6.11872673034668,-25.049938201904297,1,0
Apo,3,474.6,-2.7664310932159424,-15.10395336151123,1,0
Apo,3,474.8,-6.492420673370361,-16.030546188354492,1,0
Apo,3,475.0,-4.161065101623535,-25.386533737182617,1,0
Apo,3,475.2,-5.933487415313721,-21.23453712463379,1,0
Apo,3,475.4,-2.014036178588867,-16.01017951965332,1,0
Apo,3,475.6,-2.1599767208099365,-19.587997436523438,1,0
Apo,3,475.8,-3.817892551422119,-17.425355911254883,1,0
Apo,3,476.0,-1.8780205249786377,-27.839038848876953,0,1
Apo,3,476.2,-8.130072593688965,-22.815046310424805,1,0
Apo,3,476.4,-0.8416696190834045,-23.307167053222656,1,0
Apo,3,476.6,-7.550629138946533,-18.078771591186523,1,0
Apo,3,476.8,-5.222043037414551,-18.872955322265625,1,0
Apo,3,477.0,-7.823657989501953,-22.66729736328125,1,0
Apo,3,477.2,-1.8818082809448242,-23.505422592163086,0,1
Apo,3,477.4,-6.95628023147583,-18.350387573242188,1,0
Apo,3,477.6,-5.743217945098877,-16.45690155029297,1,0
Apo,3,477.8,-3.8247315883636475,-13.356752395629883,1,0
Apo,3,478.0,0.7119746804237366,-12.938030242919922,1,0
Apo,3,478.2,-7.650745391845703,-19.141231536865234,1,0
Apo,3,478.4,-2.22758412361145,-21.616392135620117,1,0
Apo,3,478.6,-3.1916534900665283,-17.294538497924805,1,0
Apo,3,478.8,-5.207485198974609,-17.44741439819336,1,0
Apo,3,479.0,-2.609835624694824,-17.152286529541016,1,0
Apo,3,479.2,-1.1017392873764038,-19.221643447875977,1,0
Apo,3,479.4,-3.1668851375579834,-24.885587692260742,1,0
Apo,3,479.6,-6.19271993637085,-25.70404815673828,1,0
Apo,3,479.8,-9.81983757019043,-22.333675384521484,1,0
Apo,3,480.0,-7.2562432289123535,-17.740276336669922,1,0
Apo,3,480.2,-4.815070629119873,-23.447551727294922,1,0
Apo,3,480.4,-3.7285914421081543,-17.008607864379883,1,0
Apo,3,480.6,-2.4250996112823486,-15.054330825805664,1,0
Apo,3,480.8,-3.2641868591308594,-17.67330551147461,1,0
Apo,3,481.0,-3.2737038135528564,-17.125247955322266,1,0
Apo,3,481.2,-7.564352989196777,-15.314861297607422,1,0
Apo,3,481.4,-8.396924018859863,-10.238077163696289,1,0
Apo,3,481.6,-7.581427097320557,-12.981725692749023,1,0
Apo,3,481.8,-6.4308552742004395,-23.358104705810547,1,0
Apo,3,482.0,-5.578540802001953,-11.055099487304688,1,0
Apo,3,482.2,-3.4629838466644287,-14.309855461120605,1,0
Apo,3,482.4,0.6406514048576355,-17.48213005065918,1,0
Apo,3,482.6,1.2161935567855835,-14.525646209716797,1,0
Apo,3,482.8,-7.60978364944458,-17.137948989868164,1,0
Apo,3,483.0,-6.087385177612305,-10.805116653442383,1,0
Apo,3,483.2,-8.34546184539795,-19.057769775390625,1,0
Apo,3,483.4,-11.19619369506836,-15.479242324829102,1,0
Apo,3,483.6,-3.5606777667999268,-19.42759895324707,1,0
Apo,3,483.8,-0.7013975381851196,-16.781225204467773,1,0
Apo,3,484.0,-5.7276082038879395,-15.697741508483887,1,0
Apo,3,484.2,-1.2407736778259277,-18.08164405822754,1,0
Apo,3,484.4,-3.6812610626220703,-19.56385612487793,1,0
Apo,3,484.6,-3.3602452278137207,-17.949663162231445,1,0
Apo,3,484.8,-5.684996128082275,-17.261301040649414,1,0
Apo,3,485.0,-4.232316017150879,-17.589176177978516,1,0
Apo,3,485.2,-8.681265830993652,-22.25499153137207,1,0
Apo,3,485.4,-1.7306879758834839,-19.356822967529297,1,0
Apo,3,485.6,3.544950485229492,-14.309855461120605,1,0
Apo,3,485.8,1.2359055280685425,-20.8537654876709,1,0
Apo,3,486.0,-5.339962482452393,-20.77229118347168,1,0
Apo,3,486.2,-0.991413414478302,-15.0471773147583,1,0
Apo,3,486.4,-3.638715982437134,-14.074576377868652,1,0
Apo,3,486.6,-9.601861000061035,-14.692856788635254,1,0
Apo,3,486.8,-6.628912925720215,-14.760414123535156,1,0
Apo,3,487.0,-9.489593505859375,-12.575116157531738,1,0
Apo,3,487.2,-2.7357397079467773,-16.547130584716797,1,0
Apo,3,487.4,-8.858327865600586,-22.988309860229492,1,0
Apo,3,487.6,2.5041730403900146,-21.941591262817383,0,1
Apo,3,487.8,-2.3997888565063477,-16.175111770629883,1,0
Apo,3,488.0,-2.7348973751068115,-17.7265682220459,1,0
Apo,3,488.2,-2.7480149269104004,-23.083499908447266,1,0
Apo,3,488.4,-7.471706390380859,-14.219589233398438,1,0
Apo,3,488.6,-3.1857571601867676,-18.86006736755371,1,0
Apo,3,488.8,-5.4233293533325195,-23.682567596435547,0,1
Apo,3,489.0,-7.262533664703369,-25.447315216064453,1,0
Apo,3,489.2,-2.9190211296081543,-21.562671661376953,1,0
Apo,3,489.4,1.7788316011428833,-22.382732391357422,1,0
Apo,3,489.6,-1.8873004913330078,-18.220218658447266,1,0
Apo,3,489.8,-2.679999351501465,-13.654290199279785,1,0
Apo,3,490.0,-0.807365357875824,-18.5120906829834,1,0
Apo,3,490.2,-11.167468070983887,-17.009763717651367,1,0
Apo,3,490.4,-6.424479007720947,-11.9495267868042,1,0
Apo,3,490.6,-6.194917678833008,-14.352598190307617,1,0
Apo,3,490.8,-6.760632514953613,-12.221311569213867,1,0
Apo,3,491.0,-7.490062713623047,-12.712883949279785,1,0
Apo,3,491.2,-3.510899782180786,-15.981130599975586,1,0
Apo,3,491.4,-6.040363311767578,-10.26904296875,1,0
Apo,3,491.6,-11.058094024658203,-6.098201274871826,1,0
Apo,3,491.8,-12.067952156066895,-14.42857551574707,1,0
Apo,3,492.0,-6.427477836608887,-15.46596622467041,1,0
Apo,3,492.2,-10.704187393188477,-19.56343650817871,1,0
Apo,3,492.4,-5.0280938148498535,-20.564897537231445,1,0
Apo,3,492.6,-10.890634536743164,-11.094072341918945,1,0
Apo,3,492.8,-3.0380842685699463,-22.821697235107422,1,0
Apo,3,493.0,-0.2678319811820984,-16.666818618774414,1,0
Apo,3,493.2,-3.80690598487854,-16.93408966064453,1,0
Apo,3,493.4,-1.7258319854736328,-17.123884201049805,1,0
Apo,3,493.6,-1.4823558330535889,-14.124086380004883,1,0
Apo,3,493.8,2.262115716934204,-13.294547080993652,1,0
Apo,3,494.0,-2.0010321140289307,-17.98524284362793,1,0
Apo,3,494.2,-7.525800704956055,-12.869132995605469,1,0
Apo,3,494.4,-1.6745107173919678,-15.71706771850586,1,0
Apo,3,494.6,0.5359379649162292,-8.810769081115723,1,0
Apo,3,494.8,-1.894392967224121,-8.940112113952637,1,0
Apo,3,495.0,4.261086463928223,-10.050935745239258,1,0
Apo,3,495.2,-1.407665729522705,-8.679560661315918,1,0
Apo,3,495.4,-3.649535655975342,-9.979277610778809,1,0
Apo,3,495.6,-7.72489595413208,-13.573101043701172,1,0
Apo,3,495.8,-0.30365410447120667,-13.261746406555176,1,0
Apo,3,496.0,-1.9858068227767944,-17.152645111083984,1,0
Apo,3,496.2,-3.7601799964904785,-4.252589225769043,1,0
Apo,3,496.4,-3.0095224380493164,-10.763053894042969,1,0
Apo,3,496.6,-0.02713349647819996,-11.850320816040039,1,0
Apo,3,496.8,-2.310539722442627,-12.833076477050781,1,0
Apo,3,497.0,-3.1867735385894775,-12.353599548339844,1,0
Apo,3,497.2,-5.889604568481445,-6.833709239959717,1,0
Apo,3,497.4,-3.9608583450317383,-14.619490623474121,1,0
Apo,3,497.6,-6.312091827392578,-11.24630069732666,1,0
Apo,3,497.8,-6.07275915145874,-10.73991870880127,1,0
Apo,3,498.0,-4.56642484664917,-21.527647018432617,1,0
Apo,3,498.2,-6.784449577331543,-10.350123405456543,1,0
Apo,3,498.4,-6.841018199920654,-18.340639114379883,1,0
Apo,3,498.6,-4.662699222564697,-16.1865177154541,1,0
Apo,3,498.8,-5.175784111022949,-14.09961986541748,1,0
Apo,3,499.0,-7.805252552032471,-10.2664213180542,1,0
Apo,3,499.2,-6.438815593719482,-11.002910614013672,1,0
Apo,3,499.4,-0.9666669964790344,-8.784199714660645,1,0
Apo,3,499.6,-2.3507943153381348,-9.643256187438965,1,0
Apo,3,499.8,-8.74743938446045,-14.759222984313965,1,0
Z944,1,349.9,-21.50560760498047,-1.533089518547058,0,0
Z944,1,350.1,-16.74109649658203,1.6948798894882202,0,0
Z944,1,350.3,-13.91979694366455,-2.8024675846099854,0,0
Z944,1,350.5,-15.271425247192383,-3.7648913860321045,0,0
Z944,1,350.7,-12.7658109664917,-0.839195191860199,0,0
Z944,1,350.9,-18.022499084472656,4.463415145874023,0,0
Z944,1,351.1,-21.69407081604004,6.041972637176514,0,0
Z944,1,351.3,-10.511575698852539,1.3264129161834717,0,0
Z944,1,351.5,-15.098318099975586,-5.012458801269531,0,0
Z944,1,351.7,-4.735388278961182,2.6297829151153564,0,0
Z944,1,351.9,-15.23133373260498,-3.3487491607666016,0,0
Z944,1,352.1,-20.098390579223633,-5.900987148284912,0,0
Z944,1,352.3,-14.751008987426758,-5.391801834106445,0,0
Z944,1,352.5,-12.001449584960938,0.5639870762825012,0,0
Z944,1,352.7,-14.993600845336914,0.6446621417999268,0,0
Z944,1,352.9,-11.541936874389648,-1.2935459613800049,0,0
Z944,1,353.1,-13.958305358886719,4.487479209899902,0,0
Z944,1,353.3,-18.280479431152344,1.756996989250183,0,0
Z944,1,353.5,-9.077030181884766,-0.3562735319137573,0,0
Z944,1,353.7,-16.895519256591797,-1.1978880167007446,0,0
Z944,1,353.9,-9.82773208618164,4.0437846183776855,0,0
Z944,1,354.1,-15.101872444152832,1.4529880285263062,0,0
Z944,1,354.3,-10.025957107543945,5.031300067901611,0,0
Z944,1,354.5,-15.28037166595459,3.2208058834075928,0,0
Z944,1,354.7,-15.771597862243652,2.5054056644439697,0,0
Z944,1,354.9,-14.421564102172852,11.394023895263672,0,0
Z944,1,355.1,-12.608992576599121,3.678968667984009,0,0
Z944,1,355.3,-15.41772747039795,2.977412462234497,0,0
Z944,1,355.5,-15.109877586364746,6.129617691040039,0,0
Z944,1,355.7,-18.352861404418945,2.5826914310455322,0,0
Z944,1,355.9,-15.206287384033203,-1.1661686897277832,0,0
Z944,1,356.1,-19.084861755371094,4.276625156402588,0,0
Z944,1,356.3,-13.403144836425781,3.0660054683685303,0,0
Z944,1,356.5,-19.601131439208984,2.791818141937256,0,0
Z944,1,356.7,-16.70783042907715,2.0205349922180176,0,0
Z944,1,356.9,-17.851078033447266,6.385773658752441,0,0
Z944,1,357.1,-18.478185653686523,0.05858563631772995,0,0
Z944,1,357.3,-20.547714233398438,4.609233856201172,0,0
Z944,1,357.5,-15.873557090759277,-0.6977697014808655,0,0
Z944,1,357.7,-19.32064437866211,-0.505312979221344,0,0
Z944,1,357.9,-13.267879486083984,0.8848918676376343,0,0
Z944,1,358.1,-15.664436340332031,3.1909053325653076,0,0
Z944,1,358.3,-13.633687019348145,0.05449800193309784,0,0
Z944,1,358.5,-16.580820083618164,0.593373715877533,0,0
Z944,1,358.7,-15.38589096069336,-1.3295884132385254,0,0
Z944,1,358.9,-25.213171005249023,-6.010684967041016,0,0
Z944,1,359.1,-19.549631118774414,-0.732848584651947,0,0
Z944,1,359.3,-18.756105422973633,4.393753528594971,0,0
Z944,1,359.5,-19.075899124145508,1.2180136442184448,0,0
Z944,1,359.7,-20.476133346557617,2.618860960006714,0,0
Z944,1,359.9,-22.925765991210938,6.461485385894775,0,0
Z944,1,360.1,-14.743844985961914,5.185730934143066,0,0
Z944,1,360.3,-16.69693374633789,2.615612506866455,0,0
Z944,1,360.5,-15.821889877319336,4.619622230529785,0,0
Z944,1,360.7,-21.88233184814453,1.6076974868774414,0,0
Z944,1,360.9,-16.440168380737305,5.2639875411987305,0,0
Z944,1,361.1,-21.762985229492188,-5.673762321472168,0,0
Z944,1,361.3,-21.2218017578125,-2.328308343887329,0,0
Z944,1,361.5,-15.878853797912598,2.1539320945739746,0,0
Z944,1,361.7,-27.106372833251953,-5.569275856018066,0,0
Z944,1,361.9,-19.946802139282227,-4.824662685394287,0,0
Z944,1,362.1,-20.920305252075195,-4.367232322692871,0,0
Z944,1,362.3,-19.385791778564453,5.782778739929199,0,0
Z944,1,362.5,-18.7086124420166,-1.707972526550293,0,0
Z944,1,362.7,-19.415233612060547,4.285459995269775,0,0
Z944,1,362.9,-13.253043174743652,4.011843681335449,0,0
Z944,1,363.1,-18.36249542236328,2.4193215370178223,0,0
Z944,1,363.3,-16.695491790771484,-1.6332440376281738,0,0
Z944,1,363.5,-16.803682327270508,-0.528497576713562,0,0
Z944,1,363.7,-16.954984664916992,2.397695779800415,0,0
Z944,1,363.9,-23.388914108276367,6.990720748901367,0,0
Z944,1,364.1,-18.267372131347656,-1.8291841745376587,0,0
Z944,1,364.3,-16.065963745117188,2.0093185901641846,0,0
Z944,1,364.5,-19.777910232543945,4.493738651275635,0,0
Z944,1,364.7,-16.114166259765625,-5.498890399932861,0,0
Z944,1,364.9,-13.936291694641113,3.856705904006958,0,0
Z944,1,365.1,-9.909979820251465,2.108856678009033,0,0
Z944,1,365.3,-14.324864387512207,7.998765468597412,0,0
Z944,1,365.5,-16.817977905273438,-0.9345897436141968,0,0
Z944,1,365.7,-14.801939964294434,7.58821964263916,0,0
Z944,1,365.9,-14.635677337646484,-0.4813385605812073,0,0
Z944,1,366.1,-18.088258743286133,2.2743914127349854,0,0
Z944,1,366.3,-15.290468215942383,3.161953926086426,0,0
Z944,1,366.5,-14.181061744689941,4.485789775848389,0,0
Z944,1,366.7,-14.413701057434082,7.032212734222412,0,0
Z944,1,366.9,-16.995704650878906,6.920272350311279,0,0
Z944,1,367.1,-12.044768333435059,8.958911895751953,0,0
Z944,1,367.3,-10.551844596862793,1.6591241359710693,0,0
Z944,1,367.5,-14.099103927612305,9.730679512023926,0,0
Z944,1,367.7,-10.009642601013184,4.784930229187012,0,0
Z944,1,367.9,-14.7175874710083,6.74162483215332,0,0
Z944,1,368.1,-12.663604736328125,1.7314521074295044,0,0
Z944,1,368.3,-13.574907302856445,6.3642401695251465,0,0
Z944,1,368.5,-10.221573829650879,6.823732376098633,0,0
Z944,1,368.7,-14.748347282409668,0.3189849257469177,0,0
Z944,1,368.9,-11.456868171691895,4.6876606941223145,0,0
Z944,1,369.1,-14.253634452819824,2.1095991134643555,0,0
Z944,1,369.3,-16.625247955322266,3.866833448410034,0,0
Z944,1,369.5,-16.17314338684082,5.8602728843688965,0,0
Z944,1,369.7,-16.336177825927734,1.593312382698059,0,0
Z944,1,369.9,-10.236065864562988,4.093513011932373,0,0
Z944,1,370.1,-12.003874778747559,2.3792009353637695,0,0
Z944,1,370.3,-15.211994171142578,0.2546900510787964,0,0
Z944,1,370.5,-16.61130142211914,4.313638210296631,0,0
Z944,1,370.7,-12.53078842163086,-0.07899729162454605,0,0
Z944,1,370.9,-18.596424102783203,4.729036331176758,0,0
Z944,1,371.1,-18.47579002380371,11.613354682922363,0,0
Z944,1,371.3,-15.918889045715332,-1.8214203119277954,0,0
Z944,1,371.5,-17.01071548461914,3.305948495864868,0,0
Z944,1,371.7,-11.590814590454102,2.057634115219116,0,0
Z944,1,371.9,-20.928730010986328,2.9699857234954834,0,0
Z944,1,372.1,-14.486254692077637,2.9855170249938965,0,0
Z944,1,372.3,-14.969127655029297,1.4103918075561523,0,0
Z944,1,372.5,-16.73238754272461,4.053192615509033,0,0
Z944,1,372.7,-16.192384719848633,12.122716903686523,0,0
Z944,1,372.9,-17.6490421295166,6.780888557434082,0,0
Z944,1,373.1,-15.051630973815918,5.9913249015808105,0,0
Z944,1,373.3,-12.877284049987793,6.231107711791992,0,0
Z944,1,373.5,-18.670976638793945,2.409501075744629,1,1
Z944,1,373.7,-20.80653190612793,8.126812934875488,0,0
Z944,1,373.9,-17.921939849853516,10.022692680358887,0,0
Z944,1,374.1,-12.691225051879883,7.748082637786865,1,1
Z944,1,374.3,-13.270235061645508,13.906534194946289,1,1
Z944,1,374.5,-18.48468780517578,10.519500732421875,1,1
Z944,1,374.7,-16.433849334716797,5.343220233917236,0,0
Z944,1,374.9,-13.889062881469727,5.963618755340576,0,0
Z944,1,375.1,-9.448404312133789,6.279761791229248,0,0
Z944,1,375.3,-10.892682075500488,7.202312469482422,0,0
Z944,1,375.5,-13.557061195373535,4.978008270263672,1,1
Z944,1,375.7,-16.45265769958496,2.2379403114318848,1,1
Z944,1,375.9,-10.63067626953125,8.784978866577148,0,0
Z944,1,376.1,-19.281780242919922,3.4612784385681152,1,1
Z944,1,376.3,-10.563704490661621,0.7742569446563721,1,1
Z944,1,376.5,-12.816588401794434,7.164626121520996,1,1
Z944,1,376.7,-16.54544448852539,10.95376205444336,1,1
Z944,1,376.9,-9.95319938659668,7.044778823852539,0,0
Z944,1,377.1,-11.339012145996094,4.808612823486328,0,0
Z944,1,377.3,-7.741197109222412,10.013277053833008,0,0
Z944,1,377.5,-10.748805046081543,8.857447624206543,1,1
Z944,1,377.7,-25.715717315673828,7.0766801834106445,1,1
Z944,1,377.9,-17.871557235717773,4.898997783660889,1,1
Z944,1,378.1,-17.168197631835938,12.574602127075195,1,1
Z944,1,378.3,-19.648290634155273,-4.528042793273926,0,0
Z944,1,378.5,-16.030241012573242,-3.955000877380371,0,0
Z944,1,378.7,-16.90158462524414,4.428347110748291,0,0
Z944,1,378.9,-21.438278198242188,-2.1087300777435303,1,1
Z944,1,379.1,-12.069239616394043,-2.7216970920562744,0,0
Z944,1,379.3,-16.79901885986328,-4.224031448364258,0,0
Z944,1,379.5,-20.13009262084961,-1.941718578338623,1,1
Z944,1,379.7,-13.489856719970703,-1.420017957687378,0,0
Z944,1,379.9,-8.687947273254395,-4.4341535568237305,0,0
Z944,1,380.1,-13.222251892089844,-0.28194910287857056,0,0
Z944,1,380.3,-15.499626159667969,0.21070753037929535,0,0
Z944,1,380.5,-16.78005599975586,-2.4171109199523926,0,0
Z944,1,380.7,-14.651754379272461,3.6581408977508545,0,0
Z944,1,380.9,-16.296445846557617,-0.1186312809586525,0,0
Z944,1,381.1,-20.549903869628906,-3.1667113304138184,1,1
Z944,1,381.3,-19.446805953979492,-5.066293239593506,0,0
Z944,1,381.5,-14.347590446472168,0.7399757504463196,0,0
Z944,1,381.7,-17.651065826416016,-7.300543785095215,1,1
Z944,1,381.9,-16.60157012939453,-1.8492321968078613,0,0
Z944,1,382.1,-17.289358139038086,0.2877292335033417,1,1
Z944,1,382.3,-14.82342529296875,-1.4153085947036743,1,1
Z944,1,382.5,-18.159767150878906,-5.003015518188477,1,1
Z944,1,382.7,-11.918423652648926,0.6963319182395935,0,0
Z944,1,382.9,-17.12354850769043,-5.527763843536377,0,0
Z944,1,383.1,-9.39370059967041,0.9148750901222229,0,0
Z944,1,383.3,-14.634439468383789,-1.657149076461792,0,0
Z944,1,383.5,-21.19639778137207,-4.194930076599121,1,1
Z944,1,383.7,-9.64937973022461,-8.162405967712402,0,0
Z944,1,383.9,-16.074872970581055,-2.519559621810913,0,0
Z944,1,384.1,-12.715198516845703,-3.912029266357422,0,0
Z944,1,384.3,-8.827500343322754,-7.219964504241943,0,0
Z944,1,384.5,-10.209114074707031,-3.2879104614257812,0,0
Z944,1,384.7,-8.64323616027832,-0.4169762432575226,0,0
Z944,1,384.9,-10.876975059509277,-6.883666038513184,0,0
Z944,1,385.1,-10.004609107971191,-2.474045515060425,0,0
Z944,1,385.3,-17.411298751831055,-4.688277244567871,0,0
Z944,1,385.5,-19.972103118896484,-5.688432693481445,0,0
Z944,1,385.7,-18.526884078979492,-5.026705741882324,0,0
Z944,1,385.9,-17.825294494628906,-5.746963977813721,0,0
Z944,1,386.1,-11.690849304199219,0.39625197649002075,0,0
Z944,1,386.3,-14.039058685302734,3.8247835636138916,1,1
Z944,1,386.5,-10.343132019042969,-1.3519247770309448,1,1
Z944,1,386.7,-15.953485488891602,1.9888323545455933,0,0
Z944,1,386.9,-15.74114990234375,-2.166658878326416,0,0
Z944,1,387.1,-15.19749927520752,-4.307084560394287,0,0
Z944,1,387.3,-20.00055694580078,1.296157717704773,1,1
Z944,1,387.5,-22.62924575805664,-5.76173734664917,0,0
Z944,1,387.7,-15.540569305419922,2.2175772190093994,0,0
Z944,1,387.9,-11.518099784851074,-0.6372070908546448,0,0
Z944,1,388.1,-10.992618560791016,-2.89990496635437,0,0
Z944,1,388.3,-12.273978233337402,9.799310684204102,0,0
Z944,1,388.5,-12.072968482971191,0.8259300589561462,0,0
Z944,1,388.7,-12.075701713562012,4.002151012420654,0,0
Z944,1,388.9,-16.8411922454834,-2.158527135848999,1,1
Z944,1,389.1,-10.307554244995117,-2.9149749279022217,0,0
Z944,1,389.3,-11.162749290466309,2.7518105506896973,0,0
Z944,1,389.5,-13.701162338256836,-1.2453912496566772,0,0
Z944,1,389.7,-13.910791397094727,-0.276579350233078,0,0
Z944,1,389.9,-13.6079683303833,-0.011277658864855766,1,1
Z944,1,390.1,-13.808368682861328,3.054321527481079,0,0
Z944,1,390.3,-13.82884407043457,5.949074745178223,1,1
Z944,1,390.5,-20.3092041015625,6.457383155822754,0,0
Z944,1,390.7,-18.52134895324707,-0.023504365235567093,0,0
Z944,1,390.9,-18.727745056152344,2.2947640419006348,0,0
Z944,1,391.1,-19.587709426879883,-1.9633187055587769,0,0
Z944,1,391.3,-13.096774101257324,-4.176004886627197,0,0
Z944,1,391.5,-16.567716598510742,-1.4157668352127075,0,0
Z944,1,391.7,-8.928342819213867,-3.8315796852111816,0,0
Z944,1,391.9,-11.370654106140137,-4.943780422210693,0,0
Z944,1,392.1,-19.00372314453125,-1.8176871538162231,0,0
Z944,1,392.3,-18.559038162231445,-2.622598886489868,0,0
Z944,1,392.5,-17.245197296142578,-5.245744705200195,0,0
Z944,1,392.7,-20.817434310913086,-3.2778007984161377,0,0
Z944,1,392.9,-23.769636154174805,-1.6295546293258667,1,1
Z944,1,393.1,-21.03893280029297,-5.15295934677124,0,0
Z944,1,393.3,-21.029773712158203,-3.392580509185791,0,0
Z944,1,393.5,-14.673165321350098,-0.19258220493793488,0,0
Z944,1,393.7,-15.35623550415039,-2.201960802078247,0,0
Z944,1,393.9,-14.191189765930176,-0.2542559504508972,0,0
Z944,1,394.1,-11.640355110168457,3.035061836242676,0,0
Z944,1,394.3,-15.23801326751709,0.08035527169704437,0,0
Z944,1,394.5,-13.557936668395996,5.744241714477539,0,0
Z944,1,394.7,-16.0871524810791,-0.7349333763122559,0,0
Z944,1,394.9,-11.908205032348633,0.7062471508979797,0,0
Z944,1,395.1,-17.924755096435547,0.6705262064933777,1,1
Z944,1,395.3,-20.154422760009766,7.17003059387207,1,1
Z944,1,395.5,-23.665082931518555,-2.669377565383911,1,1
Z944,1,395.7,-20.712629318237305,-3.3237197399139404,0,0
Z944,1,395.9,-14.834190368652344,3.8231494426727295,0,0
Z944,1,396.1,-25.043672561645508,2.007166624069214,0,0
Z944,1,396.3,-22.4862060546875,2.8779296875,0,0
Z944,1,396.5,-18.818710327148438,2.878204822540283,0,0
Z944,1,396.7,-14.158955574035645,5.583017826080322,0,0
Z944,1,396.9,-21.13156509399414,12.406004905700684,0,0
Z944,1,397.1,-14.810495376586914,4.701693058013916,0,0
Z944,1,397.3,-22.627342224121094,9.968032836914062,0,0
Z944,1,397.5,-15.023484230041504,8.724828720092773,0,0
Z944,1,397.7,-19.64946937561035,3.520430564880371,0,0
Z944,1,397.9,-15.859415054321289,7.819324493408203,0,0
Z944,1,398.1,-18.763652801513672,4.834996223449707,0,0
Z944,1,398.3,-16.01006317138672,1.2291029691696167,0,0
Z944,1,398.5,-15.676715850830078,-1.2809553146362305,0,0
Z944,1,398.7,-19.866727828979492,5.949460506439209,0,0
Z944,1,398.9,-20.518596649169922,1.0884357690811157,0,0
Z944,1,399.1,-23.196685791015625,4.6832170486450195,0,0
Z944,1,399.3,-20.28805923461914,8.668543815612793,0,0
Z944,1,399.5,-21.34164047241211,3.6792423725128174,0,0
Z944,1,399.7,-16.465742111206055,8.917558670043945,0,0
Z944,1,399.9,-21.288005828857422,6.441453456878662,0,0
Z944,1,400.1,-24.191082000732422,8.314335823059082,1,1
Z944,1,400.3,-23.349082946777344,3.983806610107422,0,0
Z944,1,400.5,-25.519441604614258,11.749873161315918,0,0
Z944,1,400.7,-23.57952117919922,4.83051061630249,0,0
Z944,1,400.9,-27.36690330505371,10.706674575805664,1,1
Z944,1,401.1,-21.956567764282227,3.285947799682617,1,1
Z944,1,401.3,-23.467994689941406,0.6924951076507568,1,1
Z944,1,401.5,-24.095500946044922,8.2506685256958,0,0
Z944,1,401.7,-28.845054626464844,11.10590648651123,0,0
Z944,1,401.9,-20.947145462036133,7.86716890335083,0,0
Z944,1,402.1,-32.363914489746094,3.990572214126587,1,1
Z944,1,402.3,-22.703020095825195,-2.4260425567626953,1,1
Z944,1,402.5,-24.508310317993164,4.176285266876221,0,0
Z944,1,402.7,-17.795795440673828,3.3405096530914307,0,0
Z944,1,402.9,-21.991430282592773,-0.33286166191101074,0,0
Z944,1,403.1,-20.72029685974121,1.6609121561050415,0,0
Z944,1,403.3,-20.79612159729004,2.524427652359009,0,0
Z944,1,403.5,-19.106088638305664,13.086089134216309,0,0
Z944,1,403.7,-21.39596176147461,-3.9719903469085693,0,0
Z944,1,403.9,-28.00346565246582,1.5035890340805054,0,0
Z944,1,404.1,-32.746551513671875,2.590974807739258,0,0
Z944,1,404.3,-24.453645706176758,3.871202230453491,0,0
Z944,1,404.5,-24.632606506347656,1.1532313823699951,0,0
Z944,1,404.7,-28.28436279296875,5.639398097991943,0,0
Z944,1,404.9,-30.04416847229004,2.143000841140747,0,0
Z944,1,405.1,-30.766263961791992,-2.9308626651763916,0,0
Z944,1,405.3,-20.26207733154297,5.9129719734191895,0,0
Z944,1,405.5,-23.504383087158203,6.380603790283203,0,0
Z944,1,405.7,-15.251616477966309,4.716100692749023,0,0
Z944,1,405.9,-25.300416946411133,4.401265621185303,0,0
Z944,1,406.1,-19.128122329711914,3.1418864727020264,0,0
Z944,1,406.3,-22.75168228149414,3.8449811935424805,0,0
Z944,1,406.5,-20.31293487548828,10.93842887878418,0,0
Z944,1,406.7,-26.470844268798828,1.8724792003631592,0,0
Z944,1,406.9,-30.20501136779785,6.527224063873291,0,0
Z944,1,407.1,-30.715038299560547,5.734148025512695,0,0
Z944,1,407.3,-29.988075256347656,2.948221206665039,0,0
Z944,1,407.5,-24.77793312072754,6.708573341369629,0,0
Z944,1,407.7,-23.06288719177246,2.6553006172180176,0,0
Z944,1,407.9,-29.858755111694336,6.120140075683594,1,1
Z944,1,408.1,-25.0236873626709,4.792652130126953,0,0
Z944,1,408.3,-22.384544372558594,-2.4894094467163086,0,0
Z944,1,408.5,-23.611572265625,-4.690096378326416,1,1
Z944,1,408.7,-22.548263549804688,2.9818968772888184,0,0
Z944,1,408.9,-22.074079513549805,10.293502807617188,0,0
Z944,1,409.1,-26.258989334106445,9.546714782714844,1,1
Z944,1,409.3,-25.728496551513672,1.4568952322006226,0,0
Z944,1,409.5,-26.3422908782959,-0.18001440167427063,0,0
Z944,1,409.7,-22.820234298706055,11.490140914916992,0,0
Z944,1,409.9,-16.028881072998047,4.847414016723633,0,0
Z944,1,410.1,-25.32078742980957,5.672980785369873,0,0
Z944,1,410.3,-17.143953323364258,4.331753730773926,0,0
Z944,1,410.5,-26.741796493530273,8.640917778015137,0,0
Z944,1,410.7,-22.105266571044922,8.688321113586426,0,0
Z944,1,410.9,-20.167709350585938,9.294885635375977,0,0
Z944,1,411.1,-27.134309768676758,5.097740650177002,0,0
Z944,1,411.3,-24.109529495239258,8.374536514282227,0,0
Z944,1,411.5,-27.535409927368164,0.8696139454841614,0,0
Z944,1,411.7,-28.172710418701172,4.246897220611572,0,0
Z944,1,411.9,-24.164457321166992,11.970786094665527,0,0
Z944,1,412.1,-19.92203140258789,5.955215930938721,0,0
Z944,1,412.3,-24.03899574279785,12.320906639099121,0,0
Z944,1,412.5,-25.286396026611328,12.502912521362305,0,0
Z944,1,412.7,-24.02558708190918,9.289033889770508,0,0
Z944,1,412.9,-29.93459701538086,3.159484386444092,0,0
Z944,1,413.1,-29.494531631469727,11.581869125366211,0,0
Z944,1,413.3,-26.927515029907227,1.1764695644378662,0,0
Z944,1,413.5,-28.077919006347656,8.48591136932373,0,0
Z944,1,413.7,-22.236038208007812,5.812864780426025,0,0
Z944,1,413.9,-29.939390182495117,12.8903169631958,0,0
Z944,1,414.1,-24.4829158782959,3.793058395385742,0,0
Z944,1,414.3,-23.450674057006836,5.368847370147705,0,0
Z944,1,414.5,-21.621007919311523,5.433420658111572,0,0
Z944,1,414.7,-18.50267219543457,7.075621604919434,0,0
Z944,1,414.9,-22.31488609313965,1.8758769035339355,1,1
Z944,1,415.1,-24.635025024414062,9.839500427246094,0,0
Z944,1,415.3,-25.189952850341797,3.3292272090911865,0,0
Z944,1,415.5,-24.227258682250977,9.5477294921875,0,0
Z944,1,415.7,-25.420272827148438,3.1344780921936035,0,0
Z944,1,415.9,-23.62049102783203,8.492671966552734,0,0
Z944,1,416.1,-22.633085250854492,0.07759760320186615,0,0
Z944,1,416.3,-20.016212463378906,0.9499819874763489,0,0
Z944,1,416.5,-18.164331436157227,9.873210906982422,0,0
Z944,1,416.7,-21.753507614135742,-1.6571515798568726,0,0
Z944,1,416.9,-22.70826530456543,4.223860740661621,0,0
Z944,1,417.1,-21.1604061126709,7.037369251251221,0,0
Z944,1,417.3,-24.810466766357422,2.081382989883423,0,0
Z944,1,417.5,-19.174701690673828,1.5846059322357178,0,0
Z944,1,417.7,-21.010055541992188,1.1940999031066895,0,0
Z944,1,417.9,-19.81236457824707,-0.28243768215179443,0,0
Z944,1,418.1,-19.037883758544922,3.1006722450256348,0,0
Z944,1,418.3,-16.985471725463867,8.475152015686035,0,0
Z944,1,418.5,-23.371932983398438,2.222378969192505,0,0
Z944,1,418.7,-12.96682357788086,1.5281031131744385,0,0
Z944,1,418.9,-25.504465103149414,8.661372184753418,0,0
Z944,1,419.1,-16.182302474975586,0.9997495412826538,0,0
Z944,1,419.3,-21.148530960083008,0.5979079008102417,0,0
Z944,1,419.5,-17.487253189086914,2.629103422164917,0,0
Z944,1,419.7,-19.203861236572266,-0.4973703920841217,0,0
Z944,1,419.9,-21.162229537963867,6.546749591827393,0,0
Z944,1,420.1,-16.263376235961914,2.020439863204956,1,1
Z944,1,420.3,-18.63829803466797,2.0634186267852783,0,0
Z944,1,420.5,-18.274517059326172,9.214065551757812,0,0
Z944,1,420.7,-19.61071014404297,4.626018524169922,0,0
Z944,1,420.9,-18.018138885498047,-5.737888813018799,0,0
Z944,1,421.1,-8.864500999450684,-0.5628274083137512,0,0
Z944,1,421.3,-13.96415901184082,-1.6765819787979126,0,0
Z944,1,421.5,-14.483043670654297,8.133088111877441,0,0
Z944,1,421.7,-17.89183235168457,9.684099197387695,0,0
Z944,1,421.9,-12.914231300354004,6.419327259063721,0,0
Z944,1,422.1,-9.936749458312988,-4.887214183807373,0,0
Z944,1,422.3,-9.282546043395996,0.9400355815887451,0,0
Z944,1,422.5,-22.368314743041992,0.8009083271026611,0,0
Z944,1,422.7,-14.254032135009766,1.5264091491699219,0,0
Z944,1,422.9,-15.984891891479492,0.26469773054122925,0,0
Z944,1,423.1,-17.695293426513672,2.0554559230804443,0,0
Z944,1,423.3,-9.520590782165527,-5.099041938781738,0,0
Z944,1,423.5,-13.902440071105957,0.4968176782131195,0,0
Z944,1,423.7,-16.771718978881836,-2.3343403339385986,0,0
Z944,1,423.9,-14.593559265136719,5.512722015380859,0,0
Z944,1,424.1,-16.428625106811523,2.8018767833709717,0,0
Z944,1,424.3,-14.294063568115234,4.879387378692627,0,0
Z944,1,424.5,-21.45412826538086,-4.747170925140381,0,0
Z944,1,424.7,-15.158626556396484,1.971065640449524,0,0
Z944,1,424.9,-15.525537490844727,1.2739887237548828,0,0
Z944,1,425.1,-13.030789375305176,7.146023273468018,0,0
Z944,1,425.3,-15.972430229187012,-1.7364956140518188,0,0
Z944,1,425.5,-19.628238677978516,-0.09022792428731918,0,0
Z944,1,425.7,-21.307279586791992,0.787632405757904,0,0
Z944,1,425.9,-9.851150512695312,9.123682022094727,0,0
Z944,1,426.1,-13.896079063415527,1.2725245952606201,0,0
Z944,1,426.3,-16.910480499267578,4.354374885559082,0,0
Z944,1,426.5,-17.205270767211914,6.730020523071289,1,1
Z944,1,426.7,-17.99138069152832,6.651002407073975,1,1
Z944,1,426.9,-12.407793998718262,0.9585087895393372,0,0
Z944,1,427.1,-20.181854248046875,2.150996685028076,0,0
Z944,1,427.3,-11.973701477050781,3.647737741470337,0,0
Z944,1,427.5,-10.77029800415039,1.20546293258667,0,0
Z944,1,427.7,-11.187809944152832,-2.760913610458374,0,0
Z944,1,427.9,-19.833253860473633,0.8820598721504211,0,0
Z944,1,428.1,-15.557537078857422,1.2635972499847412,0,0
Z944,1,428.3,-8.861628532409668,6.774073600769043,0,0
Z944,1,428.5,-12.080219268798828,4.5701727867126465,0,0
Z944,1,428.7,-7.924929141998291,9.848682403564453,0,0
Z944,1,428.9,-15.92084789276123,6.609292507171631,0,0
Z944,1,429.1,-22.027080535888672,1.6210447549819946,1,1
Z944,1,429.3,-14.250105857849121,-0.2620445489883423,0,0
Z944,1,429.5,-21.624507904052734,-0.014652450568974018,0,0
Z944,1,429.7,-24.943546295166016,-2.259065628051758,0,0
Z944,1,429.9,-16.87299156188965,0.669335126876831,0,0
Z944,1,430.1,-18.31814956665039,-0.3727157413959503,0,0
Z944,1,430.3,-21.293420791625977,7.153980255126953,0,0
Z944,1,430.5,-21.028202056884766,-1.0912612676620483,0,0
Z944,1,430.7,-16.625057220458984,1.4692645072937012,0,0
Z944,1,430.9,-17.707223892211914,-3.62278151512146,0,0
Z944,1,431.1,-19.036462783813477,-3.669617176055908,0,0
Z944,1,431.3,-18.25660514831543,-4.15852165222168,0,0
Z944,1,431.5,-16.496980667114258,-6.151707172393799,0,0
Z944,1,431.7,-22.19073486328125,-0.4925251603126526,0,0
Z944,1,431.9,-17.0196475982666,-3.53135347366333,0,0
Z944,1,432.1,-12.57693862915039,-1.3715382814407349,0,0
Z944,1,432.3,-14.103590965270996,8.4108247756958,0,0
Z944,1,432.5,-17.08915138244629,-0.22876913845539093,0,0
Z944,1,432.7,-20.22475242614746,-4.372197151184082,0,0
Z944,1,432.9,-15.846385955810547,-1.401742935180664,0,0
Z944,1,433.1,-25.81422233581543,-1.671764850616455,0,0
Z944,1,433.3,-18.3955078125,5.436140060424805,0,0
Z944,1,433.5,-16.058069229125977,6.67614221572876,0,0
Z944,1,433.7,-16.61485481262207,2.675093650817871,0,0
Z944,1,433.9,-21.34050941467285,-1.4296576976776123,0,0
Z944,1,434.1,-11.988875389099121,4.95759916305542,0,0
Z944,1,434.3,-15.605658531188965,6.068656921386719,0,0
Z944,1,434.5,-19.408191680908203,-2.650026559829712,0,0
Z944,1,434.7,-16.35637664794922,5.840278625488281,0,0
Z944,1,434.9,-14.734477996826172,6.378859043121338,0,0
Z944,1,435.1,-13.70141887664795,-3.3715529441833496,0,0
Z944,1,435.3,-15.145330429077148,-1.2535184621810913,0,0
Z944,1,435.5,-15.17630386352539,-2.5932769775390625,0,0
Z944,1,435.7,-12.017843246459961,3.4099252223968506,0,0
Z944,1,435.9,-17.065937042236328,3.4359488487243652,0,0
Z944,1,436.1,-9.085345268249512,4.72988224029541,0,0
Z944,1,436.3,-19.64068603515625,8.384007453918457,0,0
Z944,1,436.5,-20.886035919189453,3.376478910446167,0,0
Z944,1,436.7,-16.524795532226562,-6.100302219390869,0,0
Z944,1,436.9,-20.758729934692383,2.577183246612549,0,0
Z944,1,437.1,-13.643278121948242,3.7622578144073486,0,0
Z944,1,437.3,-15.47425365447998,-2.824094295501709,0,0
Z944,1,437.5,-14.1659574508667,2.2322490215301514,0,0
Z944,1,437.7,-14.747353553771973,0.42518150806427,0,0
Z944,1,437.9,-13.98122787475586,-0.24326331913471222,0,0
Z944,1,438.1,-21.516992568969727,-2.4917852878570557,0,0
Z944,1,438.3,-20.470258712768555,-4.286792755126953,0,0
Z944,1,438.5,-16.112714767456055,0.6060675382614136,0,0
Z944,1,438.7,-17.722156524658203,7.334452152252197,0,0
Z944,1,438.9,-14.892807960510254,-0.4094107449054718,1,1
Z944,1,439.1,-21.124523162841797,-5.942135810852051,0,0
Z944,1,439.3,-21.919269561767578,-0.029857562854886055,0,0
Z944,1,439.5,-17.780670166015625,4.416136741638184,0,0
Z944,1,439.7,-17.966625213623047,4.109547138214111,0,0
Z944,1,439.9,-13.543045997619629,7.38078498840332,0,0
Z944,1,440.1,-18.051738739013672,1.4870470762252808,0,0
Z944,1,440.3,-11.3994722366333,5.474220275878906,0,0
Z944,1,440.5,-18.623138427734375,6.275888442993164,0,0
Z944,1,440.7,-20.141559600830078,-0.4624861478805542,1,1
Z944,1,440.9,-20.699430465698242,1.6870170831680298,0,0
Z944,1,441.1,-5.3494391441345215,4.322901725769043,0,0
Z944,1,441.3,-3.838299036026001,-2.2010796070098877,0,0
Z944,1,441.5,-15.356646537780762,1.2625597715377808,0,0
Z944,1,441.7,-15.035784721374512,-0.11763390153646469,0,0
Z944,1,441.9,-15.767901420593262,1.9003074169158936,0,0
Z944,1,442.1,-16.675067901611328,-4.053382396697998,0,0
Z944,1,442.3,-11.96584701538086,3.7815632820129395,0,0
Z944,1,442.5,-13.392499923706055,1.3255670070648193,0,0
Z944,1,442.7,-13.932454109191895,6.973028182983398,0,0
Z944,1,442.9,-12.336394309997559,0.06950540840625763,0,0
Z944,1,443.1,-17.174179077148438,2.914353609085083,0,0
Z944,1,443.3,-20.539026260375977,-1.6879253387451172,0,0
Z944,1,443.5,-16.876726150512695,3.309366226196289,1,1
Z944,1,443.7,-21.03851318359375,2.8170535564422607,0,0
Z944,1,443.9,-15.077956199645996,1.6057368516921997,0,0
Z944,1,444.1,-12.2137451171875,6.391153335571289,0,0
Z944,1,444.3,-15.619216918945312,7.627792835235596,0,0
Z944,1,444.5,-15.652570724487305,2.8833329677581787,0,0
Z944,1,444.7,-19.785747528076172,5.459945201873779,0,0
Z944,1,444.9,-13.9586820602417,0.698859453201294,0,0
Z944,1,445.1,-14.458640098571777,5.450432777404785,1,1
Z944,1,445.3,-14.69706916809082,2.0174975395202637,0,0
Z944,1,445.5,-12.26967716217041,0.6074972748756409,0,0
Z944,1,445.7,-17.166027069091797,0.5398571491241455,1,1
Z944,1,445.9,-12.13623332977295,-2.0979578495025635,1,1
Z944,1,446.1,-19.961851119995117,1.7063254117965698,0,0
Z944,1,446.3,-22.49366569519043,6.975917339324951,0,0
Z944,1,446.5,-16.99378204345703,0.3713471293449402,0,0
Z944,1,446.7,-16.42127799987793,2.741997718811035,0,0
Z944,1,446.9,-21.100387573242188,6.589481353759766,0,0
Z944,1,447.1,-21.913253784179688,-0.8045253753662109,0,0
Z944,1,447.3,-17.642629623413086,4.969733715057373,0,0
Z944,1,447.5,-13.040154457092285,8.345741271972656,1,1
Z944,1,447.7,-19.05430030822754,4.955413818359375,0,0
Z944,1,447.9,-18.824764251708984,-1.100343108177185,0,0
Z944,1,448.1,-14.541357040405273,3.952288866043091,0,0
Z944,1,448.3,-17.165903091430664,6.391152381896973,1,1
Z944,1,448.5,-22.492307662963867,7.059700012207031,1,1
Z944,1,448.7,-21.956512451171875,2.1838929653167725,0,0
Z944,1,448.9,-16.51923179626465,7.789793491363525,1,1
Z944,1,449.1,-13.602521896362305,10.108222007751465,0,0
Z944,1,449.3,-21.417612075805664,3.0157783031463623,1,1
Z944,1,449.5,-15.942765235900879,-0.8182871341705322,0,0
Z944,1,449.7,-25.587234497070312,8.897719383239746,0,0
Z944,1,449.9,-23.906492233276367,0.8010976314544678,0,0
Z944,1,450.1,-18.27655029296875,3.1715173721313477,0,0
Z944,1,450.3,-18.902935028076172,4.5742411613464355,1,1
Z944,1,450.5,-22.13462257385254,5.347637176513672,0,0
Z944,1,450.7,-22.402498245239258,6.3358612060546875,1,1
Z944,1,450.9,-19.493698120117188,6.475347995758057,1,1
Z944,1,451.1,-30.789705276489258,8.133611679077148,1,1
Z944,1,451.3,-30.139759063720703,7.446331024169922,0,0
Z944,1,451.5,-16.06324577331543,6.108765125274658,0,0
Z944,1,451.7,-24.145231246948242,5.3835530281066895,0,0
Z944,1,451.9,-25.992408752441406,7.255954742431641,0,0
Z944,1,452.1,-20.40509796142578,3.351959705352783,0,0
Z944,1,452.3,-16.66080665588379,10.801251411437988,1,1
Z944,1,452.5,-22.783132553100586,3.621511220932007,1,1
Z944,1,452.7,-21.57575035095215,8.734864234924316,0,0
Z944,1,452.9,-19.14459991455078,8.283004760742188,0,0
Z944,1,453.1,-27.02156639099121,14.440619468688965,0,0
Z944,1,453.3,-21.47063446044922,6.439284801483154,0,0
Z944,1,453.5,-23.279258728027344,5.523921966552734,0,0
Z944,1,453.7,-18.721111297607422,3.6903247833251953,0,0
Z944,1,453.9,-15.823606491088867,2.212689161300659,0,0
Z944,1,454.1,-17.890045166015625,6.563439846038818,0,0
Z944,1,454.3,-21.836946487426758,3.751223087310791,0,0
Z944,1,454.5,-23.666330337524414,10.952852249145508,0,0
Z944,1,454.7,-21.984405517578125,10.2682466506958,0,0
Z944,1,454.9,-20.9764461517334,9.425140380859375,0,0
Z944,1,455.1,-19.122596740722656,2.2918901443481445,0,0
Z944,1,455.3,-19.120620727539062,2.3942930698394775,0,0
Z944,1,455.5,-22.781444549560547,7.796236515045166,0,0
Z944,1,455.7,-14.368677139282227,-1.024813175201416,0,0
Z944,1,455.9,-18.2252197265625,4.3291707038879395,1,1
Z944,1,456.1,-16.340831756591797,6.179405212402344,0,0
Z944,1,456.3,-23.157176971435547,-0.8120401501655579,0,0
Z944,1,456.5,-22.069623947143555,2.0473673343658447,0,0
Z944,1,456.7,-18.181110382080078,-0.16027402877807617,0,0
Z944,1,456.9,-21.938159942626953,2.975435256958008,0,0
Z944,1,457.1,-18.846683502197266,11.397660255432129,0,0
Z944,1,457.3,-15.769440650939941,4.723407745361328,0,0
Z944,1,457.5,-17.28092384338379,2.0585947036743164,0,0
Z944,1,457.7,-21.46457290649414,2.9873502254486084,0,0
Z944,1,457.9,-15.432144165039062,1.6147364377975464,0,0
Z944,1,458.1,-13.622872352600098,-6.391592979431152,0,0
Z944,1,458.3,-16.02631187438965,2.877331256866455,0,0
Z944,1,458.5,-20.755632400512695,-6.871657848358154,0,0
Z944,1,458.7,-16.74249267578125,0.7413685917854309,0,0
Z944,1,458.9,-12.860198974609375,1.4168758392333984,0,0
Z944,1,459.1,-24.522838592529297,-4.662476539611816,0,0
Z944,1,459.3,-14.450638771057129,-2.1446902751922607,0,0
Z944,1,459.5,-19.086017608642578,-7.155087947845459,0,0
Z944,1,459.7,-15.485631942749023,8.893336296081543,0,0
Z944,1,459.9,-12.723248481750488,-3.8116660118103027,0,0
Z944,1,460.1,-16.892099380493164,-0.33476248383522034,1,1
Z944,1,460.3,-20.59959602355957,4.184454441070557,1,1
Z944,1,460.5,-21.98391342163086,-3.567960023880005,1,1
Z944,1,460.7,-16.71748924255371,5.833468914031982,0,0
Z944,1,460.9,-20.160188674926758,-4.413433074951172,0,0
Z944,1,461.1,-15.245155334472656,-1.186199426651001,0,0
Z944,1,461.3,-15.697421073913574,6.553547382354736,0,0
Z944,1,461.5,-15.617947578430176,-1.0385557413101196,0,0
Z944,1,461.7,-19.59168243408203,-5.514418125152588,0,0
Z944,1,461.9,-20.8837890625,-1.1359139680862427,1,1
Z944,1,462.1,-16.835094451904297,-4.361941337585449,1,1
Z944,1,462.3,-14.72689437866211,-0.3844788074493408,1,1
Z944,1,462.5,-23.222240447998047,-6.321146488189697,1,1
Z944,1,462.7,-17.720855712890625,-5.60535192489624,1,1
Z944,1,462.9,-18.6968936920166,-0.050927724689245224,1,1
Z944,1,463.1,-16.21910285949707,-3.5804481506347656,1,1
Z944,1,463.3,-15.637496948242188,-2.5037453174591064,1,1
Z944,1,463.5,-16.316511154174805,2.577087879180908,0,0
Z944,1,463.7,-22.674901962280273,-4.351174354553223,1,1
Z944,1,463.9,-17.573457717895508,0.3334771692752838,1,1
Z944,1,464.1,-20.66838836669922,2.7094268798828125,1,1
Z944,1,464.3,-16.77606201171875,-5.452484607696533,1,1
Z944,1,464.5,-15.942712783813477,0.8286134600639343,1,1
Z944,1,464.7,-15.254400253295898,-2.313286066055298,1,1
Z944,1,464.9,-20.297853469848633,-2.4990041255950928,1,1
Z944,1,465.1,-22.770645141601562,4.629676342010498,1,1
Z944,1,465.3,-21.800386428833008,2.182445764541626,1,1
Z944,1,465.5,-14.24510383605957,-2.423027753829956,0,0
Z944,1,465.7,-20.707660675048828,-0.5924016833305359,1,1
Z944,1,465.9,-16.026430130004883,-2.799859046936035,1,1
Z944,1,466.1,-15.150638580322266,-8.792255401611328,1,1
Z944,1,466.3,-19.440317153930664,-5.296146392822266,1,1
Z944,1,466.5,-11.655806541442871,-0.4535229504108429,1,1
Z944,1,466.7,-12.041280746459961,-3.983549118041992,1,1
Z944,1,466.9,-12.972887992858887,-7.914360523223877,1,1
Z944,1,467.1,-21.6398868560791,-0.3545176684856415,1,1
Z944,1,467.3,-15.801124572753906,-8.385311126708984,1,1
Z944,1,467.5,-18.096927642822266,-0.34820684790611267,1,1
Z944,1,467.7,-15.450836181640625,-0.6984556913375854,1,1
Z944,1,467.9,-17.436141967773438,-0.9388906359672546,1,1
Z944,1,468.1,-14.380674362182617,8.336098670959473,0,0
Z944,1,468.3,-23.14682960510254,1.0232481956481934,1,1
Z944,1,468.5,-16.600427627563477,5.414381980895996,1,1
Z944,1,468.7,-26.425392150878906,6.5250678062438965,0,0
Z944,1,468.9,-26.435150146484375,-2.5885767936706543,1,1
Z944,1,469.1,-15.556519508361816,6.611593723297119,0,0
Z944,1,469.3,-14.905369758605957,3.158214569091797,1,1
Z944,1,469.5,-8.254992485046387,4.55021333694458,1,1
Z944,1,469.7,-11.061311721801758,-0.16206347942352295,1,1
Z944,1,469.9,-11.079205513000488,-1.0185307264328003,1,1
Z944,1,470.1,-11.627501487731934,6.484661102294922,0,0
Z944,1,470.3,-20.08551025390625,4.295485973358154,0,0
Z944,1,470.5,-12.457242012023926,8.553102493286133,1,1
Z944,1,470.7,-17.838584899902344,2.9208366870880127,1,1
Z944,1,470.9,-10.348079681396484,1.8714054822921753,1,1
Z944,1,471.1,-14.260649681091309,2.6195566654205322,1,1
Z944,1,471.3,-15.33086109161377,7.05604887008667,0,0
Z944,1,471.5,-17.72312355041504,4.070172309875488,1,1
Z944,1,471.7,-17.056663513183594,3.3212742805480957,1,1
Z944,1,471.9,-13.840926170349121,0.8451149463653564,0,0
Z944,1,472.1,-14.309905052185059,1.211492657661438,0,0
Z944,1,472.3,-15.842266082763672,5.965615272521973,1,1
Z944,1,472.5,-10.19525146484375,2.4448421001434326,0,0
Z944,1,472.7,-10.127538681030273,9.818168640136719,0,0
Z944,1,472.9,-13.150014877319336,-2.6424434185028076,1,1
Z944,1,473.1,-18.066133499145508,7.97056770324707,1,1
Z944,1,473.3,-19.233848571777344,-0.765921413898468,1,1
Z944,1,473.5,-14.885522842407227,2.4319968223571777,0,0
Z944,1,473.7,-11.45063304901123,2.792403221130371,1,1
Z944,1,473.9,-12.138957023620605,-1.9489805698394775,0,0
Z944,1,474.1,-16.812915802001953,2.8799526691436768,1,1
Z944,1,474.3,-13.640827178955078,8.578359603881836,0,0
Z944,1,474.5,-13.306660652160645,-1.0718437433242798,0,0
Z944,1,474.7,-23.735855102539062,8.299186706542969,0,0
Z944,1,474.9,-14.5839262008667,12.184430122375488,1,1
Z944,1,475.1,-19.149944305419922,7.363645553588867,0,0
Z944,1,475.3,-17.247575759887695,9.701708793640137,1,1
Z944,1,475.5,-10.09804916381836,8.103991508483887,0,0
Z944,1,475.7,-3.9792606830596924,14.068941116333008,0,0
Z944,1,475.9,-8.47777271270752,12.971242904663086,0,0
Z944,1,476.1,-12.585721969604492,4.381381034851074,0,0
Z944,1,476.3,-19.17914390563965,5.056092739105225,1,1
Z944,1,476.5,-14.880337715148926,5.189956188201904,0,0
Z944,1,476.7,-17.80719757080078,3.408085584640503,1,1
Z944,1,476.9,-14.17158317565918,-3.7027080059051514,0,0
Z944,1,477.1,-16.48736572265625,4.545947074890137,0,0
Z944,1,477.3,-9.919839859008789,-1.2750920057296753,0,0
Z944,1,477.5,-12.19516658782959,5.689012050628662,1,1
Z944,1,477.7,-10.183158874511719,5.326906681060791,1,1
Z944,1,477.9,-11.223217010498047,5.227977275848389,0,0
Z944,1,478.1,-19.90349769592285,3.789229154586792,1,1
Z944,1,478.3,-20.89922332763672,0.324470192193985,1,1
Z944,1,478.5,-12.754524230957031,5.191783428192139,0,0
Z944,1,478.7,-12.90489387512207,2.297319173812866,1,1
Z944,1,478.9,-19.61409568786621,8.680228233337402,1,1
Z944,1,479.1,-14.792329788208008,2.642565965652466,1,1
Z944,1,479.3,-18.942699432373047,4.021000862121582,1,1
Z944,1,479.5,-17.15748405456543,2.283935546875,0,0
Z944,1,479.7,-22.31578254699707,6.325170516967773,0,0
Z944,1,479.9,-18.209028244018555,5.310381889343262,1,1
Z944,1,480.1,-20.70369529724121,-7.081828594207764,0,0
Z944,1,480.3,-20.99457550048828,0.4484250247478485,1,1
Z944,1,480.5,-19.679595947265625,1.5499939918518066,0,0
Z944,1,480.7,-18.778017044067383,-1.9312025308609009,0,0
Z944,1,480.9,-19.847484588623047,-0.20705081522464752,0,0
Z944,1,481.1,-22.060712814331055,7.190053462982178,0,0
Z944,1,481.3,-23.806554794311523,1.221768856048584,0,0
Z944,1,481.5,-18.748199462890625,3.2088630199432373,0,0
Z944,1,481.7,-24.205638885498047,7.805556774139404,0,0
Z944,1,481.9,-18.611827850341797,-0.03808346018195152,0,0
Z944,1,482.1,-16.874753952026367,9.941546440124512,0,0
Z944,1,482.3,-24.074119567871094,3.0295538902282715,0,0
Z944,1,482.5,-15.093193054199219,4.285444736480713,0,0
Z944,1,482.7,-18.26366424560547,10.019989967346191,0,0
Z944,1,482.9,-24.56143569946289,-4.148869037628174,0,0
Z944,1,483.1,-14.003902435302734,-6.092010498046875,0,0
Z944,1,483.3,-17.199039459228516,1.1364532709121704,0,0
Z944,1,483.5,-24.521041870117188,4.317936420440674,0,0
Z944,1,483.7,-14.417180061340332,0.6472091674804688,0,0
Z944,1,483.9,-14.139352798461914,0.09110727906227112,0,0
Z944,1,484.1,-13.549859046936035,0.31985318660736084,0,0
Z944,1,484.3,-14.798017501831055,-1.517682433128357,0,0
Z944,1,484.5,-15.7959623336792,2.0094616413116455,0,0
Z944,1,484.7,-21.54669761657715,3.5106685161590576,0,0
Z944,1,484.9,-18.379159927368164,-1.4706649780273438,0,0
Z944,1,485.1,-22.272432327270508,-10.592056274414062,0,0
Z944,1,485.3,-23.222484588623047,-2.7002451419830322,0,0
Z944,1,485.5,-21.588682174682617,3.4478321075439453,1,1
Z944,1,485.7,-23.719587326049805,6.8940863609313965,0,0
Z944,1,485.9,-12.202428817749023,9.923355102539062,0,0
Z944,1,486.1,-16.54973030090332,3.3603034019470215,0,0
Z944,1,486.3,-14.481958389282227,8.617822647094727,0,0
Z944,1,486.5,-15.154230117797852,3.5685322284698486,0,0
Z944,1,486.7,-12.71902084350586,6.391304969787598,0,0
Z944,1,486.9,-9.596772193908691,7.247652053833008,0,0
Z944,1,487.1,-13.693531036376953,3.789883613586426,0,0
Z944,1,487.3,-17.170888900756836,12.979798316955566,0,0
Z944,1,487.5,-16.41292381286621,1.1243904829025269,0,0
Z944,1,487.7,-19.043546676635742,6.135952472686768,0,0
Z944,1,487.9,-13.105504989624023,4.776608943939209,0,0
Z944,1,488.1,-13.38430404663086,8.130572319030762,0,0
Z944,1,488.3,-5.429317951202393,7.72251558303833,0,0
Z944,1,488.5,-13.086631774902344,6.135136127471924,0,0
Z944,1,488.7,-14.56306266784668,11.44914436340332,1,1
Z944,1,488.9,-14.109844207763672,8.128564834594727,1,1
Z944,1,489.1,-25.737438201904297,4.383224010467529,1,1
Z944,1,489.3,-16.398338317871094,7.807077884674072,0,0
Z944,1,489.5,-15.917290687561035,6.485760688781738,1,1
Z944,1,489.7,-12.437623977661133,1.0698150396347046,0,0
Z944,1,489.9,-13.07722282409668,0.5650849938392639,1,1
Z944,1,490.1,-19.812040328979492,3.6949825286865234,1,1
Z944,1,490.3,-16.047733306884766,5.742502689361572,0,0
Z944,1,490.5,-21.98061752319336,-3.4900779724121094,1,1
Z944,1,490.7,-20.791868209838867,0.03646891564130783,1,1
Z944,1,490.9,-11.69584846496582,6.598572731018066,0,0
Z944,1,491.1,-16.3001708984375,-1.6707730293273926,1,1
Z944,1,491.3,-20.144493103027344,-6.960675239562988,1,1
Z944,1,491.5,-18.70756721496582,-4.821206092834473,1,1
Z944,1,491.7,-16.217905044555664,-3.2943098545074463,1,1
Z944,1,491.9,-16.16127586364746,-4.802453517913818,1,1
Z944,1,492.1,-25.53883934020996,1.8442622423171997,1,1
Z944,1,492.3,-17.650253295898438,0.8804256319999695,1,1
Z944,1,492.5,-14.262839317321777,3.9915952682495117,1,1
Z944,1,492.7,-17.067928314208984,-3.258171558380127,1,1
Z944,1,492.9,-17.95772361755371,-1.0967786312103271,1,1
Z944,1,493.1,-19.016481399536133,4.040553569793701,1,1
Z944,1,493.3,-17.537006378173828,-5.9723920822143555,1,1
Z944,1,493.5,-14.566843032836914,-4.763641834259033,1,1
Z944,1,493.7,-17.60732650756836,-0.025002652779221535,1,1
Z944,1,493.9,-18.06520652770996,-6.486532688140869,1,1
Z944,1,494.1,-17.662904739379883,3.528571128845215,1,1
Z944,1,494.3,-20.256254196166992,3.493346929550171,1,1
Z944,1,494.5,-11.388396263122559,-0.09852447360754013,1,1
Z944,1,494.7,-20.44924545288086,-3.5022692680358887,1,1
Z944,1,494.9,-19.913015365600586,-1.0178033113479614,1,1
Z944,1,495.1,-23.231672286987305,3.6316428184509277,1,1
Z944,1,495.3,-19.03819465637207,-13.70483684539795,1,1
Z944,1,495.5,-19.54976463317871,0.7566637992858887,1,1
Z944,1,495.7,-18.441434860229492,-4.659730434417725,1,1
Z944,1,495.9,-19.50054931640625,-1.971219539642334,1,1
Z944,1,496.1,-15.322545051574707,5.168040752410889,1,1
Z944,1,496.3,-20.296146392822266,4.214224815368652,1,1
Z944,1,496.5,-19.932708740234375,-2.0100488662719727,1,1
Z944,1,496.7,-18.050514221191406,2.136953115463257,1,1
Z944,1,496.9,-15.243915557861328,6.940242290496826,1,1
Z944,1,497.1,-14.0713529586792,6.037789821624756,1,1
Z944,1,497.3,-9.666911125183105,13.154425621032715,1,1
Z944,1,497.5,-16.34539222717285,6.228770732879639,1,1
Z944,1,497.7,-16.475374221801758,5.81881046295166,1,1
Z944,1,497.9,-16.064193725585938,4.074025630950928,1,1
Z944,1,498.1,-11.782254219055176,-1.2511730194091797,0,0
Z944,1,498.3,-13.890058517456055,2.59439754486084,0,0
Z944,1,498.5,-14.800368309020996,3.175034284591675,0,0
Z944,1,498.7,-22.52946662902832,2.643592119216919,1,1
Z944,1,498.9,-15.05860710144043,7.3026041984558105,0,0
Z944,1,499.1,-14.310944557189941,1.6017440557479858,1,1
Z944,1,499.3,-17.674386978149414,5.1485161781311035,1,1
Z944,1,499.5,-17.297836303710938,7.234673023223877,1,1
Z944,1,499.7,-13.078390121459961,3.104027509689331,1,1
Z944,1,499.9,-15.194650650024414,3.367166042327881,1,1
Z944,1,500.1,-17.657817840576172,7.526284217834473,1,1
Z944,1,500.3,-15.212470054626465,3.2999866008758545,0,0
Z944,1,500.5,-20.52602767944336,12.551691055297852,1,1
Z944,1,500.7,-23.794137954711914,10.901981353759766,1,1
Z944,1,500.9,-24.802597045898438,7.664889335632324,0,0
Z944,1,501.1,-17.134431838989258,3.4775123596191406,1,1
Z944,1,501.3,-18.956867218017578,-3.090236186981201,0,0
Z944,1,501.5,-20.758085250854492,4.139935493469238,1,1
Z944,1,501.7,-23.96307945251465,11.2841157913208,1,1
Z944,1,501.9,-23.03948974609375,1.9614853858947754,1,1
Z944,1,502.1,-24.05869483947754,6.679376125335693,1,1
Z944,1,502.3,-21.070632934570312,1.1592148542404175,1,1
Z944,1,502.5,-21.16010284423828,4.396953105926514,1,1
Z944,1,502.7,-26.801828384399414,1.7726844549179077,1,1
Z944,1,502.9,-27.300695419311523,1.9673396348953247,1,1
Z944,1,503.1,-25.98578643798828,7.992395401000977,1,1
Z944,1,503.3,-29.11147689819336,7.7929534912109375,1,1
Z944,1,503.5,-20.590456008911133,10.412683486938477,1,1
Z944,1,503.7,-18.897598266601562,-2.634093999862671,1,1
Z944,1,503.9,-24.491783142089844,7.639608860015869,1,1
Z944,1,504.1,-24.01552963256836,0.5559629797935486,1,1
Z944,1,504.3,-16.330673217773438,3.3698601722717285,1,1
Z944,1,504.5,-13.174644470214844,6.716792583465576,0,0
Z944,1,504.7,-19.30021858215332,15.750936508178711,0,0
Z944,1,504.9,-20.479429244995117,15.708189964294434,0,0
Z944,1,505.1,-29.761674880981445,12.694119453430176,1,1
Z944,1,505.3,-25.477018356323242,-3.851430892944336,0,0
Z944,1,505.5,-16.163476943969727,4.795751571655273,0,0
Z944,1,505.7,-23.026151657104492,8.100854873657227,1,1
Z944,1,505.9,-21.301546096801758,12.144706726074219,1,1
Z944,1,506.1,-12.901510238647461,11.507363319396973,1,1
Z944,1,506.3,-24.278953552246094,13.651737213134766,1,1
Z944,1,506.5,-18.43012237548828,11.664182662963867,1,1
Z944,1,506.7,-22.563377380371094,2.7928860187530518,1,1
Z944,1,506.9,-22.8407039642334,4.55094575881958,1,1
Z944,1,507.1,-26.566991806030273,3.8371167182922363,1,1
Z944,1,507.3,-19.444984436035156,5.522243499755859,1,1
Z944,1,507.5,-23.092815399169922,11.197105407714844,0,0
Z944,1,507.7,-19.22589683532715,4.1698455810546875,1,1
Z944,1,507.9,-24.005413055419922,7.431130409240723,1,1
Z944,1,508.1,-20.022666931152344,6.256199359893799,1,1
Z944,1,508.3,-28.67845344543457,10.250112533569336,1,1
Z944,1,508.5,-19.83078956604004,10.917909622192383,0,0
Z944,1,508.7,-24.06365394592285,6.828335762023926,1,1
Z944,1,508.9,-17.960128784179688,7.832154273986816,1,1
Z944,1,509.1,-19.385021209716797,6.946905136108398,1,1
Z944,1,509.3,-14.315001487731934,3.7155098915100098,1,1
Z944,1,509.5,-16.108217239379883,5.891232013702393,1,1
Z944,1,509.7,-13.316645622253418,6.7966694831848145,1,1
Z944,1,509.9,-20.64956283569336,1.4178109169006348,1,1
Z944,1,510.1,-15.170689582824707,6.605538368225098,1,1
Z944,1,510.3,-18.072509765625,8.714062690734863,1,1
Z944,1,510.5,-17.413116455078125,7.7393059730529785,0,0
Z944,1,510.7,-24.71887969970703,7.777812480926514,1,1
Z944,1,510.9,-18.23409652709961,5.946572303771973,1,1
Z944,1,511.1,-21.016233444213867,4.987329006195068,1,1
Z944,1,511.3,-23.54650115966797,2.448430299758911,1,1
Z944,1,511.5,-19.617387771606445,-2.6963717937469482,1,1
Z944,1,511.7,-24.475387573242188,5.717172145843506,1,1
Z944,1,511.9,-22.03516960144043,6.906253814697266,1,1
Z944,1,512.1,-23.480953216552734,10.52333927154541,1,1
Z944,1,512.3,-21.307086944580078,5.731564521789551,1,1
Z944,1,512.5,-24.126636505126953,4.418165683746338,0,0
Z944,1,512.7,-19.294734954833984,-2.9652018547058105,1,1
Z944,1,512.9,-18.042770385742188,4.27271842956543,1,1
Z944,1,513.1,-21.657859802246094,1.9785668849945068,1,1
Z944,1,513.3,-19.48485565185547,7.4178643226623535,1,1
Z944,1,513.5,-25.133224487304688,8.890680313110352,1,1
Z944,1,513.7,-24.86651039123535,12.366604804992676,1,1
Z944,1,513.9,-18.01698875427246,6.044850826263428,1,1
Z944,1,514.1,-13.510348320007324,-0.8581907153129578,1,1
Z944,1,514.3,-12.552864074707031,-4.182221412658691,1,1
Z944,1,514.5,-19.065841674804688,-1.8829272985458374,1,1
Z944,1,514.7,-14.395700454711914,7.772096157073975,1,1
Z944,1,514.9,-12.369413375854492,0.9779890775680542,1,1
Z944,1,515.1,-24.10455894470215,-0.4886683225631714,1,1
Z944,1,515.3,-23.673669815063477,2.574625253677368,1,1
Z944,1,515.5,-22.286828994750977,3.897550582885742,1,1
Z944,1,515.7,-27.441959381103516,6.321970462799072,1,1
Z944,1,515.9,-17.89810562133789,13.33350658416748,1,1
Z944,1,516.1,-16.903369903564453,5.81367826461792,1,1
Z944,1,516.3,-15.813408851623535,4.759646415710449,1,1
Z944,1,516.5,-21.843788146972656,1.6882272958755493,1,1
Z944,1,516.7,-24.340606689453125,3.57403826713562,0,0
Z944,1,516.9,-20.24970054626465,0.6903823614120483,1,1
Z944,1,517.1,-18.11103057861328,8.161205291748047,1,1
Z944,1,517.3,-17.21990966796875,7.64287805557251,1,1
Z944,1,517.5,-31.417985916137695,7.184701919555664,1,1
Z944,1,517.7,-23.979206085205078,3.8846023082733154,1,1
Z944,1,517.9,-29.144765853881836,1.7507573366165161,1,1
Z944,1,518.1,-23.772300720214844,11.943183898925781,0,0
Z944,1,518.3,-28.190290451049805,6.045040130615234,1,1
Z944,1,518.5,-20.508203506469727,-1.85435950756073,0,0
Z944,1,518.7,-18.167922973632812,-0.5107513070106506,0,0
Z944,1,518.9,-19.087337493896484,2.3516664505004883,1,1
Z944,1,519.1,-23.984834671020508,7.378483772277832,1,1
Z944,1,519.3,-24.895936965942383,1.3466837406158447,1,1
Z944,1,519.5,-24.620407104492188,3.8299989700317383,1,1
Z944,1,519.7,-19.58036231994629,9.372835159301758,1,1
Z944,1,519.9,-22.451492309570312,4.966159820556641,1,1
Z944,1,520.1,-20.888078689575195,3.10280442237854,1,1
Z944,1,520.3,-22.6983585357666,6.384802341461182,0,0
Z944,1,520.5,-18.47993278503418,10.583832740783691,0,0
Z944,1,520.7,-18.092296600341797,2.2240824699401855,0,0
Z944,1,520.9,-18.909137725830078,12.395439147949219,1,1
Z944,1,521.1,-22.640430450439453,7.6138434410095215,1,1
Z944,1,521.3,-17.50250244140625,4.580530643463135,1,1
Z944,1,521.5,-20.768835067749023,5.89609956741333,1,1
Z944,1,521.7,-17.90531349182129,8.177213668823242,1,1
Z944,1,521.9,-26.149459838867188,12.3379487991333,1,1
Z944,1,522.1,-21.9088077545166,12.631973266601562,1,1
Z944,1,522.3,-26.150413513183594,7.652201175689697,1,1
Z944,1,522.5,-26.417287826538086,5.683724880218506,1,1
Z944,1,522.7,-15.032238006591797,8.81305980682373,0,0
Z944,1,522.9,-20.3834285736084,6.437822341918945,1,1
Z944,1,523.1,-26.87894058227539,7.426198482513428,1,1
Z944,1,523.3,-28.863195419311523,9.937009811401367,1,1
Z944,1,523.5,-27.652429580688477,7.782554626464844,1,1
Z944,1,523.7,-21.75398826599121,12.403090476989746,1,1
Z944,1,523.9,-24.13671112060547,11.543313026428223,1,1
Z944,1,524.1,-26.450803756713867,12.894501686096191,1,1
Z944,1,524.3,-23.591625213623047,4.521507263183594,1,1
Z944,1,524.5,-24.538780212402344,6.411980152130127,1,1
Z944,1,524.7,-25.484527587890625,-6.258835315704346,1,1
Z944,1,524.9,-17.342626571655273,5.908559322357178,0,0
Z944,1,525.1,-23.991939544677734,4.5591559410095215,1,1
Z944,1,525.3,-21.097942352294922,8.264022827148438,1,1
Z944,1,525.5,-19.86983299255371,0.5095791220664978,1,1
Z944,1,525.7,-26.966323852539062,3.2157979011535645,1,1
Z944,1,525.9,-26.90802764892578,8.675909996032715,1,1
Z944,1,526.1,-24.289749145507812,14.0391845703125,1,1
Z944,1,526.3,-24.040470123291016,17.673219680786133,1,1
Z944,1,526.5,-26.817550659179688,8.507187843322754,1,1
Z944,1,526.7,-20.87980079650879,11.959855079650879,1,1
Z944,1,526.9,-20.26778221130371,7.328273296356201,1,1
Z944,1,527.1,-20.55173683166504,11.185748100280762,1,1
Z944,1,527.3,-25.884374618530273,5.634066581726074,1,1
Z944,1,527.5,-25.64898681640625,5.97031831741333,1,1
Z944,1,527.7,-19.95729637145996,8.359670639038086,0,0
Z944,1,527.9,-23.758378982543945,1.5731302499771118,1,1
Z944,1,528.1,-20.786258697509766,6.017783164978027,1,1
Z944,1,528.3,-25.553791046142578,2.109800338745117,1,1
Z944,1,528.5,-21.146814346313477,7.638123035430908,1,1
Z944,1,528.7,-18.372100830078125,12.806746482849121,1,1
Z944,1,528.9,-22.620512008666992,8.55927848815918,0,0
Z944,1,529.1,-20.742156982421875,10.545741081237793,1,1
Z944,1,529.3,-15.67240047454834,2.0445148944854736,1,1
Z944,1,529.5,-21.90586280822754,12.381566047668457,1,1
Z944,1,529.7,-16.84015464782715,6.191623687744141,0,0
Z944,1,529.9,-14.649077415466309,5.03397274017334,1,1
Z944,1,530.1,-20.34944725036621,1.818713903427124,0,0
Z944,1,530.3,-23.894071578979492,2.7094974517822266,1,1
Z944,1,530.5,-25.176708221435547,1.3220211267471313,1,1
Z944,1,530.7,-16.091466903686523,2.049419403076172,0,0
Z944,1,530.9,-22.714027404785156,5.102103233337402,1,1
Z944,1,531.1,-31.128305435180664,3.8719322681427,1,1
Z944,1,531.3,-24.154455184936523,2.297931432723999,0,0
Z944,1,531.5,-15.783891677856445,3.0592918395996094,1,1
Z944,1,531.7,-20.858173370361328,2.3137385845184326,1,1
Z944,1,531.9,-20.749990463256836,2.2733075618743896,1,1
Z944,1,532.1,-22.390422821044922,4.535078048706055,1,1
Z944,1,532.3,-24.719158172607422,3.6540091037750244,1,1
Z944,1,532.5,-23.671119689941406,0.9412003755569458,1,1
Z944,1,532.7,-30.47719955444336,-0.3829146921634674,1,1
Z944,1,532.9,-22.64347267150879,-0.23218421638011932,1,1
Z944,1,533.1,-22.930912017822266,4.9520769119262695,1,1
Z944,1,533.3,-22.956493377685547,1.6452500820159912,1,1
Z944,1,533.5,-23.38344383239746,3.6532223224639893,1,1
Z944,1,533.7,-26.799192428588867,2.363506317138672,0,0
Z944,1,533.9,-21.898391723632812,5.401424407958984,1,1
Z944,1,534.1,-18.371938705444336,11.005925178527832,1,1
Z944,1,534.3,-23.014150619506836,7.7891693115234375,1,1
Z944,1,534.5,-21.985271453857422,9.462260246276855,1,1
Z944,1,534.7,-19.44626808166504,-0.09322333335876465,1,1
Z944,1,534.9,-14.405731201171875,7.16218900680542,1,1
Z944,1,535.1,-24.99485206604004,2.375523567199707,1,1
Z944,1,535.3,-20.733339309692383,7.320885181427002,1,1
Z944,1,535.5,-21.483779907226562,3.978799343109131,1,1
Z944,1,535.7,-20.176939010620117,6.5368218421936035,1,1
Z944,1,535.9,-18.59541130065918,5.267241954803467,1,1
Z944,1,536.1,-21.798490524291992,7.052248477935791,1,1
Z944,1,536.3,-23.387231826782227,3.383434534072876,1,1
Z944,1,536.5,-19.871374130249023,0.188439279794693,1,1
Z944,1,536.7,-20.866178512573242,0.7687991857528687,1,1
Z944,1,536.9,-23.167234420776367,7.905825138092041,1,1
Z944,1,537.1,-14.835888862609863,-0.4012483060359955,1,1
Z944,1,537.3,-20.28080940246582,-5.3307204246521,1,1
Z944,1,537.5,-14.654756546020508,1.4764724969863892,1,1
Z944,1,537.7,-18.45953941345215,0.505291759967804,1,1
Z944,1,537.9,-12.073771476745605,3.413701295852661,0,0
Z944,1,538.1,-16.16269302368164,-5.078433513641357,0,0
Z944,1,538.3,-14.565193176269531,-2.656632423400879,1,1
Z944,1,538.5,-12.709244728088379,4.1558709144592285,0,0
Z944,1,538.7,-20.551109313964844,3.275846481323242,1,1
Z944,1,538.9,-17.549213409423828,2.6215953826904297,1,1
Z944,1,539.1,-22.812419891357422,4.0511040687561035,1,1
Z944,1,539.3,-19.904783248901367,-0.5620162487030029,1,1
Z944,1,539.5,-20.30733871459961,3.6054513454437256,1,1
Z944,1,539.7,-14.160191535949707,1.3804751634597778,1,1
Z944,1,539.9,-17.306791305541992,3.229445695877075,1,1
Z944,1,540.1,-13.9274320602417,7.588491916656494,1,1
Z944,1,540.3,-12.59220027923584,-0.9436886310577393,1,1
Z944,1,540.5,-18.66427993774414,-6.194512844085693,1,1
Z944,1,540.7,-22.78225326538086,-4.82981014251709,1,1
Z944,1,540.9,-18.045026779174805,-4.359651565551758,1,1
Z944,1,541.1,-15.848531723022461,1.7497633695602417,1,1
Z944,1,541.3,-17.83275604248047,-2.956188678741455,1,1
Z944,1,541.5,-22.821998596191406,7.3917236328125,1,1
Z944,1,541.7,-14.161688804626465,-6.052119255065918,1,1
Z944,1,541.9,-20.763906478881836,-1.979645013809204,1,1
Z944,1,542.1,-17.060209274291992,-1.6733545064926147,1,1
Z944,1,542.3,-17.906557083129883,-2.788616895675659,1,1
Z944,1,542.5,-19.929452896118164,-4.407621383666992,1,1
Z944,1,542.7,-19.80449104309082,-0.78191077709198,1,1
Z944,1,542.9,-19.3272762298584,2.205251455307007,1,1
Z944,1,543.1,-16.93963050842285,-3.754495859146118,1,1
Z944,1,543.3,-20.214616775512695,-1.314687728881836,1,1
Z944,1,543.5,-16.578916549682617,3.2697155475616455,1,1
Z944,1,543.7,-16.457487106323242,-0.7834575772285461,1,1
Z944,1,543.9,-17.69436264038086,-1.698803424835205,1,1
Z944,1,544.1,-14.491199493408203,5.677278518676758,1,1
Z944,1,544.3,-21.044998168945312,-2.435842275619507,1,1
Z944,1,544.5,-19.311355590820312,-3.622363805770874,1,1
Z944,1,544.7,-19.63892936706543,-0.7128236889839172,1,1
Z944,1,544.9,-23.970157623291016,-5.587835788726807,1,1
Z944,1,545.1,-18.2662353515625,-1.3630632162094116,1,1
Z944,1,545.3,-17.003583908081055,-6.407655239105225,1,1
Z944,1,545.5,-22.428739547729492,-4.80435848236084,1,1
Z944,1,545.7,-20.81320571899414,-7.998205661773682,1,1
Z944,1,545.9,-21.898937225341797,-0.5740014910697937,1,1
Z944,1,546.1,-25.29659080505371,3.562713384628296,1,1
Z944,1,546.3,-17.998931884765625,4.3751397132873535,1,1
Z944,1,546.5,-20.6229248046875,-2.8926846981048584,1,1
Z944,1,546.7,-17.09421157836914,1.1813772916793823,1,1
Z944,1,546.9,-12.421416282653809,-5.204355239868164,1,1
Z944,1,547.1,-15.115880012512207,0.09167210012674332,1,1
Z944,1,547.3,-16.338176727294922,-1.059979796409607,1,1
Z944,1,547.5,-13.012188911437988,-0.3929097056388855,1,1
Z944,1,547.7,-17.751352310180664,1.3723905086517334,1,1
Z944,1,547.9,-13.033327102661133,4.041861534118652,1,1
Z944,1,548.1,-16.422060012817383,0.48074623942375183,1,1
Z944,1,548.3,-14.400551795959473,-2.2809906005859375,1,1
Z944,1,548.5,-17.296436309814453,-2.4209206104278564,1,1
Z944,1,548.7,-14.723100662231445,-1.8740456104278564,1,1
Z944,1,548.9,-14.720980644226074,1.8732450008392334,1,1
Z944,1,549.1,-15.904948234558105,-1.3112541437149048,1,1
Z944,1,549.3,-18.919647216796875,-2.1330924034118652,1,1
Z944,1,549.5,-13.116840362548828,-0.3734706938266754,1,1
Z944,1,549.7,-16.13466453552246,3.890666961669922,1,1
Z944,1,549.9,-17.68573570251465,-1.842090129852295,1,1
Z944,1,550.1,-20.34754753112793,2.7042148113250732,1,1
Z944,1,550.3,-13.417070388793945,0.10365809500217438,1,1
Z944,1,550.5,-19.559280395507812,-5.44533109664917,1,1
Z944,1,550.7,-14.962905883789062,-4.0110554695129395,1,1
Z944,1,550.9,-19.654272079467773,-2.7478654384613037,1,1
Z944,1,551.1,-18.161954879760742,-9.230545043945312,1,1
Z944,1,551.3,-19.80340576171875,-3.997523307800293,1,1
Z944,1,551.5,-20.28194808959961,-8.336786270141602,1,1
Z944,1,551.7,-16.013927459716797,-7.02641487121582,1,1
Z944,1,551.9,-20.099626541137695,-8.403148651123047,0,0
Z944,1,552.1,-17.328468322753906,-1.2008568048477173,1,1
Z944,1,552.3,-21.5211181640625,-3.675111770629883,1,1
Z944,1,552.5,-22.56224822998047,-3.6523900032043457,1,1
Z944,1,552.7,-16.684803009033203,4.153839111328125,0,0
Z944,1,552.9,-18.192386627197266,2.6608922481536865,1,1
Z944,1,553.1,-10.474899291992188,-2.776027202606201,1,1
Z944,1,553.3,-20.270219802856445,2.0040295124053955,1,1
Z944,1,553.5,-21.29374885559082,0.7273827791213989,1,1
Z944,1,553.7,-17.55963134765625,3.371392011642456,1,1
Z944,1,553.9,-9.905874252319336,8.00328540802002,1,1
Z944,1,554.1,-18.221593856811523,0.23422716557979584,0,0
Z944,1,554.3,-18.01064682006836,2.9582316875457764,1,1
Z944,1,554.5,-14.482924461364746,-0.7440104484558105,1,1
Z944,1,554.7,-12.65162467956543,-0.9587417244911194,1,1
Z944,1,554.9,-18.538543701171875,3.9791462421417236,1,1
Z944,1,555.1,-15.336780548095703,0.11024031788110733,1,1
Z944,1,555.3,-12.800707817077637,-0.7701946496963501,0,0
Z944,1,555.5,-15.911126136779785,1.360811710357666,1,1
Z944,1,555.7,-17.831737518310547,-2.4373433589935303,1,1
Z944,1,555.9,-23.64246940612793,2.0375142097473145,0,0
Z944,1,556.1,-24.18508529663086,3.1521224975585938,1,1
Z944,1,556.3,-22.963655471801758,3.264760732650757,1,1
Z944,1,556.5,-23.197526931762695,0.6734238862991333,1,1
Z944,1,556.7,-18.03148651123047,13.49738883972168,1,1
Z944,1,556.9,-24.07520866394043,5.2274065017700195,1,1
Z944,1,557.1,-23.7499942779541,2.130147695541382,1,1
Z944,1,557.3,-19.15390396118164,7.031155109405518,1,1
Z944,1,557.5,-25.321857452392578,8.11928653717041,1,1
Z944,1,557.7,-21.83291244506836,5.219470977783203,1,1
Z944,1,557.9,-19.485010147094727,5.839903831481934,1,1
Z944,1,558.1,-20.02027702331543,7.804706573486328,1,1
Z944,1,558.3,-18.4699649810791,1.1481285095214844,1,1
Z944,1,558.5,-25.17521095275879,4.309689998626709,1,1
Z944,1,558.7,-15.205663681030273,5.805971622467041,1,1
Z944,1,558.9,-25.845245361328125,1.461778163909912,1,1
Z944,1,559.1,-22.727371215820312,5.388126850128174,1,1
Z944,1,559.3,-24.430219650268555,0.647135317325592,1,1
Z944,1,559.5,-16.057815551757812,-0.5940362811088562,0,0
Z944,1,559.7,-21.712060928344727,-1.1419059038162231,1,1
Z944,1,559.9,-17.824188232421875,5.433350563049316,1,1
Z944,1,560.1,-22.560489654541016,1.0097298622131348,0,0
Z944,1,560.3,-23.676233291625977,0.31591954827308655,1,1
Z944,1,560.5,-15.008732795715332,11.989178657531738,0,0
Z944,1,560.7,-22.704730987548828,5.314802169799805,1,1
Z944,1,560.9,-24.116729736328125,-2.8744921684265137,1,1
Z944,1,561.1,-24.470993041992188,3.2744033336639404,1,1
Z944,1,561.3,-22.611303329467773,6.464290142059326,1,1
Z944,1,561.5,-18.481204986572266,1.9928293228149414,1,1
Z944,1,561.7,-19.888099670410156,0.8423932194709778,1,1
Z944,1,561.9,-19.913782119750977,3.602203369140625,1,1
Z944,1,562.1,-24.498228073120117,-0.21669751405715942,1,1
Z944,1,562.3,-19.11212158203125,4.713265419006348,1,1
Z944,1,562.5,-18.383207321166992,2.235412359237671,0,0
Z944,1,562.7,-20.227014541625977,2.9862349033355713,1,1
Z944,1,562.9,-24.18267250061035,6.145686149597168,1,1
Z944,1,563.1,-24.387601852416992,2.386418581008911,1,1
Z944,1,563.3,-19.27063751220703,5.521826267242432,1,1
Z944,1,563.5,-16.740028381347656,6.130833625793457,1,1
Z944,1,563.7,-15.411447525024414,8.579123497009277,0,0
Z944,1,563.9,-15.121679306030273,9.722824096679688,1,1
Z944,1,564.1,-15.082195281982422,-1.8697049617767334,1,1
Z944,1,564.3,-17.422792434692383,-3.59161376953125,1,1
Z944,1,564.5,-21.224151611328125,1.3365733623504639,1,1
Z944,1,564.7,-15.730648040771484,2.2427282333374023,1,1
Z944,1,564.9,-24.94696044921875,2.5195508003234863,1,1
Z944,1,565.1,-18.522106170654297,5.760361194610596,0,0
Z944,1,565.3,-15.864704132080078,10.713190078735352,1,1
Z944,1,565.5,-21.103029251098633,0.5197820067405701,1,1
Z944,1,565.7,-19.382625579833984,2.200320243835449,0,0
Z944,1,565.9,-23.171838760375977,7.228763103485107,1,1
Z944,1,566.1,-19.336641311645508,11.42372989654541,1,1
Z944,1,566.3,-16.370058059692383,7.767446041107178,1,1
Z944,1,566.5,-20.402332305908203,8.134190559387207,1,1
Z944,1,566.7,-22.693586349487305,4.226954460144043,1,1
Z944,1,566.9,-15.119644165039062,9.776434898376465,0,0
Z944,1,567.1,-18.420961380004883,2.978430986404419,0,0
Z944,1,567.3,-17.554607391357422,1.4372035264968872,1,1
Z944,1,567.5,-22.527587890625,4.27808141708374,1,1
Z944,1,567.7,-14.330747604370117,-1.1558167934417725,1,1
Z944,1,567.9,-21.078805923461914,6.81689977645874,1,1
Z944,1,568.1,-13.62874698638916,-3.172245502471924,0,0
Z944,1,568.3,-21.70185089111328,4.947692394256592,1,1
Z944,1,568.5,-16.239377975463867,-0.43502306938171387,1,1
Z944,1,568.7,-12.418153762817383,-1.1432963609695435,1,1
Z944,1,568.9,-16.57257843017578,-4.436886787414551,1,1
Z944,1,569.1,-19.32231330871582,-1.5927698612213135,0,0
Z944,1,569.3,-20.42450523376465,-0.5455362796783447,0,0
Z944,1,569.5,-20.055070877075195,4.88125467300415,1,1
Z944,1,569.7,-23.889245986938477,7.743961811065674,0,0
Z944,1,569.9,-21.253095626831055,7.233282089233398,1,1
Z944,1,570.1,-22.86314582824707,5.405195236206055,1,1
Z944,1,570.3,-26.916589736938477,-4.474820613861084,1,1
Z944,1,570.5,-23.109848022460938,-0.06367351114749908,1,1
Z944,1,570.7,-16.626630783081055,-4.485588073730469,1,1
Z944,1,570.9,-16.654541015625,1.3007112741470337,1,1
Z944,1,571.1,-16.9140625,-2.129031181335449,0,0
Z944,1,571.3,-18.36277961730957,0.8896532654762268,1,1
Z944,1,571.5,-20.687667846679688,8.01216983795166,1,1
Z944,1,571.7,-23.808273315429688,7.339470863342285,1,1
Z944,1,571.9,-21.65167808532715,4.6654534339904785,1,1
Z944,1,572.1,-16.517475128173828,-2.531597375869751,0,0
Z944,1,572.3,-18.248716354370117,0.10180800408124924,1,1
Z944,1,572.5,-17.701536178588867,5.627048015594482,1,1
Z944,1,572.7,-13.798768043518066,4.9979634284973145,0,0
Z944,1,572.9,-19.685556411743164,2.853482246398926,1,1
Z944,1,573.1,-16.48487663269043,6.614372253417969,1,1
Z944,1,573.3,-19.570823669433594,10.941152572631836,1,1
Z944,1,573.5,-20.049922943115234,7.713566780090332,1,1
Z944,1,573.7,-14.693560600280762,1.730480432510376,1,1
Z944,1,573.9,-17.209455490112305,5.176084041595459,1,1
Z944,1,574.1,-16.36871910095215,4.811514854431152,1,1
Z944,1,574.3,-14.493376731872559,3.477250337600708,1,1
Z944,1,574.5,-22.18729019165039,1.5762065649032593,1,1
Z944,1,574.7,-13.714598655700684,8.443866729736328,1,1
Z944,1,574.9,-15.888978958129883,6.103131294250488,1,1
Z944,1,575.1,-16.87917137145996,8.644635200500488,1,1
Z944,1,575.3,-19.89670181274414,11.975725173950195,0,0
Z944,1,575.5,-21.950464248657227,13.152036666870117,1,1
Z944,1,575.7,-17.575664520263672,15.82375717163086,1,1
Z944,1,575.9,-13.823355674743652,10.208599090576172,1,1
Z944,1,576.1,-19.345979690551758,13.86386775970459,1,1
Z944,1,576.3,-24.61502456665039,3.9359347820281982,0,0
Z944,1,576.5,-20.19547462463379,4.60850191116333,0,0
Z944,1,576.7,-21.364839553833008,8.014450073242188,0,0
Z944,1,576.9,-17.998212814331055,6.837730884552002,1,1
Z944,1,577.1,-13.13582992553711,3.6037423610687256,0,0
Z944,1,577.3,-15.323701858520508,-5.246613025665283,1,1
Z944,1,577.5,-26.472604751586914,10.686759948730469,1,1
Z944,1,577.7,-23.25792694091797,2.4808802604675293,1,1
Z944,1,577.9,-18.876306533813477,8.81588077545166,1,1
Z944,1,578.1,-18.58107566833496,8.74219036102295,0,0
Z944,1,578.3,-19.836496353149414,3.6445603370666504,1,1
Z944,1,578.5,-20.19548797607422,11.835867881774902,1,1
Z944,1,578.7,-25.555561065673828,7.557644367218018,1,1
Z944,1,578.9,-29.829090118408203,12.236788749694824,1,1
Z944,1,579.1,-19.926267623901367,4.229374885559082,1,1
Z944,1,579.3,-21.41549301147461,11.180082321166992,1,1
Z944,1,579.5,-24.805984497070312,10.083053588867188,1,1
Z944,1,579.7,-19.906370162963867,12.63288402557373,1,1
Z944,1,579.9,-19.772645950317383,18.70319938659668,1,1
Z944,1,580.1,-17.719486236572266,11.564443588256836,1,1
Z944,1,580.3,-14.42904281616211,14.293580055236816,1,1
Z944,1,580.5,-18.27943992614746,11.565888404846191,1,1
Z944,1,580.7,-14.862998962402344,14.552876472473145,1,1
Z944,1,580.9,-16.924264907836914,16.151845932006836,0,0
Z944,1,581.1,-14.392269134521484,5.313647747039795,1,1
Z944,1,581.3,-26.735443115234375,4.651297569274902,1,1
Z944,1,581.5,-20.21955108642578,2.6172878742218018,1,1
Z944,1,581.7,-25.04373550415039,8.125716209411621,1,1
Z944,1,581.9,-22.282926559448242,3.0450661182403564,1,1
Z944,1,582.1,-21.09512710571289,7.550256729125977,1,1
Z944,1,582.3,-30.334739685058594,2.995894193649292,1,1
Z944,1,582.5,-25.135692596435547,-1.4522193670272827,1,1
Z944,1,582.7,-24.804372787475586,1.4266904592514038,1,1
Z944,1,582.9,-24.525651931762695,5.994872093200684,1,1
Z944,1,583.1,-21.60504150390625,7.547789096832275,1,1
Z944,1,583.3,-16.800634384155273,2.8643500804901123,1,1
Z944,1,583.5,-19.107088088989258,10.635802268981934,1,1
Z944,1,583.7,-21.929519653320312,4.623048782348633,1,1
Z944,1,583.9,-24.85525894165039,5.691073894500732,1,1
Z944,1,584.1,-26.898744583129883,9.971475601196289,1,1
Z944,1,584.3,-21.209182739257812,8.33397102355957,1,1
Z944,1,584.5,-17.952104568481445,7.8170928955078125,1,1
Z944,1,584.7,-21.0262508392334,2.481796979904175,1,1
Z944,1,584.9,-25.26658821105957,-3.1859335899353027,1,1
Z944,1,585.1,-22.51234245300293,1.2312604188919067,1,1
Z944,1,585.3,-22.890256881713867,0.9744744300842285,1,1
Z944,1,585.5,-20.00181770324707,-5.334316253662109,1,1
Z944,1,585.7,-25.28645896911621,5.455160140991211,1,1
Z944,1,585.9,-25.175498962402344,2.5449068546295166,1,1
Z944,1,586.1,-19.556745529174805,2.7937653064727783,1,1
Z944,1,586.3,-25.337953567504883,-1.8797341585159302,1,1
Z944,1,586.5,-19.570648193359375,-0.29626959562301636,1,1
Z944,1,586.7,-22.815353393554688,-1.4274252653121948,1,1
Z944,1,586.9,-19.429889678955078,4.806791305541992,1,1
Z944,1,587.1,-27.667699813842773,6.826448440551758,1,1
Z944,1,587.3,-24.338382720947266,1.260069727897644,1,1
Z944,1,587.5,-25.3566837310791,2.985891580581665,0,0
Z944,1,587.7,-30.212265014648438,-0.7439647316932678,1,1
Z944,1,587.9,-27.256179809570312,2.1171658039093018,1,1
Z944,1,588.1,-22.0478458404541,0.5003655552864075,1,1
Z944,1,588.3,-27.408203125,2.6592495441436768,1,1
Z944,1,588.5,-20.524206161499023,-1.444799542427063,1,1
Z944,1,588.7,-15.950881958007812,-0.3442659080028534,1,1
Z944,1,588.9,-9.908659934997559,-1.442196249961853,1,1
Z944,1,589.1,-14.49699592590332,-4.8881988525390625,1,1
Z944,1,589.3,-17.539270401000977,-4.40449857711792,0,0
Z944,1,589.5,-17.216957092285156,-3.1706483364105225,0,0
Z944,1,589.7,-10.986702919006348,-3.4529380798339844,1,1
Z944,1,589.9,-11.46411418914795,-3.509850263595581,1,1
Z944,1,590.1,-19.48037338256836,4.924404621124268,1,1
Z944,1,590.3,-9.87020492553711,-2.0703935623168945,0,0
Z944,1,590.5,-13.112106323242188,-2.7902703285217285,1,1
Z944,1,590.7,-19.778579711914062,-6.0968780517578125,1,1
Z944,1,590.9,-20.049945831298828,-1.3962281942367554,1,1
Z944,1,591.1,-21.197349548339844,1.0930792093276978,1,1
Z944,1,591.3,-19.571853637695312,-3.2347071170806885,1,1
Z944,1,591.5,-16.377986907958984,2.137028455734253,1,1
Z944,1,591.7,-20.339590072631836,3.693610906600952,1,1
Z944,1,591.9,-17.303970336914062,2.064082384109497,1,1
Z944,1,592.1,-14.130507469177246,8.130043983459473,1,1
Z944,1,592.3,-21.378948211669922,10.533140182495117,1,1
Z944,1,592.5,-12.581679344177246,10.94631576538086,1,1
Z944,1,592.7,-7.863744735717773,3.6660099029541016,1,1
Z944,1,592.9,-12.228614807128906,6.239866256713867,1,1
Z944,1,593.1,-20.389074325561523,7.644461154937744,1,1
Z944,1,593.3,-19.34309959411621,0.375505268573761,1,1
Z944,1,593.5,-21.239770889282227,13.006270408630371,1,1
Z944,1,593.7,-21.792814254760742,1.2276642322540283,1,1
Z944,1,593.9,-13.500696182250977,2.6608083248138428,1,1
Z944,1,594.1,-16.201061248779297,0.20830486714839935,1,1
Z944,1,594.3,-16.450658798217773,4.484541893005371,1,1
Z944,1,594.5,-17.152387619018555,-2.263089179992676,1,1
Z944,1,594.7,-21.308725357055664,5.16861629486084,1,1
Z944,1,594.9,-19.846153259277344,5.150918483734131,1,1
Z944,1,595.1,-19.917808532714844,-0.05104966089129448,1,1
Z944,1,595.3,-11.857953071594238,0.9496492147445679,1,1
Z944,1,595.5,-13.545126914978027,3.789395809173584,1,1
Z944,1,595.7,-18.645732879638672,6.038166522979736,1,1
Z944,1,595.9,-21.1846923828125,6.813271522521973,1,1
Z944,1,596.1,-13.16049861907959,8.93976879119873,1,1
Z944,1,596.3,-15.449357032775879,3.3484854698181152,0,0
Z944,1,596.5,-14.879680633544922,1.5420045852661133,1,1
Z944,1,596.7,-17.936378479003906,2.641176223754883,1,1
Z944,1,596.9,-20.152446746826172,-2.1572837829589844,1,1
Z944,1,597.1,-17.37686538696289,3.5649547576904297,1,1
Z944,1,597.3,-22.673757553100586,3.512993097305298,1,1
Z944,1,597.5,-25.45924186706543,-1.5638083219528198,1,1
Z944,1,597.7,-18.838594436645508,2.2580902576446533,1,1
Z944,1,597.9,-22.55728530883789,1.1559689044952393,1,1
Z944,1,598.1,-17.742286682128906,9.561402320861816,1,1
Z944,1,598.3,-21.397966384887695,10.044252395629883,1,1
Z944,1,598.5,-16.273954391479492,6.013885974884033,1,1
Z944,1,598.7,-17.7308292388916,5.06994104385376,1,1
Z944,1,598.9,-16.779842376708984,-1.4795973300933838,1,1
Z944,1,599.1,-18.31187629699707,2.49654221534729,1,1
Z944,1,599.3,-16.799312591552734,-2.320969820022583,1,1
Z944,1,599.5,-15.682735443115234,-1.4530014991760254,1,1
Z944,1,599.7,-18.99812889099121,-0.8937228918075562,1,1
Z944,1,599.9,-19.984413146972656,-3.7236273288726807,1,1
Z944,1,600.1,-15.717611312866211,0.17611992359161377,1,1
Z944,1,600.3,-17.131778717041016,2.9554598331451416,1,1
Z944,1,600.5,-16.150129318237305,-1.424056887626648,1,1
Z944,1,600.7,-17.574453353881836,2.972904682159424,1,1
Z944,1,600.9,-20.111421585083008,0.590287446975708,1,1
Z944,1,601.1,-24.707687377929688,-0.8129405975341797,1,1
Z944,1,601.3,-18.613086700439453,2.0099937915802,1,1
Z944,1,601.5,-15.7150239944458,1.2073038816452026,1,1
Z944,1,601.7,-21.773778915405273,-1.1183515787124634,1,1
Z944,1,601.9,-18.66808319091797,1.6842453479766846,1,1
Z944,1,602.1,-20.415359497070312,0.2587827444076538,1,1
Z944,1,602.3,-25.266698837280273,9.11544132232666,1,1
Z944,1,602.5,-23.79598617553711,2.2748005390167236,1,1
Z944,1,602.7,-21.25261878967285,4.935067176818848,1,1
Z944,1,602.9,-23.573152542114258,-4.5286078453063965,1,1
Z944,1,603.1,-18.48268699645996,5.283334732055664,1,1
Z944,1,603.3,-18.513132095336914,5.9703898429870605,1,1
Z944,1,603.5,-16.61840057373047,3.7578659057617188,1,1
Z944,1,603.7,-16.976316452026367,1.6032204627990723,1,1
Z944,1,603.9,-14.414691925048828,-1.7896455526351929,1,1
Z944,1,604.1,-22.434846878051758,-6.730666637420654,1,1
Z944,1,604.3,-21.51245880126953,-2.771162271499634,1,1
Z944,1,604.5,-25.84891700744629,1.0552195310592651,1,1
Z944,1,604.7,-17.6607723236084,0.9192187786102295,1,1
Z944,1,604.9,-21.19882583618164,1.1666896343231201,0,0
Z944,1,605.1,-17.923368453979492,3.419779062271118,1,1
Z944,1,605.3,-22.35215950012207,0.8627179861068726,1,1
Z944,1,605.5,-11.550222396850586,6.033575534820557,1,1
Z944,1,605.7,-22.700002670288086,1.186837077140808,1,1
Z944,1,605.9,-16.947864532470703,3.258422374725342,1,1
Z944,1,606.1,-23.357362747192383,1.6687382459640503,1,1
Z944,1,606.3,-21.63543701171875,7.178792953491211,1,1
Z944,1,606.5,-20.728673934936523,3.25141978263855,1,1
Z944,1,606.7,-20.693958282470703,2.8087618350982666,1,1
Z944,1,606.9,-20.866586685180664,3.5549778938293457,1,1
Z944,1,607.1,-19.445209503173828,8.76890754699707,1,1
Z944,1,607.3,-19.404680252075195,7.192421913146973,1,1
Z944,1,607.5,-16.037805557250977,2.6325767040252686,1,1
Z944,1,607.7,-17.827104568481445,4.565256118774414,1,1
Z944,1,607.9,-17.262943267822266,3.997953176498413,1,1
Z944,1,608.1,-17.749277114868164,9.41179084777832,1,1
Z944,1,608.3,-22.20232391357422,2.964405059814453,1,1
Z944,1,608.5,-18.840164184570312,8.762920379638672,1,1
Z944,1,608.7,-18.664350509643555,5.3831000328063965,1,1
Z944,1,608.9,-17.56304168701172,-0.3449723422527313,1,1
Z944,1,609.1,-16.126014709472656,0.3910178542137146,1,1
Z944,1,609.3,-14.519535064697266,-1.6952940225601196,1,1
Z944,1,609.5,-18.121192932128906,4.396280765533447,1,1
Z944,1,609.7,-18.74795150756836,10.145691871643066,1,1
Z944,1,609.9,-22.342472076416016,4.687841892242432,1,1
Z944,1,610.1,-18.07499122619629,9.155572891235352,1,1
Z944,1,610.3,-23.498136520385742,7.785442352294922,1,1
Z944,1,610.5,-24.501815795898438,5.972252368927002,1,1
Z944,1,610.7,-21.447784423828125,3.4894583225250244,1,1
Z944,1,610.9,-20.914955139160156,3.025200366973877,1,1
Z944,1,611.1,-21.595853805541992,6.754951000213623,1,1
Z944,1,611.3,-21.701374053955078,2.301006555557251,1,1
Z944,1,611.5,-19.756423950195312,3.4790585041046143,1,1
Z944,1,611.7,-14.583000183105469,1.9590224027633667,1,1
Z944,1,611.9,-16.602603912353516,-2.451796293258667,1,1
Z944,1,612.1,-23.598087310791016,4.505782127380371,1,1
Z944,1,612.3,-20.086217880249023,4.314634323120117,1,1
Z944,1,612.5,-19.665306091308594,-0.7570308446884155,1,1
Z944,1,612.7,-17.58724594116211,4.6289544105529785,1,1
Z944,1,612.9,-17.3236141204834,0.6887387633323669,1,1
Z944,1,613.1,-23.664011001586914,3.028353691101074,1,1
Z944,1,613.3,-20.64720916748047,1.6436898708343506,1,1
Z944,1,613.5,-14.085148811340332,0.40095847845077515,1,1
Z944,1,613.7,-13.228689193725586,2.5269675254821777,1,1
Z944,1,613.9,-18.494138717651367,5.083070278167725,1,1
Z944,1,614.1,-12.809611320495605,2.1261918544769287,1,1
Z944,1,614.3,-13.856143951416016,2.349914312362671,1,1
Z944,1,614.5,-9.061880111694336,-2.5564537048339844,0,0
Z944,1,614.7,-14.772173881530762,0.9469968676567078,1,1
Z944,1,614.9,-15.080537796020508,-0.5903311967849731,1,1
Z944,1,615.1,-22.3327693939209,3.6600139141082764,1,1
Z944,1,615.3,-17.189353942871094,-3.7712645530700684,1,1
Z944,1,615.5,-20.65348243713379,5.304741382598877,1,1
Z944,1,615.7,-18.857397079467773,-3.4840447902679443,1,1
Z944,1,615.9,-16.251096725463867,1.6653974056243896,1,1
Z944,1,616.1,-11.376060485839844,6.059683799743652,1,1
Z944,1,616.3,-15.641435623168945,2.1330997943878174,1,1
Z944,1,616.5,-14.878219604492188,2.2941176891326904,1,1
Z944,1,616.7,-15.267743110656738,4.457635879516602,1,1
Z944,1,616.9,-19.6878719329834,2.67868971824646,1,1
Z944,1,617.1,-9.671546936035156,4.040288925170898,1,1
Z944,1,617.3,-16.2762451171875,1.4608423709869385,0,0
Z944,1,617.5,-12.576972961425781,4.14627742767334,1,1
Z944,1,617.7,-13.09952163696289,-1.3581223487854004,1,1
Z944,1,617.9,-19.04523277282715,-8.152549743652344,0,0
Z944,1,618.1,-19.55558967590332,-2.481570243835449,1,1
Z944,1,618.3,-21.784652709960938,8.374663352966309,1,1
Z944,1,618.5,-23.013046264648438,7.510134696960449,1,1
Z944,1,618.7,-13.097977638244629,8.40636157989502,1,1
Z944,1,618.9,-18.150856018066406,2.8325445652008057,1,1
Z944,1,619.1,-16.117271423339844,7.607008934020996,1,1
Z944,1,619.3,-17.938377380371094,1.664421796798706,1,1
Z944,1,619.5,-17.259464263916016,6.462048530578613,1,1
Z944,1,619.7,-13.82630443572998,2.5231616497039795,1,1
Z944,1,619.9,-17.19061279296875,2.4325931072235107,1,1
Z944,1,620.1,-18.22838020324707,-2.9448187351226807,1,1
Z944,1,620.3,-15.340505599975586,-4.257486343383789,1,1
Z944,1,620.5,-20.732955932617188,-0.3168853521347046,1,1
Z944,1,620.7,-20.61464500427246,-2.212002992630005,1,1
Z944,1,620.9,-17.7157039642334,-4.522329330444336,1,1
Z944,1,621.1,-17.191919326782227,-0.7799864411354065,1,1
Z944,1,621.3,-18.729557037353516,8.784615516662598,1,1
Z944,1,621.5,-22.634000778198242,3.03279185295105,1,1
Z944,1,621.7,-20.99391746520996,0.8906919956207275,1,1
Z944,1,621.9,-20.42588996887207,5.076248645782471,1,1
Z944,1,622.1,-19.691181182861328,-1.484334111213684,1,1
Z944,1,622.3,-21.06712532043457,10.565079689025879,1,1
Z944,1,622.5,-20.156389236450195,5.052980422973633,1,1
Z944,1,622.7,-20.66011619567871,-0.8976253867149353,1,1
Z944,1,622.9,-18.51104164123535,7.062678337097168,1,1
Z944,1,623.1,-21.264169692993164,6.005946636199951,1,1
Z944,1,623.3,-21.174823760986328,0.06839123368263245,1,1
Z944,1,623.5,-21.52305030822754,5.312922477722168,1,1
Z944,1,623.7,-18.935325622558594,0.7000756859779358,0,0
Z944,1,623.9,-15.878673553466797,2.8678221702575684,1,1
Z944,1,624.1,-20.753280639648438,8.672142028808594,1,1
Z944,1,624.3,-19.10658073425293,3.751703977584839,1,1
Z944,1,624.5,-19.593137741088867,9.38829231262207,1,1
Z944,1,624.7,-21.07667350769043,4.136482238769531,1,1
Z944,1,624.9,-21.523622512817383,4.012434482574463,1,1
Z944,1,625.1,-21.10133171081543,-2.1661264896392822,1,1
Z944,1,625.3,-19.38494300842285,-0.16586430370807648,1,1
Z944,1,625.5,-22.00748062133789,8.304449081420898,1,1
Z944,1,625.7,-25.524003982543945,2.307523250579834,1,1
Z944,1,625.9,-16.487598419189453,6.9394049644470215,1,1
Z944,1,626.1,-26.667282104492188,-0.18878774344921112,1,1
Z944,1,626.3,-24.428815841674805,6.566103458404541,1,1
Z944,1,626.5,-17.467761993408203,8.965453147888184,1,1
Z944,1,626.7,-20.605558395385742,9.437159538269043,1,1
Z944,1,626.9,-20.293981552124023,7.938699245452881,1,1
Z944,1,627.1,-19.67453384399414,12.47264289855957,1,1
Z944,1,627.3,-25.02997589111328,8.226180076599121,1,1
Z944,1,627.5,-21.643619537353516,4.043717384338379,1,1
Z944,1,627.7,-22.96660804748535,2.7299466133117676,1,1
Z944,1,627.9,-24.044984817504883,6.073223114013672,1,1
Z944,1,628.1,-16.18140411376953,2.9544835090637207,1,1
Z944,1,628.3,-22.43899154663086,1.4172589778900146,1,1
Z944,1,628.5,-20.031553268432617,3.50986909866333,1,1
Z944,1,628.7,-21.33341407775879,5.5268354415893555,1,1
Z944,1,628.9,-18.330835342407227,1.2644598484039307,1,1
Z944,1,629.1,-25.173921585083008,-4.227142333984375,1,1
Z944,1,629.3,-22.706470489501953,4.464696884155273,1,1
Z944,1,629.5,-23.204345703125,0.5500914454460144,1,1
Z944,1,629.7,-19.350452423095703,-1.1464548110961914,1,1
Z944,1,629.9,-25.854103088378906,1.4620732069015503,1,1
Z944,1,630.1,-19.811939239501953,0.8311262726783752,1,1
Z944,1,630.3,-19.99338150024414,4.611447334289551,1,1
Z944,1,630.5,-19.507099151611328,0.07020467519760132,1,1
Z944,1,630.7,-23.398534774780273,5.415086269378662,1,1
Z944,1,630.9,-23.99431037902832,2.805936574935913,1,1
Z944,1,631.1,-18.678119659423828,6.706079483032227,1,1
Z944,1,631.3,-22.399425506591797,5.567989826202393,1,1
Z944,1,631.5,-21.93258285522461,7.999263763427734,1,1
Z944,1,631.7,-23.076478958129883,5.341930866241455,1,1
Z944,1,631.9,-25.092042922973633,2.780179738998413,1,1
Z944,1,632.1,-26.186328887939453,3.0633864402770996,1,1
Z944,1,632.3,-19.76450538635254,-0.008295922540128231,1,1
Z944,1,632.5,-22.688562393188477,0.9759865999221802,1,1
Z944,1,632.7,-25.298112869262695,8.583491325378418,1,1
Z944,1,632.9,-21.396053314208984,0.7229321599006653,1,1
Z944,1,633.1,-20.963729858398438,9.714574813842773,1,1
Z944,1,633.3,-19.34652328491211,3.4174623489379883,1,1
Z944,1,633.5,-24.388090133666992,3.7251715660095215,1,1
Z944,1,633.7,-21.251588821411133,3.5496439933776855,1,1
Z944,1,633.9,-21.615375518798828,6.9032063484191895,1,1
Z944,1,634.1,-24.723026275634766,1.7860208749771118,1,1
Z944,1,634.3,-20.844985961914062,-0.6536855697631836,1,1
Z944,1,634.5,-25.907936096191406,2.829357862472534,1,1
Z944,1,634.7,-23.618057250976562,6.0088677406311035,1,1
Z944,1,634.9,-25.568971633911133,-1.0467348098754883,1,1
Z944,1,635.1,-23.213306427001953,-1.9497696161270142,1,1
Z944,1,635.3,-21.640995025634766,6.440256118774414,1,1
Z944,1,635.5,-18.38908576965332,5.37489652633667,1,1
Z944,1,635.7,-23.293123245239258,-0.5455471277236938,1,1
Z944,1,635.9,-19.575593948364258,5.2499260902404785,1,1
Z944,1,636.1,-20.96526527404785,3.8681106567382812,1,1
Z944,1,636.3,-19.83364486694336,0.10161752998828888,1,1
Z944,1,636.5,-18.427629470825195,2.070801019668579,1,1
Z944,1,636.7,-20.666173934936523,3.755066156387329,1,1
Z944,1,636.9,-17.04283332824707,-1.8684221506118774,0,0
Z944,1,637.1,-21.62540054321289,-2.873993396759033,1,1
Z944,1,637.3,-21.8543758392334,-1.7646703720092773,1,1
Z944,1,637.5,-19.59759521484375,2.3210737705230713,1,1
Z944,1,637.7,-12.709568977355957,0.6162904500961304,1,1
Z944,1,637.9,-16.73101043701172,-0.6449272036552429,1,1
Z944,1,638.1,-16.830909729003906,2.586841106414795,1,1
Z944,1,638.3,-14.419652938842773,6.398519992828369,1,1
Z944,1,638.5,-20.70564842224121,-4.278137683868408,1,1
Z944,1,638.7,-18.281763076782227,0.8249607682228088,1,1
Z944,1,638.9,-16.041399002075195,-0.2796415686607361,1,1
Z944,1,639.1,-15.847411155700684,-3.1890430450439453,1,1
Z944,1,639.3,-19.55800437927246,-1.9815887212753296,1,1
Z944,1,639.5,-24.766633987426758,-0.32057899236679077,1,1
Z944,1,639.7,-17.754056930541992,2.9144859313964844,1,1
Z944,1,639.9,-15.408472061157227,-3.737504243850708,1,1
Z944,1,640.1,-23.266660690307617,0.7615525722503662,1,1
Z944,1,640.3,-20.63454818725586,-0.4792400002479553,1,1
Z944,1,640.5,-15.705353736877441,4.772167205810547,1,1
Z944,1,640.7,-23.990137100219727,7.9885454177856445,1,1
Z944,1,640.9,-19.372251510620117,6.6772236824035645,1,1
Z944,1,641.1,-20.71802520751953,5.9628448486328125,0,0
Z944,1,641.3,-19.228578567504883,2.092763900756836,1,1
Z944,1,641.5,-15.73771858215332,9.265448570251465,1,1
Z944,1,641.7,-20.157928466796875,5.884374141693115,1,1
Z944,1,641.9,-16.3411922454834,1.4033252000808716,1,1
Z944,1,642.1,-15.521788597106934,-1.8897854089736938,1,1
Z944,1,642.3,-15.784404754638672,4.51139497756958,1,1
Z944,1,642.5,-24.09613800048828,3.7269952297210693,1,1
Z944,1,642.7,-17.5836238861084,-0.8366132378578186,1,1
Z944,1,642.9,-14.996201515197754,7.948006629943848,1,1
Z944,1,643.1,-21.826923370361328,3.80007004737854,1,1
Z944,1,643.3,-21.333087921142578,3.8441929817199707,1,1
Z944,1,643.5,-21.98830223083496,3.3214797973632812,1,1
Z944,1,643.7,-25.76723861694336,-1.213511347770691,1,1
Z944,1,643.9,-17.49501609802246,0.08755452185869217,1,1
Z944,1,644.1,-20.954347610473633,3.4857070446014404,1,1
Z944,1,644.3,-19.823579788208008,4.133967399597168,1,1
Z944,1,644.5,-25.370431900024414,7.4273762702941895,1,1
Z944,1,644.7,-19.434865951538086,0.6266040205955505,1,1
Z944,1,644.9,-23.661516189575195,-0.7047296762466431,1,1
Z944,1,645.1,-18.634307861328125,3.662407398223877,1,1
Z944,1,645.3,-18.755035400390625,5.591534614562988,1,1
Z944,1,645.5,-20.244497299194336,1.589955449104309,1,1
Z944,1,645.7,-18.562013626098633,2.555546760559082,1,1
Z944,1,645.9,-14.123948097229004,3.582789182662964,1,1
Z944,1,646.1,-18.5120849609375,2.45328950881958,1,1
Z944,1,646.3,-21.960407257080078,-1.1007370948791504,1,1
Z944,1,646.5,-26.559566497802734,6.696503162384033,1,1
Z944,1,646.7,-19.67085075378418,-1.1419148445129395,1,1
Z944,1,646.9,-20.69057846069336,-2.011032819747925,1,1
Z944,1,647.1,-24.297794342041016,0.9999001026153564,1,1
Z944,1,647.3,-20.8546142578125,-0.24678778648376465,1,1
Z944,1,647.5,-13.635054588317871,-2.7565841674804688,1,1
Z944,1,647.7,-16.258934020996094,-5.095108985900879,1,1
Z944,1,647.9,-19.011327743530273,2.6187400817871094,1,1
Z944,1,648.1,-15.104307174682617,-4.404830455780029,1,1
Z944,1,648.3,-14.558586120605469,3.103424310684204,1,1
Z944,1,648.5,-18.290531158447266,4.104824542999268,1,1
Z944,1,648.7,-19.273584365844727,-0.04561309516429901,1,1
Z944,1,648.9,-25.379392623901367,-2.4456090927124023,1,1
Z944,1,649.1,-18.050539016723633,2.629973888397217,1,1
Z944,1,649.3,-12.919713020324707,-2.274354934692383,1,1
Z944,1,649.5,-15.36605453491211,-0.4472420811653137,1,1
Z944,1,649.7,-17.990022659301758,1.5966774225234985,1,1
Z944,1,649.9,-19.205036163330078,-2.534250020980835,1,1
Z944,2,194.6,11.731257438659668,5.1352219581604,1,0
Z944,2,194.8,12.862205505371094,1.2600654363632202,1,0
Z944,2,195.0,8.2899169921875,4.015649318695068,1,0
Z944,2,195.2,4.256494522094727,5.555862903594971,1,0
Z944,2,195.4,4.99802303314209,2.2989346981048584,1,0
Z944,2,195.6,9.333977699279785,2.2539336681365967,1,0
Z944,2,195.8,11.595382690429688,0.7812401056289673,1,0
Z944,2,196.0,5.537420749664307,4.959248065948486,1,0
Z944,2,196.2,4.344907283782959,7.032025337219238,1,0
Z944,2,196.4,5.21722412109375,3.911130666732788,1,0
Z944,2,196.6,10.748820304870605,1.3069071769714355,1,0
Z944,2,196.8,7.816121578216553,3.823801040649414,1,0
Z944,2,197.0,6.2384490966796875,0.4367367625236511,1,0
Z944,2,197.2,13.504361152648926,4.437705039978027,1,0
Z944,2,197.4,11.64659595489502,-3.8536593914031982,1,0
Z944,2,197.6,4.1008806228637695,0.1895418018102646,1,0
Z944,2,197.8,8.103271484375,-4.073769569396973,1,0
Z944,2,198.0,8.783612251281738,1.1898504495620728,1,0
Z944,2,198.2,5.7634663581848145,-3.269094705581665,1,0
Z944,2,198.4,6.9821295738220215,4.739555358886719,1,0
Z944,2,198.6,12.412274360656738,-5.973564147949219,1,0
Z944,2,198.8,9.899382591247559,4.586935997009277,1,0
Z944,2,199.0,10.089466094970703,6.755009174346924,1,0
Z944,2,199.2,7.810422420501709,2.209603786468506,1,0
Z944,2,199.4,7.821635723114014,-2.2844464778900146,1,0
Z944,2,199.6,8.996001243591309,5.909549236297607,1,0
Z944,2,199.8,11.67820930480957,9.870845794677734,1,0
Z944,2,200.0,9.52692699432373,-2.038196086883545,1,0
Z944,2,200.2,9.03589153289795,2.703143835067749,1,0
Z944,2,200.4,7.375786304473877,-4.573310852050781,1,0
Z944,2,200.6,6.544236660003662,-5.791393756866455,1,0
Z944,2,200.8,12.883686065673828,-3.505812644958496,1,0
Z944,2,201.0,8.046664237976074,-1.4486441612243652,1,0
Z944,2,201.2,7.700553894042969,-3.2427420616149902,1,0
Z944,2,201.4,6.905381202697754,-1.2968894243240356,1,0
Z944,2,201.6,9.592924118041992,1.7836111783981323,1,0
Z944,2,201.8,8.93484878540039,3.768587589263916,1,0
Z944,2,202.0,4.962240695953369,-4.9754533767700195,1,0
Z944,2,202.2,11.393521308898926,0.35210859775543213,1,0
Z944,2,202.4,11.112727165222168,4.362839221954346,1,0
Z944,2,202.6,9.195207595825195,1.327265977859497,1,0
Z944,2,202.8,6.151996612548828,0.38704273104667664,1,0
Z944,2,203.0,4.916776180267334,1.6752475500106812,1,0
Z944,2,203.2,5.645434379577637,1.5289127826690674,1,0
Z944,2,203.4,5.598439693450928,3.616758346557617,1,0
Z944,2,203.6,8.751470565795898,-3.0230705738067627,1,0
Z944,2,203.8,4.917879581451416,2.2451283931732178,1,0
Z944,2,204.0,5.635538101196289,1.93211829662323,1,0
Z944,2,204.2,5.404956817626953,3.691274404525757,1,0
Z944,2,204.4,6.241127014160156,-2.611799478530884,1,0
Z944,2,204.6,12.61628246307373,12.637221336364746,1,0
Z944,2,204.8,10.84528923034668,-1.111751675605774,1,0
Z944,2,205.0,7.951674461364746,-5.944886207580566,1,0
Z944,2,205.2,5.756313323974609,-1.1511815786361694,1,0
Z944,2,205.4,9.695015907287598,1.9193435907363892,1,0
Z944,2,205.6,11.67496109008789,7.6067214012146,1,0
Z944,2,205.8,11.952877044677734,9.447474479675293,1,0
Z944,2,206.0,8.72606086730957,7.96203088760376,1,0
Z944,2,206.2,8.660077095031738,5.889033317565918,1,0
Z944,2,206.4,4.366084575653076,-1.8883389234542847,1,0
Z944,2,206.6,8.275350570678711,7.401798725128174,1,0
Z944,2,206.8,9.565134048461914,2.5895602703094482,1,0
Z944,2,207.0,8.789542198181152,14.450922966003418,1,0
Z944,2,207.2,11.831772804260254,2.111360788345337,1,0
Z944,2,207.4,14.617549896240234,2.7529141902923584,1,0
Z944,2,207.6,12.509783744812012,3.0375189781188965,1,0
Z944,2,207.8,10.622200965881348,8.38654613494873,1,0
Z944,2,208.0,9.876233100891113,2.874446392059326,1,0
Z944,2,208.2,2.494446039199829,2.250788450241089,1,0
Z944,2,208.4,10.14974594116211,6.286976337432861,1,0
Z944,2,208.6,10.550554275512695,2.1472136974334717,1,0
Z944,2,208.8,10.017627716064453,-2.9536828994750977,1,0
Z944,2,209.0,10.559707641601562,7.544284820556641,1,0
Z944,2,209.2,15.85163402557373,2.7289645671844482,1,0
Z944,2,209.4,9.187553405761719,-2.5389413833618164,1,0
Z944,2,209.6,12.126548767089844,3.9903271198272705,1,0
Z944,2,209.8,9.902460098266602,5.18386697769165,1,0
Z944,2,210.0,6.079919338226318,5.450470447540283,1,0
Z944,2,210.2,7.552126407623291,2.7045857906341553,1,0
Z944,2,210.4,8.03057861328125,10.077924728393555,1,0
Z944,2,210.6,6.198152542114258,5.013943195343018,1,0
Z944,2,210.8,4.750095367431641,6.125940322875977,1,0
Z944,2,211.0,11.607980728149414,-0.8203299045562744,1,0
Z944,2,211.2,3.493468761444092,-3.8587143421173096,1,0
Z944,2,211.4,8.233022689819336,1.4049949645996094,1,0
Z944,2,211.6,2.702240467071533,-4.959518909454346,1,0
Z944,2,211.8,4.191239356994629,5.004062652587891,1,0
Z944,2,212.0,10.741602897644043,5.38458776473999,1,0
Z944,2,212.2,7.201460361480713,7.466787815093994,1,0
Z944,2,212.4,12.936335563659668,7.71547269821167,1,0
Z944,2,212.6,24.938196182250977,11.021525382995605,1,0
Z944,2,212.8,24.008569717407227,9.242749214172363,1,0
Z944,2,213.0,26.23643684387207,15.23293399810791,1,0
Z944,2,213.2,19.14664649963379,8.39256763458252,1,0
Z944,2,213.4,20.741409301757812,9.161368370056152,1,0
Z944,2,213.6,15.18602466583252,3.5608959197998047,1,0
Z944,2,213.8,19.640981674194336,8.90760612487793,1,0
Z944,2,214.0,19.777910232543945,10.740410804748535,1,0
Z944,2,214.2,24.79173469543457,6.919234752655029,1,0
Z944,2,214.4,28.336151123046875,15.292380332946777,1,0
Z944,2,214.6,21.57002067565918,11.329764366149902,1,0
Z944,2,214.8,26.40284538269043,6.9383769035339355,1,0
Z944,2,215.0,25.160429000854492,13.631909370422363,1,0
Z944,2,215.2,23.52691650390625,20.056419372558594,1,0
Z944,2,215.4,13.166688919067383,6.701096534729004,1,0
Z944,2,215.6,14.494242668151855,4.516625881195068,1,0
Z944,2,215.8,21.49550437927246,12.73421859741211,1,0
Z944,2,216.0,21.542646408081055,6.319874286651611,1,0
Z944,2,216.2,29.121746063232422,10.066648483276367,1,0
Z944,2,216.4,29.66191864013672,11.662365913391113,1,0
Z944,2,216.6,17.211851119995117,3.847184896469116,1,0
Z944,2,216.8,20.56847381591797,-0.4382258653640747,1,0
Z944,2,217.0,18.24903106689453,2.5984103679656982,1,0
Z944,2,217.2,4.978133201599121,4.940168857574463,1,0
Z944,2,217.4,16.415311813354492,2.0443432331085205,1,0
Z944,2,217.6,10.573838233947754,3.2323131561279297,1,0
Z944,2,217.8,15.777667999267578,-1.672118902206421,1,0
Z944,2,218.0,18.13721466064453,3.366946220397949,1,0
Z944,2,218.2,16.089120864868164,-2.93501615524292,1,0
Z944,2,218.4,11.053820610046387,-3.2667746543884277,1,0
Z944,2,218.6,16.62649154663086,3.6136255264282227,1,0
Z944,2,218.8,10.867695808410645,5.997488021850586,1,0
Z944,2,219.0,14.150655746459961,-3.2283565998077393,1,0
Z944,2,219.2,9.355963706970215,-6.340458869934082,1,0
Z944,2,219.4,20.192331314086914,1.4328346252441406,1,0
Z944,2,219.6,12.124011993408203,-2.183582305908203,1,0
Z944,2,219.8,10.108819007873535,-2.122431755065918,1,0
Z944,2,220.0,16.55728530883789,0.9880471229553223,1,0
Z944,2,220.2,17.621179580688477,-2.0070443153381348,1,0
Z944,2,220.4,13.498122215270996,-5.735382080078125,1,0
Z944,2,220.6,11.879961967468262,-10.532285690307617,1,0
Z944,2,220.8,7.579830646514893,-5.059650897979736,1,0
Z944,2,221.0,12.42802619934082,1.302534818649292,1,0
Z944,2,221.2,14.189525604248047,-9.02326774597168,1,0
Z944,2,221.4,14.721362113952637,-1.5228434801101685,1,0
Z944,2,221.6,9.894371032714844,-0.8079277873039246,1,0
Z944,2,221.8,17.561010360717773,-1.6321617364883423,1,0
Z944,2,222.0,18.53946304321289,-1.0813565254211426,1,0
Z944,2,222.2,15.67253303527832,3.034144401550293,1,0
Z944,2,222.4,11.431851387023926,-5.136100769042969,1,0
Z944,2,222.6,14.43280029296875,-5.021633148193359,1,0
Z944,2,222.8,7.5085062980651855,-1.0904114246368408,1,0
Z944,2,223.0,9.39297103881836,-3.6467630863189697,1,0
Z944,2,223.2,15.369231224060059,-7.119754314422607,1,0
Z944,2,223.4,16.467693328857422,-7.217901706695557,1,0
Z944,2,223.6,14.354230880737305,-1.2910821437835693,1,0
Z944,2,223.8,10.278609275817871,-3.730227470397949,1,0
Z944,2,224.0,8.861065864562988,-7.047130107879639,1,0
Z944,2,224.2,13.649860382080078,9.789787292480469,1,0
Z944,2,224.4,12.654126167297363,-0.41723427176475525,1,0
Z944,2,224.6,9.844301223754883,-5.161607265472412,1,0
Z944,2,224.8,9.386436462402344,-4.053761005401611,1,0
Z944,2,225.0,10.558204650878906,1.4908696413040161,1,0
Z944,2,225.2,12.493350982666016,-2.4286763668060303,1,0
Z944,2,225.4,23.444177627563477,-3.695159673690796,1,0
Z944,2,225.6,10.436185836791992,-1.5211650133132935,1,0
Z944,2,225.8,11.41639232635498,-3.893568992614746,1,0
Z944,2,226.0,10.51392650604248,-5.5272111892700195,1,0
Z944,2,226.2,7.681906700134277,-3.595283269882202,1,0
Z944,2,226.4,6.776677131652832,-8.413443565368652,1,0
Z944,2,226.6,9.70323371887207,-9.579553604125977,1,0
Z944,2,226.8,11.910674095153809,-3.724496364593506,1,0
Z944,2,227.0,8.227684020996094,-6.816248416900635,1,0
Z944,2,227.2,10.845151901245117,-6.445773124694824,1,0
Z944,2,227.4,12.805411338806152,-7.970023155212402,1,0
Z944,2,227.6,10.414006233215332,-6.096179008483887,1,0
Z944,2,227.8,13.102694511413574,-6.32542610168457,1,0
Z944,2,228.0,9.107697486877441,-12.283452987670898,1,0
Z944,2,228.2,9.985194206237793,-8.228544235229492,1,0
Z944,2,228.4,10.02485179901123,-0.7549009919166565,1,0
Z944,2,228.6,10.01346206665039,-4.335616588592529,1,0
Z944,2,228.8,10.459115028381348,-5.138600826263428,1,0
Z944,2,229.0,7.842100620269775,-6.176919937133789,1,0
Z944,2,229.2,7.288334846496582,-9.608041763305664,1,0
Z944,2,229.4,5.6303606033325195,-5.3826751708984375,1,0
Z944,2,229.6,9.516697883605957,0.4034375548362732,1,0
Z944,2,229.8,-1.0387784242630005,-6.502565383911133,1,0
Z944,2,230.0,5.724208831787109,0.4257577657699585,1,0
Z944,2,230.2,19.339658737182617,-2.25639009475708,1,0
Z944,2,230.4,10.26725959777832,1.3120275735855103,1,0
Z944,2,230.6,14.218626022338867,0.2642954885959625,1,0
Z944,2,230.8,6.68641471862793,1.3370847702026367,1,0
Z944,2,231.0,10.168130874633789,-0.6728846430778503,1,0
Z944,2,231.2,15.133627891540527,5.904330253601074,1,0
Z944,2,231.4,15.361471176147461,-2.208813190460205,1,0
Z944,2,231.6,16.020566940307617,2.0355224609375,1,0
Z944,2,231.8,6.491124629974365,-3.8406972885131836,1,0
Z944,2,232.0,10.449104309082031,-9.860321998596191,1,0
Z944,2,232.2,13.424992561340332,3.973548412322998,1,0
Z944,2,232.4,15.54206371307373,-6.530975818634033,1,0
Z944,2,232.6,8.161273956298828,2.343914747238159,1,0
Z944,2,232.8,11.389298439025879,-1.1418768167495728,1,0
Z944,2,233.0,14.419600486755371,-7.365045070648193,1,0
Z944,2,233.2,14.467718124389648,-3.0889110565185547,1,0
Z944,2,233.4,14.316576957702637,-3.3597347736358643,1,0
Z944,2,233.6,13.943644523620605,-7.431433200836182,1,0
Z944,2,233.8,10.04139518737793,-12.480781555175781,1,0
Z944,2,234.0,8.079248428344727,-2.448462963104248,1,0
Z944,2,234.2,9.914013862609863,-2.334022045135498,1,0
Z944,2,234.4,13.209402084350586,-7.432631492614746,1,0
Z944,2,234.6,10.71683120727539,3.85725736618042,1,0
Z944,2,234.8,13.22225570678711,-1.1529972553253174,1,0
Z944,2,235.0,12.899112701416016,0.15948964655399323,1,0
Z944,2,235.2,14.415972709655762,-0.7303598523139954,1,0
Z944,2,235.4,6.021099090576172,7.614387035369873,1,0
Z944,2,235.6,12.938446998596191,-4.671364784240723,1,0
Z944,2,235.8,13.43059253692627,-4.181792259216309,1,0
Z944,2,236.0,9.682855606079102,-5.293579578399658,1,0
Z944,2,236.2,12.209137916564941,2.6546032428741455,1,0
Z944,2,236.4,9.923681259155273,-0.4501858651638031,1,0
Z944,2,236.6,15.01045036315918,-4.93779993057251,1,0
Z944,2,236.8,14.348007202148438,-5.4014668464660645,1,0
Z944,2,237.0,9.531028747558594,-5.582338809967041,1,0
Z944,2,237.2,12.229986190795898,-3.0167338848114014,1,0
Z944,2,237.4,9.56827449798584,2.2130706310272217,1,0
Z944,2,237.6,16.605194091796875,1.3973878622055054,1,0
Z944,2,237.8,17.300308227539062,-4.868380069732666,1,0
Z944,2,238.0,7.1775736808776855,0.2218373715877533,1,0
Z944,2,238.2,9.935420989990234,6.9347333908081055,1,0
Z944,2,238.4,12.062582015991211,-1.5213819742202759,1,0
Z944,2,238.6,4.619690418243408,-2.6406500339508057,1,0
Z944,2,238.8,11.201303482055664,-4.961400032043457,1,0
Z944,2,239.0,10.3960599899292,1.0598793029785156,1,0
Z944,2,239.2,9.925477981567383,-2.8241019248962402,1,0
Z944,2,239.4,7.42936372756958,-6.374143123626709,1,0
Z944,2,239.6,4.8902587890625,-3.837570905685425,0,1
Z944,2,239.8,2.9637999534606934,-4.132940769195557,1,0
Z944,2,240.0,-4.535316467285156,2.424203872680664,0,1
Z944,2,240.2,7.974043846130371,0.5939365029335022,0,1
Z944,2,240.4,8.706686973571777,0.8986529111862183,0,1
Z944,2,240.6,2.7748396396636963,13.583480834960938,0,1
Z944,2,240.8,6.770682334899902,6.309009552001953,1,0
Z944,2,241.0,8.431073188781738,10.469837188720703,1,0
Z944,2,241.2,1.103326678276062,7.611587047576904,0,1
Z944,2,241.4,0.9948045611381531,4.389590740203857,0,1
Z944,2,241.6,0.21131430566310883,6.828776836395264,0,1
Z944,2,241.8,0.3581790328025818,1.3426820039749146,0,1
Z944,2,242.0,1.8045306205749512,-0.201206237077713,0,1
Z944,2,242.2,2.799586772918701,7.844980239868164,0,1
Z944,2,242.4,4.272457122802734,8.04577350616455,0,1
Z944,2,242.6,-0.8385130763053894,4.887671947479248,0,1
Z944,2,242.8,-1.6535755395889282,13.891127586364746,0,1
Z944,2,243.0,-9.03934097290039,13.185534477233887,0,1
Z944,2,243.2,-3.802960157394409,6.226402759552002,0,1
Z944,2,243.4,-4.25313138961792,-0.17180810868740082,0,1
Z944,2,243.6,-1.0965259075164795,10.177356719970703,0,1
Z944,2,243.8,-0.25076907873153687,13.144306182861328,0,1
Z944,2,244.0,-0.7295613884925842,9.77080249786377,0,1
Z944,2,244.2,-4.7413330078125,8.583576202392578,0,1
Z944,2,244.4,1.4614592790603638,14.386346817016602,0,1
Z944,2,244.6,2.6216304302215576,11.860821723937988,0,1
Z944,2,244.8,1.9450429677963257,7.397621154785156,0,1
Z944,2,245.0,-4.3835129737854,6.489657402038574,0,1
Z944,2,245.2,0.4004197120666504,6.754725456237793,0,1
Z944,2,245.4,1.2528101205825806,9.860142707824707,0,1
Z944,2,245.6,2.44313907623291,8.75736141204834,0,1
Z944,2,245.8,1.1288856267929077,14.803503036499023,0,1
Z944,2,246.0,0.7696709632873535,12.952642440795898,0,1
Z944,2,246.2,-1.844278335571289,8.85997200012207,0,1
Z944,2,246.4,0.8625649809837341,12.193341255187988,0,1
Z944,2,246.6,-0.2878926694393158,7.443088531494141,0,1
Z944,2,246.8,-6.036703586578369,15.75612735748291,0,1
Z944,2,247.0,-3.509141445159912,-2.036864757537842,0,1
Z944,2,247.2,-2.415616273880005,10.48202133178711,0,1
Z944,2,247.4,-0.9284366369247437,9.746301651000977,0,1
Z944,2,247.6,-6.852963924407959,8.723960876464844,0,1
Z944,2,247.8,-6.443920135498047,8.30274772644043,0,1
Z944,2,248.0,1.3242672681808472,6.469748020172119,0,1
Z944,2,248.2,-0.65702223777771,10.267319679260254,0,1
Z944,2,248.4,0.779767632484436,17.057037353515625,0,1
Z944,2,248.6,3.3238701820373535,12.916840553283691,0,1
Z944,2,248.8,-0.040751390159130096,9.519031524658203,0,1
Z944,2,249.0,-4.434607982635498,12.748743057250977,0,1
Z944,2,249.2,6.211778163909912,6.842574119567871,0,1
Z944,2,249.4,-1.1023457050323486,7.322898864746094,0,1
Z944,2,249.6,-2.5246994495391846,3.9779269695281982,0,1
Z944,2,249.8,-2.414914608001709,-2.665775775909424,0,1
Z944,2,250.0,-8.852025985717773,4.485354423522949,0,1
Z944,2,250.2,-9.003324508666992,0.2530984878540039,0,1
Z944,2,250.4,-2.0724637508392334,4.056288242340088,0,1
Z944,2,250.6,-4.571091175079346,1.4436339139938354,0,1
Z944,2,250.8,-2.4968855381011963,4.004360198974609,0,1
Z944,2,251.0,-9.054862976074219,3.461707592010498,0,1
Z944,2,251.2,2.6087779998779297,-1.3384740352630615,0,1
Z944,2,251.4,-1.9385709762573242,1.75505530834198,0,1
Z944,2,251.6,-4.947134971618652,-7.053536415100098,0,1
Z944,2,251.8,-0.6502755284309387,7.703065395355225,0,1
Z944,2,252.0,5.487523555755615,-1.455979824066162,0,1
Z944,2,252.2,3.3974339962005615,-0.0876830592751503,0,1
Z944,2,252.4,-2.6794989109039307,6.668011665344238,0,1
Z944,2,252.6,-4.094651699066162,5.444199085235596,0,1
Z944,2,252.8,-3.7252092361450195,2.928530216217041,0,1
Z944,2,253.0,-0.7906686067581177,4.598526477813721,0,1
Z944,2,253.2,2.1269431114196777,4.004045009613037,0,1
Z944,2,253.4,-4.136651992797852,2.245339870452881,0,1
Z944,2,253.6,1.121174693107605,10.39457893371582,0,1
Z944,2,253.8,-5.233239650726318,-1.2127121686935425,0,1
Z944,2,254.0,-1.6119608879089355,5.720632553100586,0,1
Z944,2,254.2,-3.2093546390533447,5.445749282836914,0,1
Z944,2,254.4,-3.8282573223114014,1.855717658996582,0,1
Z944,2,254.6,-0.5134445428848267,1.5685920715332031,0,1
Z944,2,254.8,-2.494619846343994,4.1170973777771,0,1
Z944,2,255.0,-3.267104387283325,13.967671394348145,0,1
Z944,2,255.2,-4.886331081390381,7.436788558959961,0,1
Z944,2,255.4,-0.01250622421503067,7.317253112792969,0,1
Z944,2,255.6,-8.981924057006836,9.050131797790527,0,1
Z944,2,255.8,-0.9113442897796631,7.211369037628174,0,1
Z944,2,256.0,-6.603457450866699,9.55505657196045,0,1
Z944,2,256.2,0.07296520471572876,9.251595497131348,0,1
Z944,2,256.4,2.740116596221924,10.651956558227539,0,1
Z944,2,256.6,-7.2203569412231445,9.105119705200195,0,1
Z944,2,256.8,0.45803555846214294,11.088955879211426,0,1
Z944,2,257.0,-4.815766334533691,10.128233909606934,0,1
Z944,2,257.2,0.2570939064025879,7.897899627685547,0,1
Z944,2,257.4,1.5983675718307495,20.41159439086914,0,1
Z944,2,257.6,-3.6065971851348877,6.458668231964111,0,1
Z944,2,257.8,-4.940730094909668,-0.49973833560943604,0,1
Z944,2,258.0,-5.870072841644287,7.5174736976623535,0,1
Z944,2,258.2,4.615463733673096,17.857036590576172,0,1
Z944,2,258.4,0.8225900530815125,13.677847862243652,0,1
Z944,2,258.6,-4.77828311920166,3.748659610748291,0,1
Z944,2,258.8,-2.1882965564727783,-1.2200194597244263,0,1
Z944,2,259.0,-4.739149570465088,3.1224794387817383,0,1
Z944,2,259.2,-5.807194709777832,2.781176805496216,0,1
Z944,2,259.4,-5.403839111328125,2.8905513286590576,0,1
Z944,2,259.6,-3.9429144859313965,9.868788719177246,0,1
Z944,2,259.8,1.0590461492538452,8.54399585723877,0,1
Z944,2,260.0,-5.17543363571167,14.017541885375977,0,1
Z944,2,260.2,0.5694565176963806,7.5600199699401855,0,1
Z944,2,260.4,-0.4122723639011383,3.825904607772827,0,1
Z944,2,260.6,-3.0951342582702637,4.658182621002197,0,1
Z944,2,260.8,5.803001403808594,3.7502198219299316,0,1
Z944,2,261.0,-2.580084800720215,1.3306490182876587,0,1
Z944,2,261.2,1.9306775331497192,5.027617931365967,0,1
Z944,2,261.4,-6.663669586181641,6.876717567443848,0,1
Z944,2,261.6,0.853806734085083,5.158013343811035,0,1
Z944,2,261.8,-2.642604112625122,1.6196266412734985,0,1
Z944,2,262.0,-4.024338245391846,4.20255708694458,0,1
Z944,2,262.2,-4.448864936828613,-0.4290054440498352,0,1
Z944,2,262.4,-0.5807300209999084,4.222599506378174,0,1
Z944,2,262.6,0.9247788190841675,-1.1545443534851074,0,1
Z944,2,262.8,-6.247513771057129,-4.185173511505127,0,1
Z944,2,263.0,3.2439615726470947,4.4132256507873535,0,1
Z944,2,263.2,-0.9888125658035278,0.8165520429611206,0,1
Z944,2,263.4,-6.863998889923096,0.12437709420919418,0,1
Z944,2,263.6,-8.219316482543945,2.67942214012146,0,1
Z944,2,263.8,-5.401760578155518,2.180466413497925,0,1
Z944,2,264.0,2.987004518508911,1.007238507270813,0,1
Z944,2,264.2,-6.158929347991943,3.8246312141418457,0,1
Z944,2,264.4,-5.0778303146362305,-3.7258763313293457,0,1
Z944,2,264.6,-0.8267346620559692,-5.576733112335205,0,1
Z944,2,264.8,3.070944309234619,-6.082414627075195,0,1
Z944,2,265.0,9.500791549682617,3.6161441802978516,1,0
Z944,2,265.2,25.064586639404297,5.714852333068848,1,0
Z944,2,265.4,9.72400188446045,7.789381980895996,1,0
Z944,2,265.6,4.79430627822876,2.8387703895568848,1,0
Z944,2,265.8,9.140850067138672,3.2613649368286133,1,0
Z944,2,266.0,16.07002830505371,8.216772079467773,1,0
Z944,2,266.2,5.635921478271484,4.4786834716796875,1,0
Z944,2,266.4,7.661999702453613,7.131429195404053,1,0
Z944,2,266.6,3.268519401550293,-0.4523176848888397,1,0
Z944,2,266.8,9.240341186523438,1.1797826290130615,1,0
Z944,2,267.0,7.703981399536133,6.436373233795166,1,0
Z944,2,267.2,9.690056800842285,3.1579737663269043,1,0
Z944,2,267.4,9.014554977416992,0.013828624971210957,1,0
Z944,2,267.6,14.956232070922852,7.452419281005859,1,0
Z944,2,267.8,19.129087448120117,9.050729751586914,1,0
Z944,2,268.0,25.786256790161133,16.7135066986084,1,0
Z944,2,268.2,24.5588321685791,14.582489967346191,1,0
Z944,2,268.4,22.012495040893555,8.345019340515137,1,0
Z944,2,268.6,22.867002487182617,5.678066730499268,1,0
Z944,2,268.8,22.0836238861084,8.044572830200195,1,0
Z944,2,269.0,12.433419227600098,-1.1548218727111816,1,0
Z944,2,269.2,7.49998140335083,-3.9664571285247803,1,0
Z944,2,269.4,9.220744132995605,-7.303525447845459,1,0
Z944,2,269.6,13.77815055847168,-2.164436101913452,1,0
Z944,2,269.8,11.540176391601562,5.949225902557373,1,0
Z944,2,270.0,11.660313606262207,5.02534294128418,1,0
Z944,2,270.2,24.69529151916504,-0.5629714727401733,1,0
Z944,2,270.4,25.88443374633789,6.163293361663818,1,0
Z944,2,270.6,13.71056079864502,10.333288192749023,1,0
Z944,2,270.8,19.45636749267578,10.098733901977539,1,0
Z944,2,271.0,17.646581649780273,8.581582069396973,1,0
Z944,2,271.2,13.999152183532715,6.210809230804443,1,0
Z944,2,271.4,20.003976821899414,19.3476619720459,1,0
Z944,2,271.6,18.65967559814453,15.757950782775879,1,0
Z944,2,271.8,14.776742935180664,7.797595024108887,1,0
Z944,2,272.0,17.019393920898438,-1.9169052839279175,1,0
Z944,2,272.2,10.812642097473145,5.248798370361328,1,0
Z944,2,272.4,15.660059928894043,-0.5707860589027405,1,0
Z944,2,272.6,18.445646286010742,0.44382360577583313,1,0
Z944,2,272.8,23.299470901489258,10.673802375793457,1,0
Z944,2,273.0,27.15910530090332,14.619654655456543,1,0
Z944,2,273.2,17.743301391601562,12.573355674743652,1,0
Z944,2,273.4,20.469770431518555,10.042476654052734,1,0
Z944,2,273.6,12.93110179901123,8.081563949584961,1,0
Z944,2,273.8,15.359271049499512,3.7999002933502197,1,0
Z944,2,274.0,14.064642906188965,0.41117045283317566,1,0
Z944,2,274.2,11.6953763961792,6.308332920074463,1,0
Z944,2,274.4,7.432443618774414,0.20883125066757202,1,0
Z944,2,274.6,16.0849552154541,1.5888620615005493,1,0
Z944,2,274.8,14.46332836151123,9.813610076904297,1,0
Z944,2,275.0,10.80690860748291,4.498142719268799,1,0
Z944,2,275.2,16.435148239135742,12.254240036010742,1,0
Z944,2,275.4,9.398965835571289,0.9429222345352173,1,0
Z944,2,275.6,11.590044021606445,0.07374309003353119,1,0
Z944,2,275.8,9.240594863891602,-2.0096518993377686,1,0
Z944,2,276.0,11.527288436889648,-3.7761070728302,1,0
Z944,2,276.2,8.926385879516602,-1.3928930759429932,1,0
Z944,2,276.4,12.701092720031738,-1.8427114486694336,1,0
Z944,2,276.6,13.513962745666504,0.5282776355743408,1,0
Z944,2,276.8,9.853411674499512,-0.7226646542549133,1,0
Z944,2,277.0,12.401878356933594,5.125972270965576,1,0
Z944,2,277.2,12.115110397338867,2.8134922981262207,1,0
Z944,2,277.4,16.106246948242188,10.47325611114502,1,0
Z944,2,277.6,7.491761684417725,9.184120178222656,1,0
Z944,2,277.8,15.751171112060547,-1.1079473495483398,1,0
Z944,2,278.0,10.662394523620605,3.564541816711426,1,0
Z944,2,278.2,11.588345527648926,-0.5224061608314514,1,0
Z944,2,278.4,5.991544723510742,3.337092399597168,1,0
Z944,2,278.6,10.340475082397461,0.4684921205043793,1,0
Z944,2,278.8,12.652498245239258,3.8182921409606934,1,0
Z944,2,279.0,15.346647262573242,12.060693740844727,1,0
Z944,2,279.2,8.776164054870605,-4.467677593231201,1,0
Z944,2,279.4,11.28084945678711,8.3311128616333,1,0
Z944,2,279.6,13.275965690612793,10.358150482177734,1,0
Z944,2,279.8,6.103859901428223,3.2639572620391846,1,0
Z944,2,280.0,12.777776718139648,-2.9844307899475098,1,0
Z944,2,280.2,12.014439582824707,-4.873508930206299,1,0
Z944,2,280.4,11.764656066894531,1.3714066743850708,1,0
Z944,2,280.6,12.243464469909668,2.6092073917388916,1,0
Z944,2,280.8,16.476972579956055,-5.26666784286499,1,0
Z944,2,281.0,11.447610855102539,9.173440933227539,1,0
Z944,2,281.2,10.786354064941406,-3.3629307746887207,1,0
Z944,2,281.4,14.600244522094727,-2.9939732551574707,1,0
Z944,2,281.6,10.130327224731445,0.6679258942604065,1,0
Z944,2,281.8,9.642060279846191,-4.945300102233887,1,0
Z944,2,282.0,10.94253158569336,-4.939382553100586,1,0
Z944,2,282.2,7.038866996765137,1.1089496612548828,1,0
Z944,2,282.4,15.26756763458252,8.560040473937988,1,0
Z944,2,282.6,12.284525871276855,-2.9428465366363525,1,0
Z944,2,282.8,8.151081085205078,0.6168843507766724,1,0
Z944,2,283.0,5.833408832550049,-2.598797559738159,1,0
Z944,2,283.2,10.730890274047852,-1.2635020017623901,1,0
Z944,2,283.4,8.710038185119629,3.730872631072998,1,0
Z944,2,283.6,10.75985050201416,-10.190666198730469,1,0
Z944,2,283.8,1.0376977920532227,-8.365857124328613,1,0
Z944,2,284.0,7.388542652130127,-9.23597526550293,1,0
Z944,2,284.2,7.206305027008057,-0.29062530398368835,1,0
Z944,2,284.4,7.263279438018799,-9.775352478027344,1,0
Z944,2,284.6,5.584095001220703,-0.2418726235628128,1,0
Z944,2,284.8,11.315630912780762,3.8264477252960205,1,0
Z944,2,285.0,9.365425109863281,-5.880406379699707,1,0
Z944,2,285.2,9.359195709228516,-7.550512790679932,1,0
Z944,2,285.4,11.717835426330566,-1.2157610654830933,1,0
Z944,2,285.6,7.717197895050049,0.7609919309616089,1,0
Z944,2,285.8,11.494646072387695,-5.523329257965088,1,0
Z944,2,286.0,7.292542457580566,0.4084033668041229,1,0
Z944,2,286.2,4.624632358551025,-4.864040851593018,1,0
Z944,2,286.4,7.227581024169922,-4.2918853759765625,1,0
Z944,2,286.6,8.263395309448242,-7.320499420166016,1,0
Z944,2,286.8,5.833437442779541,-5.849823951721191,1,0
Z944,2,287.0,13.076921463012695,-2.402550220489502,1,0
Z944,2,287.2,10.847951889038086,-2.163749933242798,1,0
Z944,2,287.4,7.484259605407715,-7.136868953704834,1,0
Z944,2,287.6,9.63632869720459,-6.0407209396362305,1,0
Z944,2,287.8,8.865792274475098,-2.6784133911132812,1,0
Z944,2,288.0,9.799395561218262,-1.4200146198272705,1,0
Z944,2,288.2,14.991724014282227,-6.054482460021973,1,0
Z944,2,288.4,14.041394233703613,-2.3306143283843994,1,0
Z944,2,288.6,8.277496337890625,-2.57228422164917,1,0
Z944,2,288.8,10.778345108032227,-1.7660633325576782,1,0
Z944,2,289.0,13.020979881286621,-1.2966593503952026,1,0
Z944,2,289.2,8.174737930297852,-1.7919182777404785,1,0
Z944,2,289.4,8.748720169067383,7.006196975708008,1,0
Z944,2,289.6,12.169931411743164,4.22906494140625,1,0
Z944,2,289.8,14.84559440612793,4.380873680114746,1,0
Z944,2,290.0,11.21145248413086,-2.1772775650024414,1,0
Z944,2,290.2,8.362936019897461,2.805720567703247,1,0
Z944,2,290.4,14.45193862915039,3.0950210094451904,1,0
Z944,2,290.6,15.30512809753418,2.9470279216766357,1,0
Z944,2,290.8,11.082022666931152,-1.4436527490615845,1,0
Z944,2,291.0,9.452855110168457,-4.824132442474365,1,0
Z944,2,291.2,10.969003677368164,-6.270158290863037,1,0
Z944,2,291.4,10.858744621276855,-4.845516681671143,1,0
Z944,2,291.6,13.941935539245605,-0.5311878323554993,1,0
Z944,2,291.8,5.116272449493408,-8.985703468322754,1,0
Z944,2,292.0,9.200222969055176,-4.581520080566406,1,0
Z944,2,292.2,9.838822364807129,0.4451363980770111,1,0
Z944,2,292.4,10.667380332946777,-5.46591854095459,1,0
Z944,2,292.6,14.868504524230957,2.487971782684326,1,0
Z944,2,292.8,13.851195335388184,-2.756718397140503,1,0
Z944,2,293.0,13.932953834533691,4.4404826164245605,1,0
Z944,2,293.2,15.81480884552002,5.454023838043213,1,0
Z944,2,293.4,11.648193359375,1.3789622783660889,1,0
Z944,2,293.6,10.628670692443848,0.9598451256752014,1,0
Z944,2,293.8,10.42929458618164,0.9520708918571472,1,0
Z944,2,294.0,13.618938446044922,0.3757877051830292,1,0
Z944,2,294.2,15.601570129394531,1.5885957479476929,1,0
Z944,2,294.4,12.745431900024414,2.3745381832122803,1,0
Z944,2,294.6,12.704120635986328,1.1310573816299438,1,0
Z944,2,294.8,12.097749710083008,-0.8062273859977722,1,0
Z944,2,295.0,12.153582572937012,6.899993419647217,1,0
Z944,2,295.2,14.1185884475708,-3.780809164047241,1,0
Z944,2,295.4,12.792630195617676,0.27222007513046265,1,0
Z944,2,295.6,7.0373759269714355,-2.3179972171783447,1,0
Z944,2,295.8,12.799052238464355,-2.6756772994995117,1,0
Z944,2,296.0,16.200029373168945,-2.0525615215301514,1,0
Z944,2,296.2,10.088293075561523,-3.3225269317626953,1,0
Z944,2,296.4,9.830733299255371,-1.9767099618911743,1,0
Z944,2,296.6,11.174345970153809,-0.6592779159545898,1,0
Z944,2,296.8,21.271364212036133,9.917481422424316,1,0
Z944,2,297.0,20.29886817932129,14.52110481262207,1,0
Z944,2,297.2,13.082895278930664,0.15023501217365265,1,0
Z944,2,297.4,19.343080520629883,6.440432071685791,1,0
Z944,2,297.6,12.334644317626953,1.2190723419189453,1,0
Z944,2,297.8,13.086033821105957,3.7325592041015625,1,0
Z944,2,298.0,14.496773719787598,3.6949851512908936,1,0
Z944,2,298.2,20.549551010131836,6.975754737854004,1,0
Z944,2,298.4,12.232060432434082,4.227964401245117,1,0
Z944,2,298.6,16.957489013671875,5.749599456787109,1,0
Z944,2,298.8,12.22911548614502,-1.7517131567001343,1,0
Z944,2,299.0,15.62779426574707,3.2592933177948,1,0
Z944,2,299.2,16.193017959594727,8.970916748046875,1,0
Z944,2,299.4,14.692543029785156,10.67379379272461,1,0
Z944,2,299.6,14.104294776916504,-1.5179740190505981,1,0
Z944,2,299.8,14.013158798217773,9.086143493652344,1,0
Z944,2,300.0,16.17058753967285,13.269317626953125,1,0
Z944,2,300.2,8.923982620239258,-3.556422710418701,1,0
Z944,2,300.4,11.453690528869629,1.2803523540496826,1,0
Z944,2,300.6,10.075526237487793,-0.7311971187591553,1,0
Z944,2,300.8,13.773368835449219,1.0845985412597656,1,0
Z944,2,301.0,8.411667823791504,0.8286108374595642,1,0
Z944,2,301.2,14.482399940490723,-1.078467845916748,1,0
Z944,2,301.4,15.148284912109375,-3.753749132156372,1,0
Z944,2,301.6,7.79949951171875,-1.7032356262207031,1,0
Z944,2,301.8,10.699735641479492,4.266484260559082,1,0
Z944,2,302.0,15.632417678833008,5.15487813949585,1,0
Z944,2,302.2,14.720369338989258,-1.6703152656555176,1,0
Z944,2,302.4,17.204336166381836,0.5922669172286987,1,0
Z944,2,302.6,16.567983627319336,4.430371284484863,1,0
Z944,2,302.8,8.007075309753418,11.309086799621582,1,0
Z944,2,303.0,17.15231704711914,16.01089859008789,1,0
Z944,2,303.2,8.628434181213379,4.757667541503906,1,0
Z944,2,303.4,5.885302543640137,9.922855377197266,1,0
Z944,2,303.6,11.382325172424316,6.276443004608154,1,0
Z944,2,303.8,11.130218505859375,6.51809024810791,1,0
Z944,2,304.0,10.167365074157715,8.560513496398926,1,0
Z944,2,304.2,7.758292198181152,-7.334303855895996,1,0
Z944,2,304.4,5.34097957611084,0.04702124372124672,1,0
Z944,2,304.6,13.478344917297363,5.74540901184082,1,0
Z944,2,304.8,17.244693756103516,-0.5322996973991394,1,0
Z944,2,305.0,12.207193374633789,-2.5323007106781006,1,0
Z944,2,305.2,17.207971572875977,5.500441074371338,1,0
Z944,2,305.4,16.268308639526367,10.937562942504883,1,0
Z944,2,305.6,12.323803901672363,5.541642189025879,1,0
Z944,2,305.8,17.06318473815918,6.336208820343018,1,0
Z944,2,306.0,14.836570739746094,8.610896110534668,1,0
Z944,2,306.2,13.253931045532227,1.0043308734893799,1,0
Z944,2,306.4,21.243059158325195,11.049786567687988,1,0
Z944,2,306.6,20.25048828125,9.108097076416016,1,0
Z944,2,306.8,18.556787490844727,14.627760887145996,1,0
Z944,2,307.0,15.14130687713623,5.123252868652344,1,0
Z944,2,307.2,7.872372627258301,5.553064823150635,1,0
Z944,2,307.4,9.650435447692871,6.397333145141602,1,0
Z944,2,307.6,10.56138801574707,-1.1193503141403198,1,0
Z944,2,307.8,5.073237419128418,4.192240238189697,1,0
Z944,2,308.0,7.298985481262207,-4.478276252746582,1,0
Z944,2,308.2,13.259758949279785,2.2172296047210693,1,0
Z944,2,308.4,12.77321720123291,1.1524242162704468,1,0
Z944,2,308.6,6.5102620124816895,1.1187487840652466,1,0
Z944,2,308.8,8.622735023498535,0.5703482031822205,1,0
Z944,2,309.0,5.943393707275391,3.397001266479492,1,0
Z944,2,309.2,14.4309720993042,4.356377601623535,1,0
Z944,2,309.4,6.641454219818115,5.69905424118042,1,0
Z944,2,309.6,18.180282592773438,14.576294898986816,1,0
Z944,2,309.8,20.60073471069336,11.95312786102295,1,0
Z944,2,310.0,13.309264183044434,4.636542320251465,1,0
Z944,2,310.2,12.773659706115723,-1.0425277948379517,1,0
Z944,2,310.4,9.257242202758789,7.355987071990967,1,0
Z944,2,310.6,15.429183006286621,7.287734508514404,1,0
Z944,2,310.8,18.27740478515625,0.9877106547355652,1,0
Z944,2,311.0,11.169559478759766,7.327286720275879,1,0
Z944,2,311.2,4.9803643226623535,2.890627145767212,1,0
Z944,2,311.4,5.077958583831787,2.439464807510376,1,0
Z944,2,311.6,8.187615394592285,-7.748156547546387,1,0
Z944,2,311.8,12.386659622192383,4.758788585662842,1,0
Z944,2,312.0,11.181467056274414,3.3161072731018066,1,0
Z944,2,312.2,12.780338287353516,3.743475914001465,1,0
Z944,2,312.4,10.337740898132324,4.641322612762451,1,0
Z944,2,312.6,10.215822219848633,1.1709266901016235,1,0
Z944,2,312.8,13.119872093200684,-1.11143159866333,1,0
Z944,2,313.0,12.717464447021484,0.9318076968193054,1,0
Z944,2,313.2,8.697222709655762,0.4907580614089966,1,0
Z944,2,313.4,16.34853744506836,13.920129776000977,1,0
Z944,2,313.6,12.357534408569336,-3.5267889499664307,1,0
Z944,2,313.8,12.41146469116211,3.809157133102417,1,0
Z944,2,314.0,2.0957751274108887,5.31233024597168,1,0
Z944,2,314.2,12.217208862304688,0.7221781015396118,1,0
Z944,2,314.4,7.087838649749756,1.4455235004425049,1,0
Z944,2,314.6,7.654385089874268,1.0979423522949219,1,0
Z944,2,314.8,14.227193832397461,0.7792556285858154,1,0
Z944,2,315.0,14.711010932922363,-2.0985774993896484,1,0
Z944,2,315.2,13.763049125671387,7.449361324310303,1,0
Z944,2,315.4,14.258602142333984,15.081673622131348,1,0
Z944,2,315.6,10.653512001037598,8.2087984085083,1,0
Z944,2,315.8,11.465115547180176,1.4723124504089355,1,0
Z944,2,316.0,13.356589317321777,1.4758305549621582,1,0
Z944,2,316.2,3.4704926013946533,9.377676963806152,1,0
Z944,2,316.4,9.21911907196045,5.26843786239624,1,0
Z944,2,316.6,9.41562271118164,-1.7181462049484253,1,0
Z944,2,316.8,7.493104457855225,9.559582710266113,1,0
Z944,2,317.0,9.817328453063965,7.539729118347168,1,0
Z944,2,317.2,13.660904884338379,4.499493598937988,1,0
Z944,2,317.4,12.787426948547363,4.060644149780273,1,0
Z944,2,317.6,15.46675968170166,10.69923210144043,1,0
Z944,2,317.8,17.74121856689453,9.249289512634277,1,0
Z944,2,318.0,16.12490463256836,14.915205955505371,1,0
Z944,2,318.2,16.24163818359375,18.13513946533203,1,0
Z944,2,318.4,5.867153167724609,4.492745876312256,1,0
Z944,2,318.6,9.82477855682373,6.681588649749756,1,0
Z944,2,318.8,12.3572359085083,13.666011810302734,1,0
Z944,2,319.0,11.982973098754883,7.276325702667236,1,0
Z944,2,319.2,4.97957181930542,9.56711483001709,1,0
Z944,2,319.4,5.02556037902832,4.356955528259277,1,0
Z944,2,319.6,11.79426097869873,8.083602905273438,1,0
Z944,2,319.8,7.570384502410889,6.980238437652588,1,0
Z944,2,320.0,10.478049278259277,0.9172515869140625,1,0
Z944,2,320.2,7.717310428619385,2.175041675567627,1,0
Z944,2,320.4,13.874674797058105,5.940825462341309,1,0
Z944,2,320.6,18.367284774780273,8.369621276855469,1,0
Z944,2,320.8,20.923913955688477,8.584552764892578,1,0
Z944,2,321.0,16.43950843811035,10.453947067260742,1,0
Z944,2,321.2,15.280763626098633,4.57724142074585,1,0
Z944,2,321.4,21.607534408569336,9.103001594543457,1,0
Z944,2,321.6,11.51569652557373,5.34736967086792,1,0
Z944,2,321.8,18.50806999206543,6.471783638000488,1,0
Z944,2,322.0,16.774555206298828,10.657736778259277,1,0
Z944,2,322.2,20.030847549438477,13.418336868286133,1,0
Z944,2,322.4,7.52962589263916,6.675501823425293,1,0
Z944,2,322.6,20.762710571289062,9.35630989074707,1,0
Z944,2,322.8,17.134469985961914,12.795928955078125,1,0
Z944,2,323.0,16.201204299926758,10.686379432678223,1,0
Z944,2,323.2,14.535837173461914,6.106586933135986,1,0
Z944,2,323.4,13.581029891967773,10.141945838928223,1,0
Z944,2,323.6,16.394023895263672,6.992283344268799,1,0
Z944,2,323.8,18.490652084350586,15.209945678710938,1,0
Z944,2,324.0,21.781333923339844,20.11656951904297,1,0
Z944,2,324.2,18.653568267822266,6.271796703338623,1,0
Z944,2,324.4,16.86450958251953,12.188239097595215,1,0
Z944,2,324.6,16.964696884155273,12.915177345275879,1,0
Z944,2,324.8,19.341562271118164,5.1865644454956055,1,0
Z944,2,325.0,16.07559585571289,8.746851921081543,1,0
Z944,2,325.2,18.895788192749023,4.773104190826416,1,0
Z944,2,325.4,20.944110870361328,8.53364372253418,1,0
Z944,2,325.6,14.824395179748535,5.610348224639893,1,0
Z944,2,325.8,17.62824249267578,9.83906078338623,1,0
Z944,2,326.0,5.918044090270996,-0.7583554983139038,1,0
Z944,2,326.2,3.489562749862671,2.950896739959717,1,0
Z944,2,326.4,2.2122626304626465,3.7996890544891357,1,0
Z944,2,326.6,5.99216365814209,4.770949840545654,1,0
Z944,2,326.8,3.264805316925049,3.293351888656616,1,0
Z944,2,327.0,6.221297740936279,4.83768367767334,1,0
Z944,2,327.2,2.7010257244110107,-0.17882168292999268,1,0
Z944,2,327.4,6.639798164367676,3.295182943344116,1,0
Z944,2,327.6,9.766451835632324,0.24166810512542725,1,0
Z944,2,327.8,7.364137172698975,-0.8231408596038818,1,0
Z944,2,328.0,4.513022422790527,6.580951690673828,1,0
Z944,2,328.2,5.824173927307129,1.0827057361602783,1,0
Z944,2,328.4,16.450578689575195,10.192602157592773,1,0
Z944,2,328.6,12.400250434875488,10.401485443115234,1,0
Z944,2,328.8,13.719931602478027,3.129103660583496,1,0
Z944,2,329.0,19.03891944885254,12.39865493774414,1,0
Z944,2,329.2,9.734235763549805,8.3013334274292,1,0
Z944,2,329.4,7.103135108947754,11.021862030029297,1,0
Z944,2,329.6,3.2232179641723633,8.408329010009766,1,0
Z944,2,329.8,19.10003662109375,7.782873153686523,1,0
Z944,2,330.0,17.24711799621582,12.599146842956543,1,0
Z944,2,330.2,13.685556411743164,14.115464210510254,1,0
Z944,2,330.4,10.772095680236816,10.358272552490234,1,0
Z944,2,330.6,13.829959869384766,10.903186798095703,1,0
Z944,2,330.8,14.370415687561035,10.550043106079102,1,0
Z944,2,331.0,18.13606071472168,10.742748260498047,1,0
Z944,2,331.2,12.285483360290527,2.867180824279785,1,0
Z944,2,331.4,16.7995662689209,9.168085098266602,1,0
Z944,2,331.6,12.80830192565918,5.596960544586182,1,0
Z944,2,331.8,16.087553024291992,10.715145111083984,1,0
Z944,2,332.0,13.3926362991333,7.235189437866211,1,0
Z944,2,332.2,13.804755210876465,-0.7435727119445801,1,0
Z944,2,332.4,10.434890747070312,7.113665580749512,1,0
Z944,2,332.6,15.490775108337402,8.332955360412598,1,0
Z944,2,332.8,12.063751220703125,11.486851692199707,1,0
Z944,2,333.0,14.638497352600098,6.83846378326416,1,0
Z944,2,333.2,6.553584575653076,-4.626123905181885,1,0
Z944,2,333.4,15.651833534240723,3.7496631145477295,1,0
Z944,2,333.6,16.929025650024414,7.786208629608154,1,0
Z944,2,333.8,11.456169128417969,11.44689655303955,1,0
Z944,2,334.0,19.95090103149414,7.683343887329102,1,0
Z944,2,334.2,18.74458885192871,11.204155921936035,1,0
Z944,2,334.4,15.162856101989746,1.8105008602142334,1,0
Z944,2,334.6,18.251108169555664,15.4039306640625,1,0
Z944,2,334.8,15.129022598266602,8.28266716003418,1,0
Z944,2,335.0,22.143325805664062,10.359394073486328,1,0
Z944,2,335.2,22.308574676513672,7.360287666320801,1,0
Z944,2,335.4,16.422283172607422,12.335885047912598,1,0
Z944,2,335.6,12.129188537597656,5.8482160568237305,1,0
Z944,2,335.8,20.474721908569336,12.67231559753418,1,0
Z944,2,336.0,25.119829177856445,10.715845108032227,1,0
Z944,2,336.2,18.535127639770508,10.397346496582031,1,0
Z944,2,336.4,20.052228927612305,7.6341233253479,1,0
Z944,2,336.6,14.532051086425781,8.504180908203125,1,0
Z944,2,336.8,11.48483943939209,1.2332466840744019,1,0
Z944,2,337.0,6.724477291107178,6.686159133911133,1,0
Z944,2,337.2,15.725469589233398,8.014124870300293,1,0
Z944,2,337.4,11.649653434753418,13.498044967651367,1,0
Z944,2,337.6,15.578086853027344,5.581297397613525,1,0
Z944,2,337.8,16.411659240722656,10.764487266540527,1,0
Z944,2,338.0,13.354117393493652,5.0492048263549805,1,0
Z944,2,338.2,15.042920112609863,6.7108073234558105,1,0
Z944,2,338.4,14.143430709838867,0.8624935150146484,1,0
Z944,2,338.6,17.328725814819336,5.284395217895508,1,0
Z944,2,338.8,19.879600524902344,11.444154739379883,1,0
Z944,2,339.0,10.676004409790039,11.409250259399414,1,0
Z944,2,339.2,19.9612979888916,6.111399173736572,1,0
Z944,2,339.4,21.478336334228516,10.128012657165527,1,0
Z944,2,339.6,18.344303131103516,9.647083282470703,1,0
Z944,2,339.8,12.563681602478027,8.012781143188477,1,0
Z944,2,340.0,22.180084228515625,11.047874450683594,1,0
Z944,2,340.2,20.8756160736084,15.224172592163086,1,0
Z944,2,340.4,19.25154685974121,5.0422492027282715,1,0
Z944,2,340.6,20.089866638183594,6.1934943199157715,1,0
Z944,2,340.8,20.72638511657715,12.814553260803223,1,0
Z944,2,341.0,17.530515670776367,0.6620219945907593,1,0
Z944,2,341.2,19.068330764770508,9.493544578552246,1,0
Z944,2,341.4,18.129714965820312,2.373792886734009,1,0
Z944,2,341.6,16.276208877563477,5.150966644287109,1,0
Z944,2,341.8,22.24842643737793,7.593847751617432,1,0
Z944,2,342.0,16.4325008392334,13.272085189819336,1,0
Z944,2,342.2,19.020610809326172,4.123748779296875,1,0
Z944,2,342.4,20.066747665405273,8.213845252990723,1,0
Z944,2,342.6,18.088481903076172,5.8360795974731445,1,0
Z944,2,342.8,18.627443313598633,4.640388488769531,1,0
Z944,2,343.0,16.94261932373047,8.80185317993164,1,0
Z944,2,343.2,22.131513595581055,3.484903573989868,1,0
Z944,2,343.4,21.38874053955078,8.930671691894531,1,0
Z944,2,343.6,20.965564727783203,1.7393624782562256,1,0
Z944,2,343.8,13.840042114257812,9.23249626159668,1,0
Z944,2,344.0,20.93329620361328,2.7348554134368896,1,0
Z944,2,344.2,15.122066497802734,7.381640434265137,1,0
Z944,2,344.4,14.59070110321045,1.8837571144104004,1,0
Z944,2,344.6,20.86125373840332,6.384895324707031,1,0
Z944,2,344.8,17.073509216308594,3.0450117588043213,1,0
Z944,2,345.0,15.10020637512207,9.160017967224121,1,0
Z944,2,345.2,18.910818099975586,6.226534843444824,1,0
Z944,2,345.4,22.731103897094727,12.787280082702637,1,0
Z944,2,345.6,19.208507537841797,11.32349967956543,1,0
Z944,2,345.8,19.847576141357422,6.1271491050720215,1,0
Z944,2,346.0,16.482498168945312,9.230986595153809,1,0
Z944,2,346.2,18.071950912475586,7.454229831695557,1,0
Z944,2,346.4,19.813217163085938,5.8100762367248535,1,0
Z944,2,346.6,15.254195213317871,12.139532089233398,1,0
Z944,2,346.8,18.773029327392578,0.371320903301239,1,0
Z944,2,347.0,17.87453269958496,1.0767242908477783,1,0
Z944,2,347.2,26.388595581054688,0.47511860728263855,1,0
Z944,2,347.4,17.395015716552734,3.335833787918091,1,0
Z944,2,347.6,24.877094268798828,2.8356175422668457,1,0
Z944,2,347.8,16.30814552307129,-3.1691598892211914,1,0
Z944,2,348.0,19.014949798583984,0.1316879391670227,1,0
Z944,2,348.2,18.58281707763672,6.51337194442749,1,0
Z944,2,348.4,17.343908309936523,7.421220302581787,1,0
Z944,2,348.6,19.909912109375,2.011737108230591,1,0
Z944,2,348.8,15.607962608337402,10.982085227966309,1,0
Z944,2,349.0,13.126832008361816,-5.658504009246826,1,0
Z944,2,349.2,25.553436279296875,-0.15767161548137665,1,0
Z944,2,349.4,15.343719482421875,9.058626174926758,1,0
Z944,2,349.6,16.38833236694336,10.220382690429688,1,0
Z944,2,349.8,18.29151153564453,7.049929618835449,1,0
Z944,2,350.0,24.242128372192383,13.572162628173828,1,0
Z944,2,350.2,19.748943328857422,3.2779479026794434,1,0
Z944,2,350.4,16.99848747253418,10.046113014221191,1,0
Z944,2,350.6,16.474836349487305,8.881799697875977,1,0
Z944,2,350.8,22.90815544128418,11.743721961975098,1,0
Z944,2,351.0,17.20099449157715,2.821110963821411,1,0
Z944,2,351.2,14.714348793029785,5.581788063049316,1,0
Z944,2,351.4,20.02617645263672,1.5650771856307983,1,0
Z944,2,351.6,16.64690589904785,4.366904258728027,1,0
Z944,2,351.8,18.134891510009766,8.600318908691406,1,0
Z944,2,352.0,22.727527618408203,2.4644224643707275,1,0
Z944,2,352.2,10.875248908996582,1.017526388168335,1,0
Z944,2,352.4,7.497691631317139,0.14779147505760193,1,0
Z944,2,352.6,16.477031707763672,3.4689505100250244,1,0
Z944,2,352.8,9.241734504699707,4.61339807510376,1,0
Z944,2,353.0,5.565036296844482,3.9532017707824707,1,0
Z944,2,353.2,15.064068794250488,-1.2379711866378784,1,0
Z944,2,353.4,10.443716049194336,0.6059973835945129,1,0
Z944,2,353.6,18.887331008911133,6.891988277435303,1,0
Z944,2,353.8,15.998028755187988,10.233179092407227,1,0
Z944,2,354.0,14.745906829833984,4.516842365264893,1,0
Z944,2,354.2,15.22131061553955,2.3488168716430664,1,0
Z944,2,354.4,21.895002365112305,0.0814419612288475,1,0
Z944,2,354.6,16.708005905151367,-3.1638264656066895,1,0
Z944,2,354.8,14.60454273223877,4.2779998779296875,1,0
Z944,2,355.0,15.526715278625488,-2.271808385848999,1,0
Z944,2,355.2,15.424845695495605,2.2362680435180664,1,0
Z944,2,355.4,18.735137939453125,-5.223526477813721,1,0
Z944,2,355.6,15.542513847351074,-0.6380725502967834,1,0
Z944,2,355.8,14.646754264831543,4.221714019775391,1,0
Z944,2,356.0,11.890932083129883,-1.7197884321212769,1,0
Z944,2,356.2,8.13453483581543,-6.179729461669922,1,0
Z944,2,356.4,13.298121452331543,-6.2743635177612305,1,0
Z944,2,356.6,3.648684024810791,-12.02062702178955,1,0
Z944,2,356.8,19.985557556152344,3.967676877975464,1,0
Z944,2,357.0,15.811371803283691,7.656866073608398,1,0
Z944,2,357.2,14.629477500915527,-4.842967510223389,1,0
Z944,2,357.4,16.50018310546875,7.623430252075195,1,0
Z944,2,357.6,16.558542251586914,3.166249990463257,1,0
Z944,2,357.8,10.714554786682129,1.8786964416503906,1,0
Z944,2,358.0,14.602570533752441,7.078238487243652,1,0
Z944,2,358.2,15.189848899841309,10.582690238952637,1,0
Z944,2,358.4,16.237390518188477,3.9812517166137695,1,0
Z944,2,358.6,12.339780807495117,4.613637447357178,1,0
Z944,2,358.8,15.774084091186523,-2.622955560684204,1,0
Z944,2,359.0,15.442944526672363,4.656543731689453,1,0
Z944,2,359.2,16.25010108947754,8.305896759033203,1,0
Z944,2,359.4,13.109298706054688,9.92585563659668,1,0
Z944,2,359.6,13.525371551513672,10.441814422607422,1,0
Z944,2,359.8,15.726968765258789,9.330719947814941,1,0
Z944,2,360.0,9.884567260742188,9.161443710327148,1,0
Z944,2,360.2,14.908994674682617,6.892053604125977,1,0
Z944,2,360.4,16.5357608795166,15.080984115600586,1,0
Z944,2,360.6,23.863420486450195,9.264784812927246,1,0
Z944,2,360.8,9.16352653503418,0.1093793511390686,1,0
Z944,2,361.0,6.840857028961182,9.468635559082031,1,0
Z944,2,361.2,14.776904106140137,-2.7130329608917236,1,0
Z944,2,361.4,12.836490631103516,2.5069420337677,1,0
Z944,2,361.6,10.902612686157227,1.068443775177002,1,0
Z944,2,361.8,7.895051956176758,-0.7422614097595215,1,0
Z944,2,362.0,12.839652061462402,-0.3295821249485016,1,0
Z944,2,362.2,8.279414176940918,0.43557170033454895,1,0
Z944,2,362.4,16.846485137939453,-0.32401177287101746,1,0
Z944,2,362.6,15.094147682189941,4.176412105560303,1,0
Z944,2,362.8,18.779590606689453,5.3573222160339355,1,0
Z944,2,363.0,23.995866775512695,9.780542373657227,1,0
Z944,2,363.2,16.203235626220703,10.136963844299316,1,0
Z944,2,363.4,21.778715133666992,9.455223083496094,1,0
Z944,2,363.6,17.524696350097656,-2.62699294090271,1,0
Z944,2,363.8,15.426007270812988,-5.59342622756958,1,0
Z944,2,364.0,13.30472183227539,-6.3861870765686035,1,0
Z944,2,364.2,10.03651237487793,-2.7044224739074707,1,0
Z944,2,364.4,3.5355162620544434,-2.0222034454345703,1,0
Z944,2,364.6,10.567995071411133,-4.896332740783691,1,0
Z944,2,364.8,12.241214752197266,3.4773600101470947,1,0
Z944,2,365.0,11.206714630126953,-3.7529702186584473,1,0
Z944,2,365.2,13.086873054504395,-2.940532922744751,1,0
Z944,2,365.4,11.114790916442871,-2.4592390060424805,1,0
Z944,2,365.6,11.51292896270752,-0.9194266200065613,1,0
Z944,2,365.8,9.909131050109863,-0.8367345929145813,1,0
Z944,2,366.0,12.685819625854492,-3.0353775024414062,1,0
Z944,2,366.2,15.214378356933594,-0.8896990418434143,1,0
Z944,2,366.4,17.843971252441406,9.250880241394043,1,0
Z944,2,366.6,19.26297378540039,-1.3706051111221313,1,0
Z944,2,366.8,11.203161239624023,-9.21097183227539,1,0
Z944,2,367.0,13.581339836120605,-9.851722717285156,1,0
Z944,2,367.2,8.22387409210205,-7.965385913848877,1,0
Z944,2,367.4,8.789668083190918,-4.251705646514893,1,0
Z944,2,367.6,12.70634651184082,-0.586941659450531,1,0
Z944,2,367.8,9.213119506835938,-9.652073860168457,1,0
Z944,2,368.0,8.021021842956543,-15.603492736816406,1,0
Z944,2,368.2,13.663270950317383,-5.673008441925049,1,0
Z944,2,368.4,9.409184455871582,-1.6264852285385132,1,0
Z944,2,368.6,13.576587677001953,-1.825095772743225,1,0
Z944,2,368.8,15.253500938415527,2.3566536903381348,1,0
Z944,2,369.0,13.015005111694336,0.7527983784675598,1,0
Z944,2,369.2,8.66254997253418,-6.245528697967529,1,0
Z944,2,369.4,6.736848831176758,3.744062662124634,1,0
Z944,2,369.6,16.016761779785156,3.1079769134521484,1,0
Z944,2,369.8,12.80301570892334,0.3880040645599365,1,0
Z944,2,370.0,8.766072273254395,-4.237123489379883,1,0
Z944,2,370.2,9.900483131408691,-5.4628071784973145,1,0
Z944,2,370.4,9.716007232666016,-3.5760111808776855,1,0
Z944,2,370.6,10.700325965881348,-6.270547866821289,1,0
Z944,2,370.8,11.508650779724121,-6.454060077667236,1,0
Z944,2,371.0,8.534394264221191,-5.075706481933594,1,0
Z944,2,371.2,6.483914852142334,-5.283745765686035,1,0
Z944,2,371.4,1.545695424079895,-7.756096363067627,1,0
Z944,2,371.6,11.329621315002441,-6.594545841217041,1,0
Z944,2,371.8,10.507511138916016,-1.3090431690216064,1,0
Z944,2,372.0,8.136517524719238,-4.154043674468994,1,0
Z944,2,372.2,4.463161468505859,-7.343918800354004,1,0
Z944,2,372.4,-0.06396724283695221,-6.928144454956055,1,0
Z944,2,372.6,5.6682820320129395,-4.514798164367676,1,0
Z944,2,372.8,7.9327874183654785,0.6656392812728882,1,0
Z944,2,373.0,6.486898899078369,-4.204870223999023,1,0
Z944,2,373.2,5.800256252288818,-8.15410327911377,1,0
Z944,2,373.4,4.729746341705322,0.799031674861908,1,0
Z944,2,373.6,6.711711883544922,-3.605372190475464,1,0
Z944,2,373.8,17.296987533569336,-2.764507293701172,1,0
Z944,2,374.0,9.888221740722656,9.258193969726562,1,0
Z944,2,374.2,6.456827163696289,-0.5027987957000732,1,0
Z944,2,374.4,8.789619445800781,-7.664193153381348,1,0
Z944,2,374.6,5.346927642822266,-8.314142227172852,1,0
Z944,2,374.8,8.17027759552002,-4.292370319366455,1,0
Z944,2,375.0,9.805559158325195,-8.843111038208008,1,0
Z944,2,375.2,3.8028581142425537,-12.959893226623535,1,0
Z944,2,375.4,4.95265007019043,-9.96082592010498,1,0
Z944,2,375.6,6.965035438537598,-9.492688179016113,1,0
Z944,2,375.8,7.940821647644043,-9.855548858642578,1,0
Z944,2,376.0,4.4640116691589355,-5.378748893737793,1,0
Z944,2,376.2,7.949026107788086,-11.501286506652832,1,0
Z944,2,376.4,0.9254737496376038,-17.471372604370117,1,0
Z944,2,376.6,1.1888178586959839,-6.737435340881348,1,0
Z944,2,376.8,2.585493564605713,-7.114086627960205,1,0
Z944,2,377.0,4.117640972137451,-1.9266811609268188,1,0
Z944,2,377.2,0.48688262701034546,-6.963900089263916,1,0
Z944,2,377.4,3.5430753231048584,-8.269558906555176,1,0
Z944,2,377.6,5.82895040512085,-12.027180671691895,1,0
Z944,2,377.8,5.040907859802246,-9.40869140625,1,0
Z944,2,378.0,5.107767581939697,-7.975882053375244,1,0
Z944,2,378.2,5.473330020904541,-4.33387565612793,1,0
Z944,2,378.4,1.9913305044174194,-6.781800746917725,1,0
Z944,2,378.6,9.101025581359863,3.866138458251953,1,0
Z944,2,378.8,5.098768711090088,-6.124375820159912,1,0
Z944,2,379.0,7.952838897705078,-5.133512020111084,1,0
Z944,2,379.2,5.036009788513184,-2.5030133724212646,1,0
Z944,2,379.4,5.509950160980225,-0.7008712887763977,1,0
Z944,2,379.6,6.445729732513428,-4.488015174865723,1,0
Z944,2,379.8,6.212133407592773,0.014133716002106667,1,0
Z944,2,380.0,5.006045818328857,-6.778290748596191,1,0
Z944,2,380.2,8.365513801574707,-8.059860229492188,1,0
Z944,2,380.4,8.300023078918457,-6.488253593444824,1,0
Z944,2,380.6,10.494711875915527,2.4962308406829834,1,0
Z944,2,380.8,11.360898971557617,2.6977224349975586,1,0
Z944,2,381.0,11.097088813781738,1.2238471508026123,1,0
Z944,2,381.2,8.18271255493164,1.5954421758651733,1,0
Z944,2,381.4,4.90824556350708,-5.6602654457092285,1,0
Z944,2,381.6,5.917389392852783,1.1763486862182617,1,0
Z944,2,381.8,6.724359035491943,-2.0747323036193848,1,0
Z944,2,382.0,8.612024307250977,-6.391966342926025,1,0
Z944,2,382.2,9.504816055297852,-0.0303531251847744,1,0
Z944,2,382.4,6.014348983764648,-4.664998531341553,1,0
Z944,2,382.6,7.236101150512695,-4.601067543029785,1,0
Z944,2,382.8,5.818203449249268,-2.010409355163574,1,0
Z944,2,383.0,6.305005073547363,-4.264575958251953,1,0
Z944,2,383.2,12.873759269714355,4.301720142364502,1,0
Z944,2,383.4,9.47489070892334,-2.8572986125946045,1,0
Z944,2,383.6,7.81688928604126,-2.1508214473724365,1,0
Z944,2,383.8,9.304301261901855,0.611979603767395,1,0
Z944,2,384.0,7.672595500946045,-2.383530855178833,1,0
Z944,2,384.2,2.6308770179748535,-8.161613464355469,1,0
Z944,2,384.4,12.27191162109375,2.239015579223633,1,0
Z944,2,384.6,2.6732468605041504,-7.224947452545166,1,0
Z944,2,384.8,9.68331241607666,-2.4119818210601807,1,0
Z944,2,385.0,4.502563953399658,-5.308358192443848,1,0
Z944,2,385.2,13.136919975280762,-1.2658859491348267,1,0
Z944,2,385.4,11.254157066345215,-4.1305389404296875,1,0
Z944,2,385.6,11.464698791503906,-2.7061667442321777,1,0
Z944,2,385.8,1.514400839805603,-6.396512985229492,1,0
Z944,2,386.0,6.474274158477783,-4.299118995666504,1,0
Z944,2,386.2,0.7972124814987183,-0.03239469975233078,1,0
Z944,2,386.4,6.652753829956055,0.33371490240097046,1,0
Z944,2,386.6,6.846911907196045,-5.755467414855957,1,0
Z944,2,386.8,12.462294578552246,0.3547455072402954,1,0
Z944,2,387.0,7.848943710327148,-1.1348884105682373,1,0
Z944,2,387.2,13.94118595123291,-1.5344411134719849,1,0
Z944,2,387.4,16.621780395507812,0.31551799178123474,1,0
Z944,2,387.6,9.925702095031738,-2.3188257217407227,1,0
Z944,2,387.8,14.293456077575684,-1.8641542196273804,1,0
Z944,2,388.0,12.937204360961914,-0.4673931896686554,1,0
Z944,2,388.2,9.401655197143555,-0.048379652202129364,1,0
Z944,2,388.4,11.12123966217041,-1.274601697921753,1,0
Z944,2,388.6,9.47540283203125,-9.570695877075195,1,0
Z944,2,388.8,5.724208354949951,-6.783857345581055,1,0
Z944,2,389.0,13.123385429382324,3.7868494987487793,1,0
Z944,2,389.2,3.621556043624878,-13.704984664916992,1,0
Z944,2,389.4,7.266043186187744,-11.707114219665527,1,0
Z944,2,389.6,7.264498233795166,-3.1022708415985107,1,0
Z944,2,389.8,11.282560348510742,-3.17111873626709,1,0
Z944,2,390.0,8.832385063171387,-6.214260578155518,1,0
Z944,2,390.2,7.777377605438232,-6.737213134765625,1,0
Z944,2,390.4,8.539968490600586,-7.045587539672852,1,0
Z944,2,390.6,10.465117454528809,-10.58639144897461,1,0
Z944,2,390.8,12.131522178649902,-0.2819393575191498,1,0
Z944,2,391.0,10.797924041748047,-8.02311897277832,1,0
Z944,2,391.2,8.306807518005371,-7.636181831359863,1,0
Z944,2,391.4,5.944807052612305,-4.810263156890869,1,0
Z944,2,391.6,8.461969375610352,-5.01957893371582,1,0
Z944,2,391.8,10.457717895507812,-7.197918891906738,1,0
Z944,2,392.0,9.467229843139648,-4.017265796661377,1,0
Z944,2,392.2,6.17311429977417,-3.978250026702881,1,0
Z944,2,392.4,5.34290885925293,-11.625287055969238,1,0
Z944,2,392.6,7.224911212921143,-8.554328918457031,1,0
Z944,2,392.8,5.5122528076171875,-4.149048328399658,1,0
Z944,2,393.0,12.133406639099121,-10.481619834899902,1,0
Z944,2,393.2,1.8558950424194336,-14.178108215332031,1,0
Z944,2,393.4,0.41980287432670593,-10.14953327178955,1,0
Z944,2,393.6,4.178061485290527,-12.25074577331543,1,0
Z944,2,393.8,9.062908172607422,-8.366146087646484,1,0
Z944,2,394.0,5.634739875793457,-14.207805633544922,1,0
Z944,2,394.2,14.682697296142578,-6.941045761108398,1,0
Z944,2,394.4,8.967168807983398,-9.646273612976074,1,0
Z944,2,394.6,5.353214740753174,-13.24659252166748,1,0
Z944,2,394.8,6.135153770446777,-11.322649002075195,1,0
Z944,2,395.0,7.052858829498291,-11.805575370788574,1,0
Z944,2,395.2,10.545058250427246,-15.781489372253418,1,0
Z944,2,395.4,6.578296661376953,-14.680330276489258,1,0
Z944,2,395.6,5.339847087860107,-18.069400787353516,1,0
Z944,2,395.8,8.338255882263184,-5.250039577484131,1,0
Z944,2,396.0,5.2687578201293945,-15.39911937713623,1,0
Z944,2,396.2,9.775370597839355,-11.047930717468262,1,0
Z944,2,396.4,7.180014133453369,-17.727401733398438,1,0
Z944,2,396.6,0.8101144433021545,-17.217731475830078,1,0
Z944,2,396.8,5.10076904296875,-13.120784759521484,1,0
Z944,2,397.0,8.824262619018555,-9.625138282775879,1,0
Z944,2,397.2,5.641445159912109,-15.24124526977539,1,0
Z944,2,397.4,7.327661037445068,-12.084373474121094,1,0
Z944,2,397.6,5.9251484870910645,-10.146210670471191,1,0
Z944,2,397.8,8.822964668273926,-7.898200511932373,1,0
Z944,2,398.0,10.365959167480469,-13.396404266357422,1,0
Z944,2,398.2,4.533921241760254,-11.393633842468262,1,0
Z944,2,398.4,7.872683048248291,-8.259401321411133,1,0
Z944,2,398.6,8.725114822387695,-9.563305854797363,1,0
Z944,2,398.8,5.466273784637451,-8.61794662475586,1,0
Z944,2,399.0,4.646827697753906,-10.255642890930176,1,0
Z944,2,399.2,6.099331378936768,-4.391319751739502,1,0
Z944,2,399.4,2.811593532562256,-1.7825255393981934,1,0
Z944,2,399.6,8.9472017288208,-5.74385404586792,1,0
Z944,2,399.8,4.503250598907471,-7.542788505554199,1,0
Z944,2,400.0,9.731444358825684,9.429217338562012,1,0
Z944,2,400.2,9.438638687133789,1.3804125785827637,1,0
Z944,2,400.4,8.647785186767578,-2.4160542488098145,1,0
Z944,2,400.6,7.2580389976501465,-3.561232328414917,1,0
Z944,2,400.8,6.4643378257751465,5.076595306396484,1,0
Z944,2,401.0,12.010462760925293,1.1264222860336304,1,0
Z944,2,401.2,10.519566535949707,1.7210116386413574,1,0
Z944,2,401.4,6.602004051208496,-3.394918918609619,1,0
Z944,2,401.6,9.997920989990234,0.2132701873779297,1,0
Z944,2,401.8,14.68447208404541,4.45737886428833,1,0
Z944,2,402.0,7.994632720947266,2.5439486503601074,1,0
Z944,2,402.2,9.851081848144531,5.720239162445068,1,0
Z944,2,402.4,8.827460289001465,0.06817023456096649,1,0
Z944,2,402.6,20.454557418823242,-1.4890048503875732,1,0
Z944,2,402.8,12.133439064025879,12.28046703338623,1,0
Z944,2,403.0,19.462257385253906,18.545263290405273,1,0
Z944,2,403.2,13.24622917175293,13.987533569335938,1,0
Z944,2,403.4,25.18462562561035,15.5829496383667,1,0
Z944,2,403.6,21.77947235107422,7.503505706787109,1,0
Z944,2,403.8,12.191154479980469,6.529233932495117,1,0
Z944,2,404.0,21.42829132080078,14.555145263671875,1,0
Z944,2,404.2,19.77495765686035,13.887320518493652,1,0
Z944,2,404.4,17.370210647583008,10.250810623168945,1,0
Z944,2,404.6,17.688905715942383,8.527888298034668,1,0
Z944,2,404.8,8.116004943847656,-0.1693185567855835,1,0
Z944,2,405.0,11.780110359191895,4.9040446281433105,1,0
Z944,2,405.2,6.221991062164307,3.1884148120880127,1,0
Z944,2,405.4,13.300411224365234,0.08025418967008591,1,0
Z944,2,405.6,8.40057373046875,-1.8075172901153564,1,0
Z944,2,405.8,14.818056106567383,0.6816996932029724,1,0
Z944,2,406.0,7.5562896728515625,0.4805550277233124,1,0
Z944,2,406.2,12.418262481689453,-0.04178989306092262,1,0
Z944,2,406.4,5.958920001983643,5.286757946014404,1,0
Z944,2,406.6,5.263914585113525,6.355849742889404,1,0
Z944,2,406.8,6.799400806427002,-6.262819290161133,1,0
Z944,2,407.0,4.154150009155273,-2.6759283542633057,1,0
Z944,2,407.2,6.123624801635742,-1.3394005298614502,1,0
Z944,2,407.4,1.9123014211654663,-3.039883852005005,1,0
Z944,2,407.6,6.194563865661621,-2.149799108505249,1,0
Z944,2,407.8,3.5134236812591553,-0.6898879408836365,1,0
Z944,2,408.0,7.52089786529541,3.6488723754882812,1,0
Z944,2,408.2,5.803199768066406,1.0867160558700562,1,0
Z944,2,408.4,16.555742263793945,0.24834135174751282,1,0
Z944,2,408.6,16.115766525268555,1.4340384006500244,1,0
Z944,2,408.8,5.713547229766846,7.344491481781006,1,0
Z944,2,409.0,5.700289726257324,-5.8221516609191895,1,0
Z944,2,409.2,1.5695520639419556,3.941997528076172,1,0
Z944,2,409.4,10.564606666564941,-0.6222044229507446,1,0
Z944,2,409.6,4.019052982330322,1.9096540212631226,1,0
Z944,2,409.8,6.293223857879639,2.0015509128570557,1,0
Z944,2,410.0,7.785650253295898,-5.12299108505249,1,0
Z944,2,410.2,12.156929969787598,6.831023693084717,1,0
Z944,2,410.4,8.871920585632324,-0.21023249626159668,1,0
Z944,2,410.6,12.954522132873535,7.393845558166504,1,0
Z944,2,410.8,6.148509979248047,1.1717110872268677,1,0
Z944,2,411.0,8.899117469787598,4.45258903503418,1,0
Z944,2,411.2,6.26572847366333,1.4208120107650757,1,0
Z944,2,411.4,13.460612297058105,4.827819347381592,1,0
Z944,2,411.6,7.077855110168457,6.234152317047119,1,0
Z944,2,411.8,6.750169277191162,-6.742170810699463,1,0
Z944,2,412.0,12.461108207702637,1.7863008975982666,1,0
Z944,2,412.2,12.899166107177734,7.787635326385498,1,0
Z944,2,412.4,16.358266830444336,4.803072452545166,1,0
Z944,2,412.6,15.483633995056152,13.208756446838379,1,0
Z944,2,412.8,16.963598251342773,5.720856666564941,1,0
Z944,2,413.0,14.2512845993042,4.123043060302734,1,0
Z944,2,413.2,14.0558500289917,7.740840435028076,1,0
Z944,2,413.4,14.263422012329102,8.66821002960205,1,0
Z944,2,413.6,18.75213623046875,2.15103816986084,1,0
Z944,2,413.8,8.971144676208496,-0.6856826543807983,1,0
Z944,2,414.0,9.296006202697754,0.43142038583755493,1,0
Z944,2,414.2,12.431665420532227,-0.4263067841529846,1,0
Z944,2,414.4,10.104104042053223,0.01001605112105608,1,0
Z944,2,414.6,7.328402996063232,1.8511052131652832,1,0
Z944,2,414.8,7.5938801765441895,0.3214957118034363,1,0
Z944,2,415.0,7.0219879150390625,1.684682011604309,1,0
Z944,2,415.2,8.319238662719727,-3.1090643405914307,1,0
Z944,2,415.4,10.933331489562988,2.3417611122131348,1,0
Z944,2,415.6,10.38672161102295,6.508823871612549,1,0
Z944,2,415.8,12.339726448059082,10.162355422973633,1,0
Z944,2,416.0,9.409719467163086,6.222325801849365,1,0
Z944,2,416.2,10.023107528686523,9.71348762512207,1,0
Z944,2,416.4,8.491048812866211,5.778409004211426,1,0
Z944,2,416.6,6.4473795890808105,1.3701071739196777,1,0
Z944,2,416.8,4.64916467666626,0.5224397778511047,1,0
Z944,2,417.0,6.4524922370910645,3.58937406539917,1,0
Z944,2,417.2,18.215646743774414,12.339568138122559,1,0
Z944,2,417.4,11.708704948425293,5.714951515197754,1,0
Z944,2,417.6,13.240233421325684,3.6778314113616943,1,0
Z944,2,417.8,9.208503723144531,2.9161272048950195,1,0
Z944,2,418.0,8.696649551391602,3.800079345703125,1,0
Z944,2,418.2,13.919917106628418,2.3020927906036377,1,0
Z944,2,418.4,16.397602081298828,4.464550018310547,1,0
Z944,2,418.6,7.037440776824951,6.138564586639404,1,0
Z944,2,418.8,9.897863388061523,-2.484330415725708,1,0
Z944,2,419.0,18.87336540222168,5.527676582336426,1,0
Z944,2,419.2,7.134649276733398,2.483872413635254,1,0
Z944,2,419.4,8.310636520385742,0.4586169421672821,1,0
Z944,2,419.6,6.343135356903076,-0.47624820470809937,1,0
Z944,2,419.8,16.263948440551758,7.913238525390625,1,0
Z944,2,420.0,17.770124435424805,8.953526496887207,1,0
Z944,2,420.2,9.860949516296387,-1.243519902229309,1,0
Z944,2,420.4,12.484552383422852,9.481918334960938,1,0
Z944,2,420.6,11.957294464111328,1.3908283710479736,1,0
Z944,2,420.8,10.867956161499023,13.140814781188965,1,0
Z944,2,421.0,19.499265670776367,17.774782180786133,1,0
Z944,2,421.2,10.668764114379883,-1.1934829950332642,1,0
Z944,2,421.4,9.55578899383545,4.568264484405518,1,0
Z944,2,421.6,7.439043045043945,-1.1362155675888062,1,0
Z944,2,421.8,13.23953628540039,5.169355392456055,1,0
Z944,2,422.0,19.71695899963379,10.431120872497559,1,0
Z944,2,422.2,16.365175247192383,6.824006080627441,1,0
Z944,2,422.4,12.444466590881348,7.5836052894592285,1,0
Z944,2,422.6,9.489364624023438,4.211900234222412,1,0
Z944,2,422.8,16.828065872192383,10.523931503295898,1,0
Z944,2,423.0,6.514341354370117,9.54316520690918,1,0
Z944,2,423.2,15.709322929382324,23.161237716674805,1,0
Z944,2,423.4,14.822493553161621,13.218914031982422,1,0
Z944,2,423.6,15.159263610839844,10.529899597167969,1,0
Z944,2,423.8,15.710472106933594,19.055797576904297,1,0
Z944,2,424.0,17.72307586669922,17.130855560302734,1,0
Z944,2,424.2,16.127971649169922,12.628447532653809,1,0
Z944,2,424.4,12.491022109985352,13.141480445861816,1,0
Z944,2,424.6,17.804929733276367,16.723405838012695,1,0
Z944,2,424.8,10.234369277954102,10.828442573547363,1,0
Z944,2,425.0,7.813449382781982,10.705041885375977,1,0
Z944,2,425.2,16.363506317138672,18.513612747192383,1,0
Z944,2,425.4,18.408143997192383,19.33628273010254,1,0
Z944,2,425.6,13.039947509765625,22.768205642700195,1,0
Z944,2,425.8,18.740163803100586,12.421448707580566,1,0
Z944,2,426.0,15.613208770751953,1.2092375755310059,1,0
Z944,2,426.2,1.7907899618148804,-1.6934022903442383,1,0
Z944,2,426.4,16.214622497558594,8.049710273742676,1,0
Z944,2,426.6,13.70605754852295,9.165555000305176,1,0
Z944,2,426.8,17.526493072509766,3.864621162414551,1,0
Z944,2,427.0,10.24929141998291,-0.14836755394935608,1,0
Z944,2,427.2,9.288597106933594,5.678462028503418,1,0
Z944,2,427.4,12.16120433807373,6.706368923187256,1,0
Z944,2,427.6,8.189842224121094,12.219230651855469,1,0
Z944,2,427.8,16.96257972717285,17.17107582092285,1,0
Z944,2,428.0,16.275615692138672,8.84280776977539,1,0
Z944,2,428.2,20.362049102783203,13.161368370056152,1,0
Z944,2,428.4,11.669815063476562,9.021010398864746,1,0
Z944,2,428.6,18.490318298339844,8.864705085754395,1,0
Z944,2,428.8,11.977895736694336,10.872207641601562,1,0
Z944,2,429.0,9.448216438293457,2.119875907897949,1,0
Z944,2,429.2,9.866250991821289,3.582075834274292,1,0
Z944,2,429.4,19.835594177246094,-2.032040596008301,1,0
Z944,2,429.6,15.83080005645752,2.790743589401245,1,0
Z944,2,429.8,13.466415405273438,18.64229393005371,1,0
Z944,2,430.0,13.375166893005371,5.056084156036377,1,0
Z944,2,430.2,13.438461303710938,14.129622459411621,1,0
Z944,2,430.4,17.25211524963379,5.833751678466797,1,0
Z944,2,430.6,13.009654998779297,7.234781742095947,1,0
Z944,2,430.8,16.75213050842285,6.129879474639893,1,0
Z944,2,431.0,24.854961395263672,14.308032035827637,1,0
Z944,2,431.2,17.686981201171875,8.415436744689941,1,0
Z944,2,431.4,12.636787414550781,12.090904235839844,1,0
Z944,2,431.6,18.727148056030273,14.6151704788208,1,0
Z944,2,431.8,19.163623809814453,13.71118450164795,1,0
Z944,2,432.0,13.955144882202148,12.791838645935059,1,0
Z944,2,432.2,14.838114738464355,12.473913192749023,1,0
Z944,2,432.4,14.923894882202148,6.225227355957031,1,0
Z944,2,432.6,13.479369163513184,4.026042938232422,1,0
Z944,2,432.8,15.539924621582031,10.483988761901855,1,0
Z944,2,433.0,11.901056289672852,8.082267761230469,1,0
Z944,2,433.2,13.623353004455566,8.397525787353516,1,0
Z944,2,433.4,5.689276218414307,0.8457617163658142,1,0
Z944,2,433.6,10.112298011779785,7.170819282531738,1,0
Z944,2,433.8,8.33653736114502,6.973793983459473,1,0
Z944,2,434.0,8.52527904510498,2.3984627723693848,1,0
Z944,2,434.2,15.786803245544434,13.18399429321289,1,0
Z944,2,434.4,15.330052375793457,9.543996810913086,1,0
Z944,2,434.6,10.425830841064453,1.2032827138900757,1,0
Z944,2,434.8,7.925227165222168,-0.06443505734205246,1,0
Z944,2,435.0,4.925534725189209,-3.297900915145874,1,0
Z944,2,435.2,4.456150054931641,-2.137406587600708,1,0
Z944,2,435.4,5.110375881195068,-3.6855669021606445,1,0
Z944,2,435.6,6.6629133224487305,3.1978015899658203,1,0
Z944,2,435.8,7.289645671844482,1.6745727062225342,1,0
Z944,2,436.0,8.337244987487793,-0.29191869497299194,1,0
Z944,2,436.2,8.828177452087402,-1.1042417287826538,1,0
Z944,2,436.4,9.676704406738281,-0.8464767336845398,1,0
Z944,2,436.6,10.564820289611816,2.3970413208007812,1,0
Z944,2,436.8,12.399565696716309,2.2602548599243164,1,0
Z944,2,437.0,12.359375953674316,-1.05598783493042,1,0
Z944,2,437.2,10.821700096130371,-0.3651774823665619,1,0
Z944,2,437.4,8.127503395080566,3.9028127193450928,1,0
Z944,2,437.6,12.232712745666504,5.697389602661133,1,0
Z944,2,437.8,12.891692161560059,4.761054039001465,1,0
Z944,2,438.0,10.56977367401123,2.396864891052246,1,0
Z944,2,438.2,12.436752319335938,-1.186249017715454,1,0
Z944,2,438.4,2.9248809814453125,-4.285760879516602,1,0
Z944,2,438.6,12.249865531921387,-4.237369537353516,1,0
Z944,2,438.8,12.492243766784668,1.1655393838882446,1,0
Z944,2,439.0,14.291619300842285,0.7089940905570984,1,0
Z944,2,439.2,6.048803329467773,-1.2219877243041992,1,0
Z944,2,439.4,16.344003677368164,10.00075912475586,1,0
Z944,2,439.6,14.540292739868164,9.613852500915527,1,0
Z944,2,439.8,14.49711799621582,10.464594841003418,1,0
Z944,2,440.0,13.737405776977539,14.839326858520508,1,0
Z944,2,440.2,14.503950119018555,7.778557300567627,1,0
Z944,2,440.4,2.1974127292633057,2.9640579223632812,1,0
Z944,2,440.6,8.767728805541992,-0.004464109428226948,1,0
Z944,2,440.8,14.451735496520996,10.03958511352539,1,0
Z944,2,441.0,15.747970581054688,9.653803825378418,1,0
Z944,2,441.2,12.332212448120117,5.416570663452148,1,0
Z944,2,441.4,14.572108268737793,13.367504119873047,1,0
Z944,2,441.6,15.93222713470459,10.567337036132812,1,0
Z944,2,441.8,16.387779235839844,12.822482109069824,1,0
Z944,2,442.0,13.622486114501953,1.8725886344909668,1,0
Z944,2,442.2,15.310894966125488,8.792469024658203,1,0
Z944,2,442.4,18.061248779296875,8.347748756408691,1,0
Z944,2,442.6,6.933132171630859,7.488458633422852,1,0
Z944,2,442.8,13.067537307739258,1.062878966331482,1,0
Z944,2,443.0,8.894512176513672,-1.4272593259811401,1,0
Z944,2,443.2,10.219613075256348,5.20951509475708,1,0
Z944,2,443.4,15.018786430358887,8.31833553314209,1,0
Z944,2,443.6,15.58922290802002,7.473024368286133,1,0
Z944,2,443.8,9.397643089294434,7.543413162231445,1,0
Z944,2,444.0,12.25790786743164,14.761706352233887,1,0
Z944,2,444.2,9.082378387451172,7.9231791496276855,1,0
Z944,2,444.4,9.276124954223633,2.1754403114318848,1,0
Z944,2,444.6,6.804405689239502,2.8567237854003906,1,0
Z944,2,444.8,21.48533821105957,11.315814971923828,1,0
Z944,2,445.0,15.318689346313477,12.114616394042969,1,0
Z944,2,445.2,3.6199636459350586,8.77751636505127,1,0
Z944,2,445.4,7.417104244232178,3.03446626663208,1,0
Z944,2,445.6,11.72642993927002,4.3699421882629395,1,0
Z944,2,445.8,9.016807556152344,9.90092658996582,1,0
Z944,2,446.0,8.951998710632324,0.6351989507675171,1,0
Z944,2,446.2,8.608172416687012,7.510019779205322,1,0
Z944,2,446.4,3.6823480129241943,3.2770252227783203,1,0
Z944,2,446.6,7.946428298950195,-0.3469892740249634,1,0
Z944,2,446.8,13.891745567321777,-0.2900477945804596,1,0
Z944,2,447.0,10.803372383117676,2.1538116931915283,1,0
Z944,2,447.2,10.980461120605469,5.944648742675781,1,0
Z944,2,447.4,17.217741012573242,4.924432754516602,1,0
Z944,2,447.6,12.52464771270752,7.261318206787109,1,0
Z944,2,447.8,10.989707946777344,9.112854957580566,1,0
Z944,2,448.0,10.357855796813965,13.452509880065918,1,0
Z944,2,448.2,1.8094685077667236,4.567541122436523,1,0
Z944,2,448.4,10.73461627960205,8.597172737121582,1,0
Z944,2,448.6,7.801804542541504,2.3747520446777344,1,0
Z944,2,448.8,13.716025352478027,6.837270259857178,1,0
Z944,2,449.0,8.981203079223633,2.0792741775512695,1,0
Z944,2,449.2,5.441018581390381,-2.10129714012146,1,0
Z944,2,449.4,13.337687492370605,-0.757692813873291,1,0
Z944,2,449.6,1.2126669883728027,-3.3007853031158447,1,0
Z944,2,449.8,11.1879301071167,2.3380043506622314,1,0
Z944,2,450.0,14.645890235900879,2.0874645709991455,1,0
Z944,2,450.2,7.3918867111206055,-1.4256404638290405,1,0
Z944,2,450.4,12.508440971374512,3.8449487686157227,1,0
Z944,2,450.6,15.378100395202637,9.428275108337402,1,0
Z944,2,450.8,8.938990592956543,5.978771686553955,1,0
Z944,2,451.0,11.153251647949219,8.30709171295166,1,0
Z944,2,451.2,19.00821304321289,9.730437278747559,1,0
Z944,2,451.4,13.937633514404297,7.00402307510376,1,0
Z944,2,451.6,13.249041557312012,4.844308853149414,1,0
Z944,2,451.8,12.368865966796875,9.261804580688477,1,0
Z944,2,452.0,5.806375026702881,3.8982348442077637,1,0
Z944,2,452.2,11.429054260253906,6.27838659286499,1,0
Z944,2,452.4,12.402844429016113,0.9993194341659546,1,0
Z944,2,452.6,11.49824047088623,5.888535022735596,1,0
Z944,2,452.8,8.562450408935547,3.6798439025878906,1,0
Z944,2,453.0,10.69076919555664,5.3061981201171875,1,0
Z944,2,453.2,4.921915531158447,-2.153366804122925,1,0
Z944,2,453.4,14.394784927368164,4.266129016876221,1,0
Z944,2,453.6,8.043977737426758,6.578725814819336,1,0
Z944,2,453.8,9.156195640563965,4.834677696228027,1,0
Z944,2,454.0,7.383831977844238,-3.0635175704956055,1,0
Z944,2,454.2,9.361828804016113,3.291252374649048,1,0
Z944,2,454.4,4.299877166748047,-4.0064263343811035,1,0
Z944,2,454.6,3.5068109035491943,4.4918389320373535,1,0
Z944,2,454.8,7.18467903137207,1.9775995016098022,1,0
Z944,2,455.0,11.027100563049316,-1.3503222465515137,1,0
Z944,2,455.2,5.923952102661133,-6.236120700836182,1,0
Z944,2,455.4,10.855876922607422,3.9616689682006836,1,0
Z944,2,455.6,9.108098030090332,3.2253823280334473,1,0
Z944,2,455.8,14.616861343383789,8.8646879196167,1,0
Z944,2,456.0,14.076725006103516,-0.3809444010257721,1,0
Z944,2,456.2,10.756946563720703,-2.866849184036255,1,0
Z944,2,456.4,16.741992950439453,5.816935062408447,1,0
Z944,2,456.6,13.652192115783691,4.412118434906006,1,0
Z944,2,456.8,9.984854698181152,2.5620696544647217,1,0
Z944,2,457.0,12.55087947845459,7.33482027053833,1,0
Z944,2,457.2,13.599096298217773,2.0579512119293213,1,0
Z944,2,457.4,16.874540328979492,4.908475875854492,1,0
Z944,2,457.6,9.3180570602417,1.3319097757339478,1,0
Z944,2,457.8,10.61520004272461,5.449402332305908,1,0
Z944,2,458.0,5.16146993637085,0.3679446578025818,1,0
Z944,2,458.2,14.431329727172852,5.319262981414795,1,0
Z944,2,458.4,9.860697746276855,5.518399238586426,1,0
Z944,2,458.6,10.969862937927246,4.705896377563477,1,0
Z944,2,458.8,14.198346138000488,9.699923515319824,1,0
Z944,2,459.0,9.017781257629395,6.586888313293457,1,0
Z944,2,459.2,7.308077812194824,4.511903762817383,1,0
Z944,2,459.4,7.09082555770874,9.324946403503418,1,0
Z944,2,459.6,9.666557312011719,5.125460147857666,1,0
Z944,2,459.8,8.844642639160156,-3.4721641540527344,1,0
Z944,2,460.0,8.940654754638672,5.448482990264893,1,0
Z944,2,460.2,4.296386241912842,4.1522088050842285,1,0
Z944,2,460.4,17.763927459716797,8.870759963989258,1,0
Z944,2,460.6,9.83495044708252,4.899633407592773,1,0
Z944,2,460.8,9.510123252868652,2.1303865909576416,1,0
Z944,2,461.0,6.327153205871582,8.285443305969238,1,0
Z944,2,461.2,3.365654468536377,4.7148637771606445,1,0
Z944,2,461.4,11.925700187683105,5.381133079528809,1,0
Z944,2,461.6,5.640649318695068,2.2532730102539062,1,0
Z944,2,461.8,8.76298999786377,6.614930152893066,1,0
Z944,2,462.0,5.127170085906982,6.0293450355529785,1,0
Z944,2,462.2,3.414045572280884,4.610692977905273,1,0
Z944,2,462.4,15.852376937866211,9.997679710388184,1,0
Z944,2,462.6,5.099553108215332,3.165180206298828,1,0
Z944,2,462.8,9.021394729614258,8.58341121673584,1,0
Z944,2,463.0,10.642574310302734,-0.7332600951194763,1,0
Z944,2,463.2,4.044023513793945,-2.395256996154785,1,0
Z944,2,463.4,3.7373430728912354,-4.963170528411865,1,0
Z944,2,463.6,6.954747676849365,0.9121403694152832,1,0
Z944,2,463.8,10.56802749633789,8.416984558105469,1,0
Z944,2,464.0,14.363819122314453,4.2063517570495605,1,0
Z944,2,464.2,5.335786819458008,1.123817801475525,1,0
Z944,2,464.4,12.726061820983887,1.0274314880371094,1,0
Z944,2,464.6,10.238115310668945,4.7601189613342285,1,0
Z944,2,464.8,8.023983001708984,-1.0918073654174805,1,0
Z944,2,465.0,9.39668083190918,6.455169200897217,1,0
Z944,2,465.2,15.152731895446777,3.9837024211883545,1,0
Z944,2,465.4,11.491806030273438,2.40401029586792,1,0
Z944,2,465.6,14.244170188903809,5.367866039276123,1,0
Z944,2,465.8,9.10033893585205,-1.9367051124572754,1,0
Z944,2,466.0,15.35304069519043,-2.0855159759521484,1,0
Z944,2,466.2,12.067407608032227,3.9850573539733887,1,0
Z944,2,466.4,9.923674583435059,-7.351380825042725,1,0
Z944,2,466.6,12.270730018615723,-4.232397556304932,1,0
Z944,2,466.8,10.213202476501465,-2.9786202907562256,1,0
Z944,2,467.0,12.075494766235352,5.900571346282959,1,0
Z944,2,467.2,7.940098762512207,8.033928871154785,1,0
Z944,2,467.4,13.00719165802002,6.380026817321777,1,0
Z944,2,467.6,12.990422248840332,0.7084729671478271,1,0
Z944,2,467.8,21.117015838623047,6.253205299377441,1,0
Z944,2,468.0,16.013216018676758,11.848478317260742,1,0
Z944,2,468.2,10.228652000427246,-0.6213290691375732,1,0
Z944,2,468.4,14.39173698425293,1.7902270555496216,1,0
Z944,2,468.6,14.968233108520508,-0.5254586935043335,1,0
Z944,2,468.8,11.249894142150879,-5.4084649085998535,1,0
Z944,2,469.0,10.269145965576172,2.203472852706909,1,0
Z944,2,469.2,12.975676536560059,-7.155287742614746,1,0
Z944,2,469.4,7.729909420013428,-3.2620697021484375,1,0
Z944,2,469.6,13.834033012390137,-0.5589812397956848,1,0
Z944,2,469.8,12.774542808532715,-3.289856433868408,1,0
Z944,2,470.0,13.694151878356934,3.093217611312866,1,0
Z944,2,470.2,11.602892875671387,-4.430798053741455,1,0
Z944,2,470.4,9.42012882232666,1.9169591665267944,1,0
Z944,2,470.6,9.88448715209961,2.101698875427246,1,0
Z944,2,470.8,10.486421585083008,4.298161506652832,1,0
Z944,2,471.0,15.357070922851562,8.426287651062012,1,0
Z944,2,471.2,16.347999572753906,0.7280982136726379,1,0
Z944,2,471.4,15.987210273742676,2.0085039138793945,1,0
Z944,2,471.6,5.4119343757629395,-4.504114151000977,1,0
Z944,2,471.8,8.561980247497559,6.0168657302856445,1,0
Z944,2,472.0,4.4325175285339355,-2.465221643447876,1,0
Z944,2,472.2,9.052692413330078,-3.8170077800750732,1,0
Z944,2,472.4,4.8067145347595215,-7.7771430015563965,1,0
Z944,2,472.6,1.9715880155563354,-1.4128955602645874,1,0
Z944,2,472.8,5.052359104156494,-0.7149482369422913,1,0
Z944,2,473.0,5.340658187866211,-7.9829936027526855,1,0
Z944,2,473.2,8.575526237487793,-3.5954105854034424,1,0
Z944,2,473.4,8.32497501373291,-2.5523681640625,1,0
Z944,2,473.6,6.452419757843018,-6.166689872741699,1,0
Z944,2,473.8,4.715969085693359,0.07553385943174362,1,0
Z944,2,474.0,2.3263094425201416,-11.4203462600708,1,0
Z944,2,474.2,11.821059226989746,-0.28876516222953796,1,0
Z944,2,474.4,5.79329252243042,-7.13293981552124,1,0
Z944,2,474.6,11.38200855255127,-2.238408327102661,1,0
Z944,2,474.8,8.327985763549805,0.8555800914764404,1,0
Z944,2,475.0,7.882730007171631,4.7897820472717285,1,0
Z944,2,475.2,12.535528182983398,0.969799280166626,1,0
Z944,2,475.4,8.456384658813477,-7.795773983001709,1,0
Z944,2,475.6,9.785497665405273,-1.7421804666519165,1,0
Z944,2,475.8,7.445023536682129,-0.15662367641925812,1,0
Z944,2,476.0,4.813958644866943,-4.724871635437012,1,0
Z944,2,476.2,9.632149696350098,-11.840347290039062,1,0
Z944,2,476.4,4.360110759735107,-9.044173240661621,1,0
Z944,2,476.6,11.83514404296875,-6.258322238922119,1,0
Z944,2,476.8,13.800285339355469,-8.910798072814941,1,0
Z944,2,477.0,9.760274887084961,-2.8259758949279785,1,0
Z944,2,477.2,7.734010696411133,-3.0407330989837646,1,0
Z944,2,477.4,8.207940101623535,-0.9121784567832947,1,0
Z944,2,477.6,7.1074910163879395,-3.33119797706604,1,0
Z944,2,477.8,10.447322845458984,-2.1570184230804443,1,0
Z944,2,478.0,10.217402458190918,-3.067559242248535,1,0
Z944,2,478.2,0.2127305418252945,-2.3041844367980957,1,0
Z944,2,478.4,11.81954288482666,-5.070559978485107,1,0
Z944,2,478.6,5.717177391052246,-1.6913399696350098,1,0
Z944,2,478.8,12.982329368591309,4.701886177062988,1,0
Z944,2,479.0,13.942277908325195,7.393677711486816,1,0
Z944,2,479.2,17.078332901000977,2.5089781284332275,1,0
Z944,2,479.4,16.752962112426758,0.7862759828567505,1,0
Z944,2,479.6,17.037994384765625,2.0346713066101074,1,0
Z944,2,479.8,9.44546890258789,-1.361687183380127,1,0
Z944,2,480.0,16.930883407592773,-0.34793591499328613,1,0
Z944,2,480.2,14.063180923461914,1.8148596286773682,1,0
Z944,2,480.4,10.633156776428223,1.7758210897445679,1,0
Z944,2,480.6,15.60815715789795,7.482982158660889,1,0
Z944,2,480.8,8.012604713439941,6.870989799499512,1,0
Z944,2,481.0,14.700428009033203,-0.24039994180202484,1,0
Z944,2,481.2,6.786867618560791,5.814443111419678,1,0
Z944,2,481.4,13.441374778747559,7.193175315856934,1,0
Z944,2,481.6,13.948165893554688,2.502624750137329,1,0
Z944,2,481.8,12.165181159973145,0.025308476760983467,1,0
Z944,2,482.0,7.83177375793457,-1.0244874954223633,1,0
Z944,2,482.2,14.377761840820312,8.958830833435059,1,0
Z944,2,482.4,11.06403636932373,0.08354271948337555,1,0
Z944,2,482.6,8.726818084716797,6.241355895996094,1,0
Z944,2,482.8,11.843852043151855,0.8415144085884094,1,0
Z944,2,483.0,10.408513069152832,-4.719513416290283,1,0
Z944,2,483.2,6.742893218994141,-2.769244432449341,1,0
Z944,2,483.4,12.466076850891113,-3.0180788040161133,1,0
Z944,2,483.6,12.167923927307129,-0.054100628942251205,1,0
Z944,2,483.8,5.175014972686768,3.188507318496704,1,0
Z944,2,484.0,10.107641220092773,3.950310230255127,1,0
Z944,2,484.2,12.080267906188965,4.911494255065918,1,0
Z944,2,484.4,4.636634349822998,-7.36820650100708,1,0
Z944,2,484.6,15.339759826660156,10.240442276000977,1,0
Z944,2,484.8,5.070572376251221,2.615175724029541,1,0
Z944,2,485.0,11.322565078735352,7.134451866149902,1,0
Z944,2,485.2,13.408535957336426,-6.799159049987793,1,0
Z944,2,485.4,10.880416870117188,-0.5264729857444763,1,0
Z944,2,485.6,12.997983932495117,1.025833249092102,1,0
Z944,2,485.8,18.203182220458984,2.6364479064941406,1,0
Z944,2,486.0,15.693971633911133,1.2283098697662354,1,0
Z944,2,486.2,13.201895713806152,4.180710792541504,1,0
Z944,2,486.4,15.176202774047852,-0.08894838392734528,1,0
Z944,2,486.6,11.068448066711426,7.658246994018555,1,0
Z944,2,486.8,15.035747528076172,2.466296672821045,1,0
Z944,2,487.0,8.502798080444336,0.48912695050239563,1,0
Z944,2,487.2,9.238604545593262,1.5370129346847534,1,0
Z944,2,487.4,8.485051155090332,2.136906385421753,1,0
Z944,2,487.6,6.489404678344727,8.004548072814941,1,0
Z944,2,487.8,10.263383865356445,7.364868640899658,1,0
Z944,2,488.0,18.721298217773438,2.323275566101074,1,0
Z944,2,488.2,9.79555892944336,2.8173587322235107,1,0
Z944,2,488.4,11.484811782836914,5.612061023712158,1,0
Z944,2,488.6,12.440691947937012,-2.3361563682556152,1,0
Z944,2,488.8,4.814694881439209,5.208146572113037,1,0
Z944,2,489.0,19.423748016357422,7.021188735961914,1,0
Z944,2,489.2,21.585365295410156,12.164068222045898,1,0
Z944,2,489.4,19.86229133605957,14.725214004516602,1,0
Z944,2,489.6,24.981449127197266,10.460838317871094,1,0
Z944,2,489.8,19.375473022460938,8.456664085388184,1,0
Z944,2,490.0,11.023480415344238,5.9197797775268555,1,0
Z944,2,490.2,16.63126564025879,2.8730859756469727,1,0
Z944,2,490.4,8.985342979431152,-2.9126362800598145,1,0
Z944,2,490.6,17.869661331176758,3.118889570236206,1,0
Z944,2,490.8,14.341034889221191,-1.087262511253357,1,0
Z944,2,491.0,7.434267997741699,-8.284167289733887,1,0
Z944,2,491.2,10.879100799560547,-3.9866161346435547,1,0
Z944,2,491.4,12.058494567871094,-2.4716172218322754,1,0
Z944,2,491.6,14.783470153808594,-2.25593638420105,1,0
Z944,2,491.8,10.731912612915039,-2.519955635070801,1,0
Z944,2,492.0,12.688940048217773,-6.0118021965026855,1,0
Z944,2,492.2,14.128055572509766,-4.725815296173096,1,0
Z944,2,492.4,16.502094268798828,0.774294912815094,1,0
Z944,2,492.6,5.5675201416015625,-11.68769645690918,1,0
Z944,2,492.8,9.341672897338867,-3.67687726020813,1,0
Z944,2,493.0,3.7457568645477295,-10.978796005249023,1,0
Z944,2,493.2,12.434361457824707,1.309634804725647,1,0
Z944,2,493.4,8.396245956420898,-5.8124847412109375,1,0
Z944,2,493.6,6.730199813842773,-6.011443138122559,1,0
Z944,2,493.8,11.36458969116211,-2.0916173458099365,1,0
Z944,2,494.0,7.353312015533447,-3.282374143600464,1,0
Z944,2,494.2,10.552319526672363,5.902724266052246,1,0
Z944,2,494.4,10.234787940979004,-1.3726983070373535,1,0
Z944,2,494.6,13.328315734863281,-5.379291534423828,1,0
Z944,3,194.6,26.98472023010254,-10.41308307647705,1,1
Z944,3,194.8,24.81903076171875,-4.748299598693848,1,1
Z944,3,195.0,23.66920280456543,-11.670232772827148,1,1
Z944,3,195.2,30.172883987426758,-10.892463684082031,1,1
Z944,3,195.4,24.409879684448242,-9.664657592773438,1,1
Z944,3,195.6,17.55824851989746,-11.425745010375977,1,1
Z944,3,195.8,24.81911849975586,-18.420108795166016,1,1
Z944,3,196.0,26.12514305114746,-15.403054237365723,1,1
Z944,3,196.2,15.276397705078125,-17.3283634185791,1,1
Z944,3,196.4,20.144664764404297,-13.061233520507812,1,1
Z944,3,196.6,20.61776351928711,-14.687098503112793,1,1
Z944,3,196.8,19.990554809570312,-16.856430053710938,1,1
Z944,3,197.0,30.422077178955078,-8.352073669433594,1,1
Z944,3,197.2,20.430612564086914,-11.02157211303711,1,1
Z944,3,197.4,17.048805236816406,-11.432110786437988,1,1
Z944,3,197.6,21.296640396118164,-15.924301147460938,1,1
Z944,3,197.8,19.68507957458496,-11.643667221069336,1,1
Z944,3,198.0,19.30945587158203,-8.419614791870117,1,1
Z944,3,198.2,21.7369441986084,-9.780792236328125,1,1
Z944,3,198.4,19.0368595123291,-11.687874794006348,1,1
Z944,3,198.6,24.020496368408203,-9.902570724487305,1,1
Z944,3,198.8,24.471216201782227,-1.6282274723052979,1,1
Z944,3,199.0,18.19463539123535,-8.578563690185547,1,1
Z944,3,199.2,26.337255477905273,-6.811964511871338,1,1
Z944,3,199.4,27.423051834106445,-8.15091609954834,1,1
Z944,3,199.6,23.693632125854492,-11.282954216003418,1,1
Z944,3,199.8,16.869535446166992,-11.547513008117676,1,1
Z944,3,200.0,21.628238677978516,-7.29650354385376,1,1
Z944,3,200.2,26.373056411743164,-9.929657936096191,1,1
Z944,3,200.4,29.698619842529297,-13.33014965057373,1,1
Z944,3,200.6,35.585384368896484,-3.9205915927886963,1,1
Z944,3,200.8,24.13727569580078,-10.66434097290039,1,1
Z944,3,201.0,26.9635009765625,-6.886480808258057,1,1
Z944,3,201.2,24.4394474029541,-9.354580879211426,1,1
Z944,3,201.4,25.10787010192871,-7.409783840179443,1,1
Z944,3,201.6,23.226472854614258,-13.71556568145752,1,1
Z944,3,201.8,24.760822296142578,-6.956528663635254,1,1
Z944,3,202.0,25.071475982666016,-20.088193893432617,1,1
Z944,3,202.2,18.146059036254883,-13.141674995422363,1,1
Z944,3,202.4,24.34490203857422,-15.183639526367188,1,1
Z944,3,202.6,29.928237915039062,-11.723259925842285,1,1
Z944,3,202.8,26.984268188476562,-13.35925579071045,1,1
Z944,3,203.0,25.69499969482422,-11.409584045410156,1,1
Z944,3,203.2,23.914670944213867,-10.333893775939941,1,1
Z944,3,203.4,19.999412536621094,-13.615182876586914,1,1
Z944,3,203.6,22.124629974365234,-9.660550117492676,1,1
Z944,3,203.8,28.46065330505371,-16.589689254760742,1,1
Z944,3,204.0,23.79087257385254,-12.532608985900879,1,1
Z944,3,204.2,18.549264907836914,-20.978864669799805,1,1
Z944,3,204.4,27.190893173217773,-10.604545593261719,1,1
Z944,3,204.6,25.84010124206543,-19.615320205688477,1,1
Z944,3,204.8,22.463680267333984,-14.748948097229004,1,1
Z944,3,205.0,22.254356384277344,-14.275304794311523,1,1
Z944,3,205.2,27.46379852294922,-10.541630744934082,1,1
Z944,3,205.4,27.826705932617188,-11.399219512939453,1,1
Z944,3,205.6,22.664344787597656,-14.26600456237793,1,1
Z944,3,205.8,29.18035125732422,-15.172565460205078,1,1
Z944,3,206.0,25.946704864501953,-10.28990650177002,1,1
Z944,3,206.2,24.84025001525879,-12.3353853225708,1,1
Z944,3,206.4,23.054624557495117,-7.914346218109131,1,1
Z944,3,206.6,11.983400344848633,-8.423568725585938,1,1
Z944,3,206.8,20.383880615234375,-17.730819702148438,1,1
Z944,3,207.0,20.336139678955078,-11.243457794189453,1,1
Z944,3,207.2,16.00164794921875,-13.142168998718262,1,1
Z944,3,207.4,22.306360244750977,-5.477088451385498,1,1
Z944,3,207.6,21.418920516967773,-10.598027229309082,1,1
Z944,3,207.8,17.62464714050293,-7.33082914352417,1,1
Z944,3,208.0,13.823163032531738,-7.469758033752441,1,1
Z944,3,208.2,15.289265632629395,-16.428483963012695,1,1
Z944,3,208.4,23.65896987915039,-1.5553745031356812,1,1
Z944,3,208.6,25.033645629882812,-6.336276054382324,1,1
Z944,3,208.8,23.27886390686035,-8.560762405395508,1,1
Z944,3,209.0,24.115915298461914,-8.348592758178711,1,1
Z944,3,209.2,20.78610610961914,-8.21127700805664,1,1
Z944,3,209.4,17.410160064697266,-11.958413124084473,1,1
Z944,3,209.6,22.923709869384766,-4.678218364715576,1,1
Z944,3,209.8,23.4657039642334,-14.023122787475586,1,1
Z944,3,210.0,13.922250747680664,-11.970168113708496,1,1
Z944,3,210.2,23.655426025390625,-8.457939147949219,1,1
Z944,3,210.4,19.288070678710938,-15.454188346862793,1,1
Z944,3,210.6,20.671560287475586,-9.22341251373291,1,1
Z944,3,210.8,19.04788589477539,-16.712326049804688,1,1
Z944,3,211.0,18.035327911376953,-18.794816970825195,1,1
Z944,3,211.2,16.099464416503906,-7.905143737792969,1,1
Z944,3,211.4,15.596673965454102,-15.755289077758789,1,1
Z944,3,211.6,19.0528621673584,-8.58609676361084,1,1
Z944,3,211.8,14.959146499633789,-3.2059874534606934,1,1
Z944,3,212.0,18.900365829467773,-4.909547805786133,1,1
Z944,3,212.2,15.420685768127441,-9.114775657653809,1,1
Z944,3,212.4,17.433706283569336,-10.558581352233887,1,1
Z944,3,212.6,25.381086349487305,-13.303848266601562,1,1
Z944,3,212.8,21.640127182006836,-6.114952087402344,1,1
Z944,3,213.0,23.712753295898438,-8.28547191619873,1,1
Z944,3,213.2,20.783002853393555,-11.776766777038574,1,1
Z944,3,213.4,20.537630081176758,-6.4010138511657715,1,1
Z944,3,213.6,24.289072036743164,-4.661698818206787,1,1
Z944,3,213.8,23.16704559326172,-11.767477035522461,1,1
Z944,3,214.0,22.31620979309082,1.479152798652649,1,1
Z944,3,214.2,29.248870849609375,-7.354614734649658,1,1
Z944,3,214.4,23.97899627685547,-7.182692527770996,1,1
Z944,3,214.6,23.619539260864258,-4.586967468261719,1,1
Z944,3,214.8,24.51874351501465,-6.493959903717041,1,1
Z944,3,215.0,31.019161224365234,-9.13686752319336,1,1
Z944,3,215.2,25.887554168701172,-2.637287139892578,1,1
Z944,3,215.4,24.901805877685547,-0.0005691749393008649,1,1
Z944,3,215.6,22.052024841308594,-4.208805084228516,1,1
Z944,3,215.8,26.086841583251953,-8.705557823181152,1,1
Z944,3,216.0,22.58076286315918,-9.39777946472168,1,1
Z944,3,216.2,24.512907028198242,-14.486703872680664,1,1
Z944,3,216.4,16.952762603759766,-14.6796293258667,1,1
Z944,3,216.6,20.241119384765625,-11.102134704589844,1,1
Z944,3,216.8,21.622575759887695,-11.610517501831055,1,1
Z944,3,217.0,23.34196662902832,-11.945045471191406,1,1
Z944,3,217.2,20.70614242553711,-7.610752105712891,1,1
Z944,3,217.4,25.860618591308594,-4.290494918823242,1,1
Z944,3,217.6,22.53868865966797,-8.526277542114258,1,1
Z944,3,217.8,20.68998146057129,-7.055837154388428,1,1
Z944,3,218.0,19.73092269897461,-0.3160749673843384,1,1
Z944,3,218.2,19.3909969329834,-0.9931071996688843,1,1
Z944,3,218.4,23.990066528320312,-6.648483753204346,1,1
Z944,3,218.6,16.546573638916016,-9.61124324798584,1,1
Z944,3,218.8,17.957834243774414,-0.8429309725761414,1,1
Z944,3,219.0,22.98261260986328,-5.915497779846191,1,1
Z944,3,219.2,21.33747673034668,-10.414008140563965,1,1
Z944,3,219.4,24.351612091064453,-9.178946495056152,1,1
Z944,3,219.6,29.480653762817383,-3.4264349937438965,1,1
Z944,3,219.8,23.48766326904297,-9.511723518371582,1,1
Z944,3,220.0,16.369829177856445,-12.776473999023438,1,1
Z944,3,220.2,19.711727142333984,-6.419853687286377,1,1
Z944,3,220.4,18.822790145874023,-9.12917423248291,1,1
Z944,3,220.6,25.652809143066406,-5.264796733856201,1,1
Z944,3,220.8,30.41840934753418,-10.022457122802734,1,1
Z944,3,221.0,26.657289505004883,-9.694188117980957,1,1
Z944,3,221.2,24.229413986206055,-14.719072341918945,1,1
Z944,3,221.4,20.140037536621094,-8.754918098449707,1,1
Z944,3,221.6,20.90776824951172,-9.230703353881836,1,1
Z944,3,221.8,21.773906707763672,-3.5581045150756836,1,1
Z944,3,222.0,21.06488800048828,-8.849699974060059,1,1
Z944,3,222.2,19.829635620117188,5.120343208312988,1,1
Z944,3,222.4,17.844680786132812,-5.627138137817383,1,1
Z944,3,222.6,23.488855361938477,-3.426219940185547,1,1
Z944,3,222.8,24.99930191040039,0.5419872403144836,1,1
Z944,3,223.0,17.397911071777344,-2.8880269527435303,1,1
Z944,3,223.2,18.4895076751709,4.634307861328125,1,1
Z944,3,223.4,21.132844924926758,-1.2727506160736084,1,1
Z944,3,223.6,25.209590911865234,5.256667137145996,1,1
Z944,3,223.8,27.027423858642578,-0.8917720913887024,1,1
Z944,3,224.0,27.19945526123047,8.901394844055176,0,0
Z944,3,224.2,24.592866897583008,7.977756500244141,0,0
Z944,3,224.4,21.476335525512695,7.147228240966797,1,1
Z944,3,224.6,21.390352249145508,1.9092856645584106,1,1
Z944,3,224.8,20.516382217407227,6.199995994567871,0,0
Z944,3,225.0,12.980948448181152,-0.9434487223625183,1,1
Z944,3,225.2,20.202392578125,1.6979178190231323,1,1
Z944,3,225.4,24.532119750976562,5.354856967926025,1,1
Z944,3,225.6,15.806153297424316,4.474112510681152,1,1
Z944,3,225.8,20.705698013305664,8.657769203186035,1,1
Z944,3,226.0,21.38640594482422,1.3774555921554565,1,1
Z944,3,226.2,19.03230857849121,-2.695366859436035,1,1
Z944,3,226.4,20.388629913330078,14.557567596435547,1,1
Z944,3,226.6,17.587656021118164,0.13643506169319153,1,1
Z944,3,226.8,15.96822452545166,-2.5820956230163574,1,1
Z944,3,227.0,22.121349334716797,3.823267698287964,1,1
Z944,3,227.2,22.592199325561523,5.726868152618408,1,1
Z944,3,227.4,14.84055233001709,5.548001289367676,1,1
Z944,3,227.6,20.07143211364746,-0.36042115092277527,1,1
Z944,3,227.8,23.036602020263672,-4.542032241821289,1,1
Z944,3,228.0,16.700786590576172,2.0876564979553223,1,1
Z944,3,228.2,19.396625518798828,4.127157211303711,1,1
Z944,3,228.4,19.562665939331055,0.13679009675979614,1,1
Z944,3,228.6,23.30978775024414,1.925021767616272,1,1
Z944,3,228.8,17.954496383666992,4.1506452560424805,0,0
Z944,3,229.0,23.23293685913086,13.556278228759766,0,0
Z944,3,229.2,24.558137893676758,5.909250736236572,1,1
Z944,3,229.4,21.688955307006836,-0.2263350933790207,1,1
Z944,3,229.6,20.521726608276367,6.047906875610352,0,0
Z944,3,229.8,21.776777267456055,4.365524768829346,1,1
Z944,3,230.0,23.090648651123047,7.686704158782959,0,0
Z944,3,230.2,22.67013168334961,8.467024803161621,1,1
Z944,3,230.4,19.203765869140625,1.005995512008667,1,1
Z944,3,230.6,24.533313751220703,0.8438041806221008,1,1
Z944,3,230.8,20.651456832885742,0.6578952074050903,1,1
Z944,3,231.0,24.759069442749023,4.300398826599121,0,0
Z944,3,231.2,21.941850662231445,8.468748092651367,1,1
Z944,3,231.4,23.899097442626953,13.58729076385498,0,0
Z944,3,231.6,15.140223503112793,1.839296579360962,1,1
Z944,3,231.8,21.326576232910156,3.4073281288146973,1,1
Z944,3,232.0,22.113311767578125,1.350908875465393,1,1
Z944,3,232.2,22.289020538330078,6.401112079620361,0,0
Z944,3,232.4,19.052820205688477,3.001189708709717,1,1
Z944,3,232.6,20.22157096862793,-3.3224680423736572,1,1
Z944,3,232.8,25.275230407714844,4.98900032043457,1,1
Z944,3,233.0,25.149568557739258,1.1205719709396362,1,1
Z944,3,233.2,29.452260971069336,2.0760931968688965,1,1
Z944,3,233.4,28.038429260253906,3.5884485244750977,1,1
Z944,3,233.6,29.21852684020996,3.6063244342803955,1,1
Z944,3,233.8,24.754989624023438,1.767225980758667,1,1
Z944,3,234.0,22.252817153930664,4.114290237426758,1,1
Z944,3,234.2,28.68441390991211,5.957299709320068,1,1
Z944,3,234.4,25.923690795898438,10.19824504852295,0,0
Z944,3,234.6,26.135135650634766,6.834482669830322,0,0
Z944,3,234.8,26.612150192260742,9.766392707824707,0,0
Z944,3,235.0,16.80476188659668,-2.3875858783721924,1,1
Z944,3,235.2,24.779808044433594,0.9846488237380981,1,1
Z944,3,235.4,25.575101852416992,5.11059045791626,1,1
Z944,3,235.6,22.48446273803711,5.673306465148926,0,0
Z944,3,235.8,28.07513999938965,11.521323204040527,0,0
Z944,3,236.0,28.6663875579834,9.568406105041504,0,0
Z944,3,236.2,29.905296325683594,15.798628807067871,0,0
Z944,3,236.4,22.78286361694336,6.172359466552734,1,1
Z944,3,236.6,29.286439895629883,6.745283126831055,0,0
Z944,3,236.8,26.818702697753906,4.189929962158203,0,0
Z944,3,237.0,32.819000244140625,2.8925580978393555,0,0
Z944,3,237.2,27.520832061767578,6.8881683349609375,0,0
Z944,3,237.4,25.516582489013672,-2.4502384662628174,0,0
Z944,3,237.6,30.31356430053711,-1.3818196058273315,0,0
Z944,3,237.8,31.21919822692871,10.439393997192383,0,0
Z944,3,238.0,27.723003387451172,11.388228416442871,0,0
Z944,3,238.2,30.90359115600586,8.450766563415527,0,0
Z944,3,238.4,34.8986930847168,6.380950927734375,0,0
Z944,3,238.6,30.1107234954834,6.634305477142334,0,0
Z944,3,238.8,26.83673858642578,5.992488384246826,0,0
Z944,3,239.0,32.97452163696289,7.295130729675293,0,0
Z944,3,239.2,30.26848793029785,1.4521064758300781,0,0
Z944,3,239.4,32.1710319519043,9.592935562133789,0,0
Z944,3,239.6,29.10395050048828,5.645664691925049,0,0
Z944,3,239.8,28.906064987182617,4.913670539855957,0,0
Z944,3,240.0,28.761507034301758,-0.17622657120227814,0,0
Z944,3,240.2,27.038742065429688,2.0342588424682617,0,0
Z944,3,240.4,28.267566680908203,-8.834729194641113,1,1
Z944,3,240.6,30.51359748840332,8.634827613830566,0,0
Z944,3,240.8,24.569805145263672,-0.23900605738162994,1,1
Z944,3,241.0,23.971925735473633,6.739556312561035,1,1
Z944,3,241.2,26.50313949584961,-1.341111660003662,1,1
Z944,3,241.4,21.852556228637695,7.757771015167236,1,1
Z944,3,241.6,31.40251922607422,7.9780755043029785,1,1
Z944,3,241.8,25.878633499145508,6.888017654418945,0,0
Z944,3,242.0,32.47801208496094,-1.0199759006500244,0,0
Z944,3,242.2,28.569744110107422,0.1503789722919464,1,1
Z944,3,242.4,26.035844802856445,-0.3045617938041687,1,1
Z944,3,242.6,27.26270866394043,-3.0928304195404053,0,0
Z944,3,242.8,27.181198120117188,-3.0026588439941406,1,1
Z944,3,243.0,25.981048583984375,3.6733057498931885,1,1
Z944,3,243.2,30.398561477661133,-2.52188777923584,1,1
Z944,3,243.4,23.550533294677734,-3.3989720344543457,1,1
Z944,3,243.6,27.485822677612305,3.550124168395996,1,1
Z944,3,243.8,26.741058349609375,8.412471771240234,1,1
Z944,3,244.0,23.075103759765625,2.457709550857544,1,1
Z944,3,244.2,25.623287200927734,5.890367031097412,1,1
Z944,3,244.4,27.242862701416016,-1.270003080368042,1,1
Z944,3,244.6,27.2268123626709,3.968510627746582,1,1
Z944,3,244.8,31.074953079223633,1.1541727781295776,1,1
Z944,3,245.0,32.624122619628906,1.516423225402832,0,0
Z944,3,245.2,27.68022918701172,0.05930317938327789,1,1
Z944,3,245.4,25.143800735473633,9.751262664794922,0,0
Z944,3,245.6,24.871042251586914,4.937801361083984,1,1
Z944,3,245.8,26.068883895874023,3.6647555828094482,1,1
Z944,3,246.0,24.182432174682617,-0.132757768034935,1,1
Z944,3,246.2,23.45817756652832,-2.3631396293640137,1,1
Z944,3,246.4,27.853530883789062,5.555321216583252,1,1
Z944,3,246.6,28.142038345336914,-0.17866793274879456,1,1
Z944,3,246.8,30.944087982177734,3.8434576988220215,0,0
Z944,3,247.0,26.03085708618164,5.386963844299316,1,1
Z944,3,247.2,28.377986907958984,-2.6650805473327637,0,0
Z944,3,247.4,21.949100494384766,1.2672842741012573,1,1
Z944,3,247.6,20.856416702270508,1.8292992115020752,1,1
Z944,3,247.8,27.369943618774414,-7.817015171051025,0,0
Z944,3,248.0,27.401273727416992,-6.9250264167785645,1,1
Z944,3,248.2,28.321409225463867,6.613280296325684,0,0
Z944,3,248.4,24.04958152770996,-4.068572521209717,1,1
Z944,3,248.6,20.663549423217773,-4.218447208404541,1,1
Z944,3,248.8,21.962881088256836,6.621245861053467,1,1
Z944,3,249.0,23.641632080078125,-1.0182149410247803,1,1
Z944,3,249.2,29.121976852416992,8.624205589294434,1,1
Z944,3,249.4,21.302398681640625,-4.0049848556518555,1,1
Z944,3,249.6,30.243444442749023,4.04980993270874,0,0
Z944,3,249.8,26.074256896972656,5.053512096405029,0,0
Z944,3,250.0,28.565820693969727,5.6139702796936035,0,0
Z944,3,250.2,24.080493927001953,2.5999867916107178,1,1
Z944,3,250.4,22.359024047851562,0.05077226087450981,1,1
Z944,3,250.6,26.676067352294922,-1.6851320266723633,1,1
Z944,3,250.8,23.499353408813477,1.9931352138519287,1,1
Z944,3,251.0,27.855234146118164,-2.8711655139923096,1,1
Z944,3,251.2,18.433202743530273,1.9857845306396484,1,1
Z944,3,251.4,30.25812339782715,2.215135335922241,0,0
Z944,3,251.6,25.11481475830078,1.742995262145996,1,1
Z944,3,251.8,27.5833740234375,-1.0270522832870483,1,1
Z944,3,252.0,26.771657943725586,2.889596462249756,0,0
Z944,3,252.2,21.74371337890625,6.049293518066406,0,0
Z944,3,252.4,24.94133949279785,-0.2343956083059311,0,0
Z944,3,252.6,26.245410919189453,5.750104904174805,0,0
Z944,3,252.8,24.154356002807617,11.859506607055664,0,0
Z944,3,253.0,24.673358917236328,4.798824310302734,0,0
Z944,3,253.2,22.773418426513672,1.4811124801635742,1,1
Z944,3,253.4,22.437698364257812,1.5961753129959106,0,0
Z944,3,253.6,26.01838493347168,8.281476020812988,0,0
Z944,3,253.8,24.446041107177734,0.15307816863059998,0,0
Z944,3,254.0,20.788759231567383,-0.4125843942165375,0,0
Z944,3,254.2,22.87176513671875,-2.0958824157714844,1,1
Z944,3,254.4,20.897478103637695,1.5488178730010986,1,1
Z944,3,254.6,25.59487533569336,6.807107925415039,0,0
Z944,3,254.8,27.438508987426758,16.720426559448242,0,0
Z944,3,255.0,26.308691024780273,8.840279579162598,1,1
Z944,3,255.2,23.55545997619629,6.873502254486084,0,0
Z944,3,255.4,25.155193328857422,5.6707048416137695,1,1
Z944,3,255.6,22.373666763305664,6.481563091278076,1,1
Z944,3,255.8,18.883859634399414,1.9125404357910156,1,1
Z944,3,256.0,23.951932907104492,3.1898205280303955,1,1
Z944,3,256.2,23.353073120117188,4.2390875816345215,0,0
Z944,3,256.4,23.89480209350586,7.581641674041748,1,1
Z944,3,256.6,28.260251998901367,13.886876106262207,0,0
Z944,3,256.8,20.795211791992188,8.786563873291016,1,1
Z944,3,257.0,18.70013999938965,8.16703987121582,1,1
Z944,3,257.2,21.432138442993164,2.260096788406372,1,1
Z944,3,257.4,23.348562240600586,7.713621616363525,0,0
Z944,3,257.6,24.155122756958008,4.879784107208252,0,0
Z944,3,257.8,28.456201553344727,12.5822114944458,0,0
Z944,3,258.0,22.039840698242188,2.770031213760376,0,0
Z944,3,258.2,25.342449188232422,2.011611223220825,0,0
Z944,3,258.4,16.290966033935547,1.7548768520355225,1,1
Z944,3,258.6,23.004135131835938,5.904139995574951,1,1
Z944,3,258.8,22.756763458251953,1.4849544763565063,0,0
Z944,3,259.0,19.1324462890625,2.6857821941375732,1,1
Z944,3,259.2,16.061229705810547,1.5953973531723022,1,1
Z944,3,259.4,17.407926559448242,-2.177323818206787,1,1
Z944,3,259.6,21.657014846801758,8.257064819335938,1,1
Z944,3,259.8,22.485258102416992,4.152623653411865,1,1
Z944,3,260.0,17.889795303344727,0.36251139640808105,1,1
Z944,3,260.2,22.2336368560791,4.131144046783447,1,1
Z944,3,260.4,21.108766555786133,4.275760650634766,1,1
Z944,3,260.6,17.05228042602539,-1.006976842880249,1,1
Z944,3,260.8,14.658737182617188,-4.090939044952393,1,1
Z944,3,261.0,18.47329330444336,7.146484375,1,1
Z944,3,261.2,20.830154418945312,8.228833198547363,1,1
Z944,3,261.4,19.50057601928711,3.7457542419433594,1,1
Z944,3,261.6,21.631324768066406,-0.3691236972808838,1,1
Z944,3,261.8,25.13187599182129,1.1321215629577637,1,1
Z944,3,262.0,23.74929428100586,-1.1270091533660889,1,1
Z944,3,262.2,14.028515815734863,3.971435785293579,1,1
Z944,3,262.4,23.85794448852539,5.358642101287842,1,1
Z944,3,262.6,23.45897674560547,7.531333923339844,0,0
Z944,3,262.8,28.02298355102539,-2.6459195613861084,1,1
Z944,3,263.0,28.240217208862305,-0.9844417572021484,0,0
Z944,3,263.2,23.508106231689453,0.5300672650337219,0,0
Z944,3,263.4,21.149267196655273,-1.6076748371124268,0,0
Z944,3,263.6,20.48467254638672,-0.7513301968574524,1,1
Z944,3,263.8,20.065067291259766,4.993715286254883,0,0
Z944,3,264.0,17.257932662963867,9.678631782531738,1,1
Z944,3,264.2,29.235618591308594,11.88396167755127,0,0
Z944,3,264.4,28.578697204589844,9.985172271728516,0,0
Z944,3,264.6,25.180456161499023,10.872859001159668,0,0
Z944,3,264.8,26.97712516784668,10.054439544677734,0,0
Z944,3,265.0,20.27105712890625,13.807670593261719,0,0
Z944,3,265.2,30.58525276184082,5.597374439239502,0,0
Z944,3,265.4,28.419410705566406,9.02856731414795,0,0
Z944,3,265.6,33.26823806762695,10.502401351928711,0,0
Z944,3,265.8,23.31774139404297,4.725643634796143,0,0
Z944,3,266.0,22.236953735351562,0.3807015120983124,1,1
Z944,3,266.2,24.633516311645508,6.352384567260742,0,0
Z944,3,266.4,32.03331756591797,0.2601114809513092,0,0
Z944,3,266.6,29.344520568847656,2.3539953231811523,0,0
Z944,3,266.8,27.56031608581543,5.971377849578857,1,1
Z944,3,267.0,30.637845993041992,9.197579383850098,0,0
Z944,3,267.2,19.68359375,2.999406099319458,0,0
Z944,3,267.4,31.3779239654541,2.2863705158233643,0,0
Z944,3,267.6,30.166086196899414,5.8828911781311035,0,0
Z944,3,267.8,24.01373291015625,16.4395694732666,0,0
Z944,3,268.0,29.252334594726562,1.5596786737442017,1,1
Z944,3,268.2,28.66577911376953,-1.3864028453826904,0,0
Z944,3,268.4,26.079097747802734,-5.485936641693115,0,0
Z944,3,268.6,27.174386978149414,3.555617094039917,1,1
Z944,3,268.8,29.00787925720215,1.987538456916809,0,0
Z944,3,269.0,25.48578453063965,2.588265895843506,1,1
Z944,3,269.2,29.6728572845459,7.069083213806152,0,0
Z944,3,269.4,24.84995460510254,5.38583517074585,0,0
Z944,3,269.6,31.416461944580078,-0.5516437292098999,0,0
Z944,3,269.8,22.62978744506836,1.3940634727478027,1,1
Z944,3,270.0,24.23476219177246,4.864867687225342,0,0
Z944,3,270.2,21.04377555847168,7.637791156768799,0,0
Z944,3,270.4,24.623476028442383,1.1448918581008911,1,1
Z944,3,270.6,27.38929557800293,3.5945968627929688,0,0
Z944,3,270.8,27.678274154663086,7.481421947479248,0,0
Z944,3,271.0,26.456188201904297,3.3793466091156006,0,0
Z944,3,271.2,28.246234893798828,4.907973289489746,1,1
Z944,3,271.4,29.622802734375,0.4847465455532074,0,0
Z944,3,271.6,33.21087646484375,4.057222366333008,0,0
Z944,3,271.8,28.750341415405273,2.0691542625427246,1,1
Z944,3,272.0,21.953548431396484,-7.828639030456543,1,1
Z944,3,272.2,25.722850799560547,6.446547508239746,0,0
Z944,3,272.4,30.675512313842773,-0.49799609184265137,1,1
Z944,3,272.6,22.57680892944336,5.241002559661865,1,1
Z944,3,272.8,26.053037643432617,2.421462059020996,1,1
Z944,3,273.0,29.075895309448242,3.3430726528167725,1,1
Z944,3,273.2,20.156354904174805,4.993248462677002,1,1
Z944,3,273.4,27.140249252319336,3.057781934738159,0,0
Z944,3,273.6,26.559396743774414,4.242770671844482,1,1
Z944,3,273.8,25.366361618041992,9.074814796447754,0,0
Z944,3,274.0,27.78255271911621,3.6171388626098633,1,1
Z944,3,274.2,31.340782165527344,5.197808265686035,0,0
Z944,3,274.4,25.88840675354004,3.7073845863342285,1,1
Z944,3,274.6,24.123600006103516,3.9051764011383057,1,1
Z944,3,274.8,28.70269775390625,5.659369945526123,1,1
Z944,3,275.0,26.860694885253906,2.311967611312866,1,1
Z944,3,275.2,25.872262954711914,7.651193141937256,0,0
Z944,3,275.4,26.5026912689209,6.006024360656738,1,1
Z944,3,275.6,30.19850730895996,5.309728145599365,1,1
Z944,3,275.8,30.564979553222656,0.6037813425064087,0,0
Z944,3,276.0,28.0696964263916,-2.8225743770599365,1,1
Z944,3,276.2,24.825584411621094,2.032959461212158,0,0
Z944,3,276.4,23.729928970336914,0.3676524758338928,0,0
Z944,3,276.6,27.540618896484375,2.3143234252929688,0,0
Z944,3,276.8,28.132169723510742,0.23955954611301422,0,0
Z944,3,277.0,28.46400260925293,-4.600836277008057,0,0
Z944,3,277.2,31.907487869262695,-8.99170970916748,1,1
Z944,3,277.4,25.666906356811523,0.9313734173774719,1,1
Z944,3,277.6,28.446914672851562,0.6942328810691833,1,1
Z944,3,277.8,28.140058517456055,-5.962589263916016,1,1
Z944,3,278.0,29.773460388183594,1.3588711023330688,1,1
Z944,3,278.2,25.420795440673828,10.882007598876953,0,0
Z944,3,278.4,28.161481857299805,2.1535820960998535,1,1
Z944,3,278.6,31.91694450378418,5.486664772033691,1,1
Z944,3,278.8,29.9036865234375,1.7444987297058105,1,1
Z944,3,279.0,29.487354278564453,1.4804552793502808,0,0
Z944,3,279.2,28.651138305664062,5.175270080566406,0,0
Z944,3,279.4,29.524202346801758,-5.308533668518066,0,0
Z944,3,279.6,28.96139144897461,2.083664894104004,0,0
Z944,3,279.8,30.778841018676758,7.894834995269775,0,0
Z944,3,280.0,24.273530960083008,12.969554901123047,1,1
Z944,3,280.2,26.81218910217285,0.9974408745765686,1,1
Z944,3,280.4,25.001522064208984,2.9844043254852295,1,1
Z944,3,280.6,28.86265754699707,-5.006685256958008,1,1
Z944,3,280.8,28.88066291809082,-7.70344352722168,1,1
Z944,3,281.0,24.431840896606445,-1.5192945003509521,1,1
Z944,3,281.2,25.164697647094727,6.492791175842285,0,0
Z944,3,281.4,22.504596710205078,-3.3014960289001465,1,1
Z944,3,281.6,21.306739807128906,-9.068134307861328,1,1
Z944,3,281.8,24.365903854370117,0.7800474762916565,1,1
Z944,3,282.0,24.294212341308594,-2.996931314468384,1,1
Z944,3,282.2,31.41705322265625,0.20024242997169495,0,0
Z944,3,282.4,27.563566207885742,-4.569222450256348,0,0
Z944,3,282.6,24.210968017578125,0.5526392459869385,1,1
Z944,3,282.8,22.500492095947266,-0.7365484833717346,1,1
Z944,3,283.0,27.833660125732422,1.9095560312271118,1,1
Z944,3,283.2,26.037784576416016,3.6154866218566895,0,0
Z944,3,283.4,27.174579620361328,1.347848653793335,1,1
Z944,3,283.6,28.937732696533203,-0.002692173467949033,1,1
Z944,3,283.8,29.55006980895996,2.364609479904175,1,1
Z944,3,284.0,32.1483268737793,3.1299917697906494,1,1
Z944,3,284.2,29.54633140563965,5.800490856170654,0,0
Z944,3,284.4,27.982282638549805,7.7232794761657715,1,1
Z944,3,284.6,32.140357971191406,3.6859428882598877,1,1
Z944,3,284.8,23.095129013061523,-0.332813024520874,1,1
Z944,3,285.0,18.81693458557129,1.0288649797439575,1,1
Z944,3,285.2,30.877063751220703,6.397678375244141,1,1
Z944,3,285.4,31.187387466430664,6.369552135467529,0,0
Z944,3,285.6,26.606950759887695,5.56409215927124,1,1
Z944,3,285.8,32.83444595336914,2.0602948665618896,0,0
Z944,3,286.0,28.18597984313965,1.763695478439331,1,1
Z944,3,286.2,29.07170867919922,7.938539981842041,0,0
Z944,3,286.4,33.89198684692383,18.569231033325195,0,0
Z944,3,286.6,31.606130599975586,9.608253479003906,0,0
Z944,3,286.8,26.884815216064453,3.753448963165283,0,0
Z944,3,287.0,27.475744247436523,3.4407691955566406,0,0
Z944,3,287.2,25.34136962890625,1.3895158767700195,0,0
Z944,3,287.4,27.700180053710938,5.722845077514648,0,0
Z944,3,287.6,27.863121032714844,6.098807334899902,1,1
Z944,3,287.8,29.20937156677246,8.522830963134766,1,1
Z944,3,288.0,31.075090408325195,5.6717705726623535,0,0
Z944,3,288.2,27.461746215820312,3.582475423812866,1,1
Z944,3,288.4,27.756845474243164,-4.574888706207275,1,1
Z944,3,288.6,28.5250244140625,2.618328094482422,0,0
Z944,3,288.8,29.565113067626953,8.652261734008789,0,0
Z944,3,289.0,24.360614776611328,1.5219076871871948,0,0
Z944,3,289.2,29.156034469604492,1.4717648029327393,1,1
Z944,3,289.4,29.019311904907227,6.25279426574707,0,0
Z944,3,289.6,27.902450561523438,1.2386889457702637,1,1
Z944,3,289.8,26.889467239379883,-1.4100760221481323,0,0
Z944,3,290.0,31.80544662475586,1.5684278011322021,0,0
Z944,3,290.2,27.05310821533203,1.921096920967102,0,0
Z944,3,290.4,27.57770538330078,-0.776198148727417,0,0
Z944,3,290.6,20.7289981842041,-5.505758285522461,0,0
Z944,3,290.8,25.166898727416992,-2.9766342639923096,1,1
Z944,3,291.0,24.062042236328125,2.4823672771453857,0,0
Z944,3,291.2,27.88878631591797,1.8815923929214478,0,0
Z944,3,291.4,27.56618881225586,3.8607559204101562,0,0
Z944,3,291.6,30.084251403808594,5.467026710510254,0,0
Z944,3,291.8,35.254127502441406,0.7708627581596375,0,0
Z944,3,292.0,26.951801300048828,3.0057339668273926,0,0
Z944,3,292.2,27.910341262817383,5.179779052734375,0,0
Z944,3,292.4,27.662200927734375,5.849288463592529,0,0
Z944,3,292.6,29.244726181030273,5.323766708374023,0,0
Z944,3,292.8,25.615299224853516,3.722146987915039,0,0
Z944,3,293.0,29.387493133544922,5.8076019287109375,0,0
Z944,3,293.2,28.093061447143555,6.919061660766602,0,0
Z944,3,293.4,22.385578155517578,8.0020112991333,0,0
Z944,3,293.6,28.31157112121582,1.686989426612854,0,0
Z944,3,293.8,27.305164337158203,2.801461935043335,0,0
Z944,3,294.0,29.124719619750977,0.28370851278305054,0,0
Z944,3,294.2,27.416433334350586,1.592638373374939,0,0
Z944,3,294.4,28.34990882873535,3.7353129386901855,0,0
Z944,3,294.6,22.916078567504883,11.70767879486084,0,0
Z944,3,294.8,28.073328018188477,10.386185646057129,0,0
Z944,3,295.0,26.44333839416504,1.8439624309539795,0,0
Z944,3,295.2,26.715682983398438,1.7513384819030762,1,1
Z944,3,295.4,28.261489868164062,4.297036170959473,0,0
Z944,3,295.6,34.18608856201172,-1.6932847499847412,0,0
Z944,3,295.8,33.61046600341797,3.574437141418457,1,1
Z944,3,296.0,27.001707077026367,-5.251716136932373,1,1
Z944,3,296.2,23.169635772705078,-7.935012340545654,1,1
Z944,3,296.4,23.10981559753418,-4.365169525146484,1,1
Z944,3,296.6,28.19822120666504,0.6085004806518555,0,0
Z944,3,296.8,26.584842681884766,-1.428335428237915,0,0
Z944,3,297.0,24.256214141845703,-3.091942310333252,1,1
Z944,3,297.2,30.824724197387695,0.11636101454496384,0,0
Z944,3,297.4,25.37923240661621,2.4126462936401367,0,0
Z944,3,297.6,28.24623680114746,-4.238048553466797,1,1
Z944,3,297.8,25.626108169555664,5.316390037536621,0,0
Z944,3,298.0,27.79629898071289,0.46050214767456055,0,0
Z944,3,298.2,28.503215789794922,0.5623424053192139,0,0
Z944,3,298.4,34.481136322021484,4.56132173538208,0,0
Z944,3,298.6,27.743459701538086,-10.036412239074707,1,1
Z944,3,298.8,30.10606575012207,-1.285599708557129,0,0
Z944,3,299.0,26.427265167236328,-3.933284044265747,1,1
Z944,3,299.2,29.434476852416992,2.587325096130371,0,0
Z944,3,299.4,27.292844772338867,2.2227861881256104,0,0
Z944,3,299.6,26.683610916137695,3.7341723442077637,0,0
Z944,3,299.8,24.290706634521484,6.462683200836182,0,0
Z944,3,300.0,26.600744247436523,-0.05704241991043091,0,0
Z944,3,300.2,29.047607421875,6.458124160766602,0,0
Z944,3,300.4,28.838972091674805,3.8745052814483643,0,0
Z944,3,300.6,26.179771423339844,0.9463093876838684,0,0
Z944,3,300.8,25.366806030273438,3.5396053791046143,0,0
Z944,3,301.0,20.995742797851562,5.078566074371338,0,0
Z944,3,301.2,26.511367797851562,1.5969946384429932,0,0
Z944,3,301.4,26.06378173828125,2.694749593734741,0,0
Z944,3,301.6,29.86400032043457,5.783318519592285,0,0
Z944,3,301.8,29.419065475463867,2.763836145401001,0,0
Z944,3,302.0,30.503816604614258,-2.098541498184204,0,0
Z944,3,302.2,28.781892776489258,0.18911069631576538,0,0
Z944,3,302.4,25.30282974243164,1.9009870290756226,1,1
Z944,3,302.6,28.198503494262695,7.425252437591553,0,0
Z944,3,302.8,24.226058959960938,0.8089703321456909,1,1
Z944,3,303.0,20.60611343383789,-1.9015058279037476,1,1
Z944,3,303.2,26.86389923095703,5.353545665740967,1,1
Z944,3,303.4,22.604089736938477,-3.9317824840545654,1,1
Z944,3,303.6,28.452362060546875,-6.714183330535889,1,1
Z944,3,303.8,29.14214515686035,-4.84232759475708,1,1
Z944,3,304.0,26.991601943969727,-5.109539985656738,1,1
Z944,3,304.2,32.943485260009766,-6.371182918548584,1,1
Z944,3,304.4,29.654586791992188,-13.938177108764648,1,1
Z944,3,304.6,25.581417083740234,-8.769798278808594,0,0
Z944,3,304.8,26.1975040435791,-8.691652297973633,1,1
Z944,3,305.0,27.421306610107422,-6.870265007019043,0,0
Z944,3,305.2,28.882261276245117,-3.1224513053894043,0,0
Z944,3,305.4,28.173078536987305,-7.588827610015869,1,1
Z944,3,305.6,29.046846389770508,-9.528807640075684,1,1
Z944,3,305.8,29.712018966674805,-6.225982189178467,0,0
Z944,3,306.0,27.093647003173828,-12.068269729614258,1,1
Z944,3,306.2,27.181222915649414,-10.393372535705566,1,1
Z944,3,306.4,24.540624618530273,-5.556210517883301,1,1
Z944,3,306.6,27.467336654663086,-0.18431183695793152,0,0
Z944,3,306.8,28.91155433654785,4.707670211791992,0,0
Z944,3,307.0,27.408405303955078,-1.883545160293579,0,0
Z944,3,307.2,27.61414337158203,-3.6473097801208496,0,0
Z944,3,307.4,25.766708374023438,-2.2689669132232666,0,0
Z944,3,307.6,33.3071174621582,-4.027623653411865,0,0
Z944,3,307.8,29.677518844604492,-2.53971004486084,0,0
Z944,3,308.0,31.621679306030273,0.18695798516273499,0,0
Z944,3,308.2,31.78994369506836,-10.856070518493652,1,1
Z944,3,308.4,34.171043395996094,-2.006570339202881,1,1
Z944,3,308.6,30.570772171020508,2.769113063812256,1,1
Z944,3,308.8,26.576887130737305,-3.536339044570923,0,0
Z944,3,309.0,22.827634811401367,0.022778091952204704,0,0
Z944,3,309.2,22.018341064453125,3.0423777103424072,0,0
Z944,3,309.4,22.306493759155273,5.559121608734131,1,1
Z944,3,309.6,25.544340133666992,-7.236133098602295,1,1
Z944,3,309.8,26.309961318969727,-1.9147441387176514,1,1
Z944,3,310.0,26.866735458374023,-0.06866851449012756,1,1
Z944,3,310.2,27.22894859313965,-3.2107274532318115,1,1
Z944,3,310.4,23.77949333190918,-13.96292781829834,1,1
Z944,3,310.6,23.48818016052246,-6.927694797515869,1,1
Z944,3,310.8,27.365331649780273,-5.772820472717285,1,1
Z944,3,311.0,26.181623458862305,1.4666873216629028,1,1
Z944,3,311.2,23.402935028076172,1.6656744480133057,0,0
Z944,3,311.4,23.469377517700195,-5.263712406158447,1,1
Z944,3,311.6,18.299543380737305,-1.2156320810317993,1,1
Z944,3,311.8,18.186378479003906,-2.248901605606079,1,1
Z944,3,312.0,23.72416114807129,0.5032646059989929,1,1
Z944,3,312.2,21.233686447143555,4.83560037612915,1,1
Z944,3,312.4,18.17014503479004,1.6034661531448364,1,1
Z944,3,312.6,17.725902557373047,-5.330593109130859,1,1
Z944,3,312.8,26.948650360107422,-6.064591884613037,1,1
Z944,3,313.0,21.44569206237793,4.394006729125977,1,1
Z944,3,313.2,29.863908767700195,-3.4601831436157227,1,1
Z944,3,313.4,21.15679359436035,-3.451000690460205,1,1
Z944,3,313.6,25.46839141845703,-2.00915789604187,1,1
Z944,3,313.8,22.445423126220703,-13.97367000579834,1,1
Z944,3,314.0,18.116151809692383,0.6980582475662231,1,1
Z944,3,314.2,27.43145751953125,-7.8555097579956055,1,1
Z944,3,314.4,25.851213455200195,0.7583856582641602,1,1
Z944,3,314.6,33.057579040527344,0.5597305297851562,1,1
Z944,3,314.8,28.215349197387695,3.541304588317871,1,1
Z944,3,315.0,24.042091369628906,2.5108344554901123,0,0
Z944,3,315.2,22.73338508605957,2.1168911457061768,1,1
Z944,3,315.4,30.240737915039062,1.9642573595046997,1,1
Z944,3,315.6,30.662967681884766,-3.6514639854431152,0,0
Z944,3,315.8,26.184127807617188,0.23522122204303741,1,1
Z944,3,316.0,28.375282287597656,0.6587384343147278,1,1
Z944,3,316.2,28.86132049560547,-1.6301275491714478,1,1
Z944,3,316.4,27.7979736328125,-5.094191551208496,0,0
Z944,3,316.6,21.756595611572266,2.3122825622558594,0,0
Z944,3,316.8,20.581954956054688,-2.0380051136016846,1,1
Z944,3,317.0,27.212657928466797,-0.19321705400943756,0,0
Z944,3,317.2,19.953887939453125,-3.548440933227539,1,1
Z944,3,317.4,27.0065975189209,-5.038294315338135,1,1
Z944,3,317.6,25.26632308959961,1.2205586433410645,0,0
Z944,3,317.8,26.064090728759766,5.974300861358643,0,0
Z944,3,318.0,23.03122901916504,-7.069246292114258,1,1
Z944,3,318.2,27.44159507751465,3.759491443634033,0,0
Z944,3,318.4,22.341630935668945,8.931891441345215,1,1
Z944,3,318.6,27.404211044311523,2.069324254989624,1,1
Z944,3,318.8,31.495695114135742,-7.447596073150635,1,1
Z944,3,319.0,26.155141830444336,-0.37316304445266724,1,1
Z944,3,319.2,25.25550079345703,-5.709374904632568,1,1
Z944,3,319.4,25.164871215820312,-0.6172643303871155,1,1
Z944,3,319.6,25.555967330932617,-4.0982513427734375,1,1
Z944,3,319.8,30.137737274169922,-5.272129535675049,1,1
Z944,3,320.0,27.789113998413086,1.8973344564437866,0,0
Z944,3,320.2,29.334217071533203,6.395641326904297,0,0
Z944,3,320.4,26.520797729492188,3.964860439300537,0,0
Z944,3,320.6,30.077760696411133,6.777905464172363,0,0
Z944,3,320.8,27.15392303466797,4.3297038078308105,0,0
Z944,3,321.0,20.387622833251953,-2.180697441101074,1,1
Z944,3,321.2,27.685598373413086,6.330920696258545,0,0
Z944,3,321.4,28.4554443359375,3.7746238708496094,1,1
Z944,3,321.6,31.011560440063477,7.487133979797363,1,1
Z944,3,321.8,26.402835845947266,1.6849117279052734,1,1
Z944,3,322.0,28.142112731933594,-5.79074239730835,1,1
Z944,3,322.2,18.220787048339844,-2.8912532329559326,1,1
Z944,3,322.4,29.71977996826172,4.54849910736084,1,1
Z944,3,322.6,31.06041145324707,-3.364628314971924,1,1
Z944,3,322.8,28.11326026916504,-4.21793270111084,1,1
Z944,3,323.0,30.962749481201172,-2.2081410884857178,0,0
Z944,3,323.2,23.928070068359375,-1.765115737915039,0,0
Z944,3,323.4,25.437435150146484,-2.435910224914551,1,1
Z944,3,323.6,28.20223045349121,2.9790968894958496,1,1
Z944,3,323.8,26.852100372314453,3.486259698867798,0,0
Z944,3,324.0,27.247314453125,5.154365062713623,0,0
Z944,3,324.2,29.11314582824707,-1.973106861114502,1,1
Z944,3,324.4,31.167377471923828,-4.11665153503418,1,1
Z944,3,324.6,29.193500518798828,-2.763126850128174,1,1
Z944,3,324.8,28.891542434692383,0.6143566966056824,1,1
Z944,3,325.0,25.76700210571289,1.0754269361495972,1,1
Z944,3,325.2,24.010265350341797,2.452036142349243,1,1
Z944,3,325.4,24.067312240600586,-3.361712694168091,1,1
Z944,3,325.6,31.056316375732422,1.8275578022003174,1,1
Z944,3,325.8,24.44619369506836,1.5883573293685913,1,1
Z944,3,326.0,24.076515197753906,-2.505068778991699,1,1
Z944,3,326.2,22.6481876373291,-1.661745548248291,1,1
Z944,3,326.4,23.519939422607422,-1.484518051147461,1,1
Z944,3,326.6,26.85072135925293,3.004234552383423,1,1
Z944,3,326.8,32.22239303588867,3.5077497959136963,1,1
Z944,3,327.0,32.1788330078125,5.272861957550049,1,1
Z944,3,327.2,24.34668731689453,10.134273529052734,1,1
Z944,3,327.4,23.940692901611328,-3.220485210418701,1,1
Z944,3,327.6,28.754350662231445,-1.0716665983200073,1,1
Z944,3,327.8,22.09193992614746,-1.019765853881836,1,1
Z944,3,328.0,26.15839385986328,5.904630661010742,1,1
Z944,3,328.2,21.924617767333984,-2.3262317180633545,1,1
Z944,3,328.4,24.069122314453125,5.266438961029053,1,1
Z944,3,328.6,29.551273345947266,-0.21333082020282745,1,1
Z944,3,328.8,23.456872940063477,-4.185548305511475,1,1
Z944,3,329.0,25.48238182067871,3.685138702392578,1,1
Z944,3,329.2,22.53569221496582,9.650834083557129,1,1
Z944,3,329.4,20.48931312561035,0.8647340536117554,1,1
Z944,3,329.6,21.107303619384766,1.7313796281814575,1,1
Z944,3,329.8,18.53766632080078,4.084171295166016,1,1
Z944,3,330.0,21.98413848876953,-1.4758243560791016,1,1
Z944,3,330.2,23.170778274536133,2.7820725440979004,1,1
Z944,3,330.4,17.998437881469727,-6.93519401550293,1,1
Z944,3,330.6,22.353851318359375,-2.1615023612976074,1,1
Z944,3,330.8,18.29503059387207,0.770788848400116,1,1
Z944,3,331.0,20.306198120117188,2.8208906650543213,1,1
Z944,3,331.2,25.59969711303711,-7.239505767822266,1,1
Z944,3,331.4,25.9012508392334,1.7171682119369507,1,1
Z944,3,331.6,25.19127655029297,-4.260278701782227,1,1
Z944,3,331.8,28.912872314453125,-0.7870297431945801,1,1
Z944,3,332.0,21.14415168762207,0.12594130635261536,1,1
Z944,3,332.2,26.396053314208984,2.6657016277313232,1,1
Z944,3,332.4,23.140199661254883,-1.7244771718978882,1,1
Z944,3,332.6,25.187763214111328,0.36786752939224243,1,1
Z944,3,332.8,24.434717178344727,-0.2087363600730896,1,1
Z944,3,333.0,22.941390991210938,-3.17905592918396,1,1
Z944,3,333.2,29.43839454650879,-0.7573177814483643,1,1
Z944,3,333.4,27.40802574157715,3.1176931858062744,1,1
Z944,3,333.6,29.760225296020508,4.883410930633545,0,0
Z944,3,333.8,26.039676666259766,6.043715000152588,1,1
Z944,3,334.0,29.607990264892578,11.763530731201172,1,1
Z944,3,334.2,29.643661499023438,7.350630283355713,1,1
Z944,3,334.4,26.2613468170166,1.1919019222259521,1,1
Z944,3,334.6,29.78875160217285,3.1670799255371094,1,1
Z944,3,334.8,26.38260841369629,2.71299409866333,1,1
Z944,3,335.0,21.161935806274414,7.625232696533203,1,1
Z944,3,335.2,18.845970153808594,6.4558868408203125,1,1
Z944,3,335.4,28.0603084564209,2.6838185787200928,1,1
Z944,3,335.6,19.99298858642578,0.6272048950195312,1,1
Z944,3,335.8,23.12177276611328,4.994752883911133,1,1
Z944,3,336.0,24.850894927978516,8.16949462890625,1,1
Z944,3,336.2,25.814491271972656,-2.227389335632324,1,1
Z944,3,336.4,22.20806312561035,-4.874143123626709,1,1
Z944,3,336.6,26.993017196655273,8.342598915100098,1,1
Z944,3,336.8,21.444448471069336,0.8627036809921265,1,1
Z944,3,337.0,25.3112735748291,4.9069647789001465,1,1
Z944,3,337.2,26.460418701171875,5.556820392608643,1,1
Z944,3,337.4,29.40267562866211,3.9130923748016357,1,1
Z944,3,337.6,26.146625518798828,-1.452006459236145,1,1
Z944,3,337.8,21.47540855407715,5.879565715789795,1,1
Z944,3,338.0,22.58023452758789,0.075091652572155,1,1
Z944,3,338.2,28.79874038696289,3.7866382598876953,1,1
Z944,3,338.4,29.612323760986328,0.22375524044036865,1,1
Z944,3,338.6,24.303495407104492,2.6783974170684814,1,1
Z944,3,338.8,25.83987808227539,0.1251550018787384,1,1
Z944,3,339.0,28.009721755981445,0.4615546464920044,1,1
Z944,3,339.2,23.934717178344727,1.0814647674560547,1,1
Z944,3,339.4,24.64499855041504,1.6907840967178345,1,1
Z944,3,339.6,32.2824821472168,4.089184761047363,1,1
Z944,3,339.8,31.172061920166016,3.3519701957702637,1,1
Z944,3,340.0,33.90940856933594,5.476924896240234,1,1
Z944,3,340.2,25.013296127319336,-2.1779847145080566,1,1
Z944,3,340.4,24.565353393554688,3.908963680267334,1,1
Z944,3,340.6,25.43307113647461,2.1589229106903076,1,1
Z944,3,340.8,22.749347686767578,-5.220083713531494,1,1
Z944,3,341.0,23.7547550201416,-4.753689289093018,1,1
Z944,3,341.2,22.504785537719727,-1.6327012777328491,1,1
Z944,3,341.4,27.470712661743164,2.9667670726776123,1,1
Z944,3,341.6,26.271739959716797,-3.47438907623291,1,1
Z944,3,341.8,26.886837005615234,3.9850924015045166,1,1
Z944,3,342.0,23.214706420898438,2.4820609092712402,1,1
Z944,3,342.2,24.269563674926758,1.8081748485565186,1,1
Z944,3,342.4,28.343019485473633,1.5667822360992432,1,1
Z944,3,342.6,25.221939086914062,3.059398651123047,1,1
Z944,3,342.8,21.065261840820312,1.1903555393218994,1,1
Z944,3,343.0,28.64957046508789,-1.4238542318344116,1,1
Z944,3,343.2,21.01052474975586,-9.991098403930664,1,1
Z944,3,343.4,21.607391357421875,-0.26318061351776123,1,1
Z944,3,343.6,20.65129852294922,0.808261513710022,1,1
Z944,3,343.8,18.44209098815918,0.5476353168487549,1,1
Z944,3,344.0,19.038169860839844,2.485309362411499,1,1
Z944,3,344.2,24.2991886138916,3.6971170902252197,1,1
Z944,3,344.4,24.298311233520508,-5.404761791229248,0,0
Z944,3,344.6,27.075397491455078,-5.4969258308410645,1,1
Z944,3,344.8,18.663488388061523,1.975174903869629,1,1
Z944,3,345.0,16.84444808959961,0.5836406350135803,1,1
Z944,3,345.2,22.10603904724121,7.051929473876953,1,1
Z944,3,345.4,22.010765075683594,-0.3528432548046112,1,1
Z944,3,345.6,20.427501678466797,-4.802855491638184,1,1
Z944,3,345.8,29.651416778564453,1.20264732837677,0,0
Z944,3,346.0,25.241193771362305,3.301360845565796,1,1
Z944,3,346.2,24.935943603515625,4.0079498291015625,1,1
Z944,3,346.4,22.271318435668945,9.352116584777832,1,1
Z944,3,346.6,22.25358772277832,10.288239479064941,1,1
Z944,3,346.8,15.375439643859863,2.5966780185699463,1,1
Z944,3,347.0,26.964027404785156,3.196199655532837,1,1
Z944,3,347.2,26.421005249023438,4.328564167022705,1,1
Z944,3,347.4,22.162883758544922,0.6018226146697998,1,1
Z944,3,347.6,23.8560848236084,-0.8719952702522278,1,1
Z944,3,347.8,21.22561264038086,-1.3855680227279663,1,1
Z944,3,348.0,16.353450775146484,-3.709460973739624,1,1
Z944,3,348.2,21.1046142578125,4.181354522705078,1,1
Z944,3,348.4,19.7713565826416,-0.37697046995162964,1,1
Z944,3,348.6,23.411693572998047,-5.999739170074463,1,1
Z944,3,348.8,26.723234176635742,0.22997818887233734,1,1
Z944,3,349.0,22.720272064208984,6.0242486000061035,1,1
Z944,3,349.2,26.461027145385742,-0.7583456635475159,1,1
Z944,3,349.4,28.626300811767578,-0.5146371126174927,1,1
Z944,3,349.6,25.17560386657715,8.007975578308105,1,1
Z944,3,349.8,19.868900299072266,-1.4183380603790283,1,1
Z944,3,350.0,20.37639045715332,4.934962749481201,1,1
Z944,3,350.2,27.438478469848633,7.594506740570068,1,1
Z944,3,350.4,20.19635009765625,2.046788454055786,1,1
Z944,3,350.6,21.500038146972656,6.533298969268799,1,1
Z944,3,350.8,28.140161514282227,9.848428726196289,1,1
Z944,3,351.0,22.964298248291016,3.0940635204315186,1,1
Z944,3,351.2,19.07604217529297,3.4819939136505127,1,1
Z944,3,351.4,24.185483932495117,8.883260726928711,0,0
Z944,3,351.6,27.177078247070312,8.415153503417969,0,0
Z944,3,351.8,24.145496368408203,-2.9093198776245117,1,1
Z944,3,352.0,18.836408615112305,-0.8356393575668335,1,1
Z944,3,352.2,24.807729721069336,0.597646951675415,1,1
Z944,3,352.4,21.577678680419922,7.410249710083008,1,1
Z944,3,352.6,25.725366592407227,9.477961540222168,0,0
Z944,3,352.8,25.26308822631836,2.0985300540924072,1,1
Z944,3,353.0,21.930818557739258,2.015019416809082,1,1
Z944,3,353.2,23.297719955444336,4.876621246337891,1,1
Z944,3,353.4,26.83515739440918,7.667313575744629,1,1
Z944,3,353.6,24.70741844177246,1.4419270753860474,1,1
Z944,3,353.8,25.87442970275879,-1.5343258380889893,1,1
Z944,3,354.0,21.8845157623291,5.707907676696777,1,1
Z944,3,354.2,22.638490676879883,5.141062259674072,1,1
Z944,3,354.4,22.041391372680664,3.615492343902588,1,1
Z944,3,354.6,21.106775283813477,6.622188568115234,1,1
Z944,3,354.8,20.814727783203125,6.8546576499938965,1,1
Z944,3,355.0,25.949832916259766,0.5647286176681519,1,1
Z944,3,355.2,20.787445068359375,11.416986465454102,1,1
Z944,3,355.4,19.438568115234375,8.47945785522461,1,1
Z944,3,355.6,26.705045700073242,8.99382209777832,1,1
Z944,3,355.8,25.217588424682617,10.289693832397461,1,1
Z944,3,356.0,21.336658477783203,4.329536437988281,1,1
Z944,3,356.2,27.5870418548584,8.988935470581055,1,1
Z944,3,356.4,24.100048065185547,5.154794216156006,1,1
Z944,3,356.6,24.2540225982666,9.257387161254883,1,1
Z944,3,356.8,26.3260498046875,18.776350021362305,1,1
Z944,3,357.0,28.89750862121582,11.16731071472168,0,0
Z944,3,357.2,29.739097595214844,4.5154805183410645,1,1
Z944,3,357.4,23.391429901123047,8.080327033996582,1,1
Z944,3,357.6,25.793792724609375,16.710880279541016,1,1
Z944,3,357.8,22.767005920410156,11.248871803283691,1,1
Z944,3,358.0,15.659387588500977,10.83906078338623,1,1
Z944,3,358.2,16.401090621948242,10.837675094604492,1,1
Z944,3,358.4,21.3929443359375,2.9099602699279785,1,1
Z944,3,358.6,21.202014923095703,2.9401443004608154,1,1
Z944,3,358.8,23.9801025390625,12.747800827026367,1,1
Z944,3,359.0,21.315185546875,9.514519691467285,1,1
Z944,3,359.2,22.709753036499023,3.9328129291534424,1,1
Z944,3,359.4,21.704145431518555,7.041868686676025,1,1
Z944,3,359.6,21.022342681884766,3.568122625350952,1,1
Z944,3,359.8,23.709074020385742,9.757843971252441,1,1
Z944,3,360.0,19.380008697509766,8.629963874816895,1,1
Z944,3,360.2,32.26955795288086,8.723492622375488,1,1
Z944,3,360.4,28.7547607421875,3.7274489402770996,1,1
Z944,3,360.6,26.759624481201172,6.111915111541748,1,1
Z944,3,360.8,22.31395149230957,10.376736640930176,1,1
Z944,3,361.0,22.209951400756836,8.66906452178955,1,1
Z944,3,361.2,25.890451431274414,11.002575874328613,1,1
Z944,3,361.4,29.455123901367188,8.739910125732422,0,0
Z944,3,361.6,30.96612548828125,16.366867065429688,0,0
Z944,3,361.8,31.929296493530273,14.425593376159668,0,0
Z944,3,362.0,21.90574836730957,7.63232421875,1,1
Z944,3,362.2,23.064464569091797,12.673765182495117,1,1
Z944,3,362.4,27.919649124145508,6.030850410461426,1,1
Z944,3,362.6,25.86138343811035,14.619507789611816,0,0
Z944,3,362.8,21.207563400268555,0.1941431313753128,1,1
Z944,3,363.0,27.036596298217773,10.864967346191406,1,1
Z944,3,363.2,31.917314529418945,16.4748477935791,0,0
Z944,3,363.4,21.319169998168945,14.203444480895996,1,1
Z944,3,363.6,21.53377914428711,11.76465892791748,0,0
Z944,3,363.8,25.904661178588867,8.317704200744629,1,1
Z944,3,364.0,28.560317993164062,13.88286018371582,0,0
Z944,3,364.2,25.557565689086914,4.818337440490723,0,0
Z944,3,364.4,28.970224380493164,13.347771644592285,0,0
Z944,3,364.6,33.418296813964844,11.182659149169922,0,0
Z944,3,364.8,25.02553939819336,11.936762809753418,0,0
Z944,3,365.0,33.07734298706055,7.763041019439697,0,0
Z944,3,365.2,28.9475154876709,7.094445705413818,0,0
Z944,3,365.4,29.663286209106445,5.604994773864746,0,0
Z944,3,365.6,31.076414108276367,12.497126579284668,0,0
Z944,3,365.8,30.078638076782227,4.734137058258057,0,0
Z944,3,366.0,21.386213302612305,11.2587308883667,0,0
Z944,3,366.2,25.030345916748047,14.550729751586914,0,0
Z944,3,366.4,24.559627532958984,10.589444160461426,0,0
Z944,3,366.6,24.81821632385254,5.695676803588867,0,0
Z944,3,366.8,31.140954971313477,17.33542251586914,0,0
Z944,3,367.0,32.73786926269531,9.005545616149902,0,0
Z944,3,367.2,29.972179412841797,9.416661262512207,1,1
Z944,3,367.4,26.22667121887207,12.117513656616211,0,0
Z944,3,367.6,24.127147674560547,-1.767991542816162,1,1
Z944,3,367.8,26.352313995361328,10.333499908447266,0,0
Z944,3,368.0,30.71729278564453,11.861157417297363,0,0
Z944,3,368.2,25.67781639099121,7.699239253997803,1,1
Z944,3,368.4,26.392269134521484,10.459342002868652,1,1
Z944,3,368.6,26.42210578918457,11.702080726623535,0,0
Z944,3,368.8,24.39643096923828,8.17169189453125,1,1
Z944,3,369.0,25.342933654785156,3.3515002727508545,1,1
Z944,3,369.2,27.949020385742188,12.80169677734375,0,0
Z944,3,369.4,29.46744728088379,10.378742218017578,1,1
Z944,3,369.6,31.75878143310547,7.401036262512207,0,0
Z944,3,369.8,31.085180282592773,1.172107219696045,1,1
Z944,3,370.0,26.71876335144043,4.947596073150635,1,1
Z944,3,370.2,25.150264739990234,4.97108793258667,1,1
Z944,3,370.4,30.850717544555664,4.833625316619873,0,0
Z944,3,370.6,27.182310104370117,10.860801696777344,0,0
Z944,3,370.8,28.664602279663086,8.784911155700684,1,1
Z944,3,371.0,32.04527282714844,9.415997505187988,0,0
Z944,3,371.2,32.21841812133789,6.234426498413086,0,0
Z944,3,371.4,23.90448570251465,5.887406349182129,1,1
Z944,3,371.6,27.957088470458984,12.354373931884766,1,1
Z944,3,371.8,28.196176528930664,9.879981994628906,1,1
Z944,3,372.0,23.276948928833008,5.466760635375977,1,1
Z944,3,372.2,31.206361770629883,2.531465768814087,1,1
Z944,3,372.4,27.946474075317383,3.539874792098999,1,1
Z944,3,372.6,27.5869083404541,9.157269477844238,0,0
Z944,3,372.8,26.040470123291016,7.623507976531982,1,1
Z944,3,373.0,24.602357864379883,0.999974250793457,1,1
Z944,3,373.2,30.07988929748535,6.062446117401123,0,0
Z944,3,373.4,33.86854553222656,-1.619188904762268,1,1
Z944,3,373.6,24.791454315185547,10.342622756958008,0,0
Z944,3,373.8,27.92165756225586,3.714937210083008,1,1
Z944,3,374.0,28.915626525878906,13.849154472351074,0,0
Z944,3,374.2,29.412235260009766,12.030896186828613,1,1
Z944,3,374.4,28.22890281677246,7.907827854156494,0,0
Z944,3,374.6,26.905101776123047,6.165791034698486,1,1
Z944,3,374.8,33.83816909790039,3.8731586933135986,1,1
Z944,3,375.0,27.18437957763672,7.802208423614502,1,1
Z944,3,375.2,33.88370132446289,8.89405345916748,0,0
Z944,3,375.4,27.53562355041504,9.120063781738281,1,1
Z944,3,375.6,27.716331481933594,4.475467205047607,0,0
Z944,3,375.8,26.574682235717773,6.676784038543701,0,0
Z944,3,376.0,29.42131805419922,10.177501678466797,0,0
Z944,3,376.2,31.95166015625,6.652882099151611,0,0
Z944,3,376.4,29.60516929626465,6.397452354431152,1,1
Z944,3,376.6,19.57105255126953,-0.6121074557304382,1,1
Z944,3,376.8,28.12352180480957,2.0969455242156982,1,1
Z944,3,377.0,26.016542434692383,7.764580726623535,1,1
Z944,3,377.2,30.048627853393555,3.3276455402374268,1,1
Z944,3,377.4,26.67432975769043,-4.654232978820801,1,1
Z944,3,377.6,21.316707611083984,-10.348472595214844,1,1
Z944,3,377.8,29.009946823120117,0.516681969165802,0,0
Z944,3,378.0,24.982919692993164,3.2960307598114014,0,0
Z944,3,378.2,23.312219619750977,-6.436197757720947,1,1
Z944,3,378.4,19.00681495666504,-8.617830276489258,1,1
Z944,3,378.6,26.176828384399414,2.2787880897521973,1,1
Z944,3,378.8,21.308887481689453,-1.0916513204574585,1,1
Z944,3,379.0,28.546361923217773,3.1807780265808105,1,1
Z944,3,379.2,26.261384963989258,1.6638610363006592,1,1
Z944,3,379.4,20.87917709350586,1.7682340145111084,0,0
Z944,3,379.6,22.99357032775879,-3.5150253772735596,1,1
Z944,3,379.8,22.040630340576172,-1.1766884326934814,1,1
Z944,3,380.0,26.056915283203125,0.25073131918907166,1,1
Z944,3,380.2,21.708908081054688,0.20325103402137756,1,1
Z944,3,380.4,25.878698348999023,-6.174928665161133,1,1
Z944,3,380.6,29.544254302978516,-1.2328591346740723,1,1
Z944,3,380.8,27.067935943603516,3.986549139022827,0,0
Z944,3,381.0,21.670269012451172,-11.25102424621582,1,1
Z944,3,381.2,26.994388580322266,-8.437481880187988,1,1
Z944,3,381.4,28.367435455322266,3.1049938201904297,0,0
Z944,3,381.6,21.404006958007812,-5.774200916290283,1,1
Z944,3,381.8,24.609647750854492,3.255040407180786,0,0
Z944,3,382.0,25.213191986083984,-2.1791114807128906,0,0
Z944,3,382.2,25.903696060180664,1.253678560256958,1,1
Z944,3,382.4,26.44287872314453,-6.211409568786621,1,1
Z944,3,382.6,21.54744529724121,0.4162769913673401,0,0
Z944,3,382.8,24.477386474609375,-0.8044363260269165,0,0
Z944,3,383.0,25.070276260375977,-5.147335529327393,1,1
Z944,3,383.2,22.80821418762207,2.6498634815216064,0,0
Z944,3,383.4,24.650041580200195,-0.021905239671468735,1,1
Z944,3,383.6,22.313488006591797,-3.97395920753479,0,0
Z944,3,383.8,26.252214431762695,-2.80676007270813,0,0
Z944,3,384.0,26.30451202392578,-5.1092000007629395,1,1
Z944,3,384.2,24.797882080078125,-12.757943153381348,1,1
Z944,3,384.4,27.748353958129883,-3.8770158290863037,1,1
Z944,3,384.6,20.002626419067383,-4.65345573425293,1,1
Z944,3,384.8,23.409578323364258,-3.6954245567321777,1,1
Z944,3,385.0,25.5955753326416,-12.946876525878906,1,1
Z944,3,385.2,24.808229446411133,-11.089539527893066,1,1
Z944,3,385.4,25.023651123046875,1.3382337093353271,0,0
Z944,3,385.6,21.120161056518555,5.050351619720459,0,0
Z944,3,385.8,26.256656646728516,-3.5462207794189453,0,0
Z944,3,386.0,26.03632164001465,-1.8872952461242676,0,0
Z944,3,386.2,23.050769805908203,-3.16021466255188,1,1
Z944,3,386.4,22.05605697631836,0.5222440361976624,1,1
Z944,3,386.6,21.657320022583008,-3.066514492034912,0,0
Z944,3,386.8,22.723342895507812,-3.8141322135925293,0,0
Z944,3,387.0,25.194828033447266,-10.475774765014648,1,1
Z944,3,387.2,32.13078308105469,-1.0536608695983887,1,1
Z944,3,387.4,29.351551055908203,2.1414897441864014,0,0
Z944,3,387.6,27.3238582611084,4.240375995635986,0,0
Z944,3,387.8,22.29152488708496,-2.4834067821502686,0,0
Z944,3,388.0,23.531665802001953,7.590949535369873,0,0
Z944,3,388.2,25.299840927124023,4.336152076721191,0,0
Z944,3,388.4,30.6290283203125,1.7954610586166382,0,0
Z944,3,388.6,24.543378829956055,-8.860580444335938,1,1
Z944,3,388.8,33.00764846801758,-2.0064496994018555,1,1
Z944,3,389.0,24.955875396728516,3.3756818771362305,0,0
Z944,3,389.2,33.550872802734375,4.164444923400879,0,0
Z944,3,389.4,27.833871841430664,-3.365325927734375,1,1
Z944,3,389.6,23.33167839050293,-3.151038885116577,1,1
Z944,3,389.8,30.705228805541992,-0.22515064477920532,1,1
Z944,3,390.0,25.306982040405273,-0.027958596125245094,1,1
Z944,3,390.2,30.99955177307129,4.335155487060547,1,1
Z944,3,390.4,24.810731887817383,3.7551076412200928,1,1
Z944,3,390.6,26.32477569580078,-5.768344879150391,1,1
Z944,3,390.8,32.97230529785156,6.337336540222168,0,0
Z944,3,391.0,28.73343276977539,-0.8869827389717102,1,1
Z944,3,391.2,26.540138244628906,0.6710439324378967,0,0
Z944,3,391.4,33.38398361206055,7.595030307769775,0,0
Z944,3,391.6,26.91169548034668,1.957187294960022,0,0
Z944,3,391.8,28.34308433532715,5.244045257568359,0,0
Z944,3,392.0,28.71521759033203,4.842316150665283,0,0
Z944,3,392.2,25.12502098083496,-0.045124270021915436,1,1
Z944,3,392.4,22.432588577270508,5.348699569702148,1,1
Z944,3,392.6,27.083988189697266,-2.8047027587890625,1,1
Z944,3,392.8,22.352201461791992,-5.721531391143799,1,1
Z944,3,393.0,25.0107421875,9.622447967529297,1,1
Z944,3,393.2,22.71181297302246,2.313037872314453,0,0
Z944,3,393.4,31.081186294555664,-0.26035845279693604,1,1
Z944,3,393.6,28.412460327148438,5.376449108123779,0,0
Z944,3,393.8,21.568614959716797,1.2302436828613281,1,1
Z944,3,394.0,26.30941390991211,1.6691614389419556,0,0
Z944,3,394.2,30.456096649169922,4.243650436401367,0,0
Z944,3,394.4,20.80898094177246,2.8585147857666016,1,1
Z944,3,394.6,28.259519577026367,1.2501099109649658,0,0
Z944,3,394.8,18.808929443359375,3.4248907566070557,1,1
Z944,3,395.0,28.548641204833984,-0.4162149131298065,0,0
Z944,3,395.2,25.84640121459961,6.348660945892334,1,1
Z944,3,395.4,25.572490692138672,3.622530460357666,1,1
Z944,3,395.6,25.014257431030273,2.493938684463501,1,1
Z944,3,395.8,28.260547637939453,11.30820083618164,0,0
Z944,3,396.0,21.95606231689453,-3.8537888526916504,1,1
Z944,3,396.2,30.380464553833008,7.508519649505615,1,1
Z944,3,396.4,22.63095474243164,-1.8274140357971191,1,1
Z944,3,396.6,27.020681381225586,-6.532922267913818,1,1
Z944,3,396.8,27.061067581176758,6.792961597442627,1,1
Z944,3,397.0,24.899946212768555,3.7214648723602295,1,1
Z944,3,397.2,23.438417434692383,4.771144390106201,1,1
Z944,3,397.4,21.372793197631836,2.0446529388427734,1,1
Z944,3,397.6,26.743268966674805,-4.901889324188232,1,1
Z944,3,397.8,23.0980167388916,0.2376195341348648,1,1
Z944,3,398.0,18.887659072875977,-6.1032490730285645,1,1
Z944,3,398.2,21.47365951538086,-0.3031013309955597,1,1
Z944,3,398.4,19.88712501525879,-2.769721269607544,1,1
Z944,3,398.6,17.509872436523438,-6.124889373779297,1,1
Z944,3,398.8,21.853710174560547,-2.5495803356170654,1,1
Z944,3,399.0,16.379432678222656,-0.33843398094177246,1,1
Z944,3,399.2,25.115673065185547,-5.1233391761779785,1,1
Z944,3,399.4,27.208927154541016,5.972599506378174,1,1
Z944,3,399.6,27.774269104003906,2.5740435123443604,1,1
Z944,3,399.8,24.29007911682129,9.625873565673828,1,1
Z944,3,400.0,26.559104919433594,4.884329319000244,1,1
Z944,3,400.2,20.501712799072266,2.38208270072937,1,1
Z944,3,400.4,24.445463180541992,1.3195873498916626,1,1
Z944,3,400.6,25.593950271606445,-6.365860462188721,1,1
Z944,3,400.8,22.776294708251953,-6.695614814758301,1,1
Z944,3,401.0,25.90011978149414,-3.6664652824401855,1,1
Z944,3,401.2,25.76152801513672,-5.385179042816162,1,1
Z944,3,401.4,25.016586303710938,-4.053832054138184,1,1
Z944,3,401.6,26.142969131469727,-6.852750778198242,1,1
Z944,3,401.8,22.852148056030273,-6.935272693634033,1,1
Z944,3,402.0,21.03546714782715,-5.527060031890869,1,1
Z944,3,402.2,21.896282196044922,-7.373691558837891,1,1
Z944,3,402.4,18.82465362548828,-2.378852367401123,1,1
Z944,3,402.6,22.214900970458984,-11.163122177124023,1,1
Z944,3,402.8,23.922182083129883,-6.683272838592529,1,1
Z944,3,403.0,26.759136199951172,-5.338346481323242,1,1
Z944,3,403.2,26.86817169189453,-0.6402312517166138,1,1
Z944,3,403.4,21.362567901611328,-10.75154972076416,1,1
Z944,3,403.6,26.30449676513672,-0.776836097240448,1,1
Z944,3,403.8,24.576934814453125,5.0724945068359375,1,1
Z944,3,404.0,27.43474769592285,-1.6789953708648682,1,1
Z944,3,404.2,21.8306827545166,-10.371691703796387,1,1
Z944,3,404.4,28.162294387817383,-2.1867337226867676,1,1
Z944,3,404.6,23.807903289794922,2.373380184173584,1,1
Z944,3,404.8,21.780359268188477,-2.0835046768188477,1,1
Z944,3,405.0,25.727436065673828,9.692632675170898,1,1
Z944,3,405.2,21.709308624267578,0.952282726764679,1,1
Z944,3,405.4,18.411842346191406,-5.004276752471924,1,1
Z944,3,405.6,26.613298416137695,-1.7600151300430298,1,1
Z944,3,405.8,25.3511905670166,5.028557777404785,1,1
Z944,3,406.0,20.563749313354492,2.301081418991089,1,1
Z944,3,406.2,23.75556182861328,4.485449314117432,1,1
Z944,3,406.4,27.62185287475586,3.1405019760131836,1,1
Z944,3,406.6,29.40519905090332,3.3813884258270264,1,1
Z944,3,406.8,21.9328670501709,6.110888957977295,1,1
Z944,3,407.0,23.47794532775879,3.640411376953125,1,1
Z944,3,407.2,23.652854919433594,-0.7627422213554382,1,1
Z944,3,407.4,22.157888412475586,10.022855758666992,1,1
Z944,3,407.6,24.421430587768555,8.696061134338379,1,1
Z944,3,407.8,24.909711837768555,6.330079555511475,1,1
Z944,3,408.0,30.14503288269043,-1.6638646125793457,1,1
Z944,3,408.2,21.766752243041992,1.9657057523727417,1,1
Z944,3,408.4,22.04775047302246,-0.44478926062583923,1,1
Z944,3,408.6,24.503530502319336,6.8667426109313965,1,1
Z944,3,408.8,27.48358726501465,1.2095270156860352,0,0
Z944,3,409.0,29.03940773010254,7.488683700561523,0,0
Z944,3,409.2,23.284534454345703,4.282183647155762,1,1
Z944,3,409.4,21.274517059326172,3.7357771396636963,1,1
Z944,3,409.6,22.879976272583008,-1.6537355184555054,1,1
Z944,3,409.8,22.030540466308594,-3.4191412925720215,1,1
Z944,3,410.0,15.812742233276367,2.7938249111175537,1,1
Z944,3,410.2,29.869850158691406,3.559197187423706,1,1
Z944,3,410.4,22.24648094177246,3.1636478900909424,1,1
Z944,3,410.6,21.891435623168945,0.42898327112197876,1,1
Z944,3,410.8,19.35938835144043,-7.020618915557861,1,1
Z944,3,411.0,24.160852432250977,-3.255249261856079,1,1
Z944,3,411.2,27.972681045532227,0.9385432600975037,1,1
Z944,3,411.4,21.284345626831055,1.7723798751831055,1,1
Z944,3,411.6,23.530075073242188,-0.18575559556484222,1,1
Z944,3,411.8,20.495548248291016,-3.172966718673706,1,1
Z944,3,412.0,23.095674514770508,-2.884854316711426,1,1
Z944,3,412.2,19.0024471282959,-0.921276330947876,1,1
Z944,3,412.4,27.533065795898438,-12.964935302734375,1,1
Z944,3,412.6,25.849363327026367,-1.217009425163269,0,0
Z944,3,412.8,16.683130264282227,-2.3176727294921875,1,1
Z944,3,413.0,24.741649627685547,-3.405738592147827,1,1
Z944,3,413.2,27.725122451782227,-2.328728199005127,1,1
Z944,3,413.4,20.095823287963867,7.979204177856445,1,1
Z944,3,413.6,21.807676315307617,9.794715881347656,1,1
Z944,3,413.8,30.098283767700195,8.245990753173828,1,1
Z944,3,414.0,24.548015594482422,4.868310451507568,1,1
Z944,3,414.2,28.285350799560547,9.216647148132324,1,1
Z944,3,414.4,26.87375259399414,4.613067150115967,1,1
Z944,3,414.6,21.327014923095703,4.442084312438965,1,1
Z944,3,414.8,26.009714126586914,8.945025444030762,1,1
Z944,3,415.0,26.517351150512695,7.4622979164123535,1,1
Z944,3,415.2,22.55317497253418,1.8105536699295044,1,1
Z944,3,415.4,29.494407653808594,2.2053909301757812,1,1
Z944,3,415.6,29.575319290161133,-0.4031798243522644,1,1
Z944,3,415.8,29.256343841552734,8.070772171020508,0,0
Z944,3,416.0,25.49687385559082,4.034116268157959,1,1
Z944,3,416.2,20.051715850830078,4.976745128631592,1,1
Z944,3,416.4,23.591949462890625,10.767268180847168,1,1
Z944,3,416.6,24.886083602905273,11.880057334899902,1,1
Z944,3,416.8,23.089435577392578,7.003956317901611,1,1
Z944,3,417.0,15.224772453308105,2.2181460857391357,1,1
Z944,3,417.2,21.44832992553711,6.546605110168457,0,0
Z944,3,417.4,28.8182315826416,2.700864791870117,0,0
Z944,3,417.6,23.22142791748047,5.859175205230713,1,1
Z944,3,417.8,23.2141170501709,7.803018569946289,1,1
Z944,3,418.0,25.554332733154297,9.231643676757812,1,1
Z944,3,418.2,24.372922897338867,8.353984832763672,0,0
Z944,3,418.4,30.654294967651367,5.89292049407959,0,0
Z944,3,418.6,29.307830810546875,1.452033281326294,0,0
Z944,3,418.8,22.972806930541992,-2.9349584579467773,0,0
Z944,3,419.0,32.24803924560547,-0.5766611099243164,0,0
Z944,3,419.2,26.031925201416016,-2.5302624702453613,1,1
Z944,3,419.4,28.15989112854004,-3.0454649925231934,0,0
Z944,3,419.6,25.248226165771484,6.293054103851318,0,0
Z944,3,419.8,33.11375427246094,-4.003974914550781,0,0
Z944,3,420.0,26.140846252441406,-2.2150156497955322,0,0
Z944,3,420.2,26.301176071166992,-4.051999092102051,0,0
Z944,3,420.4,25.03410530090332,3.3132383823394775,0,0
Z944,3,420.6,21.943994522094727,-3.2765512466430664,1,1
Z944,3,420.8,22.977596282958984,2.576063394546509,0,0
Z944,3,421.0,31.443424224853516,-0.6794599294662476,0,0
Z944,3,421.2,21.85615348815918,3.1475932598114014,0,0
Z944,3,421.4,27.184236526489258,2.2106757164001465,0,0
Z944,3,421.6,25.82246971130371,-1.6566001176834106,0,0
Z944,3,421.8,33.2274055480957,9.607111930847168,0,0
Z944,3,422.0,23.86125946044922,-2.3072726726531982,0,0
Z944,3,422.2,24.861953735351562,6.447591781616211,0,0
Z944,3,422.4,25.301050186157227,1.3218791484832764,0,0
Z944,3,422.6,35.596885681152344,2.137359857559204,0,0
Z944,3,422.8,26.80103874206543,11.191035270690918,0,0
Z944,3,423.0,33.708152770996094,7.945723533630371,0,0
Z944,3,423.2,26.1047306060791,7.021633625030518,0,0
Z944,3,423.4,24.554180145263672,5.5432538986206055,0,0
Z944,3,423.6,29.490446090698242,12.637377738952637,0,0
Z944,3,423.8,30.813323974609375,5.4616899490356445,0,0
Z944,3,424.0,24.371335983276367,5.757524013519287,0,0
Z944,3,424.2,25.497882843017578,12.797974586486816,0,0
Z944,3,424.4,28.23146629333496,9.76102066040039,0,0
Z944,3,424.6,28.697938919067383,9.260587692260742,0,0
Z944,3,424.8,24.08592414855957,7.430241584777832,0,0
Z944,3,425.0,30.529211044311523,8.531816482543945,0,0
Z944,3,425.2,24.544836044311523,6.224864482879639,0,0
Z944,3,425.4,28.190088272094727,6.677990436553955,0,0
Z944,3,425.6,26.911449432373047,10.638022422790527,0,0
Z944,3,425.8,26.236141204833984,7.403871059417725,0,0
Z944,3,426.0,26.236724853515625,8.683305740356445,0,0
Z944,3,426.2,25.32381820678711,2.8061628341674805,0,0
Z944,3,426.4,28.63686180114746,6.518667697906494,0,0
Z944,3,426.6,26.343313217163086,4.965056419372559,0,0
Z944,3,426.8,31.209457397460938,7.536045074462891,0,0
Z944,3,427.0,28.53610610961914,7.825459957122803,0,0
Z944,3,427.2,31.240442276000977,2.4745888710021973,0,0
Z944,3,427.4,29.7470645904541,3.6054434776306152,0,0
Z944,3,427.6,29.156452178955078,3.0985498428344727,0,0
Z944,3,427.8,31.631732940673828,8.76433277130127,0,0
Z944,3,428.0,30.439716339111328,6.1346211433410645,0,0
Z944,3,428.2,30.194795608520508,10.25793743133545,0,0
Z944,3,428.4,26.721284866333008,7.981529712677002,0,0
Z944,3,428.6,26.221420288085938,10.756686210632324,0,0
Z944,3,428.8,23.602678298950195,15.268467903137207,0,0
Z944,3,429.0,23.26434326171875,12.77603530883789,0,0
Z944,3,429.2,23.571712493896484,7.257868766784668,0,0
Z944,3,429.4,29.236616134643555,13.982107162475586,0,0
Z944,3,429.6,30.744348526000977,2.7781026363372803,0,0
Z944,3,429.8,30.895029067993164,8.025163650512695,0,0
Z944,3,430.0,34.67880630493164,6.145291805267334,0,0
Z944,3,430.2,29.090635299682617,9.129047393798828,0,0
Z944,3,430.4,35.310752868652344,11.37239933013916,0,0
Z944,3,430.6,27.340103149414062,6.7780561447143555,0,0
Z944,3,430.8,24.424667358398438,9.401805877685547,0,0
Z944,3,431.0,32.568302154541016,5.219257831573486,0,0
Z944,3,431.2,25.882160186767578,14.038411140441895,0,0
Z944,3,431.4,25.52410888671875,6.210505962371826,0,0
Z944,3,431.6,35.63164520263672,12.429728507995605,0,0
Z944,3,431.8,26.901729583740234,7.424437046051025,0,0
Z944,3,432.0,29.44966697692871,2.274340867996216,0,0
Z944,3,432.2,26.198081970214844,6.659515857696533,0,0
Z944,3,432.4,30.065195083618164,5.006470680236816,0,0
Z944,3,432.6,27.704931259155273,15.146614074707031,0,0
Z944,3,432.8,25.282276153564453,10.101317405700684,0,0
Z944,3,433.0,35.90938949584961,-0.19563135504722595,0,0
Z944,3,433.2,26.4670352935791,3.1307616233825684,0,0
Z944,3,433.4,23.47421646118164,4.359511375427246,0,0
Z944,3,433.6,26.88052749633789,8.244019508361816,0,0
Z944,3,433.8,30.204038619995117,15.245823860168457,0,0
Z944,3,434.0,34.25922775268555,-0.11609898507595062,0,0
Z944,3,434.2,30.937602996826172,-1.5357388257980347,0,0
Z944,3,434.4,20.926177978515625,3.4052023887634277,0,0
Z944,3,434.6,25.117080688476562,7.308937072753906,0,0
Z944,3,434.8,23.949237823486328,4.878599166870117,0,0
Z944,3,435.0,24.92275047302246,-0.25880423188209534,0,0
Z944,3,435.2,32.6130256652832,8.745012283325195,0,0
Z944,3,435.4,25.881916046142578,6.752057075500488,0,0
Z944,3,435.6,24.88140869140625,-5.020345211029053,0,0
Z944,3,435.8,27.499805450439453,7.639391899108887,0,0
Z944,3,436.0,26.142818450927734,7.64837121963501,0,0
Z944,3,436.2,24.148202896118164,8.661330223083496,0,0
Z944,3,436.4,28.408123016357422,2.9309587478637695,0,0
Z944,3,436.6,21.1397705078125,7.334217071533203,0,0
Z944,3,436.8,30.10296630859375,1.229199767112732,0,0
Z944,3,437.0,26.03011131286621,2.9213650226593018,0,0
Z944,3,437.2,27.227937698364258,7.212409496307373,0,0
Z944,3,437.4,25.93250846862793,3.2928884029388428,0,0
Z944,3,437.6,32.57759475708008,-1.0563271045684814,0,0
Z944,3,437.8,24.894746780395508,-8.621502876281738,0,0
Z944,3,438.0,28.71188735961914,-1.1062674522399902,0,0
Z944,3,438.2,29.42302131652832,-0.9599549770355225,0,0
Z944,3,438.4,29.238876342773438,4.377737998962402,0,0
Z944,3,438.6,29.80954933166504,2.466248035430908,0,0
Z944,3,438.8,32.4223518371582,1.9753031730651855,0,0
Z944,3,439.0,30.921350479125977,4.448885917663574,0,0
Z944,3,439.2,29.74187469482422,-1.3754478693008423,0,0
Z944,3,439.4,35.541053771972656,8.404550552368164,0,0
Z944,3,439.6,34.53380584716797,5.12316370010376,0,0
Z944,3,439.8,30.91328239440918,-5.159423351287842,0,0
Z944,3,440.0,29.882951736450195,6.7576422691345215,0,0
Z944,3,440.2,33.25113296508789,-0.621894359588623,0,0
Z944,3,440.4,29.597436904907227,-1.169130802154541,0,0
Z944,3,440.6,26.51475715637207,3.4328114986419678,0,0
Z944,3,440.8,30.698694229125977,2.2442221641540527,0,0
Z944,3,441.0,32.629146575927734,-2.6655027866363525,0,0
Z944,3,441.2,31.873737335205078,-2.2142248153686523,0,0
Z944,3,441.4,35.21963882446289,4.9019775390625,0,0
Z944,3,441.6,35.49079132080078,5.736968517303467,0,0
Z944,3,441.8,25.462913513183594,4.008118629455566,0,0
Z944,3,442.0,31.325374603271484,-0.8887463212013245,0,0
Z944,3,442.2,22.40190315246582,1.7283984422683716,0,0
Z944,3,442.4,30.840648651123047,5.399275302886963,0,0
Z944,3,442.6,27.4122314453125,-1.9845973253250122,0,0
Z944,3,442.8,28.49965476989746,1.882852554321289,0,0
Z944,3,443.0,30.640666961669922,-0.2862399220466614,0,0
Z944,3,443.2,25.362504959106445,3.7922143936157227,0,0
Z944,3,443.4,19.999134063720703,3.0979397296905518,0,0
Z944,3,443.6,23.446779251098633,-3.0233707427978516,0,0
Z944,3,443.8,31.590988159179688,1.8544023036956787,0,0
Z944,3,444.0,30.668527603149414,-5.952267646789551,0,0
Z944,3,444.2,32.99321746826172,1.1881482601165771,0,0
Z944,3,444.4,26.823810577392578,1.523662805557251,0,0
Z944,3,444.6,26.667234420776367,0.4744606018066406,0,0
Z944,3,444.8,23.2733211517334,1.9541869163513184,0,0
Z944,3,445.0,26.575334548950195,-3.8884117603302,0,0
Z944,3,445.2,33.42372131347656,-0.8384320735931396,0,0
Z944,3,445.4,31.39292335510254,-5.22150182723999,0,0
Z944,3,445.6,25.596904754638672,7.684156894683838,0,0
Z944,3,445.8,29.85675811767578,7.053033828735352,0,0
Z944,3,446.0,32.98461151123047,8.166693687438965,0,0
Z944,3,446.2,32.877437591552734,-0.6444479823112488,0,0
Z944,3,446.4,33.81600570678711,1.1350816488265991,0,0
Z944,3,446.6,30.147933959960938,5.882599353790283,0,0
Z944,3,446.8,37.454647064208984,7.359984397888184,0,0
Z944,3,447.0,29.536815643310547,9.175796508789062,0,0
Z944,3,447.2,29.568801879882812,5.965818405151367,0,0
Z944,3,447.4,27.09001350402832,8.495924949645996,0,0
Z944,3,447.6,28.818405151367188,5.332025051116943,0,0
Z944,3,447.8,29.704015731811523,4.996862411499023,0,0
Z944,3,448.0,33.159969329833984,8.969598770141602,0,0
Z944,3,448.2,31.58780860900879,10.439456939697266,0,0
Z944,3,448.4,29.76178741455078,-2.6895291805267334,0,0
Z944,3,448.6,29.815914154052734,3.3239586353302,0,0
Z944,3,448.8,25.271162033081055,1.816096305847168,0,0
Z944,3,449.0,29.796995162963867,3.8498713970184326,0,0
Z944,3,449.2,25.876951217651367,8.382493019104004,0,0
Z944,3,449.4,23.313467025756836,1.304385781288147,0,0
Z944,3,449.6,22.317846298217773,7.7390971183776855,0,0
Z944,3,449.8,27.02191734313965,9.180660247802734,0,0
Z944,3,450.0,27.27318572998047,1.5177279710769653,0,0
Z944,3,450.2,24.502544403076172,5.395318984985352,0,0
Z944,3,450.4,24.304569244384766,1.7486169338226318,0,0
Z944,3,450.6,30.498868942260742,-2.8089849948883057,0,0
Z944,3,450.8,22.629913330078125,-0.7370041608810425,0,0
Z944,3,451.0,24.489418029785156,2.619885206222534,0,0
Z944,3,451.2,27.10858154296875,5.8880133628845215,0,0
Z944,3,451.4,27.15719223022461,2.027489423751831,0,0
Z944,3,451.6,22.0892333984375,5.974377155303955,0,0
Z944,3,451.8,28.36504554748535,8.539021492004395,0,0
Z944,3,452.0,27.260522842407227,-0.14891086518764496,0,0
Z944,3,452.2,30.161544799804688,3.3136820793151855,0,0
Z944,3,452.4,27.943618774414062,3.590510845184326,0,0
Z944,3,452.6,27.29165267944336,4.928856372833252,0,0
Z944,3,452.8,35.45043182373047,-1.4167617559432983,0,0
Z944,3,453.0,27.85851287841797,4.29937219619751,0,0
Z944,3,453.2,31.736841201782227,-7.259512901306152,0,0
Z944,3,453.4,27.321636199951172,0.5122153162956238,0,0
Z944,3,453.6,30.244714736938477,-0.5708999037742615,0,0
Z944,3,453.8,28.02498435974121,6.312272071838379,0,0
Z944,3,454.0,28.7675724029541,2.3874716758728027,0,0
Z944,3,454.2,27.04267692565918,-2.9522886276245117,0,0
Z944,3,454.4,29.413862228393555,4.713862419128418,0,0
Z944,3,454.6,30.211244583129883,9.159073829650879,0,0
Z944,3,454.8,32.70094299316406,-1.4721770286560059,0,0
Z944,3,455.0,32.739410400390625,6.873198509216309,0,0
Z944,3,455.2,24.711076736450195,5.889706134796143,1,1
Z944,3,455.4,25.739437103271484,7.034657001495361,0,0
Z944,3,455.6,28.735916137695312,1.5969831943511963,0,0
Z944,3,455.8,28.82351303100586,1.1313245296478271,0,0
Z944,3,456.0,22.78460693359375,-5.648132801055908,0,0
Z944,3,456.2,27.57657814025879,2.8107128143310547,0,0
Z944,3,456.4,28.513391494750977,9.076800346374512,0,0
Z944,3,456.6,29.147518157958984,5.132370471954346,0,0
Z944,3,456.8,29.354829788208008,7.146965980529785,0,0
Z944,3,457.0,26.388872146606445,1.3405488729476929,0,0
Z944,3,457.2,28.454687118530273,-2.0858094692230225,0,0
Z944,3,457.4,29.631492614746094,0.6961061358451843,0,0
Z944,3,457.6,28.027441024780273,3.097782850265503,0,0
Z944,3,457.8,30.959333419799805,4.478837966918945,0,0
Z944,3,458.0,31.434946060180664,3.384244918823242,0,0
Z944,3,458.2,28.627931594848633,2.642066240310669,0,0
Z944,3,458.4,23.942506790161133,2.608973503112793,0,0
Z944,3,458.6,17.543664932250977,1.4003691673278809,0,0
Z944,3,458.8,25.395193099975586,-3.7358956336975098,0,0
Z944,3,459.0,27.90473747253418,-0.1469275802373886,0,0
Z944,3,459.2,29.974576950073242,6.356217384338379,0,0
Z944,3,459.4,28.714839935302734,5.5545806884765625,0,0
Z944,3,459.6,29.04925537109375,-4.636858940124512,0,0
Z944,3,459.8,32.666324615478516,2.076850414276123,0,0
Z944,3,460.0,31.145963668823242,1.328175663948059,0,0
Z944,3,460.2,30.671018600463867,0.43509408831596375,0,0
Z944,3,460.4,28.300731658935547,-1.9104517698287964,0,0
Z944,3,460.6,26.350378036499023,1.4466865062713623,0,0
Z944,3,460.8,23.847410202026367,-0.33323046565055847,0,0
Z944,3,461.0,24.59841537475586,-3.1076605319976807,0,0
Z944,3,461.2,24.76004409790039,-9.74372386932373,0,0
Z944,3,461.4,31.173192977905273,0.13071265816688538,0,0
Z944,3,461.6,28.58536720275879,1.2907074689865112,0,0
Z944,3,461.8,21.56649398803711,-2.403183937072754,0,0
Z944,3,462.0,29.70383644104004,-4.319258213043213,0,0
Z944,3,462.2,24.882505416870117,-7.415637016296387,0,0
Z944,3,462.4,25.173250198364258,-5.816316604614258,0,0
Z944,3,462.6,27.17668342590332,-4.868391036987305,0,0
Z944,3,462.8,30.370973587036133,0.24866481125354767,0,0
Z944,3,463.0,27.93929672241211,-0.12934592366218567,0,0
Z944,3,463.2,23.67087745666504,-9.342633247375488,0,0
Z944,3,463.4,25.515745162963867,-5.337997913360596,1,1
Z944,3,463.6,21.04238510131836,-11.29726505279541,1,1
Z944,3,463.8,26.770782470703125,-7.543449878692627,0,0
Z944,3,464.0,25.85342788696289,-11.644742012023926,0,0
Z944,3,464.2,26.99812889099121,-6.381695747375488,0,0
Z944,3,464.4,26.668121337890625,-7.643301010131836,0,0
Z944,3,464.6,26.117576599121094,-7.5910539627075195,0,0
Z944,3,464.8,28.846769332885742,-0.3131096363067627,0,0
Z944,3,465.0,27.51433753967285,-3.7113358974456787,0,0
Z944,3,465.2,29.105510711669922,-6.4031453132629395,0,0
Z944,3,465.4,32.81389617919922,1.3611787557601929,0,0
Z944,3,465.6,29.13504409790039,2.7116787433624268,0,0
Z944,3,465.8,26.650026321411133,1.9416314363479614,0,0
Z944,3,466.0,29.65083122253418,3.390754222869873,0,0
Z944,3,466.2,25.36451530456543,0.06587282568216324,0,0
Z944,3,466.4,32.62398910522461,-7.071353912353516,0,0
Z944,3,466.6,28.528013229370117,2.520353078842163,0,0
Z944,3,466.8,27.700584411621094,1.0369893312454224,0,0
Z944,3,467.0,27.0471248626709,-4.660787105560303,0,0
Z944,3,467.2,23.99863624572754,-1.4131386280059814,0,0
Z944,3,467.4,28.795385360717773,-0.618981659412384,0,0
Z944,3,467.6,28.25445556640625,7.387720584869385,0,0
Z944,3,467.8,29.295188903808594,4.161723613739014,0,0
Z944,3,468.0,25.421058654785156,-3.0718607902526855,0,0
Z944,3,468.2,26.028003692626953,3.6257729530334473,0,0
Z944,3,468.4,28.87378692626953,6.205798625946045,0,0
Z944,3,468.6,28.029460906982422,7.4969587326049805,0,0
Z944,3,468.8,27.356395721435547,-2.8079919815063477,0,0
Z944,3,469.0,30.702775955200195,2.835710048675537,0,0
Z944,3,469.2,31.5047607421875,-0.40381765365600586,0,0
Z944,3,469.4,25.405067443847656,1.9679293632507324,0,0
Z944,3,469.6,31.196712493896484,3.3617842197418213,0,0
Z944,3,469.8,30.562950134277344,5.077868461608887,0,0
Z944,3,470.0,29.571367263793945,6.8204145431518555,0,0
Z944,3,470.2,29.554237365722656,9.411828994750977,0,0
Z944,3,470.4,30.082599639892578,7.439005374908447,0,0
Z944,3,470.6,24.891233444213867,4.835172176361084,0,0
Z944,3,470.8,31.368566513061523,5.180257797241211,0,0
Z944,3,471.0,21.1975040435791,7.48568868637085,0,0
Z944,3,471.2,21.668054580688477,1.9682410955429077,0,0
Z944,3,471.4,26.2542781829834,3.083216428756714,0,0
Z944,3,471.6,35.55603790283203,9.236126899719238,0,0
Z944,3,471.8,29.330446243286133,7.684750080108643,0,0
Z944,3,472.0,30.28050994873047,0.5372176766395569,0,0
Z944,3,472.2,28.824783325195312,4.136045455932617,0,0
Z944,3,472.4,22.450151443481445,2.5096113681793213,0,0
Z944,3,472.6,29.57660675048828,0.6426472067832947,0,0
Z944,3,472.8,29.140777587890625,3.2352473735809326,0,0
Z944,3,473.0,26.63094711303711,4.7042460441589355,0,0
Z944,3,473.2,24.09137535095215,-0.7804819941520691,0,0
Z944,3,473.4,26.27422523498535,5.3753533363342285,0,0
Z944,3,473.6,27.943410873413086,5.526893615722656,0,0
Z944,3,473.8,31.27999496459961,3.2384800910949707,0,0
Z944,3,474.0,26.824573516845703,0.15425236523151398,0,0
Z944,3,474.2,31.565576553344727,7.037893295288086,0,0
Z944,3,474.4,23.06581687927246,2.497286796569824,0,0
Z944,3,474.6,31.59668731689453,7.544963359832764,0,0
Z944,3,474.8,29.889345169067383,-4.065167427062988,0,0
Z944,3,475.0,26.61463737487793,2.8309133052825928,0,0
Z944,3,475.2,33.64430236816406,-3.026883363723755,0,0
Z944,3,475.4,27.657434463500977,2.6905906200408936,0,0
Z944,3,475.6,31.202354431152344,4.951613426208496,0,0
Z944,3,475.8,35.48320770263672,12.471468925476074,0,0
Z944,3,476.0,36.80107498168945,3.358652353286743,0,0
Z944,3,476.2,28.896358489990234,7.306710720062256,0,0
Z944,3,476.4,26.965059280395508,14.06895637512207,0,0
Z944,3,476.6,30.315845489501953,6.94342041015625,0,0
Z944,3,476.8,33.510765075683594,1.703225016593933,0,0
Z944,3,477.0,32.600460052490234,8.801389694213867,0,0
Z944,3,477.2,30.971813201904297,2.2699460983276367,0,0
Z944,3,477.4,28.201391220092773,2.2770066261291504,0,0
Z944,3,477.6,28.316272735595703,0.8179972171783447,0,0
Z944,3,477.8,27.59833335876465,3.4509198665618896,0,0
Z944,3,478.0,35.720924377441406,6.5967488288879395,0,0
Z944,3,478.2,32.373111724853516,10.91476058959961,0,0
Z944,3,478.4,30.923152923583984,4.1062703132629395,0,0
Z944,3,478.6,27.1312255859375,9.259078979492188,0,0
Z944,3,478.8,29.248653411865234,6.2467474937438965,0,0
Z944,3,479.0,26.370935440063477,-1.646117091178894,0,0
Z944,3,479.2,22.75766944885254,2.9203836917877197,0,0
Z944,3,479.4,18.237895965576172,-0.5032262206077576,0,0
Z944,3,479.6,21.59452247619629,8.267377853393555,0,0
Z944,3,479.8,27.690824508666992,3.511683702468872,0,0
Z944,3,480.0,27.09014129638672,9.177681922912598,0,0
Z944,3,480.2,25.25237274169922,5.022553443908691,0,0
Z944,3,480.4,30.131977081298828,-1.5623478889465332,0,0
Z944,3,480.6,36.87297821044922,7.723715782165527,0,0
Z944,3,480.8,28.187347412109375,4.3215131759643555,0,0
Z944,3,481.0,28.28818702697754,5.951689720153809,0,0
Z944,3,481.2,26.684457778930664,4.3124823570251465,0,0
Z944,3,481.4,27.105918884277344,6.299440860748291,0,0
Z944,3,481.6,33.177940368652344,8.935506820678711,0,0
Z944,3,481.8,22.87321662902832,1.5297013521194458,0,0
Z944,3,482.0,28.515445709228516,0.9925662279129028,0,0
Z944,3,482.2,25.118471145629883,4.407741546630859,0,0
Z944,3,482.4,24.717769622802734,2.028691053390503,0,0
Z944,3,482.6,31.20452880859375,7.464418888092041,0,0
Z944,3,482.8,25.428436279296875,6.1479573249816895,0,0
Z944,3,483.0,31.250415802001953,3.7231855392456055,0,0
Z944,3,483.2,30.52100372314453,2.5233347415924072,0,0
Z944,3,483.4,29.78223991394043,5.561916351318359,0,0
Z944,3,483.6,28.000017166137695,13.092070579528809,0,0
Z944,3,483.8,31.98784828186035,4.109785556793213,0,0
Z944,3,484.0,32.91227340698242,5.433548927307129,0,0
Z944,3,484.2,25.818294525146484,1.9596447944641113,0,0
Z944,3,484.4,30.224742889404297,0.704633355140686,0,0
Z944,3,484.6,29.179533004760742,-0.12489184737205505,0,0
Z944,3,484.8,26.117168426513672,3.9709830284118652,0,0
Z944,3,485.0,28.52950096130371,5.121772289276123,0,0
Z944,3,485.2,27.599210739135742,8.033120155334473,0,0
Z944,3,485.4,30.271854400634766,4.423739910125732,0,0
Z944,3,485.6,27.231279373168945,1.5401033163070679,1,1
Z944,3,485.8,33.74129867553711,-2.4552364349365234,0,0
Z944,3,486.0,30.57477378845215,2.582920551300049,0,0
Z944,3,486.2,29.05029296875,-2.7310638427734375,0,0
Z944,3,486.4,26.889373779296875,0.299187034368515,1,1
Z944,3,486.6,31.7545166015625,6.757056713104248,0,0
Z944,3,486.8,26.58493995666504,6.387406349182129,1,1
Z944,3,487.0,33.08530044555664,3.175652503967285,0,0
Z944,3,487.2,31.357614517211914,4.683204650878906,0,0
Z944,3,487.4,26.891794204711914,1.759558081626892,0,0
Z944,3,487.6,29.050159454345703,0.8087553977966309,0,0
Z944,3,487.8,32.962093353271484,7.562177658081055,0,0
Z944,3,488.0,32.45832824707031,-4.492773056030273,0,0
Z944,3,488.2,29.49219512939453,2.3908348083496094,0,0
Z944,3,488.4,25.097370147705078,-0.7297911643981934,0,0
Z944,3,488.6,31.499975204467773,3.6420388221740723,0,0
Z944,3,488.8,23.152603149414062,5.61346435546875,0,0
Z944,3,489.0,24.925540924072266,2.545642852783203,0,0
Z944,3,489.2,30.068450927734375,7.995666027069092,0,0
Z944,3,489.4,23.786148071289062,0.9882252812385559,0,0
Z944,3,489.6,26.525606155395508,5.176880359649658,0,0
Z944,3,489.8,27.838064193725586,8.232198715209961,0,0
Z944,3,490.0,28.443042755126953,-0.929175078868866,0,0
Z944,3,490.2,21.5847225189209,-0.960127592086792,0,0
Z944,3,490.4,23.469526290893555,7.834774017333984,0,0
Z944,3,490.6,26.82718276977539,11.290220260620117,0,0
Z944,3,490.8,20.629901885986328,10.966480255126953,0,0
Z944,3,491.0,29.918365478515625,9.378326416015625,0,0
Z944,3,491.2,26.512968063354492,1.816280722618103,0,0
Z944,3,491.4,24.778898239135742,6.614895820617676,0,0
Z944,3,491.6,29.533111572265625,3.1721432209014893,1,1
Z944,3,491.8,23.220359802246094,2.743439197540283,0,0
Z944,3,492.0,25.411611557006836,8.355019569396973,0,0
Z944,3,492.2,23.67116355895996,1.2072906494140625,1,1
Z944,3,492.4,26.222339630126953,14.641818046569824,0,0
Z944,3,492.6,21.26193618774414,7.965518474578857,0,0
Z944,3,492.8,28.624343872070312,4.935449123382568,0,0
Z944,3,493.0,24.274930953979492,15.713193893432617,0,0
Z944,3,493.2,33.1679801940918,7.922293186187744,0,0
Z944,3,493.4,29.261262893676758,1.8735390901565552,0,0
Z944,3,493.6,28.332752227783203,10.582141876220703,0,0
Z944,3,493.8,30.78513526916504,8.996663093566895,0,0
Z944,3,494.0,21.652868270874023,7.813619613647461,1,1
Z944,3,494.2,27.407825469970703,7.12955904006958,0,0
Z944,3,494.4,23.470693588256836,6.262396812438965,0,0
Z944,3,494.6,24.096006393432617,3.9368197917938232,0,0
mZ944,1,291.984,-15.175039291381836,-0.44376808404922485,0,0
mZ944,1,292.184,-8.769091606140137,3.1314945220947266,0,0
mZ944,1,292.384,-11.303009033203125,1.44899582862854,0,0
mZ944,1,292.584,-13.779694557189941,4.222426414489746,0,0
mZ944,1,292.784,-13.820048332214355,4.616827964782715,0,0
mZ944,1,292.984,-15.731557846069336,4.709090232849121,0,0
mZ944,1,293.184,-13.310135841369629,-1.127765417098999,0,0
mZ944,1,293.384,-14.279541015625,1.6730068922042847,0,0
mZ944,1,293.584,-9.156283378601074,1.7598369121551514,0,0
mZ944,1,293.784,-10.080408096313477,2.393793821334839,0,0
mZ944,1,293.984,-6.864739894866943,5.884840488433838,0,0
mZ944,1,294.184,-13.013303756713867,-3.045427083969116,0,0
mZ944,1,294.384,-17.49294662475586,0.6062309741973877,0,0
mZ944,1,294.584,-5.729610919952393,0.8884434103965759,0,0
mZ944,1,294.784,-10.40420913696289,2.207828998565674,0,0
mZ944,1,294.984,-12.706770896911621,0.6228097081184387,0,0
mZ944,1,295.184,-11.045811653137207,1.5121312141418457,0,0
mZ944,1,295.384,-12.022329330444336,-0.4080895185470581,0,0
mZ944,1,295.584,-13.548378944396973,7.911660194396973,0,0
mZ944,1,295.784,-8.083741188049316,5.223968982696533,0,0
mZ944,1,295.984,-17.87646484375,4.490305423736572,0,0
mZ944,1,296.184,-14.292984008789062,1.3059921264648438,0,0
mZ944,1,296.384,-10.581470489501953,-2.028268814086914,0,0
mZ944,1,296.584,-14.207730293273926,-5.226377964019775,0,0
mZ944,1,296.784,-10.868804931640625,-3.980710744857788,0,0
mZ944,1,296.984,-12.628066062927246,-7.753774166107178,0,0
mZ944,1,297.184,-11.352662086486816,-7.193303108215332,0,0
mZ944,1,297.384,-11.042007446289062,-1.5294065475463867,0,0
mZ944,1,297.584,-15.973407745361328,-1.6592730283737183,0,0
mZ944,1,297.784,-15.547481536865234,-0.5576037168502808,0,0
mZ944,1,297.984,-16.8020076751709,-1.254696011543274,0,0
mZ944,1,298.184,-13.489432334899902,-3.684804677963257,0,0
mZ944,1,298.384,-11.308403015136719,2.5340514183044434,0,0
mZ944,1,298.584,-12.277031898498535,4.01446533203125,0,0
mZ944,1,298.784,-15.446745872497559,-4.88828182220459,0,0
mZ944,1,298.984,-12.722105026245117,2.3486268520355225,0,0
mZ944,1,299.184,-13.225176811218262,-1.3670135736465454,0,0
mZ944,1,299.384,-12.408193588256836,-3.1086342334747314,0,0
mZ944,1,299.584,-14.076109886169434,-0.8888442516326904,0,0
mZ944,1,299.784,-13.011994361877441,-6.448741436004639,0,0
mZ944,1,299.984,-17.689788818359375,-5.205906391143799,0,0
mZ944,1,300.184,-16.036571502685547,-3.630244731903076,0,0
mZ944,1,300.384,-10.785372734069824,-2.393601894378662,0,0
mZ944,1,300.584,-16.482725143432617,-3.4766910076141357,0,0
mZ944,1,300.784,-14.767477035522461,-0.5881512761116028,0,0
mZ944,1,300.984,-12.261605262756348,-4.3204731941223145,0,0
mZ944,1,301.184,-11.984879493713379,-5.561648845672607,0,0
mZ944,1,301.384,-14.75391674041748,-6.568180561065674,0,0
mZ944,1,301.584,-12.669598579406738,-3.7099668979644775,0,0
mZ944,1,301.784,-13.906829833984375,-4.630080223083496,0,0
mZ944,1,301.984,-15.40757942199707,-4.406857013702393,0,0
mZ944,1,302.184,-12.719042778015137,0.8021291494369507,0,0
mZ944,1,302.384,-8.647615432739258,1.384189486503601,0,0
mZ944,1,302.584,-13.665498733520508,-4.0002522468566895,0,0
mZ944,1,302.784,-12.077425956726074,-1.027439832687378,0,0
mZ944,1,302.984,-12.528387069702148,0.924575924873352,0,0
mZ944,1,303.184,-10.839089393615723,-6.848517417907715,0,0
mZ944,1,303.384,-17.690746307373047,-3.509246826171875,0,0
mZ944,1,303.584,-12.440960884094238,-3.0887913703918457,0,0
mZ944,1,303.784,-12.782846450805664,2.9438059329986572,0,0
mZ944,1,303.984,-11.39985466003418,2.2243404388427734,0,0
mZ944,1,304.184,-6.503023624420166,5.584977626800537,0,0
mZ944,1,304.384,-11.692727088928223,2.3832125663757324,0,0
mZ944,1,304.584,-11.111461639404297,0.29792481660842896,0,0
mZ944,1,304.784,-13.789640426635742,-4.326323509216309,0,0
mZ944,1,304.984,-15.66933822631836,0.53707355260849,0,0
mZ944,1,305.184,-10.320014953613281,-5.602026462554932,0,0
mZ944,1,305.384,-11.516109466552734,-4.754579067230225,0,0
mZ944,1,305.584,-11.306921005249023,3.1838057041168213,0,0
mZ944,1,305.784,-12.037802696228027,1.731966257095337,0,0
mZ944,1,305.984,-12.57863998413086,-0.21321457624435425,0,0
mZ944,1,306.184,-12.80350112915039,1.6570264101028442,0,0
mZ944,1,306.384,-12.953189849853516,-5.828774452209473,0,0
mZ944,1,306.584,-13.457329750061035,1.7482134103775024,0,0
mZ944,1,306.784,-13.412918090820312,5.806332111358643,0,0
mZ944,1,306.984,-10.568347930908203,-0.5935460925102234,0,0
mZ944,1,307.184,-11.291739463806152,3.4871468544006348,0,0
mZ944,1,307.384,-11.730640411376953,0.4934536814689636,0,0
mZ944,1,307.584,-12.778096199035645,-0.2397395372390747,0,0
mZ944,1,307.784,-18.704242706298828,2.279017448425293,0,0
mZ944,1,307.984,-18.048646926879883,-2.0203869342803955,0,0
mZ944,1,308.184,-14.300003051757812,-1.1248003244400024,0,0
mZ944,1,308.384,-12.268529891967773,4.693541049957275,0,0
mZ944,1,308.584,-13.458800315856934,2.7410237789154053,0,0
mZ944,1,308.784,-11.828569412231445,0.39121904969215393,0,0
mZ944,1,308.984,-6.460296154022217,-0.9305683374404907,0,0
mZ944,1,309.184,-12.663010597229004,0.1371879130601883,0,0
mZ944,1,309.384,-12.463013648986816,4.215597152709961,0,0
mZ944,1,309.584,-8.662675857543945,0.41407912969589233,0,0
mZ944,1,309.784,-11.519953727722168,-0.33746567368507385,0,0
mZ944,1,309.984,-7.626165390014648,2.1228222846984863,0,0
mZ944,1,310.184,-14.626199722290039,1.4486937522888184,0,0
mZ944,1,310.384,-11.672747611999512,-3.2943944931030273,0,0
mZ944,1,310.584,-12.463021278381348,1.6082353591918945,0,0
mZ944,1,310.784,-10.776732444763184,-2.9901645183563232,0,0
mZ944,1,310.984,-11.321565628051758,4.863499641418457,0,0
mZ944,1,311.184,-13.125724792480469,-9.744009017944336,0,0
mZ944,1,311.384,-9.492462158203125,-8.902507781982422,0,0
mZ944,1,311.584,-14.262349128723145,-3.9521677494049072,0,0
mZ944,1,311.784,-15.945148468017578,-2.684689521789551,0,0
mZ944,1,311.984,-16.434003829956055,-5.400461196899414,0,0
mZ944,1,312.184,-16.467470169067383,0.3266901671886444,0,0
mZ944,1,312.384,-9.769057273864746,1.687663197517395,0,0
mZ944,1,312.584,-12.343900680541992,1.1825886964797974,0,0
mZ944,1,312.784,-14.73951244354248,-4.33710241317749,0,0
mZ944,1,312.984,-14.31742000579834,-3.352409839630127,0,0
mZ944,1,313.184,-10.932284355163574,-7.765960216522217,0,0
mZ944,1,313.384,-14.59667682647705,-9.183080673217773,0,0
mZ944,1,313.584,-17.773221969604492,-5.295103549957275,1,1
mZ944,1,313.784,-10.249480247497559,-2.5359890460968018,0,0
mZ944,1,313.984,-17.904212951660156,-0.12811248004436493,0,0
mZ944,1,314.184,-19.701414108276367,-8.60680866241455,0,0
mZ944,1,314.384,-16.560697555541992,-5.7268500328063965,0,0
mZ944,1,314.584,-15.613136291503906,-3.9071242809295654,1,1
mZ944,1,314.784,-16.36663246154785,-2.55171799659729,1,1
mZ944,1,314.984,-19.391647338867188,-4.33579683303833,0,0
mZ944,1,315.184,-20.742061614990234,-5.582275867462158,1,1
mZ944,1,315.384,-10.7670259475708,-2.297271251678467,0,0
mZ944,1,315.584,-11.766064643859863,-6.444611072540283,0,0
mZ944,1,315.784,-14.972576141357422,-6.6780619621276855,0,0
mZ944,1,315.984,-11.190953254699707,-7.920010089874268,1,1
mZ944,1,316.184,-16.803457260131836,-6.534445762634277,1,1
mZ944,1,316.384,-15.028375625610352,-9.514840126037598,0,0
mZ944,1,316.584,-17.834911346435547,-11.01386833190918,1,1
mZ944,1,316.784,-13.089874267578125,-9.725593566894531,0,0
mZ944,1,316.984,-17.039342880249023,-10.740028381347656,1,1
mZ944,1,317.184,-14.07190227508545,-10.11680793762207,0,0
mZ944,1,317.384,-17.6048641204834,-13.345044136047363,1,1
mZ944,1,317.584,-14.319589614868164,-4.919824600219727,1,1
mZ944,1,317.784,-13.15958023071289,-9.045166015625,1,1
mZ944,1,317.984,-14.009746551513672,-12.23204231262207,1,1
mZ944,1,318.184,-13.867256164550781,-6.076819896697998,0,0
mZ944,1,318.384,-16.457151412963867,-3.1555442810058594,1,1
mZ944,1,318.584,-16.64620590209961,-1.8152533769607544,1,1
mZ944,1,318.784,-16.169645309448242,-9.749567031860352,1,1
mZ944,1,318.984,-11.070416450500488,-5.558844566345215,0,0
mZ944,1,319.184,-13.933372497558594,-4.047196865081787,1,1
mZ944,1,319.384,-10.669672012329102,-5.20047664642334,0,0
mZ944,1,319.584,-17.141036987304688,-16.35472297668457,0,0
mZ944,1,319.784,-18.27155113220215,-10.638028144836426,0,0
mZ944,1,319.984,-15.900532722473145,-4.257170677185059,0,0
mZ944,1,320.184,-12.841139793395996,-8.151274681091309,0,0
mZ944,1,320.384,-13.259149551391602,-6.797534465789795,0,0
mZ944,1,320.584,-13.524880409240723,-9.49638843536377,0,0
mZ944,1,320.784,-15.809924125671387,-11.033002853393555,0,0
mZ944,1,320.984,-7.8328986167907715,-5.997731685638428,0,0
mZ944,1,321.184,-10.56423282623291,-13.025216102600098,0,0
mZ944,1,321.384,-10.69619083404541,-5.927250862121582,0,0
mZ944,1,321.584,-11.503813743591309,-9.92849063873291,0,0
mZ944,1,321.784,-13.919421195983887,-9.700270652770996,0,0
mZ944,1,321.984,-14.885807991027832,-7.437166690826416,0,0
mZ944,1,322.184,-16.89297866821289,-5.207038402557373,0,0
mZ944,1,322.384,-14.732398986816406,-7.519485950469971,1,1
mZ944,1,322.584,-10.129949569702148,-5.227336406707764,0,0
mZ944,1,322.784,-8.794137001037598,-6.351323127746582,0,0
mZ944,1,322.984,-10.283330917358398,-9.104860305786133,0,0
mZ944,1,323.184,-14.079201698303223,-6.421907901763916,0,0
mZ944,1,323.384,-14.143314361572266,2.740614175796509,0,0
mZ944,1,323.584,-12.499725341796875,-3.1667258739471436,0,0
mZ944,1,323.784,-17.571849822998047,-5.358567237854004,0,0
mZ944,1,323.984,-10.058652877807617,-5.760587215423584,0,0
mZ944,1,324.184,-13.388032913208008,-1.860846996307373,0,0
mZ944,1,324.384,-12.091712951660156,-2.8835251331329346,0,0
mZ944,1,324.584,-15.07940673828125,1.2316519021987915,0,0
mZ944,1,324.784,-11.617383003234863,0.7391899228096008,0,0
mZ944,1,324.984,-11.202170372009277,1.5250251293182373,0,0
mZ944,1,325.184,-13.998162269592285,-2.349517345428467,0,0
mZ944,1,325.384,-16.19972038269043,-2.0080013275146484,0,0
mZ944,1,325.584,-9.930482864379883,-1.1135882139205933,0,0
mZ944,1,325.784,-16.479738235473633,-8.340847969055176,0,0
mZ944,1,325.984,-12.169275283813477,-4.237156391143799,0,0
mZ944,1,326.184,-12.475502967834473,-7.884305953979492,0,0
mZ944,1,326.384,-15.847136497497559,-8.612114906311035,0,0
mZ944,1,326.584,-8.46695327758789,3.3990557193756104,0,0
mZ944,1,326.784,-15.111371994018555,-6.835659980773926,0,0
mZ944,1,326.984,-8.905252456665039,-6.184082508087158,0,0
mZ944,1,327.184,-10.643646240234375,1.1902999877929688,0,0
mZ944,1,327.384,-13.795195579528809,-9.08620834350586,0,0
mZ944,1,327.584,-6.684370994567871,2.2666642665863037,0,0
mZ944,1,327.784,-10.705595016479492,-0.05622025951743126,0,0
mZ944,1,327.984,-11.991687774658203,-4.406501770019531,0,0
mZ944,1,328.184,-7.769820690155029,-2.048055648803711,0,0
mZ944,1,328.384,-10.37902545928955,0.10561773180961609,0,0
mZ944,1,328.584,-12.552580833435059,-2.9209535121917725,0,0
mZ944,1,328.784,-13.1240234375,1.7367240190505981,0,0
mZ944,1,328.984,-13.78688907623291,3.4479594230651855,0,0
mZ944,1,329.184,-9.745466232299805,0.4447179436683655,0,0
mZ944,1,329.384,-10.245911598205566,-3.722304344177246,0,0
mZ944,1,329.584,-7.929802894592285,-5.942533493041992,0,0
mZ944,1,329.784,-16.1416015625,-2.045987367630005,0,0
mZ944,1,329.984,-7.815014839172363,-1.0819157361984253,0,0
mZ944,1,330.184,-12.395997047424316,-3.3121042251586914,0,0
mZ944,1,330.384,-11.108465194702148,-7.022036552429199,0,0
mZ944,1,330.584,-8.798613548278809,-1.73652184009552,0,0
mZ944,1,330.784,-11.00080680847168,-7.684188365936279,0,0
mZ944,1,330.984,-14.198174476623535,0.1478724181652069,0,0
mZ944,1,331.184,-13.173942565917969,-0.29207655787467957,0,0
mZ944,1,331.384,-11.512757301330566,-6.0389814376831055,0,0
mZ944,1,331.584,-10.737666130065918,-8.70020866394043,0,0
mZ944,1,331.784,-13.284078598022461,-2.488158941268921,0,0
mZ944,1,331.984,-17.504976272583008,1.7525707483291626,0,0
mZ944,1,332.184,-11.712310791015625,-6.7720746994018555,0,0
mZ944,1,332.384,-14.143399238586426,-1.1748446226119995,0,0
mZ944,1,332.584,-16.381610870361328,-3.028738021850586,0,0
mZ944,1,332.784,-16.9332218170166,-4.65482234954834,0,0
mZ944,1,332.984,-14.753437042236328,-0.4288081228733063,0,0
mZ944,1,333.184,-14.550349235534668,-0.035374946892261505,0,0
mZ944,1,333.384,-14.71142864227295,-1.3213365077972412,0,0
mZ944,1,333.584,-12.047574996948242,-4.779041767120361,0,0
mZ944,1,333.784,-17.913999557495117,3.1097373962402344,0,0
mZ944,1,333.984,-12.282906532287598,4.35552978515625,0,0
mZ944,1,334.184,-12.692235946655273,1.1550332307815552,0,0
mZ944,1,334.384,-10.592004776000977,-6.689702033996582,0,0
mZ944,1,334.584,-10.551963806152344,3.1459341049194336,0,0
mZ944,1,334.784,-11.498310089111328,0.7807684540748596,0,0
mZ944,1,334.984,-7.045289993286133,-4.109174728393555,0,0
mZ944,1,335.184,-5.0961103439331055,1.6079511642456055,0,0
mZ944,1,335.384,-11.438060760498047,-0.8309013247489929,0,0
mZ944,1,335.584,-11.024026870727539,2.8391318321228027,0,0
mZ944,1,335.784,-8.502925872802734,5.902496337890625,0,0
mZ944,1,335.984,-9.658774375915527,-1.1551690101623535,0,0
mZ944,1,336.184,-12.599984169006348,-4.61710262298584,0,0
mZ944,1,336.384,-11.0171537399292,4.008349895477295,0,0
mZ944,1,336.584,-11.357754707336426,0.209944948554039,0,0
mZ944,1,336.784,-9.008570671081543,0.3806576132774353,0,0
mZ944,1,336.984,-10.049927711486816,-0.5671477317810059,0,0
mZ944,1,337.184,-12.532482147216797,0.30832281708717346,0,0
mZ944,1,337.384,-9.269530296325684,1.3209720849990845,0,0
mZ944,1,337.584,-12.963213920593262,-2.1133856773376465,0,0
mZ944,1,337.784,-10.40574836730957,2.7632107734680176,0,0
mZ944,1,337.984,-15.104171752929688,0.5541912913322449,0,0
mZ944,1,338.184,-11.08049488067627,-3.9551541805267334,0,0
mZ944,1,338.384,-11.08404541015625,1.4736424684524536,0,0
mZ944,1,338.584,-9.695362091064453,6.641123294830322,0,0
mZ944,1,338.784,-5.358739376068115,7.894650936126709,0,0
mZ944,1,338.984,-7.470900535583496,-1.428236484527588,0,0
mZ944,1,339.184,-11.330946922302246,5.827340126037598,0,0
mZ944,1,339.384,-6.71915340423584,-1.0534013509750366,0,0
mZ944,1,339.584,-11.188840866088867,3.619215965270996,0,0
mZ944,1,339.784,-7.193796157836914,0.7431507110595703,0,0
mZ944,1,339.984,-9.448590278625488,5.585601806640625,0,0
mZ944,1,340.184,-12.080955505371094,-2.552830934524536,0,0
mZ944,1,340.384,-8.273197174072266,1.7808934450149536,0,0
mZ944,1,340.584,-6.650713920593262,3.5503973960876465,0,0
mZ944,1,340.784,-8.5669584274292,6.0872673988342285,0,0
mZ944,1,340.984,-6.813950061798096,3.0242161750793457,0,0
mZ944,1,341.184,-8.706167221069336,-4.223862171173096,0,0
mZ944,1,341.384,-10.555846214294434,5.380701065063477,0,0
mZ944,1,341.584,-6.66373348236084,0.6203184723854065,0,0
mZ944,1,341.784,-9.454801559448242,-0.7537897825241089,0,0
mZ944,1,341.984,-9.208450317382812,-1.8419991731643677,0,0
mZ944,1,342.184,-15.371460914611816,-2.9615464210510254,0,0
mZ944,1,342.384,-8.046127319335938,0.26107147336006165,0,0
mZ944,1,342.584,-9.756941795349121,5.780953884124756,0,0
mZ944,1,342.784,-6.861401081085205,2.219905138015747,0,0
mZ944,1,342.984,-8.953824996948242,3.7436025142669678,0,0
mZ944,1,343.184,-15.154979705810547,2.6982028484344482,0,0
mZ944,1,343.384,-9.92365550994873,8.072911262512207,0,0
mZ944,1,343.584,-7.317325115203857,3.6530590057373047,0,0
mZ944,1,343.784,-10.633785247802734,1.6050167083740234,0,0
mZ944,1,343.984,-8.642478942871094,0.15775540471076965,0,0
mZ944,1,344.184,-5.210583209991455,-4.307277202606201,0,0
mZ944,1,344.384,-9.650076866149902,-5.067407608032227,0,0
mZ944,1,344.584,-10.946724891662598,7.466484546661377,0,0
mZ944,1,344.784,-10.810615539550781,4.372210502624512,0,0
mZ944,1,344.984,-9.445972442626953,5.596560001373291,0,0
mZ944,1,345.184,-9.388025283813477,0.6914437413215637,0,0
mZ944,1,345.384,-9.888802528381348,1.5467941761016846,0,0
mZ944,1,345.584,-12.475397109985352,4.418960094451904,0,0
mZ944,1,345.784,-11.62861442565918,-1.1124821901321411,0,0
mZ944,1,345.984,-11.258852005004883,5.401181697845459,0,0
mZ944,1,346.184,-11.966987609863281,3.787675619125366,0,0
mZ944,1,346.384,-7.90675687789917,1.009246587753296,0,0
mZ944,1,346.584,-8.875099182128906,-0.10568811744451523,0,0
mZ944,1,346.784,-12.725954055786133,1.38883638381958,0,0
mZ944,1,346.984,-10.52820873260498,-4.012768268585205,0,0
mZ944,1,347.184,-11.084373474121094,4.820695400238037,0,0
mZ944,1,347.384,-10.192561149597168,1.1824392080307007,0,0
mZ944,1,347.584,-9.636509895324707,7.770489692687988,0,0
mZ944,1,347.784,-9.880819320678711,-1.0168724060058594,0,0
mZ944,1,347.984,-3.9304888248443604,3.1402738094329834,0,0
mZ944,1,348.184,-7.872572898864746,9.487762451171875,0,0
mZ944,1,348.384,1.199233889579773,2.7431230545043945,0,0
mZ944,1,348.584,-8.787900924682617,-6.9034528732299805,0,0
mZ944,1,348.784,-8.693367004394531,3.3801310062408447,0,0
mZ944,1,348.984,-8.234512329101562,0.5857420563697815,0,0
mZ944,1,349.184,-10.492775917053223,-1.9389642477035522,0,0
mZ944,1,349.384,-8.457801818847656,2.232233762741089,0,0
mZ944,1,349.584,-10.645315170288086,5.474380016326904,0,0
mZ944,1,349.784,-6.331879615783691,8.220787048339844,0,0
mZ944,1,349.984,-12.388222694396973,5.274561405181885,0,0
mZ944,1,350.184,-14.806744575500488,-1.314047932624817,0,0
mZ944,1,350.384,-9.511272430419922,-6.023131847381592,1,1
mZ944,1,350.584,-7.551193714141846,-1.9481337070465088,0,0
mZ944,1,350.784,-8.032449722290039,0.6451138854026794,0,0
mZ944,1,350.984,-12.267857551574707,-6.454896450042725,1,1
mZ944,1,351.184,-9.49611759185791,-2.6031875610351562,0,0
mZ944,1,351.384,-4.8656792640686035,-4.776324272155762,1,1
mZ944,1,351.584,-9.815906524658203,0.5016485452651978,0,0
mZ944,1,351.784,-12.146586418151855,1.5576457977294922,1,1
mZ944,1,351.984,-10.862794876098633,-6.40583610534668,0,0
mZ944,1,352.184,-9.404433250427246,-0.8061872124671936,0,0
mZ944,1,352.384,-11.76149845123291,-6.882575988769531,1,1
mZ944,1,352.584,-11.917946815490723,-3.305262565612793,1,1
mZ944,1,352.784,-12.803018569946289,-6.375984191894531,1,1
mZ944,1,352.984,-14.049427032470703,-7.435364246368408,0,0
mZ944,1,353.184,-8.697216987609863,-4.5243940353393555,1,1
mZ944,1,353.384,-7.106840133666992,-8.629769325256348,0,0
mZ944,1,353.584,-14.787817001342773,-5.1137471199035645,0,0
mZ944,1,353.784,-13.14947509765625,-0.6207724809646606,1,1
mZ944,1,353.984,-18.370220184326172,-11.797252655029297,1,1
mZ944,1,354.184,-18.118637084960938,-4.896549701690674,1,1
mZ944,1,354.384,-17.578977584838867,-8.114933013916016,1,1
mZ944,1,354.584,-18.400711059570312,-7.022247791290283,1,1
mZ944,1,354.784,-10.784133911132812,-11.100749015808105,0,0
mZ944,1,354.984,-6.435663223266602,-8.295631408691406,0,0
mZ944,1,355.184,-16.3358154296875,-6.032200336456299,0,0
mZ944,1,355.384,-7.487823009490967,-10.560855865478516,0,0
mZ944,1,355.584,-18.285802841186523,-9.402828216552734,1,1
mZ944,1,355.784,-16.307300567626953,-6.299112319946289,0,0
mZ944,1,355.984,-14.093720436096191,-6.94632625579834,1,1
mZ944,1,356.184,-15.766188621520996,-4.2377028465271,0,0
mZ944,1,356.384,-15.079400062561035,1.7268913984298706,1,1
mZ944,1,356.584,-11.473480224609375,-2.068645477294922,0,0
mZ944,1,356.784,-13.761569023132324,-2.948401689529419,1,1
mZ944,1,356.984,-16.15903663635254,-4.609396934509277,1,1
mZ944,1,357.184,-14.239971160888672,-1.9243792295455933,1,1
mZ944,1,357.384,-11.675652503967285,-5.087994575500488,1,1
mZ944,1,357.584,-9.280631065368652,-4.8024115562438965,1,1
mZ944,1,357.784,-10.937150001525879,-3.3101792335510254,1,1
mZ944,1,357.984,-6.612362861633301,-7.212803840637207,1,1
mZ944,1,358.184,-12.295045852661133,0.30879881978034973,1,1
mZ944,1,358.384,-11.505949974060059,-2.271578073501587,1,1
mZ944,1,358.584,-18.37766456604004,-2.058283567428589,1,1
mZ944,1,358.784,-13.70844841003418,-2.631476879119873,0,0
mZ944,1,358.984,-13.28835391998291,-2.5244784355163574,1,1
mZ944,1,359.184,-8.634751319885254,0.7214392423629761,1,1
mZ944,1,359.384,-9.966615676879883,-3.272578716278076,1,1
mZ944,1,359.584,-7.742303371429443,-4.50602912902832,1,1
mZ944,1,359.784,-8.00558090209961,-3.0671985149383545,1,1
mZ944,1,359.984,-7.781059265136719,-2.1406614780426025,1,1
mZ944,1,360.184,-10.017461776733398,0.2700900435447693,0,0
mZ944,1,360.384,-11.32695198059082,-1.9756293296813965,1,1
mZ944,1,360.584,-12.16866683959961,-2.5409491062164307,1,1
mZ944,1,360.784,-13.54428768157959,-0.2839336693286896,1,1
mZ944,1,360.984,-13.412338256835938,-4.745014667510986,1,1
mZ944,1,361.184,-14.802691459655762,-3.090712070465088,1,1
mZ944,1,361.384,-19.338762283325195,-3.6313257217407227,1,1
mZ944,1,361.584,-9.881481170654297,3.518216133117676,0,0
mZ944,1,361.784,-16.099950790405273,-2.3210532665252686,0,0
mZ944,1,361.984,-13.57626724243164,-8.070609092712402,1,1
mZ944,1,362.184,-17.90016746520996,-0.5156669616699219,1,1
mZ944,1,362.384,-12.240995407104492,1.8510645627975464,0,0
mZ944,1,362.584,-10.446250915527344,7.92233419418335,0,0
mZ944,1,362.784,-5.956711769104004,9.928864479064941,0,0
mZ944,1,362.984,-2.334967851638794,3.0263748168945312,0,0
mZ944,1,363.184,-7.959407329559326,6.418949127197266,0,0
mZ944,1,363.384,-6.128171920776367,5.098621845245361,0,0
mZ944,1,363.584,-8.568351745605469,-0.590436577796936,0,0
mZ944,1,363.784,-10.87418270111084,0.39989933371543884,0,0
mZ944,1,363.984,-10.159156799316406,3.217759370803833,0,0
mZ944,1,364.184,-9.705822944641113,7.246567249298096,0,0
mZ944,1,364.384,-8.585996627807617,1.91078782081604,0,0
mZ944,1,364.584,-9.232958793640137,4.214710712432861,0,0
mZ944,1,364.784,-8.207534790039062,7.298249244689941,0,0
mZ944,1,364.984,-8.231045722961426,8.013269424438477,0,0
mZ944,1,365.184,-13.776744842529297,3.8540427684783936,0,0
mZ944,1,365.384,-11.713781356811523,14.253809928894043,0,0
mZ944,1,365.584,-13.10038948059082,3.8434269428253174,0,0
mZ944,1,365.784,-13.271659851074219,5.262902736663818,0,0
mZ944,1,365.984,-10.988665580749512,-1.7631677389144897,0,0
mZ944,1,366.184,-16.339584350585938,-1.295810341835022,1,1
mZ944,1,366.384,-11.14297866821289,-7.059683322906494,1,1
mZ944,1,366.584,-14.337617874145508,-7.758157730102539,1,1
mZ944,1,366.784,-16.084239959716797,-2.6126203536987305,1,1
mZ944,1,366.984,-11.350303649902344,-5.342825889587402,1,1
mZ944,1,367.184,-13.749944686889648,-0.7083892822265625,1,1
mZ944,1,367.384,-8.785446166992188,4.60270881652832,1,1
mZ944,1,367.584,-9.22229290008545,4.725212574005127,0,0
mZ944,1,367.784,-15.208020210266113,0.11149352043867111,0,0
mZ944,1,367.984,-10.743663787841797,-2.707897424697876,1,1
mZ944,1,368.184,-12.954333305358887,0.24052181839942932,1,1
mZ944,1,368.384,-6.769454002380371,1.5926198959350586,0,0
mZ944,1,368.584,-8.368139266967773,6.740164279937744,0,0
mZ944,1,368.784,-8.018162727355957,3.8167166709899902,0,0
mZ944,1,368.984,-10.360258102416992,7.644607067108154,0,0
mZ944,1,369.184,-9.353279113769531,5.387022495269775,0,0
mZ944,1,369.384,-9.078415870666504,9.251285552978516,0,0
mZ944,1,369.584,-11.305037498474121,5.185187816619873,0,0
mZ944,1,369.784,-8.114121437072754,6.404138565063477,0,0
mZ944,1,369.984,-9.792838096618652,0.49656015634536743,0,0
mZ944,1,370.184,-11.097698211669922,-2.151517868041992,0,0
mZ944,1,370.384,-9.39887523651123,4.674169540405273,0,0
mZ944,1,370.584,-4.014644145965576,14.287714004516602,0,0
mZ944,1,370.784,-12.460692405700684,5.677393436431885,0,0
mZ944,1,370.984,-6.510701656341553,-1.7594743967056274,1,1
mZ944,1,371.184,-7.007112979888916,-3.3709425926208496,0,0
mZ944,1,371.384,-8.811965942382812,-3.570509433746338,0,0
mZ944,1,371.584,-9.75400161743164,-11.847648620605469,0,0
mZ944,1,371.784,-5.121161460876465,0.08598446100950241,0,0
mZ944,1,371.984,-9.3494291305542,-3.059718132019043,1,1
mZ944,1,372.184,-9.946089744567871,4.647069454193115,0,0
mZ944,1,372.384,-9.09217643737793,1.4928481578826904,0,0
mZ944,1,372.584,-8.443170547485352,-3.9447078704833984,0,0
mZ944,1,372.784,-11.515779495239258,0.3916938304901123,0,0
mZ944,1,372.984,-9.603324890136719,3.3807480335235596,0,0
mZ944,1,373.184,-7.3715715408325195,2.2356135845184326,0,0
mZ944,1,373.384,-9.783561706542969,-2.1182920932769775,0,0
mZ944,1,373.584,-11.205842971801758,-6.04449462890625,0,0
mZ944,1,373.784,-11.910125732421875,9.485238075256348,0,0
mZ944,1,373.984,-7.64164400100708,4.805295467376709,0,0
mZ944,1,374.184,-9.050626754760742,-1.169391393661499,0,0
mZ944,1,374.384,-10.114355087280273,-2.234349489212036,0,0
mZ944,1,374.584,-12.050370216369629,-3.6241915225982666,0,0
mZ944,1,374.784,-8.1300048828125,-4.88377046585083,0,0
mZ944,1,374.984,-11.844000816345215,0.24302640557289124,1,1
mZ944,1,375.184,-11.505167961120605,-0.20716339349746704,1,1
mZ944,1,375.384,-10.060478210449219,6.062202453613281,0,0
mZ944,1,375.584,-6.764495849609375,1.8489593267440796,0,0
mZ944,1,375.784,-6.409124374389648,3.324127674102783,0,0
mZ944,1,375.984,-12.5405912399292,4.01003885269165,0,0
mZ944,1,376.184,-9.74914836883545,8.638358116149902,0,0
mZ944,1,376.384,-15.053820610046387,-2.647773265838623,1,1
mZ944,1,376.584,-12.864066123962402,-1.7989627122879028,1,1
mZ944,1,376.784,-12.975435256958008,-7.635684013366699,1,1
mZ944,1,376.984,-13.180013656616211,-12.155609130859375,1,1
mZ944,1,377.184,-12.055541038513184,-0.42985284328460693,1,1
mZ944,1,377.384,-10.016857147216797,-2.9627459049224854,0,0
mZ944,1,377.584,-11.259849548339844,-4.705684661865234,0,0
mZ944,1,377.784,-17.500944137573242,-5.953141689300537,1,1
mZ944,1,377.984,-15.830506324768066,-4.229854583740234,0,0
mZ944,1,378.184,-14.827366828918457,-9.846878051757812,1,1
mZ944,1,378.384,-14.59307861328125,-13.301981925964355,1,1
mZ944,1,378.584,-15.67570972442627,-9.877437591552734,1,1
mZ944,1,378.784,-14.00990104675293,-10.342167854309082,1,1
mZ944,1,378.984,-15.08395004272461,-10.534481048583984,1,1
mZ944,1,379.184,-14.979583740234375,-7.603857517242432,1,1
mZ944,1,379.384,-13.078957557678223,-1.547856330871582,0,0
mZ944,1,379.584,-16.513154983520508,-5.7146220207214355,1,1
mZ944,1,379.784,-8.955028533935547,-5.447025299072266,0,0
mZ944,1,379.984,-13.332168579101562,-8.22959041595459,1,1
mZ944,1,380.184,-6.654426097869873,3.5037307739257812,0,0
mZ944,1,380.384,-13.321770668029785,-7.35616397857666,1,1
mZ944,1,380.584,-9.486281394958496,-3.365705966949463,0,0
mZ944,1,380.784,-15.267084121704102,-5.805914402008057,1,1
mZ944,1,380.984,-15.054226875305176,-5.580221176147461,1,1
mZ944,1,381.184,-13.520880699157715,-3.153088331222534,1,1
mZ944,1,381.384,-14.706914901733398,-4.881274700164795,1,1
mZ944,1,381.584,-12.254173278808594,-2.8689024448394775,1,1
mZ944,1,381.784,-14.155529975891113,-5.186094284057617,1,1
mZ944,1,381.984,-13.462950706481934,-10.64323616027832,1,1
mZ944,1,382.184,-12.769135475158691,-7.990950107574463,1,1
mZ944,1,382.384,-14.038578033447266,-4.334662914276123,1,1
mZ944,1,382.584,-17.186988830566406,-2.6446969509124756,1,1
mZ944,1,382.784,-14.814509391784668,-8.442933082580566,1,1
mZ944,1,382.984,-8.020987510681152,-1.1987884044647217,0,0
mZ944,1,383.184,-10.427321434020996,-8.412617683410645,1,1
mZ944,1,383.384,-13.446239471435547,-12.631619453430176,1,1
mZ944,1,383.584,-9.829549789428711,-11.00595474243164,1,1
mZ944,1,383.784,-10.979317665100098,-6.961956977844238,0,0
mZ944,1,383.984,-6.119256973266602,-6.773478984832764,0,0
mZ944,1,384.184,-13.235604286193848,-3.0713119506835938,1,1
mZ944,1,384.384,-15.9380521774292,-8.94520092010498,0,0
mZ944,1,384.584,-13.698829650878906,-9.668787002563477,0,0
mZ944,1,384.784,-12.103166580200195,-10.115853309631348,0,0
mZ944,1,384.984,-13.740403175354004,-9.842779159545898,0,0
mZ944,1,385.184,-9.590804100036621,-9.528885841369629,0,0
mZ944,1,385.384,-9.618328094482422,-9.35806941986084,1,1
mZ944,1,385.584,-13.129806518554688,-5.751509189605713,0,0
mZ944,1,385.784,-10.084967613220215,-6.664969444274902,0,0
mZ944,1,385.984,-10.488954544067383,-9.374953269958496,0,0
mZ944,1,386.184,-12.100030899047852,-12.659011840820312,0,0
mZ944,1,386.384,-8.074824333190918,-0.4068763554096222,0,0
mZ944,1,386.584,-8.302690505981445,-2.922685146331787,0,0
mZ944,1,386.784,-7.498772621154785,4.750044822692871,0,0
mZ944,1,386.984,-13.49621295928955,-9.452942848205566,0,0
mZ944,1,387.184,-8.471163749694824,-4.436479091644287,0,0
mZ944,1,387.384,-12.832361221313477,-5.595337867736816,0,0
mZ944,1,387.584,-14.07835578918457,-6.0976033210754395,1,1
mZ944,1,387.784,-13.28834342956543,-9.189241409301758,0,0
mZ944,1,387.984,-14.113102912902832,-4.860321998596191,1,1
mZ944,1,388.184,-15.522900581359863,-13.230518341064453,1,1
mZ944,1,388.384,-16.389657974243164,-5.536160945892334,1,1
mZ944,1,388.584,-15.246322631835938,-7.509328842163086,1,1
mZ944,1,388.784,-19.299407958984375,-8.531970024108887,1,1
mZ944,1,388.984,-14.322365760803223,-8.032958984375,1,1
mZ944,1,389.184,-16.717864990234375,-12.313460350036621,1,1
mZ944,1,389.384,-15.901654243469238,-5.631099224090576,1,1
mZ944,1,389.584,-12.876946449279785,-4.915247917175293,1,1
mZ944,1,389.784,-18.45574188232422,-4.587752819061279,1,1
mZ944,1,389.984,-15.562276840209961,-9.056354522705078,1,1
mZ944,1,390.184,-16.933748245239258,-8.700860977172852,1,1
mZ944,1,390.384,-14.361067771911621,-7.802219390869141,1,1
mZ944,1,390.584,-9.276599884033203,-1.7972779273986816,1,1
mZ944,1,390.784,-15.503951072692871,-3.254185199737549,1,1
mZ944,1,390.984,-11.278099060058594,-2.8231403827667236,1,1
mZ944,1,391.184,-11.48508358001709,-5.242932319641113,1,1
mZ944,1,391.384,-16.792203903198242,-2.9341564178466797,1,1
mZ944,1,391.584,-14.14317512512207,-0.635512113571167,1,1
mZ944,1,391.784,-13.052940368652344,-1.976035475730896,1,1
mZ944,1,391.984,-17.054122924804688,-3.590548276901245,1,1
mZ944,1,392.184,-17.70491600036621,-7.368782997131348,1,1
mZ944,1,392.384,-9.848687171936035,-1.4936246871948242,1,1
mZ944,1,392.584,-19.199108123779297,-9.541558265686035,1,1
mZ944,1,392.784,-15.87826919555664,-8.51410961151123,1,1
mZ944,1,392.984,-16.30600929260254,-3.158557176589966,1,1
mZ944,1,393.184,-12.552472114562988,-2.3434324264526367,1,1
mZ944,1,393.384,-13.186564445495605,-7.0413103103637695,1,1
mZ944,1,393.584,-18.571895599365234,-0.2604871690273285,1,1
mZ944,1,393.784,-14.741931915283203,0.034603651612997055,1,1
mZ944,1,393.984,-13.113394737243652,3.1453940868377686,1,1
mZ944,1,394.184,-15.868879318237305,0.7659051418304443,1,1
mZ944,1,394.384,-18.732555389404297,1.5005900859832764,1,1
mZ944,1,394.584,-19.51344871520996,-7.233532428741455,1,1
mZ944,1,394.784,-22.01643180847168,-3.067647933959961,1,1
mZ944,1,394.984,-20.997343063354492,-1.2698500156402588,1,1
mZ944,1,395.184,-19.443099975585938,-2.2886135578155518,1,1
mZ944,1,395.384,-15.184764862060547,-6.082127094268799,1,1
mZ944,1,395.584,-18.621625900268555,-6.316402435302734,1,1
mZ944,1,395.784,-14.342098236083984,-6.916611671447754,1,1
mZ944,1,395.984,-23.128276824951172,-5.928891658782959,1,1
mZ944,1,396.184,-19.790903091430664,-2.2462806701660156,1,1
mZ944,1,396.384,-18.87206268310547,1.8306633234024048,1,1
mZ944,1,396.584,-14.764253616333008,-5.097324371337891,1,1
mZ944,1,396.784,-13.474590301513672,-5.088696002960205,1,1
mZ944,1,396.984,-11.398041725158691,0.4496367871761322,1,1
mZ944,1,397.184,-19.954362869262695,-7.052931308746338,1,1
mZ944,1,397.384,-12.537225723266602,0.08320248872041702,1,1
mZ944,1,397.584,-19.92734718322754,-8.6629638671875,1,1
mZ944,1,397.784,-17.56346893310547,-4.862380027770996,1,1
mZ944,1,397.984,-17.30122947692871,-1.4794365167617798,1,1
mZ944,1,398.184,-18.509319305419922,-2.3268306255340576,1,1
mZ944,1,398.384,-14.201957702636719,-4.826977252960205,1,1
mZ944,1,398.584,-18.388774871826172,-4.118147373199463,1,1
mZ944,1,398.784,-19.71233367919922,-1.4955283403396606,1,1
mZ944,1,398.984,-20.52298927307129,-11.678260803222656,1,1
mZ944,1,399.184,-15.266587257385254,-3.1509132385253906,1,1
mZ944,1,399.384,-14.220675468444824,-5.7939839363098145,1,1
mZ944,1,399.584,-14.381284713745117,-4.529557704925537,1,1
mZ944,1,399.784,-19.441213607788086,-2.1339147090911865,1,1
mZ944,1,399.984,-20.98370933532715,-6.849580764770508,1,1
mZ944,1,400.184,-15.209965705871582,-10.830878257751465,1,1
mZ944,1,400.384,-14.99819278717041,-4.8931121826171875,1,1
mZ944,1,400.584,-16.641042709350586,0.08496563136577606,1,1
mZ944,1,400.784,-17.48076629638672,-3.4475643634796143,1,1
mZ944,1,400.984,-12.48624038696289,-8.340629577636719,1,1
mZ944,1,401.184,-18.095714569091797,-6.748296737670898,1,1
mZ944,1,401.384,-18.25726318359375,-7.385134696960449,1,1
mZ944,1,401.584,-19.768997192382812,-7.885234832763672,1,1
mZ944,1,401.784,-14.378191947937012,-5.527606964111328,1,1
mZ944,1,401.984,-18.264118194580078,-7.187520980834961,1,1
mZ944,1,402.184,-17.73897933959961,-3.1838860511779785,1,1
mZ944,1,402.384,-14.958930969238281,-1.788134217262268,1,1
mZ944,1,402.584,-13.266988754272461,-2.9590954780578613,1,1
mZ944,1,402.784,-19.48308563232422,-4.256382465362549,1,1
mZ944,1,402.984,-17.815326690673828,-6.9392313957214355,1,1
mZ944,1,403.184,-16.825841903686523,-9.639486312866211,1,1
mZ944,1,403.384,-16.586353302001953,-3.1802756786346436,1,1
mZ944,1,403.584,-13.94416618347168,-1.4789327383041382,1,1
mZ944,1,403.784,-21.20094871520996,-6.956821441650391,1,1
mZ944,1,403.984,-14.549837112426758,-7.695544242858887,1,1
mZ944,1,404.184,-14.103547096252441,-4.31742000579834,1,1
mZ944,1,404.384,-14.62145709991455,0.12721721827983856,1,1
mZ944,1,404.584,-17.482418060302734,-5.588345527648926,1,1
mZ944,1,404.784,-20.8477783203125,-8.486640930175781,1,1
mZ944,1,404.984,-15.493386268615723,-6.210021018981934,1,1
mZ944,1,405.184,-16.96230697631836,-2.55950927734375,1,1
mZ944,1,405.384,-18.276670455932617,-2.2264745235443115,1,1
mZ944,1,405.584,-17.43227195739746,-7.877523422241211,1,1
mZ944,1,405.784,-18.388320922851562,-2.257606267929077,1,1
mZ944,1,405.984,-20.45313262939453,-6.08608865737915,1,1
mZ944,1,406.184,-19.15931510925293,1.6697114706039429,1,1
mZ944,1,406.384,-15.363639831542969,-0.9963697195053101,1,1
mZ944,1,406.584,-21.37531089782715,-7.608240127563477,1,1
mZ944,1,406.784,-15.735934257507324,-5.305495262145996,1,1
mZ944,1,406.984,-18.58428192138672,-6.7885212898254395,1,1
mZ944,1,407.184,-15.19217586517334,-0.8292532563209534,1,1
mZ944,1,407.384,-12.232967376708984,-4.0740065574646,1,1
mZ944,1,407.584,-10.712825775146484,-1.0765948295593262,0,0
mZ944,1,407.784,-14.659831047058105,-6.8879547119140625,1,1
mZ944,1,407.984,-14.835275650024414,-0.6486779451370239,1,1
mZ944,1,408.184,-17.08892059326172,-3.5822789669036865,1,1
mZ944,1,408.384,-15.289546966552734,2.1122310161590576,1,1
mZ944,1,408.584,-14.5475435256958,-0.6751959323883057,1,1
mZ944,1,408.784,-16.53558921813965,-3.73830509185791,1,1
mZ944,1,408.984,-19.729393005371094,-3.209209680557251,1,1
mZ944,1,409.184,-20.13228416442871,-6.112638473510742,1,1
mZ944,1,409.384,-17.88944435119629,-2.2422966957092285,1,1
mZ944,1,409.584,-14.978649139404297,-5.433972358703613,1,1
mZ944,1,409.784,-18.693758010864258,-8.709593772888184,1,1
mZ944,1,409.984,-17.368785858154297,-4.819580554962158,1,1
mZ944,1,410.184,-15.259066581726074,-7.124472618103027,1,1
mZ944,1,410.384,-19.13108253479004,-2.7397639751434326,1,1
mZ944,1,410.584,-24.223041534423828,-1.2810784578323364,1,1
mZ944,1,410.784,-13.075332641601562,0.36666634678840637,1,1
mZ944,1,410.984,-18.586164474487305,-3.420393943786621,1,1
mZ944,1,411.184,-15.77018928527832,-6.340729236602783,1,1
mZ944,1,411.384,-15.378426551818848,-8.855355262756348,1,1
mZ944,1,411.584,-14.358543395996094,-10.537233352661133,1,1
mZ944,1,411.784,-21.869619369506836,-10.703019142150879,1,1
mZ944,1,411.984,-22.72108268737793,-7.302300930023193,1,1
mZ944,1,412.184,-7.754657745361328,-6.75381326675415,1,1
mZ944,1,412.384,-18.094806671142578,-2.1934216022491455,1,1
mZ944,1,412.584,-12.657363891601562,-6.761571407318115,1,1
mZ944,1,412.784,-11.12518310546875,-4.494271278381348,1,1
mZ944,1,412.984,-11.6939115524292,-7.331973552703857,0,0
mZ944,1,413.184,-18.985044479370117,-2.2131600379943848,1,1
mZ944,1,413.384,-13.00471019744873,-1.4453847408294678,1,1
mZ944,1,413.584,-13.908126831054688,-4.023245811462402,1,1
mZ944,1,413.784,-17.117958068847656,-2.472562551498413,1,1
mZ944,1,413.984,-17.89229965209961,-11.403311729431152,1,1
mZ944,1,414.184,-16.295059204101562,-6.154659271240234,1,1
mZ944,1,414.384,-19.479598999023438,-2.852853536605835,1,1
mZ944,1,414.584,-17.297189712524414,-5.990993499755859,1,1
mZ944,1,414.784,-11.620705604553223,-3.5745716094970703,1,1
mZ944,1,414.984,-15.568594932556152,-15.101696014404297,1,1
mZ944,1,415.184,-19.00172996520996,-1.2492836713790894,1,1
mZ944,1,415.384,-7.12575101852417,-3.0223960876464844,1,1
mZ944,1,415.584,-16.351348876953125,-5.831826210021973,1,1
mZ944,1,415.784,-17.296878814697266,-1.4549816846847534,1,1
mZ944,1,415.984,-16.750328063964844,-2.975844144821167,1,1
mZ944,1,416.184,-14.965044021606445,-6.548471450805664,1,1
mZ944,1,416.384,-14.267951965332031,-5.669624328613281,1,1
mZ944,1,416.584,-14.638914108276367,-1.8348746299743652,1,1
mZ944,1,416.784,-12.887550354003906,-1.9558902978897095,1,1
mZ944,1,416.984,-15.466120719909668,-2.989694595336914,1,1
mZ944,1,417.184,-21.70096778869629,-5.261340141296387,1,1
mZ944,1,417.384,-15.841307640075684,-5.6985554695129395,1,1
mZ944,1,417.584,-17.240020751953125,-5.638928413391113,1,1
mZ944,1,417.784,-10.851618766784668,-8.495302200317383,1,1
mZ944,1,417.984,-14.52479362487793,-3.8219056129455566,1,1
mZ944,1,418.184,-14.918424606323242,-2.9657790660858154,1,1
mZ944,1,418.384,-12.409530639648438,-3.475137948989868,1,1
mZ944,1,418.584,-16.737720489501953,-4.244140148162842,1,1
mZ944,1,418.784,-9.358407020568848,-8.37947940826416,1,1
mZ944,1,418.984,-16.6951904296875,-4.585002422332764,1,1
mZ944,1,419.184,-12.281743049621582,-1.4785711765289307,1,1
mZ944,1,419.384,-17.186464309692383,-6.146039962768555,1,1
mZ944,1,419.584,-11.560242652893066,2.180814266204834,1,1
mZ944,1,419.784,-16.46769142150879,-5.3038201332092285,1,1
mZ944,1,419.984,-11.874088287353516,-0.29707080125808716,1,1
mZ944,1,420.184,-10.462607383728027,3.883256673812866,1,1
mZ944,1,420.384,-15.535665512084961,0.5869489908218384,1,1
mZ944,1,420.584,-13.256672859191895,-6.903242588043213,1,1
mZ944,1,420.784,-9.91234302520752,-0.4707719385623932,1,1
mZ944,1,420.984,-11.68058967590332,0.212795227766037,1,1
mZ944,1,421.184,-14.791454315185547,6.206188201904297,1,1
mZ944,1,421.384,-10.584595680236816,6.121485710144043,1,1
mZ944,1,421.584,-12.88808536529541,-1.4414288997650146,1,1
mZ944,1,421.784,-8.633350372314453,-5.285069465637207,1,1
mZ944,1,421.984,-4.361475467681885,-1.3729863166809082,0,0
mZ944,1,422.184,-17.06766128540039,-1.055464267730713,1,1
mZ944,1,422.384,-14.081535339355469,4.2542243003845215,1,1
mZ944,1,422.584,-16.91506576538086,-2.7834503650665283,1,1
mZ944,1,422.784,-15.131834030151367,-3.2290892601013184,1,1
mZ944,1,422.984,-11.517953872680664,-3.853651762008667,1,1
mZ944,1,423.184,-17.7042179107666,-1.377740740776062,1,1
mZ944,1,423.384,-18.672616958618164,3.0635766983032227,1,1
mZ944,1,423.584,-15.46074104309082,-4.965697288513184,1,1
mZ944,1,423.784,-15.51961612701416,-3.390139102935791,1,1
mZ944,1,423.984,-14.2841215133667,-0.5434058308601379,1,1
mZ944,1,424.184,-22.776613235473633,-8.185537338256836,1,1
mZ944,1,424.384,-16.134592056274414,-4.799604892730713,1,1
mZ944,1,424.584,-18.817659378051758,-5.667110919952393,1,1
mZ944,1,424.784,-19.128684997558594,0.7334073185920715,1,1
mZ944,1,424.984,-11.244799613952637,-0.6465175151824951,1,1
mZ944,1,425.184,-8.524945259094238,-6.286925792694092,1,1
mZ944,1,425.384,-13.536495208740234,-11.45155143737793,1,1
mZ944,1,425.584,-19.472536087036133,-7.313246250152588,1,1
mZ944,1,425.784,-16.89699363708496,4.899959564208984,1,1
mZ944,1,425.984,-15.261055946350098,-3.106823682785034,1,1
mZ944,1,426.184,-19.357288360595703,-9.52595043182373,1,1
mZ944,1,426.384,-18.016803741455078,-3.036787271499634,1,1
mZ944,1,426.584,-14.162097930908203,-0.3673132359981537,1,1
mZ944,1,426.784,-13.378157615661621,8.721321105957031,1,1
mZ944,1,426.984,-13.23135757446289,-3.2403886318206787,1,1
mZ944,1,427.184,-12.358455657958984,-2.92480206489563,1,1
mZ944,1,427.384,-18.44239616394043,-1.7190313339233398,1,1
mZ944,1,427.584,-10.738310813903809,-8.616604804992676,1,1
mZ944,1,427.784,-19.950632095336914,-3.2565901279449463,1,1
mZ944,1,427.984,-17.857694625854492,-2.057260751724243,1,1
mZ944,1,428.184,-14.23469352722168,-7.023204803466797,1,1
mZ944,1,428.384,-8.409249305725098,-2.3037219047546387,1,1
mZ944,1,428.584,-17.77436637878418,-3.004732847213745,1,1
mZ944,1,428.784,-14.863876342773438,-10.086565017700195,1,1
mZ944,1,428.984,-16.813350677490234,-10.3735933303833,1,1
mZ944,1,429.184,-11.128329277038574,-6.0906147956848145,1,1
mZ944,1,429.384,-13.155232429504395,-7.53323221206665,1,1
mZ944,1,429.584,-14.587300300598145,-5.181471347808838,1,1
mZ944,1,429.784,-11.86616039276123,0.20661404728889465,1,1
mZ944,1,429.984,-17.24634552001953,-0.41900569200515747,1,1
mZ944,1,430.184,-15.008156776428223,-3.3677845001220703,1,1
mZ944,1,430.384,-14.4052095413208,-5.907008647918701,1,1
mZ944,1,430.584,-12.476940155029297,6.893612861633301,1,1
mZ944,1,430.784,-15.87391471862793,-2.3777921199798584,1,1
mZ944,1,430.984,-12.93108081817627,-0.7948492765426636,1,1
mZ944,1,431.184,-16.49042510986328,-7.5067338943481445,1,1
mZ944,1,431.384,-12.56336498260498,-1.7684563398361206,1,1
mZ944,1,431.584,-15.726115226745605,0.15955175459384918,1,1
mZ944,1,431.784,-6.485260963439941,0.0665772333741188,1,1
mZ944,1,431.984,-14.730910301208496,1.4922966957092285,1,1
mZ944,1,432.184,-16.15046501159668,-8.38912582397461,1,1
mZ944,1,432.384,-15.57032299041748,-0.12338277697563171,1,1
mZ944,1,432.584,-22.25948143005371,-1.9043182134628296,1,1
mZ944,1,432.784,-19.384479522705078,-8.856922149658203,1,1
mZ944,1,432.984,-17.65907859802246,-5.770595073699951,1,1
mZ944,1,433.184,-19.94306182861328,0.5699952840805054,1,1
mZ944,1,433.384,-20.200651168823242,-6.15209436416626,1,1
mZ944,1,433.584,-26.082015991210938,-11.901142120361328,1,1
mZ944,1,433.784,-21.132774353027344,-19.305784225463867,1,1
mZ944,1,433.984,-16.08457374572754,-2.1813323497772217,1,1
mZ944,1,434.184,-22.09299087524414,-8.205050468444824,1,1
mZ944,1,434.384,-21.482036590576172,-1.9863269329071045,1,1
mZ944,1,434.584,-15.447399139404297,-7.487611293792725,1,1
mZ944,1,434.784,-9.539787292480469,-5.457316875457764,1,1
mZ944,1,434.984,-11.666139602661133,-3.36173152923584,1,1
mZ944,1,435.184,-14.678655624389648,2.602318048477173,1,1
mZ944,1,435.384,-14.6001615524292,-1.6238319873809814,1,1
mZ944,1,435.584,-17.52642822265625,-0.822091817855835,1,1
mZ944,1,435.784,-13.263764381408691,-5.485301494598389,1,1
mZ944,1,435.984,-18.27170753479004,-8.200444221496582,1,1
mZ944,1,436.184,-16.93193817138672,-5.303420543670654,1,1
mZ944,1,436.384,-14.623876571655273,-3.990124464035034,1,1
mZ944,1,436.584,-17.19371223449707,-6.0453972816467285,1,1
mZ944,1,436.784,-16.558120727539062,-0.2898380756378174,1,1
mZ944,1,436.984,-15.420233726501465,-5.607682704925537,1,1
mZ944,1,437.184,-14.03159236907959,5.046731948852539,1,1
mZ944,1,437.384,-16.69215202331543,-0.6616216897964478,1,1
mZ944,1,437.584,-15.350142478942871,-6.799558639526367,1,1
mZ944,1,437.784,-17.013368606567383,-4.838883399963379,1,1
mZ944,1,437.984,-20.07753562927246,-16.342498779296875,1,1
mZ944,1,438.184,-21.989242553710938,-9.155417442321777,1,1
mZ944,1,438.384,-21.139795303344727,-5.494312763214111,1,1
mZ944,1,438.584,-15.348710060119629,2.797826051712036,1,1
mZ944,1,438.784,-18.216062545776367,-3.317363739013672,1,1
mZ944,1,438.984,-14.727828025817871,0.9086169600486755,0,0
mZ944,1,439.184,-13.921409606933594,4.4683356285095215,0,0
mZ944,1,439.384,-17.003488540649414,0.30397069454193115,0,0
mZ944,1,439.584,-13.681836128234863,-9.155874252319336,1,1
mZ944,1,439.784,-19.135393142700195,-7.11254358291626,1,1
mZ944,1,439.984,-9.281804084777832,-6.454235076904297,0,0
mZ944,1,440.184,-13.678445816040039,-6.032541751861572,1,1
mZ944,1,440.384,-24.8804988861084,-7.387621879577637,1,1
mZ944,1,440.584,-20.094730377197266,-10.513609886169434,1,1
mZ944,1,440.784,-17.248783111572266,-12.7632417678833,1,1
mZ944,1,440.984,-19.87093162536621,-10.862619400024414,1,1
mZ944,1,441.184,-22.642520904541016,-16.93024253845215,1,1
mZ944,1,441.384,-13.904695510864258,-5.7614006996154785,1,1
mZ944,1,441.584,-18.696638107299805,-8.172167778015137,1,1
mZ944,1,441.784,-16.91632080078125,-7.6465163230896,1,1
mZ944,1,441.984,-22.189611434936523,-8.452400207519531,1,1
mZ944,1,442.184,-20.176315307617188,-7.437661647796631,1,1
mZ944,1,442.384,-22.555727005004883,-12.009716987609863,1,1
mZ944,1,442.584,-23.616912841796875,-10.78182315826416,1,1
mZ944,1,442.784,-14.96280288696289,-11.514755249023438,1,1
mZ944,1,442.984,-21.884868621826172,-16.267072677612305,1,1
mZ944,1,443.184,-21.43025779724121,-16.480379104614258,1,1
mZ944,1,443.384,-18.807085037231445,-12.92241096496582,1,1
mZ944,1,443.584,-21.493785858154297,-8.504952430725098,1,1
mZ944,1,443.784,-16.456056594848633,-9.89824390411377,1,1
mZ944,1,443.984,-15.920144081115723,-8.052400588989258,1,1
mZ944,1,444.184,-18.79444694519043,-10.711576461791992,1,1
mZ944,1,444.384,-16.350601196289062,-12.385486602783203,0,0
mZ944,1,444.584,-21.833786010742188,-9.72620964050293,1,1
mZ944,1,444.784,-14.586337089538574,-12.332806587219238,0,0
mZ944,1,444.984,-20.238384246826172,-11.29631519317627,1,1
mZ944,1,445.184,-16.48988151550293,-6.039007663726807,1,1
mZ944,1,445.384,-17.783523559570312,-9.039167404174805,1,1
mZ944,1,445.584,-17.98209571838379,-8.414823532104492,1,1
mZ944,1,445.784,-18.937240600585938,-6.438185214996338,1,1
mZ944,1,445.984,-9.483175277709961,-6.635838508605957,1,1
mZ944,1,446.184,-15.802419662475586,-12.384989738464355,1,1
mZ944,1,446.384,-10.829360961914062,-6.930117130279541,1,1
mZ944,1,446.584,-16.83557891845703,-8.588726997375488,1,1
mZ944,1,446.784,-15.455962181091309,-9.787283897399902,1,1
mZ944,1,446.984,-13.853045463562012,-1.7431156635284424,1,1
mZ944,1,447.184,-11.16958999633789,-9.524173736572266,1,1
mZ944,1,447.384,-13.352919578552246,-8.363801956176758,0,0
mZ944,1,447.584,-18.384695053100586,-10.015231132507324,1,1
mZ944,1,447.784,-13.29541301727295,-3.3422632217407227,0,0
mZ944,1,447.984,-15.086103439331055,-15.208047866821289,1,1
mZ944,1,448.184,-20.50597381591797,-6.332085132598877,1,1
mZ944,1,448.384,-12.218162536621094,-7.826645374298096,1,1
mZ944,1,448.584,-16.04485511779785,-3.2821011543273926,1,1
mZ944,1,448.784,-14.553701400756836,-8.746344566345215,1,1
mZ944,1,448.984,-20.03689193725586,-6.057675838470459,1,1
mZ944,1,449.184,-16.270723342895508,-11.962175369262695,1,1
mZ944,1,449.384,-13.344520568847656,-9.471726417541504,1,1
mZ944,1,449.584,-15.628713607788086,-6.505660057067871,1,1
mZ944,1,449.784,-13.263932228088379,-7.066938877105713,1,1
mZ944,1,449.984,-17.723556518554688,-5.600406646728516,1,1
mZ944,1,450.184,-14.080580711364746,-9.612667083740234,1,1
mZ944,1,450.384,-10.828375816345215,-8.905996322631836,1,1
mZ944,1,450.584,-16.55229377746582,-7.65321683883667,1,1
mZ944,1,450.784,-16.777862548828125,-16.253894805908203,1,1
mZ944,1,450.984,-18.87453269958496,-15.35742473602295,1,1
mZ944,1,451.184,-17.77633285522461,-11.507991790771484,1,1
mZ944,1,451.384,-15.843966484069824,-11.561131477355957,1,1
mZ944,1,451.584,-16.030248641967773,-16.357362747192383,1,1
mZ944,1,451.784,-17.957542419433594,-6.573907852172852,1,1
mZ944,1,451.984,-19.95232582092285,-12.406723976135254,1,1
mZ944,1,452.184,-12.222006797790527,-13.60793399810791,1,1
mZ944,1,452.384,-8.501026153564453,-8.804821014404297,1,1
mZ944,1,452.584,-18.413162231445312,-15.830180168151855,1,1
mZ944,1,452.784,-15.306157112121582,-9.518505096435547,1,1
mZ944,1,452.984,-16.8038272857666,-12.788965225219727,1,1
mZ944,1,453.184,-19.423126220703125,-11.818056106567383,1,1
mZ944,1,453.384,-15.39773178100586,-10.254301071166992,1,1
mZ944,1,453.584,-16.77728843688965,-11.026006698608398,1,1
mZ944,1,453.784,-21.750396728515625,-3.8848981857299805,1,1
mZ944,1,453.984,-17.568069458007812,-2.3553450107574463,1,1
mZ944,1,454.184,-21.018226623535156,-6.731369972229004,1,1
mZ944,1,454.384,-20.399383544921875,-5.550168514251709,1,1
mZ944,1,454.584,-12.1265869140625,-9.29296588897705,1,1
mZ944,1,454.784,-19.735837936401367,-14.232751846313477,1,1
mZ944,1,454.984,-18.233640670776367,-12.948552131652832,1,1
mZ944,1,455.184,-16.887462615966797,-3.9177119731903076,1,1
mZ944,1,455.384,-17.82217025756836,-8.701251029968262,1,1
mZ944,1,455.584,-15.867778778076172,-8.27184009552002,1,1
mZ944,1,455.784,-14.040881156921387,-7.090253829956055,1,1
mZ944,1,455.984,-20.544090270996094,-10.045849800109863,1,1
mZ944,1,456.184,-16.849279403686523,-5.7352495193481445,1,1
mZ944,1,456.384,-18.754154205322266,-6.949782371520996,1,1
mZ944,1,456.584,-18.000089645385742,-4.671767234802246,1,1
mZ944,1,456.784,-20.681184768676758,-5.3118896484375,1,1
mZ944,1,456.984,-21.893096923828125,-7.570337772369385,1,1
mZ944,1,457.184,-16.679494857788086,-10.89238166809082,1,1
mZ944,1,457.384,-21.165803909301758,-6.712015628814697,1,1
mZ944,1,457.584,-15.525688171386719,-10.686716079711914,1,1
mZ944,1,457.784,-12.564292907714844,-6.102558135986328,1,1
mZ944,1,457.984,-14.617389678955078,-4.3040852546691895,1,1
mZ944,1,458.184,-18.084043502807617,-8.818092346191406,1,1
mZ944,1,458.384,-16.48331069946289,-9.971491813659668,1,1
mZ944,1,458.584,-18.08785057067871,-16.088163375854492,1,1
mZ944,1,458.784,-17.566944122314453,-4.999832630157471,1,1
mZ944,1,458.984,-18.71601104736328,-8.523847579956055,1,1
mZ944,1,459.184,-22.28151512145996,-10.003274917602539,1,1
mZ944,1,459.384,-18.297950744628906,-8.301989555358887,1,1
mZ944,1,459.584,-15.661709785461426,-14.76374340057373,1,1
mZ944,1,459.784,-14.612266540527344,-11.222657203674316,1,1
mZ944,1,459.984,-19.328855514526367,-14.990070343017578,1,1
mZ944,1,460.184,-13.677325248718262,-7.266274452209473,1,1
mZ944,1,460.384,-13.51590347290039,-0.5310924053192139,1,1
mZ944,1,460.584,-22.626399993896484,-8.380364418029785,1,1
mZ944,1,460.784,-15.468549728393555,-10.31592845916748,1,1
mZ944,1,460.984,-16.393775939941406,-13.885435104370117,1,1
mZ944,1,461.184,-13.307790756225586,-12.775801658630371,1,1
mZ944,1,461.384,-15.589540481567383,-10.842823028564453,1,1
mZ944,1,461.584,-14.755081176757812,-11.22882080078125,1,1
mZ944,1,461.784,-13.261187553405762,-5.568811893463135,1,1
mZ944,1,461.984,-16.621671676635742,-5.894331932067871,1,1
mZ944,1,462.184,-18.85753631591797,-4.900123119354248,1,1
mZ944,1,462.384,-12.877285957336426,1.4061754941940308,1,1
mZ944,1,462.584,-16.154857635498047,-7.526429176330566,1,1
mZ944,1,462.784,-16.567195892333984,-4.8649797439575195,1,1
mZ944,1,462.984,-19.513320922851562,0.09236546605825424,1,1
mZ944,1,463.184,-17.143978118896484,-6.592779636383057,1,1
mZ944,1,463.384,-17.250078201293945,0.21221236884593964,1,1
mZ944,1,463.584,-14.674103736877441,-4.0819854736328125,1,1
mZ944,1,463.784,-19.376079559326172,3.466275453567505,1,1
mZ944,1,463.984,-15.992542266845703,-3.8006601333618164,1,1
mZ944,1,464.184,-17.420900344848633,-3.8840503692626953,1,1
mZ944,1,464.384,-14.659423828125,-2.991046190261841,1,1
mZ944,1,464.584,-16.670799255371094,-2.5716493129730225,1,1
mZ944,1,464.784,-15.328136444091797,-5.207208156585693,1,1
mZ944,1,464.984,-15.353984832763672,-9.377828598022461,1,1
mZ944,1,465.184,-11.958307266235352,-2.5289206504821777,1,1
mZ944,1,465.384,-13.421807289123535,-0.9967740774154663,1,1
mZ944,1,465.584,-13.621416091918945,-8.86861515045166,1,1
mZ944,1,465.784,-11.946272850036621,-8.579524993896484,1,1
mZ944,1,465.984,-11.939441680908203,0.5583382248878479,1,1
mZ944,1,466.184,-20.968971252441406,-2.3878633975982666,1,1
mZ944,1,466.384,-18.06505584716797,-5.254493236541748,1,1
mZ944,1,466.584,-13.773941040039062,-5.25478458404541,1,1
mZ944,1,466.784,-13.309370040893555,0.602980375289917,1,1
mZ944,1,466.984,-19.719989776611328,-8.215982437133789,1,1
mZ944,1,467.184,-14.983222007751465,-3.708735942840576,1,1
mZ944,1,467.384,-17.140195846557617,4.529304504394531,1,1
mZ944,1,467.584,-17.011329650878906,2.8350491523742676,1,1
mZ944,1,467.784,-13.292691230773926,2.9219112396240234,1,1
mZ944,1,467.984,-16.88814926147461,3.4702162742614746,1,1
mZ944,1,468.184,-23.6353702545166,-11.441678047180176,1,1
mZ944,1,468.384,-11.557086944580078,2.864196538925171,1,1
mZ944,1,468.584,-12.066888809204102,1.7923083305358887,1,1
mZ944,1,468.784,-20.201656341552734,-0.8717585206031799,1,1
mZ944,1,468.984,-14.249059677124023,0.10915420204401016,1,1
mZ944,1,469.184,-14.480231285095215,3.1432604789733887,1,1
mZ944,1,469.384,-15.953890800476074,-2.5642387866973877,1,1
mZ944,1,469.584,-21.709455490112305,-4.537860870361328,1,1
mZ944,1,469.784,-13.731527328491211,-10.97455883026123,1,1
mZ944,1,469.984,-12.210983276367188,-2.115939140319824,1,1
mZ944,1,470.184,-17.482999801635742,-1.7164450883865356,1,1
mZ944,1,470.384,-19.323747634887695,-4.065638065338135,1,1
mZ944,1,470.584,-19.206451416015625,-7.808335781097412,1,1
mZ944,1,470.784,-15.534762382507324,1.14963960647583,1,1
mZ944,1,470.984,-17.493553161621094,-5.84516716003418,1,1
mZ944,1,471.184,-20.5233211517334,-3.621635913848877,1,1
mZ944,1,471.384,-21.34805679321289,-11.247945785522461,1,1
mZ944,1,471.584,-19.680919647216797,-8.98055362701416,1,1
mZ944,1,471.784,-19.790306091308594,-4.838849067687988,1,1
mZ944,1,471.984,-14.306459426879883,-6.921076774597168,1,1
mZ944,1,472.184,-22.57405662536621,-11.287548065185547,1,1
mZ944,1,472.384,-16.84122657775879,-7.942089080810547,1,1
mZ944,1,472.584,-17.492021560668945,-7.886716842651367,1,1
mZ944,1,472.784,-17.39156150817871,-10.072086334228516,1,1
mZ944,1,472.984,-13.083150863647461,-13.227869987487793,1,1
mZ944,1,473.184,-15.938222885131836,-6.299630641937256,1,1
mZ944,1,473.384,-14.690887451171875,-5.754205703735352,1,1
mZ944,1,473.584,-15.092485427856445,-3.627423048019409,1,1
mZ944,1,473.784,-19.44165802001953,-10.10993766784668,1,1
mZ944,1,473.984,-20.462560653686523,-9.045798301696777,1,1
mZ944,1,474.184,-19.79629898071289,-4.559995651245117,1,1
mZ944,1,474.384,-18.099021911621094,-8.135808944702148,1,1
mZ944,1,474.584,-18.240068435668945,-9.738300323486328,1,1
mZ944,1,474.784,-14.678947448730469,-10.108161926269531,1,1
mZ944,1,474.984,-21.041738510131836,-3.26654052734375,1,1
mZ944,1,475.184,-21.843441009521484,-6.614480018615723,1,1
mZ944,1,475.384,-17.848697662353516,6.5326151847839355,1,1
mZ944,1,475.584,-15.610966682434082,2.4280507564544678,1,1
mZ944,1,475.784,-14.390839576721191,-0.24404796957969666,1,1
mZ944,1,475.984,-13.369292259216309,-0.3407190442085266,1,1
mZ944,1,476.184,-19.05215835571289,-4.799383163452148,1,1
mZ944,1,476.384,-16.653390884399414,-9.057360649108887,1,1
mZ944,1,476.584,-13.923276901245117,3.6259050369262695,1,1
mZ944,1,476.784,-13.56893253326416,-0.4177921712398529,1,1
mZ944,1,476.984,-17.44193458557129,-12.173529624938965,1,1
mZ944,1,477.184,-18.80824089050293,-3.213082790374756,1,1
mZ944,1,477.384,-18.915828704833984,-10.079301834106445,1,1
mZ944,1,477.584,-21.769336700439453,-9.7311372756958,1,1
mZ944,1,477.784,-17.747882843017578,-4.9391188621521,1,1
mZ944,1,477.984,-15.452535629272461,-9.254263877868652,1,1
mZ944,1,478.184,-15.734997749328613,-4.490861892700195,1,1
mZ944,1,478.384,-19.35835075378418,-7.4808549880981445,1,1
mZ944,1,478.584,-19.232158660888672,-5.730164051055908,1,1
mZ944,1,478.784,-16.635255813598633,-11.09604549407959,1,1
mZ944,1,478.984,-21.182842254638672,-2.5770890712738037,1,1
mZ944,1,479.184,-23.28981590270996,-7.746212959289551,1,1
mZ944,1,479.384,-19.9465389251709,-8.927937507629395,1,1
mZ944,1,479.584,-17.888214111328125,-9.007942199707031,1,1
mZ944,1,479.784,-23.075313568115234,-16.282855987548828,1,1
mZ944,1,479.984,-23.36345672607422,-9.007234573364258,1,1
mZ944,1,480.184,-21.88074493408203,-7.838735103607178,1,1
mZ944,1,480.384,-15.76093864440918,-5.866519451141357,1,1
mZ944,1,480.584,-22.686723709106445,-6.895106792449951,1,1
mZ944,1,480.784,-13.968838691711426,0.6022807359695435,1,1
mZ944,1,480.984,-16.71625518798828,1.3949918746948242,1,1
mZ944,1,481.184,-22.08611488342285,-4.934358596801758,1,1
mZ944,1,481.384,-21.205732345581055,-6.182499885559082,1,1
mZ944,1,481.584,-16.875839233398438,-8.582839965820312,1,1
mZ944,1,481.784,-24.739519119262695,-9.374605178833008,1,1
mZ944,1,481.984,-25.410541534423828,-9.059656143188477,1,1
mZ944,1,482.184,-17.551652908325195,-10.275909423828125,1,1
mZ944,1,482.384,-23.613605499267578,-4.382387161254883,1,1
mZ944,1,482.584,-17.975683212280273,-7.479928970336914,1,1
mZ944,1,482.784,-23.1029109954834,-8.23668098449707,1,1
mZ944,1,482.984,-24.870832443237305,-5.6941423416137695,1,1
mZ944,1,483.184,-17.789405822753906,-5.338521480560303,1,1
mZ944,1,483.384,-21.752565383911133,-10.025814056396484,1,1
mZ944,1,483.584,-20.03544044494629,-7.99043083190918,1,1
mZ944,1,483.784,-19.584373474121094,-7.811044216156006,1,1
mZ944,1,483.984,-18.2523250579834,-7.347815036773682,1,1
mZ944,1,484.184,-18.104345321655273,-11.441534042358398,1,1
mZ944,1,484.384,-15.81543254852295,-5.475400447845459,1,1
mZ944,1,484.584,-19.71441650390625,-3.8993659019470215,1,1
mZ944,1,484.784,-21.855390548706055,-10.394486427307129,1,1
mZ944,1,484.984,-15.899117469787598,-10.293693542480469,1,1
mZ944,1,485.184,-22.027807235717773,-14.188579559326172,1,1
mZ944,1,485.384,-23.166391372680664,-6.2748870849609375,1,1
mZ944,1,485.584,-20.606914520263672,-11.15904426574707,1,1
mZ944,1,485.784,-21.500375747680664,-5.251847743988037,1,1
mZ944,1,485.984,-21.424476623535156,-5.707134246826172,1,1
mZ944,1,486.184,-15.251922607421875,-3.4165074825286865,1,1
mZ944,1,486.384,-20.760421752929688,-2.526536464691162,1,1
mZ944,1,486.584,-17.092594146728516,-0.48499834537506104,1,1
mZ944,1,486.784,-19.153676986694336,-0.6592203974723816,1,1
mZ944,1,486.984,-19.981117248535156,-5.018650054931641,1,1
mZ944,1,487.184,-21.83850860595703,-3.409017324447632,1,1
mZ944,1,487.384,-18.753278732299805,-1.0799825191497803,1,1
mZ944,1,487.584,-16.548845291137695,-6.715757369995117,1,1
mZ944,1,487.784,-16.212141036987305,-0.4254142940044403,1,1
mZ944,1,487.984,-26.974641799926758,-0.870937168598175,1,1
mZ944,1,488.184,-22.545940399169922,-0.7645025849342346,1,1
mZ944,1,488.384,-16.852632522583008,-5.283683776855469,1,1
mZ944,1,488.584,-15.861403465270996,-5.834467887878418,1,1
mZ944,1,488.784,-14.456645011901855,-9.978226661682129,1,1
mZ944,1,488.984,-17.086153030395508,-6.057563781738281,1,1
mZ944,1,489.184,-18.85810661315918,-8.812312126159668,1,1
mZ944,1,489.384,-20.867456436157227,-7.707770347595215,1,1
mZ944,1,489.584,-18.350900650024414,-3.047017812728882,1,1
mZ944,1,489.784,-23.236825942993164,-6.047662734985352,1,1
mZ944,1,489.984,-14.097908973693848,2.68979811668396,1,1
mZ944,1,490.184,-19.696077346801758,-7.700836658477783,1,1
mZ944,1,490.384,-17.475502014160156,-2.620849132537842,1,1
mZ944,1,490.584,-15.490842819213867,-5.423299789428711,1,1
mZ944,1,490.784,-22.4389591217041,-3.6548447608947754,1,1
mZ944,1,490.984,-24.766284942626953,-6.197600364685059,1,1
mZ944,1,491.184,-14.424744606018066,-5.742209434509277,1,1
mZ944,1,491.384,-20.90250015258789,-6.629366397857666,1,1
mZ944,1,491.584,-16.056617736816406,-4.345808029174805,1,1
mZ944,1,491.784,-23.096572875976562,-7.785373687744141,1,1
mZ944,1,491.984,-17.7735595703125,-5.60239315032959,1,1
mZ944,1,492.184,-15.522651672363281,-0.7148301601409912,1,1
mZ944,1,492.384,-19.754806518554688,-10.748788833618164,1,1
mZ944,1,492.584,-17.286914825439453,-3.833536386489868,1,1
mZ944,1,492.784,-17.718759536743164,-3.8999321460723877,1,1
mZ944,1,492.984,-17.96556282043457,-5.480154514312744,1,1
mZ944,1,493.184,-15.852961540222168,-1.290258526802063,1,1
mZ944,1,493.384,-22.692855834960938,-11.576953887939453,1,1
mZ944,1,493.584,-20.102256774902344,-11.875005722045898,1,1
mZ944,1,493.784,-21.178300857543945,0.29250064492225647,1,1
mZ944,1,493.984,-16.73800277709961,-4.858570575714111,1,1
mZ944,1,494.184,-15.701817512512207,-1.4514036178588867,1,1
mZ944,1,494.384,-19.320907592773438,-1.9950264692306519,1,1
mZ944,1,494.584,-18.940052032470703,-3.7861440181732178,1,1
mZ944,1,494.784,-16.19849967956543,-3.1637680530548096,1,1
mZ944,1,494.984,-20.215497970581055,-8.619510650634766,1,1
mZ944,1,495.184,-19.725069046020508,-1.8151328563690186,1,1
mZ944,1,495.384,-18.42392921447754,-5.770310878753662,1,1
mZ944,1,495.584,-20.58302879333496,-10.684789657592773,1,1
mZ944,1,495.784,-14.829631805419922,-6.694021701812744,1,1
mZ944,1,495.984,-12.779060363769531,-7.221946716308594,1,1
mZ944,1,496.184,-19.057920455932617,-3.8804399967193604,1,1
mZ944,1,496.384,-15.983295440673828,-10.99608039855957,1,1
mZ944,1,496.584,-20.109785079956055,-12.05291748046875,1,1
mZ944,1,496.784,-21.605146408081055,-8.570069313049316,1,1
mZ944,1,496.984,-19.019859313964844,-8.377695083618164,1,1
mZ944,1,497.184,-20.069026947021484,-8.080923080444336,1,1
mZ944,1,497.384,-16.24212646484375,-11.572371482849121,1,1
mZ944,1,497.584,-17.383865356445312,-18.151214599609375,1,1
mZ944,1,497.784,-22.56570053100586,-5.993841171264648,1,1
mZ944,1,497.984,-22.940723419189453,-12.76363468170166,1,1
mZ944,1,498.184,-15.614229202270508,-4.210422039031982,1,1
mZ944,1,498.384,-17.230398178100586,-3.4032108783721924,1,1
mZ944,1,498.584,-21.325891494750977,-3.8284711837768555,1,1
mZ944,1,498.784,-23.24679183959961,-3.2206223011016846,1,1
mZ944,1,498.984,-20.211814880371094,-6.7833967208862305,1,1
mZ944,1,499.184,-20.113107681274414,-7.381666660308838,1,1
mZ944,1,499.384,-22.181215286254883,-13.429996490478516,1,1
mZ944,1,499.584,-14.326560020446777,-10.777256965637207,1,1
mZ944,1,499.784,-20.77830696105957,-14.65118408203125,1,1
mZ944,1,499.984,-23.857196807861328,-7.48327112197876,1,1
mZ944,1,500.184,-22.11086654663086,-9.777384757995605,1,1
mZ944,1,500.384,-22.02543830871582,-10.77664852142334,1,1
mZ944,1,500.584,-19.5255069732666,-7.422256946563721,1,1
mZ944,1,500.784,-22.050823211669922,-9.194589614868164,1,1
mZ944,1,500.984,-21.967594146728516,-7.282884120941162,1,1
mZ944,1,501.184,-19.79247283935547,-6.718922138214111,1,1
mZ944,1,501.384,-15.472230911254883,0.7612751126289368,1,1
mZ944,1,501.584,-18.362455368041992,-5.582454204559326,1,1
mZ944,1,501.784,-13.387839317321777,-9.186826705932617,1,1
mZ944,1,501.984,-15.975332260131836,-16.53257942199707,1,1
mZ944,1,502.184,-20.213106155395508,-14.862948417663574,1,1
mZ944,1,502.384,-18.77311897277832,-8.47666072845459,1,1
mZ944,1,502.584,-17.0816593170166,-6.119725227355957,1,1
mZ944,1,502.784,-25.440841674804688,-8.135248184204102,1,1
mZ944,1,502.984,-18.37420082092285,-15.681540489196777,1,1
mZ944,1,503.184,-21.58445930480957,-10.980901718139648,1,1
mZ944,1,503.384,-23.372806549072266,-4.101504802703857,1,1
mZ944,1,503.584,-19.989805221557617,-7.122072696685791,1,1
mZ944,1,503.784,-22.15964698791504,-17.351945877075195,1,1
mZ944,1,503.984,-18.757104873657227,-0.7726394534111023,1,1
mZ944,1,504.184,-18.342599868774414,-8.95307731628418,1,1
mZ944,1,504.384,-18.98724365234375,-11.494040489196777,1,1
mZ944,1,504.584,-14.679610252380371,-5.7011799812316895,1,1
mZ944,1,504.784,-25.63919448852539,-9.390064239501953,1,1
mZ944,1,504.984,-17.256393432617188,-6.535749435424805,1,1
mZ944,1,505.184,-23.69266700744629,-10.80968952178955,1,1
mZ944,1,505.384,-17.791440963745117,-0.5401188135147095,1,1
mZ944,1,505.584,-25.0433292388916,-6.687008380889893,1,1
mZ944,1,505.784,-21.042633056640625,-2.572854995727539,1,1
mZ944,1,505.984,-23.927690505981445,-4.53788423538208,1,1
mZ944,1,506.184,-20.604904174804688,-2.979623556137085,1,1
mZ944,1,506.384,-23.410762786865234,-11.578295707702637,1,1
mZ944,1,506.584,-15.753020286560059,-2.647681474685669,1,1
mZ944,1,506.784,-19.883359909057617,-0.7597662806510925,1,1
mZ944,1,506.984,-22.04745101928711,-7.134582042694092,1,1
mZ944,1,507.184,-17.96357536315918,-2.403442621231079,1,1
mZ944,1,507.384,-15.846755981445312,-4.452991962432861,1,1
mZ944,1,507.584,-22.45054817199707,-10.16108512878418,1,1
mZ944,1,507.784,-15.781258583068848,-4.777462959289551,1,1
mZ944,1,507.984,-14.592228889465332,5.444171905517578,1,1
mZ944,1,508.184,-13.828714370727539,1.2137161493301392,1,1
mZ944,1,508.384,-23.646530151367188,2.0395469665527344,1,1
mZ944,1,508.584,-21.569808959960938,-4.687465190887451,1,1
mZ944,1,508.784,-17.62340545654297,-8.559636116027832,1,1
mZ944,1,508.984,-20.1123104095459,-2.05816650390625,1,1
mZ944,1,509.184,-17.268692016601562,2.393718719482422,1,1
mZ944,1,509.384,-17.045312881469727,2.729938268661499,1,1
mZ944,1,509.584,-19.737428665161133,2.504934549331665,1,1
mZ944,1,509.784,-23.717899322509766,-0.28135204315185547,1,1
mZ944,1,509.984,-17.972089767456055,-2.437647581100464,1,1
mZ944,1,510.184,-20.037378311157227,2.683830738067627,1,1
mZ944,1,510.384,-23.31634521484375,-3.019514560699463,1,1
mZ944,1,510.584,-15.819279670715332,-0.2417854219675064,1,1
mZ944,1,510.784,-20.508426666259766,0.9864501357078552,1,1
mZ944,1,510.984,-22.536502838134766,-2.313971757888794,1,1
mZ944,1,511.184,-23.80765724182129,-7.155430793762207,1,1
mZ944,1,511.384,-20.26988983154297,-5.915937423706055,1,1
mZ944,1,511.584,-21.75440216064453,-2.473590612411499,1,1
mZ944,1,511.784,-19.200124740600586,-6.148654460906982,1,1
mZ944,1,511.984,-20.759035110473633,-7.265468120574951,1,1
mZ944,1,512.184,-19.748279571533203,-3.327634334564209,1,1
mZ944,1,512.384,-20.532684326171875,-2.0780344009399414,1,1
mZ944,1,512.584,-18.627666473388672,-1.4466861486434937,1,1
mZ944,1,512.784,-20.884899139404297,-2.0596377849578857,1,1
mZ944,1,512.984,-18.58488655090332,-6.165471076965332,1,1
mZ944,1,513.184,-19.388090133666992,6.3583083152771,1,1
mZ944,1,513.384,-24.229230880737305,-0.9411934614181519,1,1
mZ944,1,513.584,-24.08938217163086,-4.531703472137451,1,1
mZ944,1,513.784,-25.496620178222656,-6.308945178985596,1,1
mZ944,1,513.984,-23.02943992614746,-4.702608108520508,1,1
mZ944,1,514.184,-18.837961196899414,4.5134453773498535,1,1
mZ944,1,514.384,-23.208480834960938,-4.643138408660889,1,1
mZ944,1,514.584,-22.563640594482422,-3.1937222480773926,1,1
mZ944,1,514.784,-22.672304153442383,-4.4629411697387695,1,1
mZ944,1,514.984,-16.61680030822754,0.33593887090682983,1,1
mZ944,1,515.184,-15.006205558776855,-3.532086133956909,1,1
mZ944,1,515.384,-19.539960861206055,0.3431680500507355,1,1
mZ944,1,515.584,-19.012651443481445,2.7704405784606934,1,1
mZ944,1,515.784,-20.665071487426758,-2.503978729248047,1,1
mZ944,1,515.984,-19.143152236938477,-1.47201406955719,1,1
mZ944,1,516.184,-18.336078643798828,1.600861668586731,1,1
mZ944,1,516.384,-15.578486442565918,-1.876131534576416,1,1
mZ944,1,516.584,-18.9794979095459,-5.040023326873779,1,1
mZ944,1,516.784,-14.844616889953613,-1.988785982131958,1,1
mZ944,1,516.984,-16.426342010498047,-3.853036642074585,1,1
mZ944,1,517.184,-20.154396057128906,3.4817209243774414,1,1
mZ944,1,517.384,-16.528379440307617,0.5389478802680969,1,1
mZ944,1,517.584,-18.58638572692871,1.3206455707550049,1,1
mZ944,1,517.784,-18.442014694213867,-3.51517915725708,1,1
mZ944,1,517.984,-18.79161262512207,4.8290557861328125,1,1
mZ944,1,518.184,-14.74093246459961,-1.4750579595565796,1,1
mZ944,1,518.384,-17.149259567260742,-2.733288049697876,1,1
mZ944,1,518.584,-18.40557861328125,0.43148860335350037,1,1
mZ944,1,518.784,-16.510713577270508,1.885642409324646,1,1
mZ944,1,518.984,-18.926118850708008,-1.3990821838378906,1,1
mZ944,1,519.184,-23.812429428100586,-7.832861423492432,1,1
mZ944,1,519.384,-20.577327728271484,-7.6381940841674805,1,1
mZ944,1,519.584,-16.574092864990234,-4.252252578735352,1,1
mZ944,1,519.784,-18.078020095825195,-2.4641740322113037,1,1
mZ944,1,519.984,-18.452882766723633,-9.517451286315918,1,1
mZ944,1,520.184,-17.3864803314209,-7.316032409667969,1,1
mZ944,1,520.384,-16.13547134399414,-7.317677021026611,1,1
mZ944,1,520.584,-18.16560173034668,-6.218289375305176,1,1
mZ944,1,520.784,-16.29843521118164,-1.831766128540039,1,1
mZ944,1,520.984,-17.602365493774414,-8.482292175292969,1,1
mZ944,1,521.184,-20.01985740661621,-8.18519115447998,1,1
mZ944,1,521.384,-22.157060623168945,1.7429604530334473,1,1
mZ944,1,521.584,-11.473320960998535,-1.7407505512237549,1,1
mZ944,1,521.784,-14.895538330078125,-2.6264331340789795,1,1
mZ944,1,521.984,-20.862071990966797,-0.028155971318483353,1,1
mZ944,1,522.184,-19.95671272277832,-0.032443366944789886,1,1
mZ944,1,522.384,-12.617307662963867,1.007766842842102,1,1
mZ944,1,522.584,-17.732990264892578,-1.9293298721313477,1,1
mZ944,1,522.784,-19.08416175842285,4.581270694732666,1,1
mZ944,1,522.984,-20.750120162963867,-4.660884857177734,1,1
mZ944,1,523.184,-16.606428146362305,1.434320330619812,1,1
mZ944,1,523.384,-16.682727813720703,3.6863820552825928,1,1
mZ944,1,523.584,-8.63735580444336,-4.215669631958008,1,1
mZ944,1,523.784,-20.256866455078125,-1.481056571006775,1,1
mZ944,1,523.984,-16.67020606994629,-2.7377049922943115,1,1
mZ944,1,524.184,-19.75058937072754,-8.407654762268066,1,1
mZ944,1,524.384,-17.514726638793945,-1.6478785276412964,1,1
mZ944,1,524.584,-14.661970138549805,-2.34069561958313,1,1
mZ944,1,524.784,-17.408716201782227,1.4348353147506714,1,1
mZ944,1,524.984,-13.97805118560791,0.1388828307390213,1,1
mZ944,1,525.184,-21.713285446166992,-0.9760408997535706,1,1
mZ944,1,525.384,-19.695905685424805,3.6868975162506104,1,1
mZ944,1,525.584,-11.534990310668945,10.638093948364258,1,1
mZ944,1,525.784,-18.0379695892334,0.04922713339328766,1,1
mZ944,1,525.984,-24.8253173828125,0.15317970514297485,1,1
mZ944,1,526.184,-17.745508193969727,3.9511373043060303,1,1
mZ944,1,526.384,-12.340576171875,-1.889941930770874,1,1
mZ944,1,526.584,-20.21918296813965,-0.23988206684589386,1,1
mZ944,1,526.784,-25.13996124267578,-6.451908588409424,1,1
mZ944,1,526.984,-19.385486602783203,0.9231034517288208,1,1
mZ944,1,527.184,-13.2683744430542,4.0523762702941895,1,1
mZ944,1,527.384,-27.038328170776367,-5.119558811187744,1,1
mZ944,1,527.584,-19.11830711364746,5.44535493850708,1,1
mZ944,1,527.784,-17.4824275970459,4.582281112670898,1,1
mZ944,1,527.984,-18.775402069091797,2.276618719100952,1,1
mZ944,1,528.184,-19.181671142578125,-3.837031602859497,1,1
mZ944,1,528.384,-13.60622787475586,0.8800511956214905,1,1
mZ944,1,528.584,-15.543486595153809,-5.81240177154541,1,1
mZ944,1,528.784,-23.323049545288086,1.6559743881225586,1,1
mZ944,1,528.984,-22.120140075683594,-5.211884498596191,1,1
mZ944,1,529.184,-18.51812171936035,1.9590327739715576,1,1
mZ944,1,529.384,-19.491472244262695,1.82929265499115,1,1
mZ944,1,529.584,-19.16692352294922,-4.548715114593506,1,1
mZ944,1,529.784,-13.110776901245117,2.2290825843811035,1,1
mZ944,1,529.984,-21.277063369750977,-5.670984745025635,1,1
mZ944,1,530.184,-21.846237182617188,-1.8246750831604004,1,1
mZ944,1,530.384,-19.776472091674805,-7.065064430236816,1,1
mZ944,1,530.584,-17.903350830078125,-4.9806952476501465,1,1
mZ944,1,530.784,-24.005701065063477,-10.755699157714844,1,1
mZ944,1,530.984,-17.5346736907959,-5.1627631187438965,1,1
mZ944,1,531.184,-14.754805564880371,-3.4983272552490234,1,1
mZ944,1,531.384,-20.355836868286133,-1.4524853229522705,1,1
mZ944,1,531.584,-16.788158416748047,-6.477966785430908,1,1
mZ944,1,531.784,-21.31543731689453,-12.025303840637207,1,1
mZ944,1,531.984,-12.286029815673828,-3.073413372039795,1,1
mZ944,1,532.184,-17.28016471862793,1.7568249702453613,1,1
mZ944,1,532.384,-17.537113189697266,-3.8799519538879395,1,1
mZ944,1,532.584,-18.83248519897461,3.4646236896514893,1,1
mZ944,1,532.784,-12.108908653259277,3.1631646156311035,1,1
mZ944,1,532.984,-17.301071166992188,1.251929521560669,1,1
mZ944,1,533.184,-19.879680633544922,0.7814038991928101,1,1
mZ944,1,533.384,-22.09258460998535,-1.2318207025527954,1,1
mZ944,1,533.584,-20.063901901245117,-2.8009400367736816,1,1
mZ944,1,533.784,-17.5533504486084,-3.2243845462799072,1,1
mZ944,1,533.984,-21.366294860839844,-6.355335712432861,1,1
mZ944,1,534.184,-14.618961334228516,-0.3736282289028168,1,1
mZ944,1,534.384,-18.97706413269043,-0.20891976356506348,1,1
mZ944,1,534.584,-19.053930282592773,-1.4550409317016602,1,1
mZ944,1,534.784,-24.4265193939209,-4.942561626434326,1,1
mZ944,1,534.984,-18.983985900878906,-4.2072858810424805,1,1
mZ944,1,535.184,-17.054119110107422,-3.058785915374756,1,1
mZ944,1,535.384,-19.770244598388672,-7.107391834259033,1,1
mZ944,1,535.584,-21.916603088378906,-6.123484134674072,1,1
mZ944,1,535.784,-22.61281394958496,1.3751471042633057,1,1
mZ944,1,535.984,-20.547361373901367,-5.4138569831848145,1,1
mZ944,1,536.184,-24.039196014404297,-10.360855102539062,1,1
mZ944,1,536.384,-19.323453903198242,-1.4679956436157227,1,1
mZ944,1,536.584,-26.745258331298828,-7.802497386932373,1,1
mZ944,1,536.784,-20.86186981201172,-1.9520244598388672,1,1
mZ944,1,536.984,-21.525897979736328,-1.276326060295105,1,1
mZ944,1,537.184,-23.2912654876709,-6.144337177276611,1,1
mZ944,1,537.384,-19.634262084960938,-2.3015928268432617,1,1
mZ944,1,537.584,-20.379743576049805,-5.794795513153076,1,1
mZ944,1,537.784,-15.920453071594238,-0.3277128040790558,1,1
mZ944,1,537.984,-27.661212921142578,-1.6261597871780396,1,1
mZ944,1,538.184,-26.04059600830078,0.4302600622177124,1,1
mZ944,1,538.384,-21.096099853515625,11.7459077835083,1,1
mZ944,1,538.584,-25.16498565673828,-3.4375035762786865,1,1
mZ944,1,538.784,-20.366966247558594,1.7623491287231445,1,1
mZ944,1,538.984,-16.412736892700195,4.784552097320557,1,1
mZ944,1,539.184,-15.17896556854248,5.084566116333008,1,1
mZ944,1,539.384,-19.30782699584961,3.3898072242736816,1,1
mZ944,1,539.584,-18.67600440979004,2.632500648498535,1,1
mZ944,1,539.784,-20.780120849609375,-0.5906257629394531,1,1
mZ944,1,539.984,-24.369953155517578,0.9325449466705322,1,1
mZ944,1,540.184,-17.342815399169922,1.4384878873825073,1,1
mZ944,1,540.384,-19.07512664794922,0.18426965177059174,1,1
mZ944,1,540.584,-16.098064422607422,7.335749626159668,1,1
mZ944,1,540.784,-24.2442569732666,-1.8356190919876099,1,1
mZ944,1,540.984,-24.306549072265625,-6.519730567932129,1,1
mZ944,1,541.184,-21.56783103942871,0.7563279867172241,1,1
mZ944,1,541.384,-19.769393920898438,-0.2386857122182846,1,1
mZ944,1,541.584,-18.281057357788086,0.21289394795894623,1,1
mZ944,1,541.784,-20.413414001464844,1.7870259284973145,1,1
mZ944,1,541.984,-17.074676513671875,9.436432838439941,1,1
mZ944,1,542.184,-15.129433631896973,0.7579708099365234,1,1
mZ944,1,542.384,-20.028135299682617,6.838982105255127,1,1
mZ944,1,542.584,-15.716340065002441,3.397646188735962,1,1
mZ944,1,542.784,-16.19092559814453,10.911833763122559,1,1
mZ944,1,542.984,-17.5147647857666,0.20650799572467804,1,1
mZ944,1,543.184,-14.092836380004883,1.5976086854934692,1,1
mZ944,1,543.384,-20.871435165405273,-1.304622769355774,1,1
mZ944,1,543.584,-14.700467109680176,2.4536213874816895,1,1
mZ944,1,543.784,-18.082237243652344,-1.4363676309585571,1,1
mZ944,1,543.984,-15.58298110961914,-3.5646045207977295,1,1
mZ944,1,544.184,-21.4453125,-3.4604694843292236,1,1
mZ944,1,544.384,-13.033607482910156,1.7818602323532104,1,1
mZ944,1,544.584,-17.711933135986328,1.7864573001861572,1,1
mZ944,1,544.784,-17.17490577697754,-0.417827844619751,1,1
mZ944,1,544.984,-16.645896911621094,-10.761767387390137,1,1
mZ944,1,545.184,-17.67454719543457,-6.567375183105469,1,1
mZ944,1,545.384,-13.450835227966309,-2.2699079513549805,1,1
mZ944,1,545.584,-16.966073989868164,1.1883339881896973,1,1
mZ944,1,545.784,-12.818062782287598,-4.263304233551025,1,1
mZ944,1,545.984,-8.133726119995117,-0.0834461972117424,1,1
mZ944,1,546.184,-18.38908576965332,-1.9364664554595947,1,1
mZ944,1,546.384,-12.116114616394043,-6.917288303375244,1,1
mZ944,1,546.584,-17.162738800048828,-2.371729612350464,1,1
mZ944,1,546.784,-21.94398307800293,-1.4271849393844604,1,1
mZ944,1,546.984,-19.0457763671875,4.986252784729004,1,1
mZ944,1,547.184,-23.12752342224121,-1.997377634048462,1,1
mZ944,1,547.384,-18.06299591064453,-3.4219553470611572,1,1
mZ944,1,547.584,-17.716644287109375,-7.7464094161987305,1,1
mZ944,1,547.784,-20.660892486572266,-0.9114783406257629,1,1
mZ944,1,547.984,-15.040213584899902,-6.543449878692627,1,1
mZ944,1,548.184,-18.75557518005371,-1.1818339824676514,1,1
mZ944,1,548.384,-19.94496726989746,-2.5152225494384766,1,1
mZ944,1,548.584,-22.06574058532715,-7.499056816101074,1,1
mZ944,1,548.784,-15.271818161010742,-3.1543569564819336,1,1
mZ944,1,548.984,-16.8741512298584,-3.2998461723327637,1,1
mZ944,1,549.184,-16.149120330810547,-8.179317474365234,1,1
mZ944,1,549.384,-19.169357299804688,-4.165729999542236,1,1
mZ944,1,549.584,-13.980842590332031,-1.4040199518203735,1,1
mZ944,1,549.784,-22.06343650817871,-1.781522274017334,1,1
mZ944,1,549.984,-17.25143051147461,4.877155780792236,1,1
mZ944,1,550.184,-24.64126968383789,1.8132822513580322,1,1
mZ944,1,550.384,-12.26395034790039,1.2859915494918823,1,1
mZ944,1,550.584,-5.9500412940979,-6.919544696807861,1,1
mZ944,1,550.784,-10.862627983093262,0.11156941205263138,1,1
mZ944,1,550.984,-12.778971672058105,0.8213686347007751,1,1
mZ944,1,551.184,-17.485624313354492,-9.505701065063477,1,1
mZ944,1,551.384,-17.35950469970703,-1.770763635635376,1,1
mZ944,1,551.584,-17.04918670654297,-2.8002841472625732,1,1
mZ944,1,551.784,-16.342702865600586,-2.325817346572876,1,1
mZ944,1,551.984,-13.828697204589844,-2.483736515045166,1,1
mZ944,1,552.184,-18.264619827270508,-5.5052666664123535,1,1
mZ944,1,552.384,-20.0772705078125,-2.357238292694092,1,1
mZ944,1,552.584,-20.815397262573242,-4.125585079193115,1,1
mZ944,1,552.784,-16.74241065979004,-0.8058830499649048,1,1
mZ944,1,552.984,-23.396343231201172,-8.167197227478027,1,1
mZ944,1,553.184,-23.645225524902344,-5.197224140167236,1,1
mZ944,1,553.384,-20.46617317199707,-5.668911933898926,1,1
mZ944,1,553.584,-24.54027557373047,-6.265296936035156,1,1
mZ944,1,553.784,-22.593233108520508,-6.244330406188965,1,1
mZ944,1,553.984,-21.748809814453125,-6.585697174072266,1,1
mZ944,1,554.184,-23.830265045166016,-5.542375564575195,1,1
mZ944,1,554.384,-23.28631019592285,-6.580595970153809,1,1
mZ944,1,554.584,-19.59689712524414,-8.571781158447266,1,1
mZ944,1,554.784,-19.396459579467773,-5.66475248336792,1,1
mZ944,1,554.984,-16.360557556152344,-0.2981629967689514,1,1
mZ944,1,555.184,-19.748804092407227,-4.332233428955078,1,1
mZ944,1,555.384,-22.500295639038086,-14.712934494018555,1,1
mZ944,1,555.584,-24.993083953857422,-9.459858894348145,1,1
mZ944,1,555.784,-24.915891647338867,-1.9844415187835693,1,1
mZ944,1,555.984,-20.203439712524414,-4.660359859466553,1,1
mZ944,1,556.184,-22.209129333496094,-6.69734525680542,1,1
mZ944,1,556.384,-28.076549530029297,-5.5461602210998535,1,1
mZ944,1,556.584,-16.656219482421875,-3.767064094543457,1,1
mZ944,1,556.784,-18.95005226135254,-10.20093059539795,1,1
mZ944,1,556.984,-22.963327407836914,-11.124687194824219,1,1
mZ944,1,557.184,-18.507705688476562,-2.065825939178467,1,1
mZ944,1,557.384,-18.0787410736084,-6.1484198570251465,1,1
mZ944,1,557.584,-21.291738510131836,-15.295514106750488,1,1
mZ944,1,557.784,-20.032760620117188,-5.256566047668457,1,1
mZ944,1,557.984,-22.77492904663086,-8.177983283996582,1,1
mZ944,1,558.184,-23.21695327758789,-5.1204094886779785,1,1
mZ944,1,558.384,-19.490407943725586,0.7762650847434998,1,1
mZ944,1,558.584,-22.724939346313477,-4.123533248901367,1,1
mZ944,1,558.784,-21.52243423461914,-6.6872406005859375,1,1
mZ944,1,558.984,-25.641725540161133,-8.193970680236816,1,1
mZ944,1,559.184,-18.071748733520508,-6.529449939727783,1,1
mZ944,1,559.384,-20.221851348876953,-1.1447330713272095,1,1
mZ944,1,559.584,-19.91130256652832,-1.3777378797531128,1,1
mZ944,1,559.784,-22.382858276367188,-3.4097702503204346,1,1
mZ944,1,559.984,-18.98115348815918,-4.218677520751953,1,1
mZ944,1,560.184,-23.461978912353516,-3.6114840507507324,1,1
mZ944,1,560.384,-21.83316993713379,6.015410900115967,1,1
mZ944,1,560.584,-20.761592864990234,-7.84036922454834,1,1
mZ944,1,560.784,-16.41282844543457,0.6158401370048523,1,1
mZ944,1,560.984,-18.07077407836914,-1.5102226734161377,1,1
mZ944,1,561.184,-22.956634521484375,-3.7474722862243652,1,1
mZ944,1,561.384,-16.662559509277344,-2.1080052852630615,0,0
mZ944,1,561.584,-16.435213088989258,0.3244841396808624,1,1
mZ944,1,561.784,-16.338481903076172,-7.589993476867676,1,1
mZ944,1,561.984,-18.8498592376709,-3.6648917198181152,1,1
mZ944,1,562.184,-23.687427520751953,-6.203258037567139,1,1
mZ944,1,562.384,-18.712923049926758,-2.464693784713745,1,1
mZ944,1,562.584,-20.51122283935547,-8.170251846313477,1,1
mZ944,1,562.784,-22.035490036010742,-0.5657883882522583,1,1
mZ944,1,562.984,-21.898653030395508,-2.110849142074585,1,1
mZ944,1,563.184,-25.585933685302734,-9.68759536743164,1,1
mZ944,1,563.384,-23.19244956970215,-10.1583251953125,1,1
mZ944,1,563.584,-23.637393951416016,-1.3374935388565063,1,1
mZ944,1,563.784,-19.387495040893555,-4.782781600952148,0,0
mZ944,1,563.984,-19.16228675842285,0.5437554121017456,1,1
mZ944,1,564.184,-19.185134887695312,5.253575325012207,1,1
mZ944,1,564.384,-26.401100158691406,-7.899312496185303,1,1
mZ944,1,564.584,-15.885293960571289,-6.3110151290893555,1,1
mZ944,1,564.784,-20.215436935424805,-2.586909532546997,1,1
mZ944,1,564.984,-22.215988159179688,-8.239296913146973,1,1
mZ944,1,565.184,-26.432058334350586,-7.924089431762695,1,1
mZ944,1,565.384,-18.329275131225586,-2.266134023666382,1,1
mZ944,1,565.584,-25.241586685180664,-5.821700096130371,1,1
mZ944,1,565.784,-19.42346954345703,-8.04648494720459,1,1
mZ944,1,565.984,-19.243309020996094,-6.890814304351807,1,1
mZ944,1,566.184,-24.06433868408203,-6.411542892456055,1,1
mZ944,1,566.384,-23.95569610595703,-7.433662414550781,1,1
mZ944,1,566.584,-19.554332733154297,-3.58541202545166,1,1
mZ944,1,566.784,-20.39397621154785,-2.3205230236053467,1,1
mZ944,1,566.984,-21.392520904541016,-5.278632164001465,1,1
mZ944,1,567.184,-18.962114334106445,-11.6727876663208,1,1
mZ944,1,567.384,-22.525522232055664,-12.337754249572754,1,1
mZ944,1,567.584,-23.534198760986328,-13.107284545898438,1,1
mZ944,1,567.784,-28.56911277770996,-7.732967376708984,1,1
mZ944,1,567.984,-24.150596618652344,-5.660680294036865,1,1
mZ944,1,568.184,-23.299564361572266,-4.56828498840332,1,1
mZ944,1,568.384,-16.386428833007812,-2.3514647483825684,0,0
mZ944,1,568.584,-20.703367233276367,-7.805135726928711,1,1
mZ944,1,568.784,-26.998180389404297,-2.529223680496216,1,1
mZ944,1,568.984,-20.48442268371582,1.9346076250076294,0,0
mZ944,1,569.184,-20.565404891967773,-8.439168930053711,1,1
mZ944,1,569.384,-19.01296043395996,-8.221702575683594,1,1
mZ944,1,569.584,-26.158355712890625,-1.36189603805542,1,1
mZ944,1,569.784,-25.682355880737305,-8.55892562866211,1,1
mZ944,1,569.984,-27.619508743286133,-8.251687049865723,1,1
mZ944,1,570.184,-22.630651473999023,-11.177181243896484,1,1
mZ944,1,570.384,-21.47138023376465,-9.508134841918945,1,1
mZ944,1,570.584,-19.812705993652344,-12.208094596862793,1,1
mZ944,1,570.784,-23.655014038085938,-8.1640043258667,1,1
mZ944,1,570.984,-26.396160125732422,-11.294172286987305,1,1
mZ944,1,571.184,-18.04604148864746,-5.804449558258057,0,0
mZ944,1,571.384,-19.303001403808594,-3.160745620727539,0,0
mZ944,1,571.584,-22.233179092407227,-10.774364471435547,0,0
mZ944,1,571.784,-22.596372604370117,-9.908851623535156,1,1
mZ944,1,571.984,-23.62701416015625,-9.702853202819824,1,1
mZ944,1,572.184,-19.91873550415039,-12.801039695739746,1,1
mZ944,1,572.384,-23.215274810791016,-7.038326263427734,1,1
mZ944,1,572.584,-20.260709762573242,-12.974912643432617,1,1
mZ944,1,572.784,-25.156490325927734,-9.362415313720703,1,1
mZ944,1,572.984,-20.645998001098633,-9.616236686706543,1,1
mZ944,1,573.184,-19.790639877319336,-8.030437469482422,1,1
mZ944,1,573.384,-19.865018844604492,-4.242882251739502,1,1
mZ944,1,573.584,-18.88179588317871,-4.000023365020752,1,1
mZ944,1,573.784,-21.55707550048828,-6.646830081939697,1,1
mZ944,1,573.984,-23.526744842529297,-10.035722732543945,1,1
mZ944,1,574.184,-23.084613800048828,-13.190339088439941,1,1
mZ944,1,574.384,-30.44624137878418,-8.034072875976562,1,1
mZ944,1,574.584,-23.168943405151367,-9.91126537322998,1,1
mZ944,1,574.784,-22.277528762817383,-7.5097856521606445,1,1
mZ944,1,574.984,-22.131145477294922,-2.550778865814209,1,1
mZ944,1,575.184,-30.016698837280273,-5.517488956451416,1,1
mZ944,1,575.384,-19.88604736328125,-1.242502212524414,1,1
mZ944,1,575.584,-20.56952667236328,-5.0274977684021,1,1
mZ944,1,575.784,-25.677831649780273,-2.8058156967163086,1,1
mZ944,1,575.984,-27.381242752075195,4.594449996948242,1,1
mZ944,1,576.184,-21.70587730407715,3.0739047527313232,1,1
mZ944,1,576.384,-23.119647979736328,-3.886749029159546,1,1
mZ944,1,576.584,-20.82602882385254,1.039658784866333,0,0
mZ944,1,576.784,-22.417583465576172,-3.0186638832092285,0,0
mZ944,1,576.984,-23.347394943237305,1.7528319358825684,1,1
mZ944,1,577.184,-23.395118713378906,-9.906123161315918,1,1
mZ944,1,577.384,-22.27117919921875,-1.7308673858642578,0,0
mZ944,1,577.584,-14.472220420837402,2.0919313430786133,0,0
mZ944,1,577.784,-20.072912216186523,3.739760637283325,0,0
mZ944,1,577.984,-22.011144638061523,-8.348958969116211,0,0
mZ944,1,578.184,-12.629225730895996,-0.4026234447956085,0,0
mZ944,1,578.384,-25.545917510986328,0.060762371867895126,0,0
mZ944,1,578.584,-23.123878479003906,-9.05446720123291,0,0
mZ944,1,578.784,-21.50848388671875,-6.282299041748047,0,0
mZ944,1,578.984,-22.472631454467773,-5.2289652824401855,1,1
mZ944,1,579.184,-17.138826370239258,-1.8344703912734985,0,0
mZ944,1,579.384,-22.37559700012207,0.9335058927536011,0,0
mZ944,1,579.584,-22.991256713867188,-5.949551105499268,0,0
mZ944,1,579.784,-24.83208656311035,-3.251415967941284,0,0
mZ944,1,579.984,-21.587656021118164,-3.2370810508728027,1,1
mZ944,1,580.184,-18.128122329711914,-7.4442853927612305,0,0
mZ944,1,580.384,-22.835948944091797,-0.4115324914455414,1,1
mZ944,1,580.584,-27.238698959350586,-3.293626070022583,1,1
mZ944,1,580.784,-22.083921432495117,-5.214456558227539,1,1
mZ944,1,580.984,-22.779788970947266,5.266269683837891,0,0
mZ944,1,581.184,-24.073719024658203,-0.3109775483608246,1,1
mZ944,1,581.384,-23.037879943847656,-6.198328971862793,1,1
mZ944,1,581.584,-22.42938232421875,-1.9048212766647339,1,1
mZ944,1,581.784,-19.651973724365234,-5.262723922729492,1,1
mZ944,1,581.984,-18.075746536254883,-3.4562742710113525,1,1
mZ944,1,582.184,-22.546964645385742,-6.3580803871154785,1,1
mZ944,1,582.384,-23.90067481994629,-0.19483180344104767,1,1
mZ944,1,582.584,-24.49439239501953,-3.139207363128662,1,1
mZ944,1,582.784,-21.084287643432617,-2.451622247695923,1,1
mZ944,1,582.984,-21.09665870666504,-7.463586807250977,1,1
mZ944,1,583.184,-16.43720054626465,-0.40943771600723267,1,1
mZ944,1,583.384,-16.212980270385742,2.5414347648620605,1,1
mZ944,1,583.584,-18.252187728881836,1.8641135692596436,1,1
mZ944,1,583.784,-18.214906692504883,0.5908622741699219,1,1
mZ944,1,583.984,-20.398666381835938,-3.474452018737793,1,1
mZ944,1,584.184,-20.267568588256836,-1.22991144657135,1,1
mZ944,1,584.384,-14.500455856323242,0.8114039897918701,1,1
mZ944,1,584.584,-17.683074951171875,2.4991514682769775,1,1
mZ944,1,584.784,-17.796262741088867,-3.49185848236084,1,1
mZ944,1,584.984,-17.19071388244629,2.504232883453369,1,1
mZ944,1,585.184,-18.391441345214844,-2.995605945587158,1,1
mZ944,1,585.384,-18.305095672607422,-3.688605785369873,1,1
mZ944,1,585.584,-22.149749755859375,-8.182652473449707,1,1
mZ944,1,585.784,-19.406740188598633,-3.669961929321289,1,1
mZ944,1,585.984,-15.670234680175781,-1.0816453695297241,1,1
mZ944,1,586.184,-15.327570915222168,-1.5441973209381104,1,1
mZ944,1,586.384,-20.072460174560547,0.14307920634746552,1,1
mZ944,1,586.584,-21.284013748168945,0.5437134504318237,1,1
mZ944,1,586.784,-21.61554718017578,1.8923182487487793,1,1
mZ944,1,586.984,-18.165451049804688,-6.099608898162842,1,1
mZ944,1,587.184,-17.936511993408203,0.8341817259788513,1,1
mZ944,1,587.384,-18.545135498046875,-2.832961082458496,1,1
mZ944,1,587.584,-15.251235008239746,0.8152172565460205,1,1
mZ944,1,587.784,-20.36565399169922,-1.4457019567489624,1,1
mZ944,1,587.984,-18.134628295898438,-0.5852466821670532,1,1
mZ944,1,588.184,-20.819477081298828,-4.864348411560059,1,1
mZ944,1,588.384,-21.560993194580078,-7.270583152770996,1,1
mZ944,1,588.584,-20.63808822631836,-1.6121834516525269,1,1
mZ944,1,588.784,-18.27025032043457,-0.26823151111602783,1,1
mZ944,1,588.984,-20.643796920776367,0.07258043438196182,1,1
mZ944,1,589.184,-19.775217056274414,-2.164646863937378,1,1
mZ944,1,589.384,-21.23549461364746,-1.3743271827697754,1,1
mZ944,1,589.584,-26.443174362182617,-3.3759145736694336,1,1
mZ944,1,589.784,-14.431657791137695,-0.8655813336372375,1,1
mZ944,1,589.984,-21.711624145507812,-0.44253796339035034,1,1
mZ944,1,590.184,-24.111467361450195,-3.573436975479126,1,1
mZ944,1,590.384,-21.006290435791016,5.148436069488525,1,1
mZ944,1,590.584,-17.43084716796875,1.4014078378677368,1,1
mZ944,1,590.784,-18.948715209960938,3.767923355102539,1,1
mZ944,1,590.984,-24.21651268005371,-4.175379276275635,1,1
mZ944,1,591.184,-18.350139617919922,1.3981155157089233,1,1
mZ944,1,591.384,-20.67766571044922,-4.401400566101074,1,1
mZ944,1,591.584,-18.196645736694336,-4.050642013549805,1,1
mZ944,1,591.784,-16.999984741210938,-0.8914244174957275,1,1
mZ944,1,591.984,-16.593564987182617,2.9002504348754883,1,1
mZ944,2,199.8,-18.880409240722656,-16.242290496826172,0,0
mZ944,2,200.0,-14.496570587158203,-15.494682312011719,0,0
mZ944,2,200.2,-18.266822814941406,-9.223725318908691,0,0
mZ944,2,200.4,-19.90068244934082,-10.100894927978516,0,0
mZ944,2,200.6,-16.69504165649414,-10.839922904968262,0,0
mZ944,2,200.8,-20.053728103637695,-13.854666709899902,0,0
mZ944,2,201.0,-16.27426528930664,-15.04880142211914,0,0
mZ944,2,201.2,-19.822460174560547,-0.4951349198818207,0,0
mZ944,2,201.4,-17.2863826751709,-4.642874717712402,0,0
mZ944,2,201.6,-17.465503692626953,-9.132772445678711,0,0
mZ944,2,201.8,-19.32137680053711,-5.815745830535889,0,0
mZ944,2,202.0,-10.436644554138184,-6.26722526550293,0,0
mZ944,2,202.2,-17.52273178100586,-10.243803024291992,0,0
mZ944,2,202.4,-16.1790828704834,-11.33829116821289,0,0
mZ944,2,202.6,-15.986726760864258,-10.27482795715332,0,0
mZ944,2,202.8,-16.79667091369629,-8.035539627075195,0,0
mZ944,2,203.0,-11.538664817810059,-12.782906532287598,0,0
mZ944,2,203.2,-13.782755851745605,-13.782856941223145,0,0
mZ944,2,203.4,-18.0538330078125,0.6521822214126587,0,0
mZ944,2,203.6,-14.844816207885742,-7.2911601066589355,0,0
mZ944,2,203.8,-12.811197280883789,-11.588445663452148,0,0
mZ944,2,204.0,-15.051701545715332,-4.553483486175537,0,0
mZ944,2,204.2,-17.195993423461914,-4.66745662689209,0,0
mZ944,2,204.4,-8.161811828613281,-3.3629679679870605,0,0
mZ944,2,204.6,-19.903932571411133,-8.177870750427246,0,0
mZ944,2,204.8,-19.695598602294922,-16.837940216064453,0,0
mZ944,2,205.0,-18.198352813720703,-12.661371231079102,0,0
mZ944,2,205.2,-14.928528785705566,-7.811678409576416,0,0
mZ944,2,205.4,-19.24263572692871,-4.221607685089111,0,0
mZ944,2,205.6,-15.897851943969727,-11.999212265014648,0,0
mZ944,2,205.8,-18.107561111450195,-10.162140846252441,0,0
mZ944,2,206.0,-13.353046417236328,-12.770081520080566,0,0
mZ944,2,206.2,-15.057212829589844,-8.2750244140625,0,0
mZ944,2,206.4,-14.635346412658691,-6.891986846923828,0,0
mZ944,2,206.6,-17.78196144104004,-3.9766833782196045,0,0
mZ944,2,206.8,-12.97207260131836,-6.68176794052124,0,0
mZ944,2,207.0,-17.99331283569336,-9.88696575164795,0,0
mZ944,2,207.2,-21.170427322387695,-6.820422649383545,0,0
mZ944,2,207.4,-8.93480396270752,-3.8285701274871826,0,0
mZ944,2,207.6,-19.125164031982422,-5.793957233428955,0,0
mZ944,2,207.8,-21.410423278808594,-13.401914596557617,0,0
mZ944,2,208.0,-11.664508819580078,-2.2608399391174316,0,0
mZ944,2,208.2,-13.225088119506836,-6.6338701248168945,0,0
mZ944,2,208.4,-24.900697708129883,-7.68549919128418,0,0
mZ944,2,208.6,-18.291955947875977,-20.652423858642578,0,0
mZ944,2,208.8,-19.743261337280273,-5.091525554656982,0,0
mZ944,2,209.0,-19.884376525878906,-9.063010215759277,0,0
mZ944,2,209.2,-24.192590713500977,-6.504283428192139,0,0
mZ944,2,209.4,-21.558340072631836,-11.23632526397705,0,0
mZ944,2,209.6,-14.931396484375,-13.858882904052734,0,0
mZ944,2,209.8,-21.174734115600586,-9.94459342956543,0,0
mZ944,2,210.0,-20.719926834106445,-9.879237174987793,0,0
mZ944,2,210.2,-18.93943214416504,-10.673812866210938,0,0
mZ944,2,210.4,-20.177165985107422,-5.318644046783447,0,0
mZ944,2,210.6,-17.526046752929688,-10.878753662109375,0,0
mZ944,2,210.8,-25.605161666870117,-7.781152725219727,0,0
mZ944,2,211.0,-14.762985229492188,-5.9278740882873535,0,0
mZ944,2,211.2,-17.366403579711914,-8.824663162231445,0,0
mZ944,2,211.4,-22.36922836303711,-12.040274620056152,0,0
mZ944,2,211.6,-22.402694702148438,-8.227381706237793,0,0
mZ944,2,211.8,-19.611526489257812,-8.825427055358887,0,0
mZ944,2,212.0,-16.493629455566406,-3.694096326828003,0,0
mZ944,2,212.2,-15.23337459564209,-7.634389877319336,0,0
mZ944,2,212.4,-15.9385986328125,-1.8244907855987549,0,0
mZ944,2,212.6,-19.6170597076416,-4.868528842926025,0,0
mZ944,2,212.8,-18.276403427124023,-8.923149108886719,0,0
mZ944,2,213.0,-22.050405502319336,-4.900937080383301,0,0
mZ944,2,213.2,-18.30162239074707,-7.590049743652344,0,0
mZ944,2,213.4,-21.260969161987305,-11.33726978302002,0,0
mZ944,2,213.6,-22.416418075561523,0.6152480244636536,0,0
mZ944,2,213.8,-16.956439971923828,-8.537235260009766,0,0
mZ944,2,214.0,-16.997983932495117,-10.98819351196289,0,0
mZ944,2,214.2,-18.89228057861328,-6.001002311706543,0,0
mZ944,2,214.4,-18.408170700073242,-9.658061981201172,0,0
mZ944,2,214.6,-27.03017234802246,-10.391898155212402,0,0
mZ944,2,214.8,-21.989225387573242,-8.526204109191895,0,0
mZ944,2,215.0,-18.769018173217773,-8.993049621582031,0,0
mZ944,2,215.2,-22.732620239257812,-3.707470655441284,0,0
mZ944,2,215.4,-21.310466766357422,1.2185871601104736,0,0
mZ944,2,215.6,-26.70689582824707,8.075630187988281,0,0
mZ944,2,215.8,-22.024677276611328,-3.553387403488159,0,0
mZ944,2,216.0,-24.576236724853516,0.42412471771240234,0,0
mZ944,2,216.2,-20.729896545410156,5.903469085693359,0,0
mZ944,2,216.4,-18.289390563964844,1.5012736320495605,0,0
mZ944,2,216.6,-19.47848129272461,-2.540483236312866,0,0
mZ944,2,216.8,-12.807995796203613,3.4111924171447754,0,0
mZ944,2,217.0,-28.98897933959961,1.7974177598953247,0,0
mZ944,2,217.2,-29.4404296875,-2.235201120376587,0,0
mZ944,2,217.4,-23.713153839111328,7.565422534942627,0,0
mZ944,2,217.6,-25.003698348999023,1.0883615016937256,0,0
mZ944,2,217.8,-19.03824806213379,1.9679611921310425,0,0
mZ944,2,218.0,-25.707801818847656,0.9984638690948486,0,0
mZ944,2,218.2,-21.854909896850586,3.840083122253418,0,0
mZ944,2,218.4,-16.017349243164062,-4.66206169128418,0,0
mZ944,2,218.6,-20.582252502441406,-5.628332614898682,0,0
mZ944,2,218.8,-15.093207359313965,-6.612404823303223,0,0
mZ944,2,219.0,-23.662885665893555,-6.018817901611328,0,0
mZ944,2,219.2,-18.742765426635742,-0.1840306669473648,0,0
mZ944,2,219.4,-22.314876556396484,5.777980804443359,0,0
mZ944,2,219.6,-19.364274978637695,-4.153874397277832,0,0
mZ944,2,219.8,-22.577306747436523,-4.77552604675293,0,0
mZ944,2,220.0,-19.438526153564453,2.9740378856658936,0,0
mZ944,2,220.2,-28.174968719482422,-2.434002637863159,0,0
mZ944,2,220.4,-23.436477661132812,-0.9664864540100098,0,0
mZ944,2,220.6,-24.209733963012695,-0.4266984760761261,0,0
mZ944,2,220.8,-20.749807357788086,-4.627549648284912,0,0
mZ944,2,221.0,-22.67808723449707,-3.105186700820923,0,0
mZ944,2,221.2,-18.700077056884766,-6.232071876525879,0,0
mZ944,2,221.4,-20.70285987854004,3.952455520629883,0,0
mZ944,2,221.6,-17.88800811767578,-13.38930606842041,0,0
mZ944,2,221.8,-23.497478485107422,3.6116926670074463,0,0
mZ944,2,222.0,-21.15748405456543,-1.3716126680374146,0,0
mZ944,2,222.2,-21.836957931518555,3.576392412185669,0,0
mZ944,2,222.4,-21.063261032104492,1.6168038845062256,0,0
mZ944,2,222.6,-27.103700637817383,-3.500591993331909,0,0
mZ944,2,222.8,-21.354238510131836,-0.7115630507469177,0,0
mZ944,2,223.0,-28.716733932495117,-5.998230457305908,0,0
mZ944,2,223.2,-15.960941314697266,5.97904634475708,0,0
mZ944,2,223.4,-20.392009735107422,-7.8421807289123535,0,0
mZ944,2,223.6,-16.305028915405273,1.1639891862869263,0,0
mZ944,2,223.8,-14.82003402709961,2.725118398666382,0,0
mZ944,2,224.0,-13.354066848754883,-0.4839915931224823,0,0
mZ944,2,224.2,-28.843046188354492,1.8794727325439453,0,0
mZ944,2,224.4,-23.223112106323242,0.5423744916915894,0,0
mZ944,2,224.6,-14.509552955627441,2.223778247833252,0,0
mZ944,2,224.8,-23.395771026611328,2.694103240966797,0,0
mZ944,2,225.0,-22.053773880004883,5.3250250816345215,0,0
mZ944,2,225.2,-20.12212562561035,2.5552802085876465,0,0
mZ944,2,225.4,-21.12302017211914,-2.335012674331665,0,0
mZ944,2,225.6,-13.689488410949707,1.8483890295028687,0,0
mZ944,2,225.8,-18.05331802368164,-6.719879627227783,0,0
mZ944,2,226.0,-17.130550384521484,-2.448004722595215,0,0
mZ944,2,226.2,-20.554420471191406,6.682952880859375,0,0
mZ944,2,226.4,-19.497251510620117,-1.4944016933441162,0,0
mZ944,2,226.6,-15.860822677612305,0.08196668326854706,0,0
mZ944,2,226.8,-20.447832107543945,0.18118704855442047,0,0
mZ944,2,227.0,-22.06212615966797,-0.8420267105102539,0,0
mZ944,2,227.2,-21.526168823242188,-2.9357593059539795,0,0
mZ944,2,227.4,-22.592599868774414,-4.652298927307129,0,0
mZ944,2,227.6,-23.25539779663086,3.0302159786224365,0,0
mZ944,2,227.8,-16.08979034423828,-6.244860649108887,0,0
mZ944,2,228.0,-19.871177673339844,4.410781383514404,0,0
mZ944,2,228.2,-17.118558883666992,-2.729351043701172,0,0
mZ944,2,228.4,-16.938831329345703,0.6532238125801086,0,0
mZ944,2,228.6,-20.725303649902344,12.092764854431152,0,0
mZ944,2,228.8,-20.605546951293945,1.7791129350662231,0,0
mZ944,2,229.0,-15.49887466430664,9.090531349182129,0,0
mZ944,2,229.2,-24.925243377685547,6.503519535064697,0,0
mZ944,2,229.4,-18.481164932250977,10.229875564575195,0,0
mZ944,2,229.6,-26.799230575561523,12.405962944030762,0,0
mZ944,2,229.8,-23.87273406982422,7.368809223175049,0,0
mZ944,2,230.0,-26.694787979125977,4.405940532684326,0,0
mZ944,2,230.2,-17.077970504760742,6.135509014129639,0,0
mZ944,2,230.4,-28.822675704956055,4.143129825592041,0,0
mZ944,2,230.6,-25.980121612548828,5.4296746253967285,0,0
mZ944,2,230.8,-23.020925521850586,5.91887092590332,0,0
mZ944,2,231.0,-21.214982986450195,14.727837562561035,0,0
mZ944,2,231.2,-25.09871482849121,3.079739809036255,0,0
mZ944,2,231.4,-24.621219635009766,17.596763610839844,0,0
mZ944,2,231.6,-17.44252586364746,8.883882522583008,0,0
mZ944,2,231.8,-17.94514274597168,4.047789096832275,0,0
mZ944,2,232.0,-18.173641204833984,4.371103763580322,0,0
mZ944,2,232.2,-21.497310638427734,6.173059940338135,0,0
mZ944,2,232.4,-19.02025032043457,7.698891639709473,0,0
mZ944,2,232.6,-21.025169372558594,6.239882469177246,0,0
mZ944,2,232.8,-20.840314865112305,4.338665008544922,0,0
mZ944,2,233.0,-22.137161254882812,5.478321552276611,0,0
mZ944,2,233.2,-22.59854507446289,-1.2352643013000488,0,0
mZ944,2,233.4,-19.623483657836914,2.418513298034668,0,0
mZ944,2,233.6,-17.45250129699707,8.451631546020508,0,0
mZ944,2,233.8,-21.70130157470703,3.7626185417175293,0,0
mZ944,2,234.0,-19.48223876953125,-0.7701126933097839,0,0
mZ944,2,234.2,-13.505013465881348,6.1806745529174805,0,0
mZ944,2,234.4,-14.459186553955078,4.11475133895874,0,0
mZ944,2,234.6,-16.41716194152832,1.10462486743927,0,0
mZ944,2,234.8,-19.383502960205078,-0.7944515943527222,0,0
mZ944,2,235.0,-17.07528305053711,-4.867892265319824,0,0
mZ944,2,235.2,-16.29138946533203,-0.03399183973670006,0,0
mZ944,2,235.4,-14.829817771911621,-0.219061940908432,0,0
mZ944,2,235.6,-22.60354232788086,4.584592819213867,0,0
mZ944,2,235.8,-24.87789535522461,2.6888835430145264,0,0
mZ944,2,236.0,-21.907188415527344,5.569225311279297,0,0
mZ944,2,236.2,-24.60476303100586,-10.342012405395508,0,0
mZ944,2,236.4,-21.00000762939453,-1.7181767225265503,0,0
mZ944,2,236.6,-22.473751068115234,5.309112071990967,0,0
mZ944,2,236.8,-18.0382080078125,6.060281276702881,0,0
mZ944,2,237.0,-19.304136276245117,4.144261360168457,0,0
mZ944,2,237.2,-18.53238868713379,6.104476451873779,0,0
mZ944,2,237.4,-19.70472526550293,-0.1513175070285797,0,0
mZ944,2,237.6,-17.109785079956055,-1.407036304473877,0,0
mZ944,2,237.8,-22.91286849975586,6.7467217445373535,0,0
mZ944,2,238.0,-23.98836326599121,10.938112258911133,0,0
mZ944,2,238.2,-27.315139770507812,-0.9810175895690918,0,0
mZ944,2,238.4,-21.47661018371582,6.897679328918457,0,0
mZ944,2,238.6,-21.61772346496582,-0.5467530488967896,0,0
mZ944,2,238.8,-24.24734878540039,-1.5542112588882446,0,0
mZ944,2,239.0,-22.477949142456055,-4.405084609985352,0,0
mZ944,2,239.2,-31.808889389038086,-6.52011775970459,0,0
mZ944,2,239.4,-23.376134872436523,5.672356605529785,0,0
mZ944,2,239.6,-28.852108001708984,0.6636120080947876,0,0
mZ944,2,239.8,-31.1932315826416,-9.650019645690918,0,0
mZ944,2,240.0,-29.01389503479004,-3.317761182785034,0,0
mZ944,2,240.2,-23.390350341796875,-1.8128228187561035,0,0
mZ944,2,240.4,-22.92942237854004,4.377583980560303,0,0
mZ944,2,240.6,-28.739587783813477,3.562497615814209,0,0
mZ944,2,240.8,-25.037927627563477,-2.7288246154785156,0,0
mZ944,2,241.0,-24.60112762451172,0.6455157399177551,0,0
mZ944,2,241.2,-24.592166900634766,-2.0737533569335938,0,0
mZ944,2,241.4,-23.6597957611084,-3.4286139011383057,0,0
mZ944,2,241.6,-20.80417823791504,-0.014560767449438572,0,0
mZ944,2,241.8,-24.557302474975586,-6.229689598083496,0,0
mZ944,2,242.0,-23.343360900878906,2.37481951713562,0,0
mZ944,2,242.2,-23.57027816772461,0.19227522611618042,0,0
mZ944,2,242.4,-30.731563568115234,-0.38789546489715576,0,0
mZ944,2,242.6,-22.749042510986328,3.2350335121154785,0,0
mZ944,2,242.8,-24.436487197875977,4.9408698081970215,0,0
mZ944,2,243.0,-23.388288497924805,5.8621954917907715,0,0
mZ944,2,243.2,-22.180683135986328,6.035658359527588,0,0
mZ944,2,243.4,-27.835479736328125,1.9215986728668213,0,0
mZ944,2,243.6,-19.526735305786133,0.5965942740440369,0,0
mZ944,2,243.8,-25.992084503173828,-5.36530876159668,0,0
mZ944,2,244.0,-22.862083435058594,-0.4182088077068329,0,0
mZ944,2,244.2,-25.086915969848633,-3.2642908096313477,0,0
mZ944,2,244.4,-29.02385711669922,-7.192436695098877,0,0
mZ944,2,244.6,-26.359500885009766,0.5457403063774109,0,0
mZ944,2,244.8,-30.264305114746094,-1.2857856750488281,0,0
mZ944,2,245.0,-24.869396209716797,-7.890681743621826,0,0
mZ944,2,245.2,-17.71076202392578,-3.7466073036193848,0,0
mZ944,2,245.4,-23.022666931152344,0.5872341394424438,0,0
mZ944,2,245.6,-18.249244689941406,4.863285541534424,0,0
mZ944,2,245.8,-18.875547409057617,4.234331130981445,0,0
mZ944,2,246.0,-20.841339111328125,-3.6431939601898193,0,0
mZ944,2,246.2,-22.813766479492188,-1.0258004665374756,0,0
mZ944,2,246.4,-24.243396759033203,2.2865614891052246,0,0
mZ944,2,246.6,-23.75216293334961,5.367327690124512,0,0
mZ944,2,246.8,-17.891868591308594,1.728826880455017,0,0
mZ944,2,247.0,-17.631834030151367,4.129212379455566,0,0
mZ944,2,247.2,-18.117185592651367,-0.17814309895038605,0,0
mZ944,2,247.4,-20.376447677612305,2.0682005882263184,0,0
mZ944,2,247.6,-18.989912033081055,1.4440104961395264,0,0
mZ944,2,247.8,-19.133861541748047,-8.512216567993164,0,0
mZ944,2,248.0,-20.86272430419922,-7.151544094085693,0,0
mZ944,2,248.2,-19.10953140258789,-5.780398368835449,0,0
mZ944,2,248.4,-19.457656860351562,-2.964643955230713,0,0
mZ944,2,248.6,-18.160717010498047,-5.329775333404541,0,0
mZ944,2,248.8,-22.30210304260254,-9.074790000915527,0,0
mZ944,2,249.0,-16.53611183166504,3.3262972831726074,0,0
mZ944,2,249.2,-22.294771194458008,8.025577545166016,0,0
mZ944,2,249.4,-15.694025993347168,-4.429012775421143,0,0
mZ944,2,249.6,-23.483640670776367,-2.688418388366699,0,0
mZ944,2,249.8,-19.54875373840332,5.567155361175537,0,0
mZ944,2,250.0,-20.25606918334961,6.412154674530029,0,0
mZ944,2,250.2,-22.733509063720703,8.753016471862793,0,0
mZ944,2,250.4,-23.918651580810547,2.7107439041137695,0,0
mZ944,2,250.6,-20.69484519958496,14.284319877624512,0,0
mZ944,2,250.8,-18.52362632751465,3.5980453491210938,0,0
mZ944,2,251.0,-21.566381454467773,-3.152944803237915,0,0
mZ944,2,251.2,-19.73019027709961,7.012054920196533,0,0
mZ944,2,251.4,-21.578649520874023,5.768718242645264,0,0
mZ944,2,251.6,-22.677513122558594,8.838889122009277,0,0
mZ944,2,251.8,-27.081544876098633,4.087669372558594,0,0
mZ944,2,252.0,-25.809213638305664,0.933003842830658,0,0
mZ944,2,252.2,-23.465532302856445,0.8689595460891724,0,0
mZ944,2,252.4,-23.721874237060547,0.07628846913576126,0,0
mZ944,2,252.6,-26.677169799804688,0.3638336658477783,0,0
mZ944,2,252.8,-25.455827713012695,-5.1595778465271,0,0
mZ944,2,253.0,-23.00453758239746,1.0721102952957153,0,0
mZ944,2,253.2,-23.913360595703125,-3.575648784637451,0,0
mZ944,2,253.4,-22.993057250976562,2.3767285346984863,0,0
mZ944,2,253.6,-21.930545806884766,0.5475500822067261,0,0
mZ944,2,253.8,-21.197269439697266,-4.509674072265625,0,0
mZ944,2,254.0,-20.82697296142578,1.8253593444824219,0,0
mZ944,2,254.2,-19.159652709960938,-3.4726760387420654,0,0
mZ944,2,254.4,-27.196016311645508,6.101281642913818,0,0
mZ944,2,254.6,-20.615982055664062,0.44896116852760315,0,0
mZ944,2,254.8,-21.921724319458008,-2.539796829223633,0,0
mZ944,2,255.0,-20.234325408935547,2.9748239517211914,0,0
mZ944,2,255.2,-28.352903366088867,-5.149754524230957,0,0
mZ944,2,255.4,-22.99453353881836,-0.39262670278549194,0,0
mZ944,2,255.6,-22.43836212158203,2.143726110458374,0,0
mZ944,2,255.8,-23.884897232055664,-4.369508266448975,0,0
mZ944,2,256.0,-21.719663619995117,-1.3848237991333008,0,0
mZ944,2,256.2,-21.079593658447266,-1.8873975276947021,0,0
mZ944,2,256.4,-13.785463333129883,-9.025755882263184,0,0
mZ944,2,256.6,-15.96407413482666,-1.6547753810882568,0,0
mZ944,2,256.8,-14.433309555053711,-2.2031095027923584,0,0
mZ944,2,257.0,-19.52964973449707,-0.5071375370025635,0,0
mZ944,2,257.2,-23.273149490356445,-3.9729630947113037,0,0
mZ944,2,257.4,-15.519195556640625,-5.3196916580200195,0,0
mZ944,2,257.6,-21.783159255981445,-4.223709583282471,0,0
mZ944,2,257.8,-17.017471313476562,-7.538177967071533,0,0
mZ944,2,258.0,-17.55026626586914,-5.57508659362793,0,0
mZ944,2,258.2,-21.573209762573242,1.9089220762252808,0,0
mZ944,2,258.4,-17.796974182128906,-2.784475326538086,0,0
mZ944,2,258.6,-20.112346649169922,-6.041021823883057,0,0
mZ944,2,258.8,-18.848318099975586,-5.880249500274658,0,0
mZ944,2,259.0,-18.67707061767578,-3.4163167476654053,0,0
mZ944,2,259.2,-12.710195541381836,-5.174112319946289,0,0
mZ944,2,259.4,-15.554472923278809,-1.4956446886062622,0,0
mZ944,2,259.6,-17.951047897338867,-7.266900062561035,0,0
mZ944,2,259.8,-16.67182159423828,-3.2227942943573,0,0
mZ944,2,260.0,-16.40469741821289,-1.61996591091156,0,0
mZ944,2,260.2,-16.72368049621582,-8.254555702209473,0,0
mZ944,2,260.4,-16.37697982788086,-3.4220621585845947,0,0
mZ944,2,260.6,-15.16653060913086,0.554201602935791,0,0
mZ944,2,260.8,-15.921306610107422,2.4637205600738525,0,0
mZ944,2,261.0,-18.260812759399414,1.2695016860961914,0,0
mZ944,2,261.2,-24.008769989013672,-1.5849714279174805,0,0
mZ944,2,261.4,-21.013702392578125,-0.6072849631309509,0,0
mZ944,2,261.6,-16.069242477416992,5.932138442993164,0,0
mZ944,2,261.8,-15.033958435058594,9.15896987915039,0,0
mZ944,2,262.0,-12.87064266204834,10.694247245788574,0,0
mZ944,2,262.2,-18.2091007232666,10.678850173950195,0,0
mZ944,2,262.4,-22.12866973876953,4.89158296585083,0,0
mZ944,2,262.6,-17.849939346313477,9.457162857055664,1,1
mZ944,2,262.8,-14.303725242614746,7.077207088470459,1,1
mZ944,2,263.0,-16.64528465270996,12.421935081481934,1,1
mZ944,2,263.2,-18.158771514892578,6.912248611450195,0,0
mZ944,2,263.4,-22.17170524597168,7.673717498779297,0,0
mZ944,2,263.6,-22.1594181060791,1.704720377922058,0,0
mZ944,2,263.8,-22.508188247680664,14.104445457458496,1,1
mZ944,2,264.0,-16.449668884277344,6.704529762268066,0,0
mZ944,2,264.2,-18.41372299194336,6.688909530639648,0,0
mZ944,2,264.4,-12.0877046585083,7.204601287841797,1,1
mZ944,2,264.6,-22.067365646362305,3.193040370941162,0,0
mZ944,2,264.8,-22.395477294921875,9.528891563415527,0,0
mZ944,2,265.0,-21.017597198486328,9.384846687316895,1,1
mZ944,2,265.2,-18.250911712646484,4.226989269256592,1,1
mZ944,2,265.4,-14.882864952087402,4.172883987426758,1,1
mZ944,2,265.6,-17.44440460205078,3.1977334022521973,0,0
mZ944,2,265.8,-15.758304595947266,2.9306225776672363,1,1
mZ944,2,266.0,-15.63988208770752,7.1348443031311035,1,1
mZ944,2,266.2,-15.371223449707031,5.756580352783203,1,1
mZ944,2,266.4,-13.390798568725586,7.77247953414917,1,1
mZ944,2,266.6,-17.562652587890625,10.424367904663086,1,1
mZ944,2,266.8,-19.45159912109375,9.822664260864258,1,1
mZ944,2,267.0,-20.678678512573242,6.223611831665039,1,1
mZ944,2,267.2,-15.483976364135742,6.3496575355529785,1,1
mZ944,2,267.4,-14.856515884399414,15.912692070007324,1,1
mZ944,2,267.6,-24.312713623046875,9.206162452697754,1,1
mZ944,2,267.8,-22.2308349609375,10.822393417358398,1,1
mZ944,2,268.0,-19.87956428527832,16.386838912963867,1,1
mZ944,2,268.2,-24.431507110595703,-0.22764071822166443,0,0
mZ944,2,268.4,-18.309341430664062,8.5048189163208,1,1
mZ944,2,268.6,-16.518640518188477,6.156264781951904,0,0
mZ944,2,268.8,-21.141584396362305,9.249592781066895,1,1
mZ944,2,269.0,-16.595613479614258,6.145603179931641,1,1
mZ944,2,269.2,-22.861385345458984,8.861869812011719,1,1
mZ944,2,269.4,-17.91354751586914,8.555025100708008,1,1
mZ944,2,269.6,-16.941349029541016,13.679793357849121,1,1
mZ944,2,269.8,-19.472681045532227,5.178188800811768,1,1
mZ944,2,270.0,-17.078773498535156,14.446998596191406,1,1
mZ944,2,270.2,-22.070343017578125,14.863733291625977,1,1
mZ944,2,270.4,-22.422901153564453,11.665290832519531,1,1
mZ944,2,270.6,-14.003313064575195,11.33617877960205,1,1
mZ944,2,270.8,-19.361862182617188,13.549857139587402,1,1
mZ944,2,271.0,-18.983348846435547,3.3273069858551025,0,0
mZ944,2,271.2,-24.78801155090332,9.167407035827637,1,1
mZ944,2,271.4,-20.20658302307129,13.254321098327637,1,1
mZ944,2,271.6,-14.798308372497559,12.995471000671387,1,1
mZ944,2,271.8,-20.476926803588867,10.989933013916016,1,1
mZ944,2,272.0,-16.29407501220703,9.645111083984375,1,1
mZ944,2,272.2,-14.712809562683105,12.527573585510254,1,1
mZ944,2,272.4,-20.929824829101562,4.573930263519287,1,1
mZ944,2,272.6,-13.10245418548584,5.460598945617676,1,1
mZ944,2,272.8,-11.97780704498291,6.506450653076172,1,1
mZ944,2,273.0,-14.499481201171875,3.0962469577789307,1,1
mZ944,2,273.2,-14.477593421936035,8.492022514343262,1,1
mZ944,2,273.4,-18.554710388183594,8.05490779876709,1,1
mZ944,2,273.6,-16.574207305908203,9.151638984680176,1,1
mZ944,2,273.8,-16.38096046447754,8.007219314575195,1,1
mZ944,2,274.0,-17.47218894958496,7.680832862854004,1,1
mZ944,2,274.2,-18.85915756225586,10.354736328125,1,1
mZ944,2,274.4,-10.605411529541016,-0.10948546230792999,0,0
mZ944,2,274.6,-16.48253059387207,-1.8407243490219116,0,0
mZ944,2,274.8,-16.021984100341797,2.2914023399353027,1,1
mZ944,2,275.0,-11.131190299987793,-2.781886339187622,1,1
mZ944,2,275.2,-14.545937538146973,3.3838303089141846,1,1
mZ944,2,275.4,-16.38310432434082,12.410849571228027,1,1
mZ944,2,275.6,-15.524452209472656,5.449406623840332,1,1
mZ944,2,275.8,-16.546743392944336,-0.6463028788566589,0,0
mZ944,2,276.0,-15.931768417358398,6.070990562438965,1,1
mZ944,2,276.2,-20.084678649902344,7.349602699279785,1,1
mZ944,2,276.4,-20.943159103393555,4.453463554382324,1,1
mZ944,2,276.6,-18.783552169799805,4.160357475280762,1,1
mZ944,2,276.8,-19.57042694091797,3.9491732120513916,1,1
mZ944,2,277.0,-14.381301879882812,8.53606128692627,1,1
mZ944,2,277.2,-14.679502487182617,6.613595485687256,1,1
mZ944,2,277.4,-16.422216415405273,7.563013553619385,1,1
mZ944,2,277.6,-15.280123710632324,6.458151340484619,1,1
mZ944,2,277.8,-15.584969520568848,8.953463554382324,1,1
mZ944,2,278.0,-7.420746326446533,13.893702507019043,1,1
mZ944,2,278.2,-19.026145935058594,3.613248825073242,1,1
mZ944,2,278.4,-22.85646629333496,9.065671920776367,1,1
mZ944,2,278.6,-15.89892292022705,9.055120468139648,1,1
mZ944,2,278.8,-8.08568286895752,15.171111106872559,1,1
mZ944,2,279.0,-10.717048645019531,7.186904430389404,1,1
mZ944,2,279.2,-13.314716339111328,9.723123550415039,1,1
mZ944,2,279.4,-15.681612968444824,16.336410522460938,1,1
mZ944,2,279.6,-14.7553129196167,8.622072219848633,1,1
mZ944,2,279.8,-14.903874397277832,10.042577743530273,1,1
mZ944,2,280.0,-12.69862174987793,9.701903343200684,0,0
mZ944,2,280.2,-11.600883483886719,6.368718147277832,1,1
mZ944,2,280.4,-11.859583854675293,7.648717403411865,1,1
mZ944,2,280.6,-18.886072158813477,2.7751853466033936,1,1
mZ944,2,280.8,-20.953397750854492,9.2543363571167,1,1
mZ944,2,281.0,-14.078919410705566,6.874566555023193,1,1
mZ944,2,281.2,-14.854036331176758,1.1562657356262207,0,0
mZ944,2,281.4,-17.9714298248291,3.130526065826416,0,0
mZ944,2,281.6,-14.62839126586914,4.647247314453125,0,0
mZ944,2,281.8,-17.33016586303711,13.40895938873291,1,1
mZ944,2,282.0,-5.031160354614258,2.616330146789551,1,1
mZ944,2,282.2,-18.684175491333008,1.8024733066558838,0,0
mZ944,2,282.4,-16.765060424804688,7.244579315185547,0,0
mZ944,2,282.6,-11.578801155090332,4.807490825653076,1,1
mZ944,2,282.8,-6.611662864685059,11.812092781066895,1,1
mZ944,2,283.0,-17.908710479736328,11.096208572387695,1,1
mZ944,2,283.2,-17.40723991394043,15.451634407043457,1,1
mZ944,2,283.4,-12.320926666259766,12.069612503051758,1,1
mZ944,2,283.6,-10.596705436706543,19.709857940673828,1,1
mZ944,2,283.8,-12.744282722473145,19.05994987487793,1,1
mZ944,2,284.0,-9.776083946228027,17.738584518432617,1,1
mZ944,2,284.2,-15.669184684753418,12.87590217590332,1,1
mZ944,2,284.4,-8.732948303222656,3.842994451522827,1,1
mZ944,2,284.6,-15.804672241210938,17.879209518432617,1,1
mZ944,2,284.8,-12.350042343139648,19.121540069580078,1,1
mZ944,2,285.0,-17.31480598449707,13.338067054748535,1,1
mZ944,2,285.2,-12.955717086791992,7.030776500701904,1,1
mZ944,2,285.4,-13.003037452697754,7.88654899597168,1,1
mZ944,2,285.6,-8.789544105529785,16.25830841064453,1,1
mZ944,2,285.8,-14.993106842041016,9.216781616210938,1,1
mZ944,2,286.0,-11.859908103942871,14.860246658325195,1,1
mZ944,2,286.2,-17.774417877197266,10.688457489013672,1,1
mZ944,2,286.4,-11.835831642150879,16.6191463470459,1,1
mZ944,2,286.6,-13.302278518676758,6.191760063171387,1,1
mZ944,2,286.8,-12.993332862854004,10.979178428649902,1,1
mZ944,2,287.0,-9.850968360900879,25.032291412353516,1,1
mZ944,2,287.2,-16.89691162109375,19.24831199645996,1,1
mZ944,2,287.4,-16.195640563964844,17.320051193237305,1,1
mZ944,2,287.6,-13.458057403564453,12.333962440490723,1,1
mZ944,2,287.8,-12.69092082977295,11.390349388122559,1,1
mZ944,2,288.0,-14.221037864685059,5.240236759185791,0,0
mZ944,2,288.2,-18.42900276184082,7.299380779266357,1,1
mZ944,2,288.4,-18.999008178710938,7.608750343322754,1,1
mZ944,2,288.6,-9.8832368850708,8.95003890991211,1,1
mZ944,2,288.8,-12.837172508239746,7.453620433807373,0,0
mZ944,2,289.0,-11.230035781860352,7.111874103546143,1,1
mZ944,2,289.2,-12.352892875671387,3.716621160507202,0,0
mZ944,2,289.4,-12.465824127197266,10.30648422241211,1,1
mZ944,2,289.6,-15.786096572875977,6.981276512145996,1,1
mZ944,2,289.8,-19.253475189208984,6.485146522521973,1,1
mZ944,2,290.0,-15.037897109985352,9.62878131866455,1,1
mZ944,2,290.2,-11.501094818115234,11.881961822509766,1,1
mZ944,2,290.4,-16.220565795898438,2.5830085277557373,1,1
mZ944,2,290.6,-13.700715065002441,3.3143486976623535,1,1
mZ944,2,290.8,-16.772056579589844,4.373093128204346,0,0
mZ944,2,291.0,-10.951508522033691,5.76425313949585,1,1
mZ944,2,291.2,-16.703603744506836,8.399701118469238,0,0
mZ944,2,291.4,-10.389575958251953,10.615506172180176,1,1
mZ944,2,291.6,-19.047422409057617,13.238068580627441,1,1
mZ944,2,291.8,-15.199766159057617,5.074075698852539,1,1
mZ944,2,292.0,-19.12468147277832,5.141698360443115,1,1
mZ944,2,292.2,-16.22805404663086,8.467750549316406,1,1
mZ944,2,292.4,-21.17119789123535,2.18619966506958,0,0
mZ944,2,292.6,-18.480140686035156,6.203344821929932,1,1
mZ944,2,292.8,-20.03180694580078,8.614497184753418,1,1
mZ944,2,293.0,-18.563602447509766,14.667197227478027,1,1
mZ944,2,293.2,-13.342267036437988,13.602169036865234,1,1
mZ944,2,293.4,-11.595088958740234,12.147623062133789,1,1
mZ944,2,293.6,-12.418476104736328,9.923551559448242,1,1
mZ944,2,293.8,-16.02130889892578,0.3379853665828705,1,1
mZ944,2,294.0,-18.79924201965332,10.60677433013916,1,1
mZ944,2,294.2,-15.97484016418457,10.70024299621582,1,1
mZ944,2,294.4,-14.66712760925293,6.62575626373291,1,1
mZ944,2,294.6,-11.23828411102295,15.964768409729004,1,1
mZ944,2,294.8,-11.39681625366211,16.626142501831055,1,1
mZ944,2,295.0,-17.46586799621582,9.811450004577637,1,1
mZ944,2,295.2,-7.878810405731201,4.278187274932861,1,1
mZ944,2,295.4,-16.169031143188477,6.8893232345581055,1,1
mZ944,2,295.6,-13.191160202026367,11.907367706298828,1,1
mZ944,2,295.8,-10.600852966308594,12.548974990844727,1,1
mZ944,2,296.0,-15.336408615112305,15.254483222961426,1,1
mZ944,2,296.2,-12.485472679138184,8.09139347076416,1,1
mZ944,2,296.4,-13.905263900756836,12.309487342834473,1,1
mZ944,2,296.6,-9.743365287780762,10.90627384185791,1,1
mZ944,2,296.8,-12.935677528381348,10.370880126953125,1,1
mZ944,2,297.0,-13.426026344299316,16.328603744506836,1,1
mZ944,2,297.2,-14.36317253112793,7.581481456756592,1,1
mZ944,2,297.4,-14.950797080993652,9.894280433654785,1,1
mZ944,2,297.6,-15.053019523620605,11.539438247680664,1,1
mZ944,2,297.8,-12.16006851196289,11.411863327026367,1,1
mZ944,2,298.0,-15.676714897155762,13.744402885437012,1,1
mZ944,2,298.2,-8.825879096984863,4.949949264526367,1,1
mZ944,2,298.4,-18.63111686706543,9.796963691711426,1,1
mZ944,2,298.6,-15.153146743774414,10.86047077178955,1,1
mZ944,2,298.8,-14.770488739013672,6.578187942504883,1,1
mZ944,2,299.0,-17.834524154663086,7.469142913818359,1,1
mZ944,2,299.2,-13.055155754089355,8.248878479003906,1,1
mZ944,2,299.4,-10.49656867980957,11.707688331604004,1,1
mZ944,2,299.6,-17.174076080322266,6.988376140594482,1,1
mZ944,2,299.8,-10.005709648132324,6.7063984870910645,1,1
mZ944,2,300.0,-18.958948135375977,1.2402384281158447,0,0
mZ944,2,300.2,-15.618157386779785,7.704737663269043,1,1
mZ944,2,300.4,-10.75576400756836,3.9984488487243652,0,0
mZ944,2,300.6,-11.810683250427246,3.451578140258789,1,1
mZ944,2,300.8,-12.562365531921387,8.627874374389648,1,1
mZ944,2,301.0,-14.290017127990723,14.584101676940918,1,1
mZ944,2,301.2,-12.828219413757324,13.513087272644043,1,1
mZ944,2,301.4,-19.516231536865234,5.377946376800537,1,1
mZ944,2,301.6,-17.1049861907959,8.710664749145508,1,1
mZ944,2,301.8,-22.081344604492188,8.103991508483887,1,1
mZ944,2,302.0,-20.9578800201416,-0.7283040285110474,1,1
mZ944,2,302.2,-12.9663667678833,5.916661739349365,1,1
mZ944,2,302.4,-22.37835693359375,-1.0850616693496704,1,1
mZ944,2,302.6,-19.866317749023438,2.0623104572296143,1,1
mZ944,2,302.8,-21.20330238342285,8.627779960632324,1,1
mZ944,2,303.0,-17.045873641967773,10.112661361694336,1,1
mZ944,2,303.2,-13.581609725952148,3.752664804458618,0,0
mZ944,2,303.4,-19.190887451171875,18.303190231323242,1,1
mZ944,2,303.6,-19.773653030395508,12.3026704788208,1,1
mZ944,2,303.8,-15.456961631774902,11.288687705993652,1,1
mZ944,2,304.0,-9.020957946777344,15.550177574157715,1,1
mZ944,2,304.2,-17.607765197753906,12.425339698791504,1,1
mZ944,2,304.4,-17.9818058013916,13.18612289428711,1,1
mZ944,2,304.6,-9.798970222473145,12.082499504089355,1,1
mZ944,2,304.8,-15.14915943145752,15.846577644348145,1,1
mZ944,2,305.0,-15.097211837768555,21.2694149017334,1,1
mZ944,2,305.2,-19.42575454711914,15.831353187561035,1,1
mZ944,2,305.4,-16.70586395263672,20.692272186279297,1,1
mZ944,2,305.6,-21.85640525817871,17.689151763916016,1,1
mZ944,2,305.8,-16.249183654785156,22.696243286132812,1,1
mZ944,2,306.0,-17.20206642150879,15.593428611755371,1,1
mZ944,2,306.2,-20.31777572631836,11.522918701171875,1,1
mZ944,2,306.4,-17.54666519165039,13.292963981628418,1,1
mZ944,2,306.6,-17.23717498779297,18.289691925048828,1,1
mZ944,2,306.8,-20.144567489624023,19.844341278076172,1,1
mZ944,2,307.0,-18.29273796081543,14.053003311157227,1,1
mZ944,2,307.2,-18.90590476989746,16.358797073364258,1,1
mZ944,2,307.4,-19.57631492614746,16.21448516845703,1,1
mZ944,2,307.6,-20.1253662109375,22.13688850402832,1,1
mZ944,2,307.8,-12.905878067016602,18.9365291595459,1,1
mZ944,2,308.0,-16.379436492919922,20.259937286376953,1,1
mZ944,2,308.2,-14.498285293579102,14.087121963500977,1,1
mZ944,2,308.4,-13.288087844848633,16.81038475036621,1,1
mZ944,2,308.6,-18.032852172851562,16.027917861938477,1,1
mZ944,2,308.8,-18.412321090698242,23.792407989501953,1,1
mZ944,2,309.0,-8.835901260375977,19.313613891601562,1,1
mZ944,2,309.2,-19.310462951660156,22.861303329467773,1,1
mZ944,2,309.4,-14.231901168823242,16.336284637451172,1,1
mZ944,2,309.6,-17.23650360107422,14.016036987304688,1,1
mZ944,2,309.8,-9.961406707763672,18.7657527923584,1,1
mZ944,2,310.0,-6.804142475128174,20.05797576904297,1,1
mZ944,2,310.2,-17.817733764648438,21.75052833557129,1,1
mZ944,2,310.4,-16.311384201049805,13.431645393371582,1,1
mZ944,2,310.6,-12.40357494354248,16.390857696533203,1,1
mZ944,2,310.8,-8.90818977355957,15.424266815185547,1,1
mZ944,2,311.0,-8.67060375213623,11.470463752746582,1,1
mZ944,2,311.2,-12.233725547790527,10.901481628417969,1,1
mZ944,2,311.4,-9.983880996704102,15.993590354919434,1,1
mZ944,2,311.6,-9.312957763671875,13.551827430725098,1,1
mZ944,2,311.8,-17.69402313232422,20.35891342163086,1,1
mZ944,2,312.0,-4.937666893005371,12.765361785888672,1,1
mZ944,2,312.2,-9.695956230163574,14.108474731445312,1,1
mZ944,2,312.4,-14.397985458374023,20.976974487304688,1,1
mZ944,2,312.6,-15.377623558044434,12.727069854736328,1,1
mZ944,2,312.8,-14.579254150390625,13.556480407714844,1,1
mZ944,2,313.0,-12.379586219787598,7.657627105712891,1,1
mZ944,2,313.2,-14.424869537353516,12.976895332336426,1,1
mZ944,2,313.4,-11.148059844970703,14.237251281738281,1,1
mZ944,2,313.6,-23.06825065612793,7.827952861785889,1,1
mZ944,2,313.8,-13.713776588439941,4.715961933135986,1,1
mZ944,2,314.0,-9.932599067687988,6.737554550170898,1,1
mZ944,2,314.2,-11.136473655700684,5.5873613357543945,1,1
mZ944,2,314.4,-11.02075481414795,11.676918983459473,1,1
mZ944,2,314.6,-13.040879249572754,14.463282585144043,1,1
mZ944,2,314.8,-15.854841232299805,18.761709213256836,1,1
mZ944,2,315.0,-15.10956859588623,9.317779541015625,1,1
mZ944,2,315.2,-12.98095417022705,9.549128532409668,1,1
mZ944,2,315.4,-11.545397758483887,5.054407119750977,1,1
mZ944,2,315.6,-11.954561233520508,11.535628318786621,1,1
mZ944,2,315.8,-10.808835983276367,6.07138729095459,1,1
mZ944,2,316.0,-11.394954681396484,19.201366424560547,1,1
mZ944,2,316.2,-3.4440958499908447,12.974039077758789,1,1
mZ944,2,316.4,-12.555291175842285,14.563251495361328,1,1
mZ944,2,316.6,-5.215543746948242,12.199962615966797,1,1
mZ944,2,316.8,-8.966723442077637,1.4026131629943848,1,1
mZ944,2,317.0,-18.788606643676758,7.224553108215332,1,1
mZ944,2,317.2,-10.766763687133789,11.025070190429688,1,1
mZ944,2,317.4,-18.66887092590332,9.61739730834961,1,1
mZ944,2,317.6,-13.246650695800781,17.45635986328125,1,1
mZ944,2,317.8,-15.57017993927002,16.49505043029785,1,1
mZ944,2,318.0,-8.771018981933594,15.437728881835938,1,1
mZ944,2,318.2,-11.542404174804688,7.95154333114624,1,1
mZ944,2,318.4,-8.299089431762695,9.148451805114746,1,1
mZ944,2,318.6,-12.979965209960938,15.035745620727539,1,1
mZ944,2,318.8,-17.926908493041992,13.210832595825195,1,1
mZ944,2,319.0,-15.082637786865234,12.15317153930664,1,1
mZ944,2,319.2,-11.972909927368164,11.4751558303833,1,1
mZ944,2,319.4,-10.582918167114258,11.327154159545898,1,1
mZ944,2,319.6,-12.527386665344238,11.233779907226562,1,1
mZ944,2,319.8,-12.761107444763184,9.535823822021484,1,1
mZ944,2,320.0,-12.682344436645508,8.051178932189941,1,1
mZ944,2,320.2,-14.298761367797852,8.26098346710205,1,1
mZ944,2,320.4,-10.44560718536377,20.904502868652344,1,1
mZ944,2,320.6,-17.260908126831055,15.930314064025879,1,1
mZ944,2,320.8,-11.416367530822754,16.667156219482422,1,1
mZ944,2,321.0,-12.3475923538208,13.81420612335205,1,1
mZ944,2,321.2,-11.513416290283203,19.59379768371582,1,1
mZ944,2,321.4,-13.642017364501953,13.615187644958496,1,1
mZ944,2,321.6,-6.703548431396484,13.773237228393555,1,1
mZ944,2,321.8,-15.725561141967773,16.327131271362305,1,1
mZ944,2,322.0,-7.749418258666992,19.958892822265625,1,1
mZ944,2,322.2,-10.344560623168945,10.474514961242676,1,1
mZ944,2,322.4,-14.386322975158691,11.344022750854492,1,1
mZ944,2,322.6,-5.816651344299316,6.426159381866455,1,1
mZ944,2,322.8,-16.65015983581543,16.58391761779785,1,1
mZ944,2,323.0,-13.700470924377441,17.955467224121094,1,1
mZ944,2,323.2,-5.1680908203125,12.721334457397461,1,1
mZ944,2,323.4,-12.14044189453125,9.57909870147705,1,1
mZ944,2,323.6,-11.291475296020508,11.160833358764648,1,1
mZ944,2,323.8,-10.72304916381836,13.422162055969238,1,1
mZ944,2,324.0,-10.881478309631348,15.475436210632324,1,1
mZ944,2,324.2,-9.23945140838623,16.722501754760742,1,1
mZ944,2,324.4,-9.157020568847656,13.893555641174316,1,1
mZ944,2,324.6,-8.269597053527832,17.301481246948242,1,1
mZ944,2,324.8,-9.697842597961426,15.470297813415527,1,1
mZ944,2,325.0,-11.870001792907715,14.788183212280273,1,1
mZ944,2,325.2,-17.479000091552734,14.588820457458496,1,1
mZ944,2,325.4,-10.516792297363281,15.349105834960938,1,1
mZ944,2,325.6,-9.140604972839355,6.094470024108887,1,1
mZ944,2,325.8,-16.30451202392578,0.4055798351764679,1,1
mZ944,2,326.0,-12.798877716064453,21.54697036743164,1,1
mZ944,2,326.2,-15.906960487365723,11.490215301513672,1,1
mZ944,2,326.4,-13.536258697509766,12.99310302734375,1,1
mZ944,2,326.6,-13.192811965942383,12.44446086883545,1,1
mZ944,2,326.8,-6.271091461181641,15.276951789855957,1,1
mZ944,2,327.0,-19.76767349243164,6.124488830566406,1,1
mZ944,2,327.2,-9.780303001403809,7.530144691467285,1,1
mZ944,2,327.4,-10.828001976013184,7.923028469085693,1,1
mZ944,2,327.6,-11.991640090942383,4.913202285766602,1,1
mZ944,2,327.8,-13.108357429504395,9.698537826538086,1,1
mZ944,2,328.0,-13.832606315612793,6.920506000518799,1,1
mZ944,2,328.2,-16.968772888183594,8.52442741394043,1,1
mZ944,2,328.4,-12.334595680236816,5.115241527557373,1,1
mZ944,2,328.6,-11.463760375976562,6.199325084686279,1,1
mZ944,2,328.8,-19.645797729492188,14.028579711914062,1,1
mZ944,2,329.0,-11.281756401062012,12.698907852172852,1,1
mZ944,2,329.2,-16.521995544433594,11.895395278930664,1,1
mZ944,2,329.4,-19.757198333740234,15.1329345703125,1,1
mZ944,2,329.6,-7.531630992889404,9.640162467956543,1,1
mZ944,2,329.8,-18.81710433959961,9.962738990783691,1,1
mZ944,2,330.0,-20.55420684814453,8.604216575622559,1,1
mZ944,2,330.2,-11.104434967041016,9.988308906555176,1,1
mZ944,2,330.4,-15.550564765930176,8.401105880737305,1,1
mZ944,2,330.6,-19.118791580200195,11.201986312866211,1,1
mZ944,2,330.8,-13.399928092956543,15.213653564453125,1,1
mZ944,2,331.0,-17.093637466430664,12.970447540283203,1,1
mZ944,2,331.2,-15.578154563903809,10.319599151611328,1,1
mZ944,2,331.4,-14.985578536987305,11.48379898071289,1,1
mZ944,2,331.6,-12.004707336425781,13.144577980041504,1,1
mZ944,2,331.8,-17.276653289794922,15.535304069519043,1,1
mZ944,2,332.0,-17.44280242919922,12.75483226776123,1,1
mZ944,2,332.2,-13.516921997070312,15.77264404296875,1,1
mZ944,2,332.4,-16.769819259643555,4.929043292999268,1,1
mZ944,2,332.6,-9.931538581848145,10.985391616821289,1,1
mZ944,2,332.8,-19.590221405029297,7.571629524230957,1,1
mZ944,2,333.0,-11.802085876464844,13.52664566040039,1,1
mZ944,2,333.2,-8.583390235900879,5.475972652435303,1,1
mZ944,2,333.4,-10.858735084533691,8.347623825073242,1,1
mZ944,2,333.6,-13.262167930603027,20.548038482666016,1,1
mZ944,2,333.8,-12.667450904846191,7.071300506591797,1,1
mZ944,2,334.0,-10.319098472595215,7.242340087890625,1,1
mZ944,2,334.2,-20.06662368774414,7.068623065948486,1,1
mZ944,2,334.4,-13.601197242736816,11.749530792236328,1,1
mZ944,2,334.6,-15.274537086486816,19.390880584716797,1,1
mZ944,2,334.8,-14.201424598693848,13.935701370239258,1,1
mZ944,2,335.0,-18.645572662353516,14.237961769104004,1,1
mZ944,2,335.2,-19.51799964904785,9.283476829528809,1,1
mZ944,2,335.4,-12.473455429077148,18.36036491394043,1,1
mZ944,2,335.6,-19.855876922607422,11.949007034301758,1,1
mZ944,2,335.8,-17.60895538330078,20.28644371032715,1,1
mZ944,2,336.0,-13.988101959228516,15.815855979919434,1,1
mZ944,2,336.2,-14.359617233276367,17.108047485351562,1,1
mZ944,2,336.4,-17.2532901763916,9.063594818115234,1,1
mZ944,2,336.6,-13.367423057556152,7.246525764465332,1,1
mZ944,2,336.8,-20.982309341430664,8.151747703552246,1,1
mZ944,2,337.0,-19.230215072631836,4.136058330535889,1,1
mZ944,2,337.2,-17.55189323425293,15.310859680175781,1,1
mZ944,2,337.4,-11.904927253723145,17.535417556762695,1,1
mZ944,2,337.6,-13.871774673461914,13.212091445922852,1,1
mZ944,2,337.8,-13.425783157348633,11.267110824584961,1,1
mZ944,2,338.0,-11.519791603088379,13.488248825073242,1,1
mZ944,2,338.2,-15.062764167785645,15.275529861450195,1,1
mZ944,2,338.4,-21.373111724853516,6.278221130371094,1,1
mZ944,2,338.6,-14.124988555908203,18.800003051757812,1,1
mZ944,2,338.8,-14.011743545532227,11.905143737792969,1,1
mZ944,2,339.0,-7.664295196533203,15.44147777557373,1,1
mZ944,2,339.2,-7.362430572509766,11.248692512512207,1,1
mZ944,2,339.4,-7.970695495605469,13.90528392791748,1,1
mZ944,2,339.6,-10.970114707946777,16.23906898498535,1,1
mZ944,2,339.8,-17.12689781188965,18.729915618896484,1,1
mZ944,2,340.0,-13.848938941955566,12.178522109985352,1,1
mZ944,2,340.2,-9.633322715759277,11.452618598937988,1,1
mZ944,2,340.4,-12.24788761138916,12.491510391235352,1,1
mZ944,2,340.6,-14.097996711730957,9.8778657913208,1,1
mZ944,2,340.8,-14.063671112060547,12.002756118774414,1,1
mZ944,2,341.0,-13.790891647338867,13.050817489624023,1,1
mZ944,2,341.2,-11.671634674072266,8.791666030883789,1,1
mZ944,2,341.4,-19.03264808654785,5.2598652839660645,1,1
mZ944,2,341.6,-14.828020095825195,5.092738628387451,1,1
mZ944,2,341.8,-11.359094619750977,12.651103019714355,1,1
mZ944,2,342.0,-15.988494873046875,9.134264945983887,1,1
mZ944,2,342.2,-19.071847915649414,8.103629112243652,1,1
mZ944,2,342.4,-13.701089859008789,8.84272575378418,1,1
mZ944,2,342.6,-9.12969970703125,10.158187866210938,1,1
mZ944,2,342.8,-10.010896682739258,6.248133182525635,1,1
mZ944,2,343.0,-13.224854469299316,7.355767250061035,1,1
mZ944,2,343.2,-16.177064895629883,13.171683311462402,1,1
mZ944,2,343.4,-9.5678129196167,9.368246078491211,1,1
mZ944,2,343.6,-15.035669326782227,12.470154762268066,1,1
mZ944,2,343.8,-13.44911003112793,10.396466255187988,1,1
mZ944,2,344.0,-20.125246047973633,9.43118667602539,1,1
mZ944,2,344.2,-21.093473434448242,6.908830165863037,0,0
mZ944,2,344.4,-14.45248794555664,18.709400177001953,1,1
mZ944,2,344.6,-16.22519302368164,15.474611282348633,1,1
mZ944,2,344.8,-14.367180824279785,18.277864456176758,1,1
mZ944,2,345.0,-18.458398818969727,9.408287048339844,1,1
mZ944,2,345.2,-13.790082931518555,9.941145896911621,1,1
mZ944,2,345.4,-10.140093803405762,5.833216190338135,1,1
mZ944,2,345.6,-12.99569320678711,14.55699634552002,1,1
mZ944,2,345.8,-13.629508018493652,17.926952362060547,1,1
mZ944,2,346.0,-19.946630477905273,16.31061553955078,1,1
mZ944,2,346.2,-16.9305477142334,10.593134880065918,1,1
mZ944,2,346.4,-10.05262279510498,18.230632781982422,1,1
mZ944,2,346.6,-7.040445804595947,15.295939445495605,1,1
mZ944,2,346.8,-10.67358684539795,16.049922943115234,1,1
mZ944,2,347.0,-21.292097091674805,8.141718864440918,1,1
mZ944,2,347.2,-19.949918746948242,8.91963005065918,1,1
mZ944,2,347.4,-14.435942649841309,16.39812660217285,1,1
mZ944,2,347.6,-15.866923332214355,9.264439582824707,1,1
mZ944,2,347.8,-13.28761100769043,9.785964012145996,1,1
mZ944,2,348.0,-14.419246673583984,17.02421760559082,1,1
mZ944,2,348.2,-15.673101425170898,15.058455467224121,1,1
mZ944,2,348.4,-22.82090187072754,15.979403495788574,1,1
mZ944,2,348.6,-14.553441047668457,4.140881538391113,1,1
mZ944,2,348.8,-10.814685821533203,11.529779434204102,1,1
mZ944,2,349.0,-12.113118171691895,6.267536163330078,1,1
mZ944,2,349.2,-11.69145393371582,12.26838493347168,1,1
mZ944,2,349.4,-15.228296279907227,6.726248264312744,1,1
mZ944,2,349.6,-10.158515930175781,17.362106323242188,1,1
mZ944,2,349.8,-9.407330513000488,8.868340492248535,1,1
mZ944,2,350.0,-9.493473052978516,17.853885650634766,1,1
mZ944,2,350.2,-8.169578552246094,16.948015213012695,1,1
mZ944,2,350.4,-13.317981719970703,13.12840747833252,1,1
mZ944,2,350.6,-10.664785385131836,11.403449058532715,1,1
mZ944,2,350.8,-16.555923461914062,19.229106903076172,1,1
mZ944,2,351.0,-8.597163200378418,12.457137107849121,1,1
mZ944,2,351.2,-12.209476470947266,14.34193229675293,1,1
mZ944,2,351.4,-9.519620895385742,15.747274398803711,1,1
mZ944,2,351.6,-16.120210647583008,18.40444564819336,1,1
mZ944,2,351.8,-15.957140922546387,13.2062349319458,1,1
mZ944,2,352.0,-8.208390235900879,22.933273315429688,1,1
mZ944,2,352.2,-22.581192016601562,13.25389575958252,1,1
mZ944,2,352.4,-16.229324340820312,15.048014640808105,1,1
mZ944,2,352.6,-18.881656646728516,17.0913028717041,1,1
mZ944,2,352.8,-19.562877655029297,16.430065155029297,1,1
mZ944,2,353.0,-19.626487731933594,17.394792556762695,1,1
mZ944,2,353.2,-20.03375244140625,17.36210823059082,1,1
mZ944,2,353.4,-17.573659896850586,17.93575096130371,1,1
mZ944,2,353.6,-17.483182907104492,17.895376205444336,1,1
mZ944,2,353.8,-14.775423049926758,19.907291412353516,1,1
mZ944,2,354.0,-17.174663543701172,20.497392654418945,1,1
mZ944,2,354.2,-14.962532997131348,19.338109970092773,1,1
mZ944,2,354.4,-10.009078979492188,17.078779220581055,1,1
mZ944,2,354.6,-15.51259994506836,21.541906356811523,1,1
mZ944,2,354.8,-20.248964309692383,23.43201446533203,1,1
mZ944,2,355.0,-14.011003494262695,11.251976013183594,1,1
mZ944,2,355.2,-18.18687629699707,15.770063400268555,1,1
mZ944,2,355.4,-18.505521774291992,14.275003433227539,1,1
mZ944,2,355.6,-15.733938217163086,18.40524673461914,1,1
mZ944,2,355.8,-12.551466941833496,15.481423377990723,1,1
mZ944,2,356.0,-20.508949279785156,13.533182144165039,1,1
mZ944,2,356.2,-18.777362823486328,15.941109657287598,1,1
mZ944,2,356.4,-21.85183334350586,18.064014434814453,1,1
mZ944,2,356.6,-11.767014503479004,22.233768463134766,1,1
mZ944,2,356.8,-12.930810928344727,17.120479583740234,1,1
mZ944,2,357.0,-13.483606338500977,17.248502731323242,1,1
mZ944,2,357.2,-11.816944122314453,12.285126686096191,1,1
mZ944,2,357.4,-14.951422691345215,22.669885635375977,1,1
mZ944,2,357.6,-11.523844718933105,15.179621696472168,1,1
mZ944,2,357.8,-19.292470932006836,13.630468368530273,1,1
mZ944,2,358.0,-15.444238662719727,12.873933792114258,1,1
mZ944,2,358.2,-12.912378311157227,24.08993148803711,1,1
mZ944,2,358.4,-16.115812301635742,11.492425918579102,1,1
mZ944,2,358.6,-14.382430076599121,8.489852905273438,1,1
mZ944,2,358.8,-12.811206817626953,9.929339408874512,1,1
mZ944,2,359.0,-20.098819732666016,16.08198356628418,1,1
mZ944,2,359.2,-14.850950241088867,11.2632417678833,1,1
mZ944,2,359.4,-12.663558006286621,15.600513458251953,1,1
mZ944,2,359.6,-12.753066062927246,7.226378917694092,1,1
mZ944,2,359.8,-16.164518356323242,19.883020401000977,1,1
mZ944,2,360.0,-12.845390319824219,12.113818168640137,1,1
mZ944,2,360.2,-15.02914047241211,11.130596160888672,1,1
mZ944,2,360.4,-14.843396186828613,15.255659103393555,1,1
mZ944,2,360.6,-18.476123809814453,11.430109024047852,1,1
mZ944,2,360.8,-14.987062454223633,2.8541011810302734,1,1
mZ944,2,361.0,-13.68150520324707,17.11699867248535,1,1
mZ944,2,361.2,-14.067222595214844,17.53988265991211,1,1
mZ944,2,361.4,-18.8861083984375,9.893437385559082,1,1
mZ944,2,361.6,-13.730001449584961,15.755648612976074,1,1
mZ944,2,361.8,-9.211921691894531,16.02432632446289,1,1
mZ944,2,362.0,-16.26949691772461,10.01290512084961,1,1
mZ944,2,362.2,-17.9547061920166,10.435627937316895,1,1
mZ944,2,362.4,-23.224843978881836,7.160453796386719,1,1
mZ944,2,362.6,-16.786813735961914,6.699408054351807,1,1
mZ944,2,362.8,-16.420974731445312,12.90558910369873,1,1
mZ944,2,363.0,-17.719924926757812,9.629315376281738,1,1
mZ944,2,363.2,-15.438436508178711,12.614290237426758,1,1
mZ944,2,363.4,-14.145697593688965,11.252815246582031,1,1
mZ944,2,363.6,-16.22905921936035,6.685117244720459,1,1
mZ944,2,363.8,-11.94970703125,14.02723217010498,1,1
mZ944,2,364.0,-10.961986541748047,15.544589042663574,1,1
mZ944,2,364.2,-11.896724700927734,7.946467876434326,1,1
mZ944,2,364.4,-10.634291648864746,17.198833465576172,1,1
mZ944,2,364.6,-10.160956382751465,10.340888023376465,1,1
mZ944,2,364.8,-10.41763973236084,11.884103775024414,1,1
mZ944,2,365.0,-18.608062744140625,7.060500621795654,1,1
mZ944,2,365.2,-17.20778465270996,9.727449417114258,1,1
mZ944,2,365.4,-17.314056396484375,7.10580587387085,1,1
mZ944,2,365.6,-12.334630966186523,7.040502548217773,1,1
mZ944,2,365.8,-13.768818855285645,8.676971435546875,1,1
mZ944,2,366.0,-15.843134880065918,6.688457489013672,1,1
mZ944,2,366.2,-17.24371910095215,8.407846450805664,1,1
mZ944,2,366.4,-14.191743850708008,9.208477020263672,1,1
mZ944,2,366.6,-14.844449043273926,6.078444957733154,1,1
mZ944,2,366.8,-13.886722564697266,12.549455642700195,1,1
mZ944,2,367.0,-12.311054229736328,10.265262603759766,1,1
mZ944,2,367.2,-9.168230056762695,14.328218460083008,1,1
mZ944,2,367.4,-14.788009643554688,12.105194091796875,1,1
mZ944,2,367.6,-21.199983596801758,11.441883087158203,1,1
mZ944,2,367.8,-15.078775405883789,8.08913803100586,1,1
mZ944,2,368.0,-12.330334663391113,10.849343299865723,1,1
mZ944,2,368.2,-15.929289817810059,11.039497375488281,1,1
mZ944,2,368.4,-11.813045501708984,15.066232681274414,1,1
mZ944,2,368.6,-15.430148124694824,12.044358253479004,1,1
mZ944,2,368.8,-15.719745635986328,11.201715469360352,1,1
mZ944,2,369.0,-17.374149322509766,14.504014015197754,1,1
mZ944,2,369.2,-18.199037551879883,14.372493743896484,1,1
mZ944,2,369.4,-16.302217483520508,23.84185218811035,1,1
mZ944,2,369.6,-15.034162521362305,22.798524856567383,1,1
mZ944,2,369.8,-19.59280776977539,15.349404335021973,1,1
mZ944,2,370.0,-17.163379669189453,9.892853736877441,1,1
mZ944,2,370.2,-16.003114700317383,14.36162281036377,1,1
mZ944,2,370.4,-16.54371452331543,23.73019027709961,1,1
mZ944,2,370.6,-14.589180946350098,13.896419525146484,1,1
mZ944,2,370.8,-11.528487205505371,10.413762092590332,1,1
mZ944,2,371.0,-15.963133811950684,8.231934547424316,1,1
mZ944,2,371.2,-12.870481491088867,7.106132507324219,1,1
mZ944,2,371.4,-14.169794082641602,16.84743309020996,1,1
mZ944,2,371.6,-13.24341869354248,5.6074628829956055,1,1
mZ944,2,371.8,-15.750565528869629,8.408994674682617,1,1
mZ944,2,372.0,-15.561912536621094,7.336121559143066,1,1
mZ944,2,372.2,-15.665533065795898,14.338533401489258,1,1
mZ944,2,372.4,-14.069205284118652,15.587979316711426,1,1
mZ944,2,372.6,-13.69194507598877,11.161458015441895,1,1
mZ944,2,372.8,-17.00954246520996,6.389443397521973,1,1
mZ944,2,373.0,-10.49643611907959,7.938671112060547,1,1
mZ944,2,373.2,-15.963912963867188,14.773017883300781,1,1
mZ944,2,373.4,-11.806571006774902,11.510133743286133,1,1
mZ944,2,373.6,-13.795108795166016,8.717345237731934,1,1
mZ944,2,373.8,-14.18239974975586,4.075697898864746,1,1
mZ944,2,374.0,-13.363327026367188,9.743748664855957,1,1
mZ944,2,374.2,-17.83979034423828,9.585368156433105,1,1
mZ944,2,374.4,-12.590205192565918,11.331005096435547,1,1
mZ944,2,374.6,-14.670740127563477,7.978311538696289,1,1
mZ944,2,374.8,-13.588096618652344,12.640398025512695,1,1
mZ944,2,375.0,-20.900421142578125,15.408262252807617,1,1
mZ944,2,375.2,-19.137432098388672,16.668806076049805,1,1
mZ944,2,375.4,-17.241090774536133,12.63920783996582,1,1
mZ944,2,375.6,-20.34067153930664,14.095795631408691,1,1
mZ944,2,375.8,-18.848255157470703,17.951932907104492,1,1
mZ944,2,376.0,-22.736417770385742,15.11467170715332,1,1
mZ944,2,376.2,-20.633441925048828,15.869551658630371,1,1
mZ944,2,376.4,-16.86972427368164,6.381146430969238,1,1
mZ944,2,376.6,-17.09610366821289,8.454791069030762,1,1
mZ944,2,376.8,-14.620198249816895,12.743083953857422,1,1
mZ944,2,377.0,-18.539766311645508,9.29150104522705,1,1
mZ944,2,377.2,-13.927545547485352,9.82192611694336,1,1
mZ944,2,377.4,-12.26285457611084,9.830703735351562,1,1
mZ944,2,377.6,-14.700855255126953,4.041873931884766,1,1
mZ944,2,377.8,-13.258769989013672,8.802000999450684,1,1
mZ944,2,378.0,-12.692012786865234,3.6365275382995605,1,1
mZ944,2,378.2,-17.010608673095703,12.651409149169922,1,1
mZ944,2,378.4,-14.189702033996582,4.328819751739502,1,1
mZ944,2,378.6,-17.251972198486328,16.146398544311523,1,1
mZ944,2,378.8,-13.243108749389648,13.78772258758545,1,1
mZ944,2,379.0,-11.888947486877441,10.6113920211792,1,1
mZ944,2,379.2,-12.98108959197998,13.370677947998047,1,1
mZ944,2,379.4,-10.533965110778809,17.01373291015625,1,1
mZ944,2,379.6,-15.479684829711914,12.476889610290527,1,1
mZ944,2,379.8,-13.410117149353027,9.008674621582031,1,1
mZ944,2,380.0,-12.066463470458984,9.754899978637695,1,1
mZ944,2,380.2,-9.97534465789795,12.493721961975098,1,1
mZ944,2,380.4,-16.374513626098633,17.04291343688965,1,1
mZ944,2,380.6,-15.81608772277832,16.125446319580078,1,1
mZ944,2,380.8,-21.651506423950195,9.54049301147461,1,1
mZ944,2,381.0,-16.130657196044922,13.144326210021973,1,1
mZ944,2,381.2,-17.090496063232422,19.430912017822266,1,1
mZ944,2,381.4,-10.875117301940918,13.513703346252441,1,1
mZ944,2,381.6,-11.938051223754883,13.266622543334961,1,1
mZ944,2,381.8,-16.91795539855957,11.975445747375488,1,1
mZ944,2,382.0,-15.487152099609375,8.339642524719238,1,1
mZ944,2,382.2,-11.893327713012695,12.529680252075195,1,1
mZ944,2,382.4,-14.353048324584961,11.493247985839844,1,1
mZ944,2,382.6,-17.432401657104492,14.568482398986816,1,1
mZ944,2,382.8,-13.601445198059082,11.140087127685547,1,1
mZ944,2,383.0,-14.296775817871094,13.186317443847656,1,1
mZ944,2,383.2,-15.80605411529541,5.409058094024658,1,1
mZ944,2,383.4,-14.667509078979492,12.462074279785156,1,1
mZ944,2,383.6,-18.63502311706543,13.956140518188477,1,1
mZ944,2,383.8,-13.573237419128418,10.83395004272461,1,1
mZ944,2,384.0,-10.672805786132812,7.592979431152344,1,1
mZ944,2,384.2,-9.8965425491333,15.264960289001465,1,1
mZ944,2,384.4,-13.975892066955566,14.459132194519043,1,1
mZ944,2,384.6,-16.59898567199707,12.321460723876953,1,1
mZ944,2,384.8,-14.056625366210938,11.972102165222168,1,1
mZ944,2,385.0,-13.258027076721191,5.337996959686279,1,1
mZ944,2,385.2,-16.020830154418945,7.118851661682129,1,1
mZ944,2,385.4,-16.06558609008789,12.689793586730957,1,1
mZ944,2,385.6,-18.97638511657715,8.821859359741211,1,1
mZ944,2,385.8,-11.748160362243652,11.065755844116211,1,1
mZ944,2,386.0,-10.354104042053223,11.364028930664062,1,1
mZ944,2,386.2,-12.949690818786621,17.183134078979492,1,1
mZ944,2,386.4,-18.285200119018555,12.444899559020996,1,1
mZ944,2,386.6,-7.053805351257324,18.874561309814453,1,1
mZ944,2,386.8,-10.317209243774414,23.51346206665039,1,1
mZ944,2,387.0,-17.751510620117188,19.077472686767578,1,1
mZ944,2,387.2,-22.647634506225586,8.142464637756348,1,1
mZ944,2,387.4,-22.588823318481445,15.287644386291504,1,1
mZ944,2,387.6,-19.86348533630371,12.852551460266113,1,1
mZ944,2,387.8,-15.745612144470215,20.33946990966797,1,1
mZ944,2,388.0,-19.297983169555664,13.406609535217285,1,1
mZ944,2,388.2,-17.47650718688965,13.993977546691895,1,1
mZ944,2,388.4,-13.52649974822998,12.163688659667969,1,1
mZ944,2,388.6,-16.159595489501953,17.014677047729492,1,1
mZ944,2,388.8,-18.075881958007812,9.04069709777832,1,1
mZ944,2,389.0,-18.92868423461914,18.856250762939453,1,1
mZ944,2,389.2,-23.18454933166504,15.835753440856934,1,1
mZ944,2,389.4,-20.354692459106445,18.43792724609375,1,1
mZ944,2,389.6,-18.69571876525879,8.176290512084961,1,1
mZ944,2,389.8,-22.251325607299805,13.408807754516602,1,1
mZ944,2,390.0,-18.557998657226562,18.818763732910156,1,1
mZ944,2,390.2,-12.920559883117676,15.505813598632812,1,1
mZ944,2,390.4,-10.284890174865723,15.055792808532715,1,1
mZ944,2,390.6,-11.372265815734863,20.118743896484375,1,1
mZ944,2,390.8,-17.562599182128906,17.51714515686035,1,1
mZ944,2,391.0,-16.98061752319336,22.385324478149414,1,1
mZ944,2,391.2,-16.542665481567383,18.041940689086914,1,1
mZ944,2,391.4,-12.702030181884766,24.27950096130371,1,1
mZ944,2,391.6,-17.19233512878418,15.525139808654785,1,1
mZ944,2,391.8,-18.487380981445312,18.24843406677246,1,1
mZ944,2,392.0,-15.128567695617676,19.38726234436035,1,1
mZ944,2,392.2,-20.554718017578125,12.381133079528809,1,1
mZ944,2,392.4,-15.006732940673828,9.350939750671387,1,1
mZ944,2,392.6,-13.959811210632324,11.252891540527344,1,1
mZ944,2,392.8,-11.398077964782715,19.05301856994629,1,1
mZ944,2,393.0,-17.265642166137695,14.618659019470215,1,1
mZ944,2,393.2,-18.126419067382812,14.963744163513184,1,1
mZ944,2,393.4,-15.722973823547363,19.020801544189453,1,1
mZ944,2,393.6,-13.802642822265625,17.1337833404541,1,1
mZ944,2,393.8,-12.161579132080078,11.895817756652832,1,1
mZ944,2,394.0,-13.405202865600586,13.972739219665527,1,1
mZ944,2,394.2,-17.746326446533203,18.63212776184082,1,1
mZ944,2,394.4,-20.64446449279785,9.826333999633789,1,1
mZ944,2,394.6,-19.624473571777344,19.425128936767578,1,1
mZ944,2,394.8,-22.69000244140625,10.771990776062012,1,1
mZ944,2,395.0,-23.280071258544922,12.466333389282227,1,1
mZ944,2,395.2,-23.070148468017578,14.1305570602417,1,1
mZ944,2,395.4,-15.794071197509766,11.058762550354004,1,1
mZ944,2,395.6,-11.114765167236328,11.135215759277344,1,1
mZ944,2,395.8,-15.637008666992188,7.037351131439209,1,1
mZ944,2,396.0,-12.254250526428223,12.821249961853027,1,1
mZ944,2,396.2,-15.398492813110352,8.908583641052246,1,1
mZ944,2,396.4,-19.494579315185547,16.013214111328125,1,1
mZ944,2,396.6,-17.12010383605957,10.623783111572266,1,1
mZ944,2,396.8,-17.385940551757812,8.237200736999512,1,1
mZ944,2,397.0,-19.568716049194336,12.337647438049316,1,1
mZ944,2,397.2,-17.124685287475586,14.187108993530273,1,1
mZ944,2,397.4,-13.50185489654541,9.702445030212402,1,1
mZ944,2,397.6,-14.245570182800293,11.411459922790527,1,1
mZ944,2,397.8,-10.206290245056152,11.967504501342773,1,1
mZ944,2,398.0,-17.1606502532959,12.805807113647461,1,1
mZ944,2,398.2,-15.00370979309082,15.433919906616211,1,1
mZ944,2,398.4,-11.103476524353027,12.834039688110352,1,1
mZ944,2,398.6,-21.930866241455078,13.880125045776367,1,1
mZ944,2,398.8,-14.94111442565918,19.85713768005371,1,1
mZ944,2,399.0,-12.628594398498535,18.55636215209961,1,1
mZ944,2,399.2,-17.02345085144043,9.804670333862305,1,1
mZ944,2,399.4,-16.656414031982422,12.17838191986084,1,1
mZ944,2,399.6,-18.61453628540039,8.633920669555664,1,1
mZ944,2,399.8,-14.408397674560547,9.636563301086426,1,1
mZ944,2,400.0,-17.750593185424805,12.512798309326172,1,1
mZ944,2,400.2,-14.937521934509277,9.231954574584961,1,1
mZ944,2,400.4,-15.14448070526123,13.531087875366211,1,1
mZ944,2,400.6,-14.128877639770508,14.747279167175293,1,1
mZ944,2,400.8,-14.551097869873047,16.790180206298828,1,1
mZ944,2,401.0,-5.523270606994629,8.087836265563965,1,1
mZ944,2,401.2,-13.783559799194336,12.129036903381348,1,1
mZ944,2,401.4,-8.498069763183594,12.66923999786377,1,1
mZ944,2,401.6,-15.341155052185059,6.065873146057129,1,1
mZ944,2,401.8,-9.970793724060059,9.726340293884277,1,1
mZ944,2,402.0,-14.289067268371582,13.901954650878906,1,1
mZ944,2,402.2,-12.666596412658691,13.581413269042969,1,1
mZ944,2,402.4,-16.964149475097656,10.337154388427734,1,1
mZ944,2,402.6,-14.218466758728027,11.732430458068848,1,1
mZ944,2,402.8,-17.372119903564453,16.688899993896484,1,1
mZ944,2,403.0,-18.906373977661133,13.20907974243164,1,1
mZ944,2,403.2,-12.155482292175293,14.271611213684082,1,1
mZ944,2,403.4,-12.72913932800293,18.138519287109375,1,1
mZ944,2,403.6,-11.525818824768066,29.498779296875,1,1
mZ944,2,403.8,-8.407594680786133,11.1898775100708,1,1
mZ944,2,404.0,-14.056586265563965,12.612356185913086,1,1
mZ944,2,404.2,-11.303895950317383,13.66085147857666,1,1
mZ944,2,404.4,-10.792311668395996,14.33577823638916,1,1
mZ944,2,404.6,-11.242938041687012,15.89770793914795,1,1
mZ944,2,404.8,-15.892508506774902,15.835928916931152,1,1
mZ944,2,405.0,-11.220076560974121,15.484549522399902,1,1
mZ944,2,405.2,-15.754417419433594,13.388111114501953,1,1
mZ944,2,405.4,-12.294322967529297,14.876782417297363,1,1
mZ944,2,405.6,-11.290299415588379,12.800413131713867,1,1
mZ944,2,405.8,-14.487076759338379,15.702356338500977,1,1
mZ944,2,406.0,-15.121973037719727,12.941818237304688,1,1
mZ944,2,406.2,-19.66510009765625,7.822655200958252,1,1
mZ944,2,406.4,-17.051057815551758,25.052352905273438,1,1
mZ944,2,406.6,-15.629358291625977,13.411370277404785,1,1
mZ944,2,406.8,-12.607845306396484,10.576897621154785,1,1
mZ944,2,407.0,-18.216276168823242,15.15966510772705,1,1
mZ944,2,407.2,-15.041670799255371,18.763011932373047,1,1
mZ944,2,407.4,-16.41407585144043,14.118429183959961,1,1
mZ944,2,407.6,-17.985647201538086,15.625509262084961,1,1
mZ944,2,407.8,-11.55334758758545,6.981659889221191,1,1
mZ944,2,408.0,-13.167898178100586,19.879497528076172,1,1
mZ944,2,408.2,-13.403237342834473,15.275444984436035,1,1
mZ944,2,408.4,-17.474443435668945,7.401230335235596,1,1
mZ944,2,408.6,-14.713739395141602,13.688941955566406,1,1
mZ944,2,408.8,-21.761926651000977,5.346517086029053,1,1
mZ944,2,409.0,-21.331588745117188,13.971975326538086,1,1
mZ944,2,409.2,-22.247303009033203,12.113129615783691,1,1
mZ944,2,409.4,-17.278884887695312,10.169998168945312,1,1
mZ944,2,409.6,-20.780920028686523,9.918339729309082,1,1
mZ944,2,409.8,-14.071596145629883,13.2483491897583,1,1
mZ944,2,410.0,-17.63946533203125,19.579057693481445,1,1
mZ944,2,410.2,-15.96000862121582,15.58515453338623,1,1
mZ944,2,410.4,-17.818912506103516,16.572601318359375,1,1
mZ944,2,410.6,-13.214301109313965,13.188490867614746,1,1
mZ944,2,410.8,-13.337898254394531,10.673791885375977,1,1
mZ944,2,411.0,-18.149559020996094,13.659490585327148,1,1
mZ944,2,411.2,-20.279142379760742,14.419178009033203,1,1
mZ944,2,411.4,-20.70033836364746,13.875643730163574,1,1
mZ944,2,411.6,-19.48716163635254,22.269102096557617,1,1
mZ944,2,411.8,-14.976171493530273,14.665265083312988,1,1
mZ944,2,412.0,-15.031192779541016,15.31216049194336,1,1
mZ944,2,412.2,-14.614469528198242,19.017576217651367,1,1
mZ944,2,412.4,-18.057924270629883,13.959489822387695,1,1
mZ944,2,412.6,-22.095842361450195,17.0401611328125,1,1
mZ944,2,412.8,-15.40894889831543,19.956518173217773,1,1
mZ944,2,413.0,-15.106889724731445,20.047765731811523,1,1
mZ944,2,413.2,-19.82243537902832,19.6595516204834,1,1
mZ944,2,413.4,-19.51544189453125,14.789321899414062,1,1
mZ944,2,413.6,-19.93223762512207,17.44785499572754,1,1
mZ944,2,413.8,-20.038074493408203,12.728043556213379,1,1
mZ944,2,414.0,-21.884614944458008,13.64918041229248,1,1
mZ944,2,414.2,-15.607647895812988,11.083785057067871,1,1
mZ944,2,414.4,-17.073301315307617,8.81051254272461,1,1
mZ944,2,414.6,-15.110984802246094,15.59575080871582,1,1
mZ944,2,414.8,-13.688140869140625,15.759785652160645,1,1
mZ944,2,415.0,-16.19557762145996,14.3388032913208,1,1
mZ944,2,415.2,-6.154755115509033,22.37209701538086,1,1
mZ944,2,415.4,-14.778542518615723,17.669498443603516,1,1
mZ944,2,415.6,-15.852371215820312,14.332365989685059,1,1
mZ944,2,415.8,-8.168784141540527,14.802306175231934,1,1
mZ944,2,416.0,-16.99013328552246,10.246481895446777,1,1
mZ944,2,416.2,-9.511341094970703,8.22362232208252,1,1
mZ944,2,416.4,-11.648862838745117,13.01954460144043,1,1
mZ944,2,416.6,-6.661947727203369,9.450662612915039,1,1
mZ944,2,416.8,-11.672579765319824,12.20035171508789,1,1
mZ944,2,417.0,-10.022144317626953,10.788788795471191,1,1
mZ944,2,417.2,-14.833260536193848,5.744029521942139,1,1
mZ944,2,417.4,-15.398857116699219,11.117303848266602,1,1
mZ944,2,417.6,-13.022449493408203,12.736465454101562,1,1
mZ944,2,417.8,-8.576456069946289,14.572525024414062,1,1
mZ944,2,418.0,-9.49173641204834,16.661056518554688,1,1
mZ944,2,418.2,-12.002799987792969,8.196305274963379,1,1
mZ944,2,418.4,-17.2541561126709,8.351372718811035,1,1
mZ944,2,418.6,-18.035152435302734,16.304119110107422,1,1
mZ944,2,418.8,-14.202080726623535,13.58021068572998,1,1
mZ944,2,419.0,-17.727188110351562,8.324824333190918,1,1
mZ944,2,419.2,-17.525163650512695,8.616188049316406,1,1
mZ944,2,419.4,-15.362476348876953,8.721269607543945,1,1
mZ944,2,419.6,-20.648691177368164,17.530139923095703,1,1
mZ944,2,419.8,-16.50824546813965,10.391314506530762,1,1
mZ944,2,420.0,-21.519794464111328,6.864556789398193,1,1
mZ944,2,420.2,-20.660730361938477,10.331624984741211,1,1
mZ944,2,420.4,-18.433530807495117,8.765716552734375,1,1
mZ944,2,420.6,-19.30790901184082,6.610445976257324,1,1
mZ944,2,420.8,-12.080511093139648,12.059080123901367,1,1
mZ944,2,421.0,-15.52275562286377,9.026567459106445,1,1
mZ944,2,421.2,-19.823028564453125,14.303949356079102,1,1
mZ944,2,421.4,-19.5041446685791,12.467580795288086,1,1
mZ944,2,421.6,-12.431600570678711,9.526455879211426,1,1
mZ944,2,421.8,-15.647527694702148,10.559015274047852,1,1
mZ944,2,422.0,-14.422572135925293,16.014450073242188,1,1
mZ944,2,422.2,-15.96500301361084,13.437515258789062,1,1
mZ944,2,422.4,-19.991901397705078,20.43364715576172,1,1
mZ944,2,422.6,-14.87369441986084,22.569311141967773,1,1
mZ944,2,422.8,-15.76646614074707,17.2337646484375,1,1
mZ944,2,423.0,-18.0288143157959,12.1090726852417,1,1
mZ944,2,423.2,-13.640820503234863,21.006576538085938,1,1
mZ944,2,423.4,-16.497798919677734,14.425518035888672,1,1
mZ944,2,423.6,-19.49089241027832,16.728473663330078,1,1
mZ944,2,423.8,-19.129695892333984,21.4273681640625,1,1
mZ944,2,424.0,-16.146137237548828,14.457132339477539,1,1
mZ944,2,424.2,-10.036144256591797,20.050830841064453,1,1
mZ944,2,424.4,-16.649890899658203,17.37914276123047,1,1
mZ944,2,424.6,-16.513118743896484,9.61219596862793,1,1
mZ944,2,424.8,-16.582157135009766,14.329465866088867,1,1
mZ944,2,425.0,-17.136743545532227,27.512466430664062,1,1
mZ944,2,425.2,-19.41484260559082,20.548839569091797,1,1
mZ944,2,425.4,-15.117430686950684,12.194622039794922,1,1
mZ944,2,425.6,-17.212337493896484,3.515289306640625,1,1
mZ944,2,425.8,-15.871064186096191,12.21618366241455,1,1
mZ944,2,426.0,-17.53300666809082,13.954486846923828,1,1
mZ944,2,426.2,-18.442670822143555,12.590331077575684,1,1
mZ944,2,426.4,-23.579425811767578,16.645654678344727,1,1
mZ944,2,426.6,-21.547712326049805,12.916444778442383,1,1
mZ944,2,426.8,-16.213134765625,17.906269073486328,1,1
mZ944,2,427.0,-22.8210391998291,11.195647239685059,1,1
mZ944,2,427.2,-16.650562286376953,16.448753356933594,1,1
mZ944,2,427.4,-19.352872848510742,21.735719680786133,1,1
mZ944,2,427.6,-16.40735626220703,16.589889526367188,1,1
mZ944,2,427.8,-17.997610092163086,14.167633056640625,1,1
mZ944,2,428.0,-14.546305656433105,6.766305923461914,1,1
mZ944,2,428.2,-15.098750114440918,11.083279609680176,1,1
mZ944,2,428.4,-23.098098754882812,4.856324672698975,1,1
mZ944,2,428.6,-17.77118492126465,19.265214920043945,1,1
mZ944,2,428.8,-15.876327514648438,14.247943878173828,1,1
mZ944,2,429.0,-16.061662673950195,14.820066452026367,1,1
mZ944,2,429.2,-19.690555572509766,16.305822372436523,1,1
mZ944,2,429.4,-16.075153350830078,12.46515941619873,1,1
mZ944,2,429.6,-13.153986930847168,13.950008392333984,1,1
mZ944,2,429.8,-15.44089412689209,14.116252899169922,1,1
mZ944,2,430.0,-18.489355087280273,15.908387184143066,1,1
mZ944,2,430.2,-18.123960494995117,17.91566276550293,1,1
mZ944,2,430.4,-17.04399299621582,19.325214385986328,1,1
mZ944,2,430.6,-15.023082733154297,24.051279067993164,1,1
mZ944,2,430.8,-19.79587745666504,15.178393363952637,1,1
mZ944,2,431.0,-15.951683044433594,16.931781768798828,1,1
mZ944,2,431.2,-10.833711624145508,17.542743682861328,1,1
mZ944,2,431.4,-21.62535285949707,27.7113094329834,1,1
mZ944,2,431.6,-22.29987335205078,20.122173309326172,1,1
mZ944,2,431.8,-18.050931930541992,25.192153930664062,1,1
mZ944,2,432.0,-18.72062110900879,20.776241302490234,1,1
mZ944,2,432.2,-19.736595153808594,16.515783309936523,1,1
mZ944,2,432.4,-18.615659713745117,17.696264266967773,1,1
mZ944,2,432.6,-22.35074806213379,19.502269744873047,1,1
mZ944,2,432.8,-21.1693058013916,22.03969383239746,1,1
mZ944,2,433.0,-18.36829948425293,18.1798038482666,1,1
mZ944,2,433.2,-21.81672477722168,19.140499114990234,1,1
mZ944,2,433.4,-24.91157341003418,17.455936431884766,1,1
mZ944,2,433.6,-12.502093315124512,18.801189422607422,1,1
mZ944,2,433.8,-19.299102783203125,11.871281623840332,1,1
mZ944,2,434.0,-21.240991592407227,20.477113723754883,1,1
mZ944,2,434.2,-14.19528579711914,23.096357345581055,1,1
mZ944,2,434.4,-19.84568977355957,18.646238327026367,1,1
mZ944,2,434.6,-17.186153411865234,19.43511962890625,1,1
mZ944,2,434.8,-16.930103302001953,13.179712295532227,1,1
mZ944,2,435.0,-19.86794662475586,15.17278003692627,1,1
mZ944,2,435.2,-17.132301330566406,16.780670166015625,1,1
mZ944,2,435.4,-19.65980339050293,13.485077857971191,1,1
mZ944,2,435.6,-22.264381408691406,15.664917945861816,1,1
mZ944,2,435.8,-17.761810302734375,7.751328945159912,1,1
mZ944,2,436.0,-18.325050354003906,18.2664794921875,1,1
mZ944,2,436.2,-18.180490493774414,23.459863662719727,1,1
mZ944,2,436.4,-14.588051795959473,15.541852951049805,1,1
mZ944,2,436.6,-26.229951858520508,21.298439025878906,1,1
mZ944,2,436.8,-23.399641036987305,17.6505184173584,1,1
mZ944,2,437.0,-20.90361976623535,16.314245223999023,1,1
mZ944,2,437.2,-21.51264190673828,24.73404884338379,1,1
mZ944,2,437.4,-21.034496307373047,21.1409912109375,1,1
mZ944,2,437.6,-13.862629890441895,22.500261306762695,1,1
mZ944,2,437.8,-24.049222946166992,21.580415725708008,1,1
mZ944,2,438.0,-19.79327964782715,23.16141700744629,1,1
mZ944,2,438.2,-25.717327117919922,25.356996536254883,1,1
mZ944,2,438.4,-16.090150833129883,12.983229637145996,1,1
mZ944,2,438.6,-15.64498233795166,10.556963920593262,1,1
mZ944,2,438.8,-17.0335750579834,18.869060516357422,1,1
mZ944,2,439.0,-19.50450325012207,24.16191291809082,1,1
mZ944,2,439.2,-19.34419059753418,18.81859588623047,1,1
mZ944,2,439.4,-17.124000549316406,15.596671104431152,1,1
mZ944,2,439.6,-15.654112815856934,20.70711326599121,1,1
mZ944,2,439.8,-12.85586929321289,22.820667266845703,1,1
mZ944,2,440.0,-19.67584800720215,24.000537872314453,1,1
mZ944,2,440.2,-16.942750930786133,22.9735164642334,1,1
mZ944,2,440.4,-14.7654390335083,24.99448013305664,1,1
mZ944,2,440.6,-14.593793869018555,17.67100715637207,1,1
mZ944,2,440.8,-19.70262908935547,14.494426727294922,1,1
mZ944,2,441.0,-16.908876419067383,20.630733489990234,1,1
mZ944,2,441.2,-19.318952560424805,18.492582321166992,1,1
mZ944,2,441.4,-22.25298500061035,23.52793312072754,1,1
mZ944,2,441.6,-20.536962509155273,11.130777359008789,1,1
mZ944,2,441.8,-17.424087524414062,20.171798706054688,1,1
mZ944,2,442.0,-22.995954513549805,14.84193229675293,1,1
mZ944,2,442.2,-23.009679794311523,10.955405235290527,1,1
mZ944,2,442.4,-25.16387939453125,15.678215980529785,1,1
mZ944,2,442.6,-20.277448654174805,10.30229377746582,1,1
mZ944,2,442.8,-14.15593433380127,16.32343864440918,1,1
mZ944,2,443.0,-14.777923583984375,16.599809646606445,1,1
mZ944,2,443.2,-11.424752235412598,19.072227478027344,1,1
mZ944,2,443.4,-14.604303359985352,15.749429702758789,1,1
mZ944,2,443.6,-17.766605377197266,21.807849884033203,1,1
mZ944,2,443.8,-15.289983749389648,19.182125091552734,1,1
mZ944,2,444.0,-15.815299034118652,14.326431274414062,1,1
mZ944,2,444.2,-18.153867721557617,18.171859741210938,1,1
mZ944,2,444.4,-19.421512603759766,14.654518127441406,1,1
mZ944,2,444.6,-15.576804161071777,24.162919998168945,1,1
mZ944,2,444.8,-18.102697372436523,16.238475799560547,1,1
mZ944,2,445.0,-17.89963150024414,16.547212600708008,1,1
mZ944,2,445.2,-19.22809600830078,17.832012176513672,1,1
mZ944,2,445.4,-19.896921157836914,20.645410537719727,1,1
mZ944,2,445.6,-11.824792861938477,24.72284507751465,1,1
mZ944,2,445.8,-22.974714279174805,19.021493911743164,1,1
mZ944,2,446.0,-20.39628791809082,19.215787887573242,1,1
mZ944,2,446.2,-19.41366958618164,21.192554473876953,1,1
mZ944,2,446.4,-21.24368667602539,15.038810729980469,1,1
mZ944,2,446.6,-20.973800659179688,14.957409858703613,1,1
mZ944,2,446.8,-21.96147918701172,14.35720443725586,1,1
mZ944,2,447.0,-17.22853660583496,22.739286422729492,1,1
mZ944,2,447.2,-21.67576789855957,20.323976516723633,1,1
mZ944,2,447.4,-16.361671447753906,21.224802017211914,1,1
mZ944,2,447.6,-10.09210205078125,20.308765411376953,1,1
mZ944,2,447.8,-15.584562301635742,18.399534225463867,1,1
mZ944,2,448.0,-19.68548011779785,16.757339477539062,1,1
mZ944,2,448.2,-17.200031280517578,21.373003005981445,1,1
mZ944,2,448.4,-22.087209701538086,19.273693084716797,1,1
mZ944,2,448.6,-17.033416748046875,13.815786361694336,1,1
mZ944,2,448.8,-24.081823348999023,26.32221221923828,1,1
mZ944,2,449.0,-19.920806884765625,22.25526237487793,1,1
mZ944,2,449.2,-15.308870315551758,20.292720794677734,1,1
mZ944,2,449.4,-19.13654136657715,18.835811614990234,1,1
mZ944,2,449.6,-21.375385284423828,9.868880271911621,1,1
mZ944,2,449.8,-21.80353355407715,5.623013496398926,1,1
mZ944,2,450.0,-13.356120109558105,14.59172248840332,1,1
mZ944,2,450.2,-17.18962860107422,19.600751876831055,1,1
mZ944,2,450.4,-21.743133544921875,7.943338871002197,1,1
mZ944,2,450.6,-22.579011917114258,9.957683563232422,1,1
mZ944,2,450.8,-15.142529487609863,13.688188552856445,1,1
mZ944,2,451.0,-22.86336898803711,20.925739288330078,1,1
mZ944,2,451.2,-18.169551849365234,18.20508575439453,1,1
mZ944,2,451.4,-18.967758178710938,7.765768527984619,1,1
mZ944,2,451.6,-23.73111915588379,11.009573936462402,1,1
mZ944,2,451.8,-17.762224197387695,11.661524772644043,1,1
mZ944,2,452.0,-19.96799087524414,14.297954559326172,1,1
mZ944,2,452.2,-19.635974884033203,13.427505493164062,1,1
mZ944,2,452.4,-22.53655242919922,12.195262908935547,1,1
mZ944,2,452.6,-21.57526397705078,18.45303726196289,1,1
mZ944,2,452.8,-25.872310638427734,19.29879379272461,1,1
mZ944,2,453.0,-21.06468391418457,17.9515323638916,1,1
mZ944,2,453.2,-15.62807559967041,14.606987953186035,1,1
mZ944,2,453.4,-14.986164093017578,15.841586112976074,1,1
mZ944,2,453.6,-19.415727615356445,15.559220314025879,1,1
mZ944,2,453.8,-22.499427795410156,11.927210807800293,1,1
mZ944,2,454.0,-23.286609649658203,13.133360862731934,1,1
mZ944,2,454.2,-26.15473747253418,16.239456176757812,1,1
mZ944,2,454.4,-15.47153091430664,17.255828857421875,1,1
mZ944,2,454.6,-16.093435287475586,18.237367630004883,1,1
mZ944,2,454.8,-12.37952995300293,17.06153106689453,1,1
mZ944,2,455.0,-16.59623146057129,12.421273231506348,1,1
mZ944,2,455.2,-17.342344284057617,17.76495361328125,1,1
mZ944,2,455.4,-23.012170791625977,6.84400749206543,1,1
mZ944,2,455.6,-16.221315383911133,2.9548583030700684,1,1
mZ944,2,455.8,-16.148513793945312,5.694817066192627,1,1
mZ944,2,456.0,-22.976924896240234,10.476181983947754,1,1
mZ944,2,456.2,-22.932056427001953,17.208890914916992,1,1
mZ944,2,456.4,-18.190587997436523,13.355541229248047,1,1
mZ944,2,456.6,-23.840784072875977,11.54190731048584,1,1
mZ944,2,456.8,-19.581146240234375,21.4857177734375,1,1
mZ944,2,457.0,-22.272192001342773,11.534750938415527,1,1
mZ944,2,457.2,-20.5643310546875,13.146946907043457,1,1
mZ944,2,457.4,-24.090553283691406,12.286755561828613,1,1
mZ944,2,457.6,-25.962669372558594,9.883418083190918,1,1
mZ944,2,457.8,-22.206863403320312,14.269841194152832,1,1
mZ944,2,458.0,-19.678937911987305,17.85361671447754,1,1
mZ944,2,458.2,-16.326663970947266,17.2038631439209,1,1
mZ944,2,458.4,-23.520015716552734,13.262569427490234,1,1
mZ944,2,458.6,-15.48457145690918,18.839069366455078,1,1
mZ944,2,458.8,-18.944622039794922,15.084548950195312,1,1
mZ944,2,459.0,-12.384194374084473,9.668927192687988,1,1
mZ944,2,459.2,-15.970171928405762,7.106354236602783,1,1
mZ944,2,459.4,-20.7720890045166,13.133708000183105,1,1
mZ944,2,459.6,-19.31464958190918,17.651504516601562,1,1
mZ944,2,459.8,-16.502941131591797,14.406905174255371,1,1
mZ944,2,460.0,-24.230348587036133,11.48402214050293,1,1
mZ944,2,460.2,-12.524832725524902,14.342426300048828,1,1
mZ944,2,460.4,-18.38186264038086,10.866442680358887,1,1
mZ944,2,460.6,-14.25224781036377,11.07214069366455,1,1
mZ944,2,460.8,-20.030866622924805,13.483320236206055,1,1
mZ944,2,461.0,-18.752399444580078,9.901749610900879,1,1
mZ944,2,461.2,-12.278948783874512,10.028164863586426,1,1
mZ944,2,461.4,-19.1326961517334,4.722111225128174,1,1
mZ944,2,461.6,-16.140878677368164,4.759551048278809,1,1
mZ944,2,461.8,-16.87347412109375,4.592625141143799,1,1
mZ944,2,462.0,-16.682817459106445,9.150128364562988,1,1
mZ944,2,462.2,-15.684978485107422,7.534156322479248,1,1
mZ944,2,462.4,-16.09761619567871,0.22878552973270416,1,1
mZ944,2,462.6,-16.678815841674805,9.611763954162598,1,1
mZ944,2,462.8,-8.789962768554688,10.026555061340332,1,1
mZ944,2,463.0,-14.67857551574707,11.507744789123535,1,1
mZ944,2,463.2,-25.748231887817383,8.269165992736816,1,1
mZ944,2,463.4,-16.13488006591797,6.935909271240234,1,1
mZ944,2,463.6,-13.78032112121582,13.108968734741211,1,1
mZ944,2,463.8,-17.64710235595703,6.639906406402588,1,1
mZ944,2,464.0,-19.356407165527344,17.308870315551758,1,1
mZ944,2,464.2,-15.150524139404297,12.156913757324219,1,1
mZ944,2,464.4,-18.22089195251465,10.831743240356445,1,1
mZ944,2,464.6,-19.615459442138672,18.99327850341797,1,1
mZ944,2,464.8,-16.279497146606445,19.823347091674805,1,1
mZ944,2,465.0,-17.356351852416992,14.478975296020508,1,1
mZ944,2,465.2,-23.236648559570312,8.689934730529785,1,1
mZ944,2,465.4,-16.61707878112793,8.13949203491211,1,1
mZ944,2,465.6,-21.984764099121094,11.272172927856445,1,1
mZ944,2,465.8,-21.586530685424805,12.822705268859863,1,1
mZ944,2,466.0,-12.208186149597168,14.8401517868042,1,1
mZ944,2,466.2,-15.710204124450684,13.562079429626465,1,1
mZ944,2,466.4,-21.658201217651367,16.691307067871094,1,1
mZ944,2,466.6,-19.73343276977539,14.344051361083984,1,1
mZ944,2,466.8,-23.74818992614746,15.123903274536133,1,1
mZ944,2,467.0,-17.50959014892578,10.633870124816895,1,1
mZ944,2,467.2,-20.798418045043945,13.449934959411621,1,1
mZ944,2,467.4,-20.304471969604492,14.852429389953613,1,1
mZ944,2,467.6,-20.78371810913086,11.172765731811523,1,1
mZ944,2,467.8,-15.1504545211792,14.479192733764648,1,1
mZ944,2,468.0,-17.95026397705078,17.246158599853516,1,1
mZ944,2,468.2,-23.307893753051758,11.580266952514648,1,1
mZ944,2,468.4,-16.75016975402832,8.55109691619873,1,1
mZ944,2,468.6,-8.36175537109375,16.14090919494629,1,1
mZ944,2,468.8,-15.530043601989746,10.284496307373047,1,1
mZ944,2,469.0,-14.365525245666504,16.3012752532959,1,1
mZ944,2,469.2,-17.234235763549805,17.418424606323242,1,1
mZ944,2,469.4,-15.85103988647461,18.640771865844727,1,1
mZ944,2,469.6,-23.013660430908203,10.512669563293457,1,1
mZ944,2,469.8,-22.975553512573242,8.459054946899414,1,1
mZ944,2,470.0,-16.50133514404297,17.26035499572754,1,1
mZ944,2,470.2,-14.006762504577637,19.459699630737305,1,1
mZ944,2,470.4,-23.61280632019043,11.760376930236816,1,1
mZ944,2,470.6,-19.950794219970703,12.875933647155762,1,1
mZ944,2,470.8,-21.033920288085938,24.96135902404785,1,1
mZ944,2,471.0,-20.36069107055664,17.550798416137695,1,1
mZ944,2,471.2,-21.235315322875977,18.982418060302734,1,1
mZ944,2,471.4,-16.495954513549805,19.292009353637695,1,1
mZ944,2,471.6,-19.13767433166504,13.09467601776123,1,1
mZ944,2,471.8,-19.61016845703125,11.381535530090332,1,1
mZ944,2,472.0,-20.601112365722656,6.549872398376465,1,1
mZ944,2,472.2,-19.720232009887695,10.375499725341797,1,1
mZ944,2,472.4,-14.880782127380371,13.65135669708252,1,1
mZ944,2,472.6,-13.792769432067871,17.275787353515625,1,1
mZ944,2,472.8,-18.68785285949707,15.011354446411133,1,1
mZ944,2,473.0,-16.95261573791504,17.246883392333984,1,1
mZ944,2,473.2,-17.678491592407227,19.51296043395996,1,1
mZ944,2,473.4,-17.78299331665039,18.879383087158203,1,1
mZ944,2,473.6,-18.45110321044922,18.79975700378418,1,1
mZ944,2,473.8,-15.230281829833984,15.325387954711914,1,1
mZ944,2,474.0,-17.71995735168457,23.41836929321289,1,1
mZ944,2,474.2,-20.106361389160156,17.917280197143555,1,1
mZ944,2,474.4,-17.523609161376953,16.615814208984375,1,1
mZ944,2,474.6,-9.22313404083252,21.86075782775879,1,1
mZ944,2,474.8,-12.7654447555542,12.62977409362793,1,1
mZ944,2,475.0,-6.568678379058838,10.012065887451172,1,1
mZ944,2,475.2,-12.401946067810059,18.729398727416992,1,1
mZ944,2,475.4,-9.605522155761719,13.195552825927734,1,1
mZ944,2,475.6,-19.663740158081055,2.5504915714263916,1,1
mZ944,2,475.8,-9.184039115905762,8.951805114746094,1,1
mZ944,2,476.0,-14.868362426757812,8.453535079956055,1,1
mZ944,2,476.2,-13.621767044067383,12.218501091003418,1,1
mZ944,2,476.4,-16.22149085998535,9.389145851135254,1,1
mZ944,2,476.6,-15.45024585723877,17.313587188720703,1,1
mZ944,2,476.8,-13.640327453613281,8.196611404418945,1,1
mZ944,2,477.0,-19.187664031982422,16.324787139892578,1,1
mZ944,2,477.2,-19.93865394592285,20.72138023376465,1,1
mZ944,2,477.4,-22.020116806030273,14.558484077453613,1,1
mZ944,2,477.6,-16.648330688476562,9.106337547302246,1,1
mZ944,2,477.8,-20.442161560058594,12.661378860473633,1,1
mZ944,2,478.0,-20.139114379882812,6.9187164306640625,1,1
mZ944,2,478.2,-21.736557006835938,11.792671203613281,1,1
mZ944,2,478.4,-20.10408592224121,19.400760650634766,1,1
mZ944,2,478.6,-18.532182693481445,16.516733169555664,1,1
mZ944,2,478.8,-15.692946434020996,9.142754554748535,1,1
mZ944,2,479.0,-15.90447998046875,7.117445468902588,1,1
mZ944,2,479.2,-21.212255477905273,3.0083227157592773,1,1
mZ944,2,479.4,-23.787155151367188,19.746402740478516,1,1
mZ944,2,479.6,-16.528093338012695,12.061310768127441,1,1
mZ944,2,479.8,-16.374645233154297,5.264105319976807,1,1
mZ944,2,480.0,-17.22416114807129,9.640894889831543,1,1
mZ944,2,480.2,-21.315616607666016,11.509462356567383,1,1
mZ944,2,480.4,-23.9415340423584,14.553593635559082,1,1
mZ944,2,480.6,-21.043846130371094,19.854339599609375,1,1
mZ944,2,480.8,-23.069225311279297,15.848808288574219,1,1
mZ944,2,481.0,-20.8741512298584,7.967013359069824,1,1
mZ944,2,481.2,-18.31686782836914,8.502241134643555,1,1
mZ944,2,481.4,-21.426973342895508,3.0050699710845947,1,1
mZ944,2,481.6,-19.895910263061523,12.426271438598633,1,1
mZ944,2,481.8,-17.875286102294922,17.78177261352539,1,1
mZ944,2,482.0,-30.17782974243164,10.724282264709473,1,1
mZ944,2,482.2,-25.84579086303711,11.31124210357666,1,1
mZ944,2,482.4,-20.06020736694336,16.930137634277344,1,1
mZ944,2,482.6,-20.149898529052734,16.00960922241211,1,1
mZ944,2,482.8,-18.692968368530273,13.845104217529297,1,1
mZ944,2,483.0,-21.268396377563477,9.221047401428223,1,1
mZ944,2,483.2,-20.90721893310547,8.42235279083252,1,1
mZ944,2,483.4,-18.631473541259766,12.508943557739258,1,1
mZ944,2,483.6,-22.769359588623047,14.270736694335938,1,1
mZ944,2,483.8,-21.48099136352539,18.117517471313477,1,1
mZ944,2,484.0,-19.845054626464844,12.896979331970215,1,1
mZ944,2,484.2,-14.418895721435547,11.090399742126465,1,1
mZ944,2,484.4,-23.89701271057129,9.754977226257324,1,1
mZ944,2,484.6,-20.17557716369629,23.32201385498047,1,1
mZ944,2,484.8,-22.36899757385254,13.140881538391113,1,1
mZ944,2,485.0,-21.049753189086914,17.072921752929688,1,1
mZ944,2,485.2,-25.961118698120117,27.090803146362305,1,1
mZ944,2,485.4,-20.691387176513672,16.10707664489746,1,1
mZ944,2,485.6,-18.935977935791016,15.502657890319824,1,1
mZ944,2,485.8,-21.063398361206055,19.592561721801758,1,1
mZ944,2,486.0,-19.117536544799805,18.820024490356445,1,1
mZ944,2,486.2,-25.274850845336914,22.729839324951172,1,1
mZ944,2,486.4,-20.820425033569336,12.81745433807373,1,1
mZ944,2,486.6,-15.831157684326172,13.885218620300293,1,1
mZ944,2,486.8,-20.289024353027344,11.090300559997559,1,1
mZ944,2,487.0,-16.94631576538086,16.470794677734375,1,1
mZ944,2,487.2,-19.171985626220703,9.432923316955566,1,1
mZ944,2,487.4,-21.44175148010254,10.666393280029297,1,1
mZ944,2,487.6,-18.67645263671875,16.174333572387695,1,1
mZ944,2,487.8,-20.20038414001465,23.844778060913086,1,1
mZ944,2,488.0,-20.259340286254883,14.197344779968262,1,1
mZ944,2,488.2,-20.636478424072266,12.173656463623047,1,1
mZ944,2,488.4,-21.31174087524414,10.69439697265625,1,1
mZ944,2,488.6,-11.564807891845703,10.806772232055664,1,1
mZ944,2,488.8,-20.582015991210938,13.19908618927002,1,1
mZ944,2,489.0,-19.148876190185547,13.308428764343262,1,1
mZ944,2,489.2,-22.847309112548828,10.174891471862793,1,1
mZ944,2,489.4,-26.45709991455078,8.542448997497559,1,1
mZ944,2,489.6,-23.281747817993164,11.689163208007812,1,1
mZ944,2,489.8,-21.469989776611328,7.79269552230835,1,1
mZ944,2,490.0,-25.662166595458984,12.944378852844238,1,1
mZ944,2,490.2,-23.753711700439453,13.025174140930176,1,1
mZ944,2,490.4,-23.48087501525879,13.649337768554688,1,1
mZ944,2,490.6,-17.382171630859375,15.731596946716309,1,1
mZ944,2,490.8,-19.649044036865234,13.745019912719727,1,1
mZ944,2,491.0,-18.393545150756836,16.910545349121094,1,1
mZ944,2,491.2,-16.291961669921875,17.959367752075195,1,1
mZ944,2,491.4,-16.483915328979492,7.583491802215576,1,1
mZ944,2,491.6,-21.434463500976562,13.879331588745117,1,1
mZ944,2,491.8,-14.879981994628906,9.610716819763184,1,1
mZ944,2,492.0,-22.59214973449707,12.769733428955078,1,1
mZ944,2,492.2,-18.02393913269043,19.490497589111328,1,1
mZ944,2,492.4,-17.300518035888672,15.207728385925293,1,1
mZ944,2,492.6,-14.344268798828125,9.873832702636719,1,1
mZ944,2,492.8,-20.796977996826172,15.139570236206055,1,1
mZ944,2,493.0,-20.155134201049805,4.555410385131836,1,1
mZ944,2,493.2,-18.751279830932617,14.586397171020508,1,1
mZ944,2,493.4,-21.13809585571289,10.948426246643066,1,1
mZ944,2,493.6,-20.156227111816406,5.794946193695068,1,1
mZ944,2,493.8,-18.59507942199707,12.561155319213867,1,1
mZ944,2,494.0,-17.090124130249023,15.35935115814209,1,1
mZ944,2,494.2,-21.596845626831055,12.782341957092285,1,1
mZ944,2,494.4,-19.39267921447754,10.457627296447754,1,1
mZ944,2,494.6,-19.703157424926758,15.647811889648438,1,1
mZ944,2,494.8,-17.27167320251465,6.45024299621582,1,1
mZ944,2,495.0,-19.360694885253906,9.707090377807617,1,1
mZ944,2,495.2,-22.434789657592773,11.986555099487305,1,1
mZ944,2,495.4,-23.771268844604492,15.187813758850098,1,1
mZ944,2,495.6,-24.8608455657959,6.625551223754883,1,1
mZ944,2,495.8,-20.56429100036621,8.16262435913086,1,1
mZ944,2,496.0,-22.51919937133789,14.957122802734375,1,1
mZ944,2,496.2,-19.283510208129883,8.20685863494873,1,1
mZ944,2,496.4,-16.533872604370117,11.399802207946777,1,1
mZ944,2,496.6,-28.67731475830078,10.619296073913574,1,1
mZ944,2,496.8,-20.83957862854004,13.279601097106934,1,1
mZ944,2,497.0,-14.559174537658691,12.402989387512207,1,1
mZ944,2,497.2,-21.507957458496094,12.20362377166748,1,1
mZ944,2,497.4,-23.725223541259766,11.288067817687988,1,1
mZ944,2,497.6,-16.36050796508789,17.65452003479004,1,1
mZ944,2,497.8,-17.081050872802734,10.19548511505127,1,1
mZ944,2,498.0,-18.846927642822266,9.86921501159668,1,1
mZ944,2,498.2,-18.929994583129883,16.8974552154541,1,1
mZ944,2,498.4,-24.762475967407227,19.156118392944336,1,1
mZ944,2,498.6,-24.215137481689453,17.278564453125,1,1
mZ944,2,498.8,-18.563220977783203,17.35997200012207,1,1
mZ944,2,499.0,-16.34735870361328,15.19740104675293,1,1
mZ944,2,499.2,-20.055253982543945,13.404268264770508,1,1
mZ944,2,499.4,-18.123126983642578,15.670327186584473,1,1
mZ944,2,499.6,-19.437522888183594,15.24021053314209,1,1
mZ944,2,499.8,-21.808761596679688,6.436511516571045,1,1
mZ944,3,199.8,8.370036125183105,-6.9362616539001465,0,1
mZ944,3,200.0,-1.6399314403533936,-10.254265785217285,0,1
mZ944,3,200.2,-1.180658221244812,-16.88925552368164,0,1
mZ944,3,200.4,1.3158594369888306,-12.86929702758789,0,1
mZ944,3,200.6,2.1027379035949707,-14.687455177307129,0,1
mZ944,3,200.8,0.6342461705207825,-6.1417236328125,0,1
mZ944,3,201.0,-2.46893310546875,-6.951775550842285,0,1
mZ944,3,201.2,-3.2380146980285645,-5.8214216232299805,0,1
mZ944,3,201.4,6.957485675811768,-11.636686325073242,0,1
mZ944,3,201.6,0.6151946187019348,-3.2186830043792725,0,1
mZ944,3,201.8,6.394603252410889,-9.037592887878418,0,1
mZ944,3,202.0,3.8732993602752686,-7.240151405334473,0,1
mZ944,3,202.2,-2.2002267837524414,-5.863058090209961,0,1
mZ944,3,202.4,1.5289348363876343,-19.600730895996094,1,0
mZ944,3,202.6,3.9214956760406494,-22.09037208557129,1,0
mZ944,3,202.8,-0.702418863773346,-16.918367385864258,0,1
mZ944,3,203.0,-4.338127613067627,-20.74839973449707,0,1
mZ944,3,203.2,-4.288295269012451,-10.942188262939453,0,1
mZ944,3,203.4,4.551577568054199,-14.756293296813965,1,0
mZ944,3,203.6,0.10404828935861588,-22.62013053894043,0,1
mZ944,3,203.8,4.246016025543213,-23.686237335205078,1,0
mZ944,3,204.0,4.069888591766357,-11.50261402130127,0,1
mZ944,3,204.2,-0.17768867313861847,-9.678468704223633,0,1
mZ944,3,204.4,2.2974278926849365,-14.43978500366211,0,1
mZ944,3,204.6,6.063086032867432,-14.62225341796875,0,1
mZ944,3,204.8,-1.1861939430236816,-17.160531997680664,0,1
mZ944,3,205.0,3.852956533432007,-17.445499420166016,0,1
mZ944,3,205.2,6.517390251159668,-10.606900215148926,0,1
mZ944,3,205.4,7.570401191711426,-11.050326347351074,0,1
mZ944,3,205.6,1.5137927532196045,-7.522580623626709,0,1
mZ944,3,205.8,6.127892971038818,-15.23727035522461,0,1
mZ944,3,206.0,7.039058685302734,-12.535438537597656,0,1
mZ944,3,206.2,-1.0346133708953857,-15.574872016906738,0,1
mZ944,3,206.4,4.083986282348633,-12.864863395690918,0,1
mZ944,3,206.6,1.3308019638061523,-8.28759479522705,0,1
mZ944,3,206.8,4.343807220458984,-9.72365665435791,0,1
mZ944,3,207.0,6.171996116638184,-8.117740631103516,0,1
mZ944,3,207.2,4.9662699699401855,-7.261495113372803,0,1
mZ944,3,207.4,5.416086673736572,-9.477985382080078,0,1
mZ944,3,207.6,6.981622219085693,-13.76208209991455,0,1
mZ944,3,207.8,3.7985503673553467,-6.103784084320068,0,1
mZ944,3,208.0,3.2357401847839355,-11.147160530090332,0,1
mZ944,3,208.2,0.16362234950065613,-12.408088684082031,0,1
mZ944,3,208.4,3.140860080718994,-13.093977928161621,0,1
mZ944,3,208.6,-1.3316900730133057,-4.818248271942139,0,1
mZ944,3,208.8,3.9057416915893555,-16.34990119934082,0,1
mZ944,3,209.0,0.5554728507995605,-8.686525344848633,0,1
mZ944,3,209.2,0.13147656619548798,-13.833338737487793,0,1
mZ944,3,209.4,1.1956543922424316,-15.7338285446167,0,1
mZ944,3,209.6,2.756770133972168,-11.888404846191406,0,1
mZ944,3,209.8,2.259427309036255,-9.775845527648926,0,1
mZ944,3,210.0,10.458978652954102,-16.07432746887207,1,0
mZ944,3,210.2,2.7665598392486572,-20.032615661621094,1,0
mZ944,3,210.4,5.547226905822754,-8.470283508300781,0,1
mZ944,3,210.6,-0.557718813419342,-7.265182971954346,0,1
mZ944,3,210.8,1.9934136867523193,-10.871406555175781,0,1
mZ944,3,211.0,-1.4248017072677612,-5.041604518890381,0,1
mZ944,3,211.2,-1.3180274963378906,-10.220195770263672,0,1
mZ944,3,211.4,8.934232711791992,-2.6523303985595703,0,1
mZ944,3,211.6,4.024312496185303,-3.626704454421997,0,1
mZ944,3,211.8,5.674559593200684,-13.40039348602295,0,1
mZ944,3,212.0,3.0026538372039795,-13.739472389221191,0,1
mZ944,3,212.2,4.834111213684082,-10.878487586975098,0,1
mZ944,3,212.4,-1.2902048826217651,-8.85733413696289,0,1
mZ944,3,212.6,2.671353578567505,-16.869237899780273,1,0
mZ944,3,212.8,-0.4578070044517517,-11.172603607177734,0,1
mZ944,3,213.0,6.247472763061523,-7.987973690032959,0,1
mZ944,3,213.2,4.241374492645264,-13.77279281616211,0,1
mZ944,3,213.4,7.681055545806885,-13.464869499206543,0,1
mZ944,3,213.6,6.118073463439941,-14.446267127990723,0,1
mZ944,3,213.8,2.858255624771118,-8.563197135925293,0,1
mZ944,3,214.0,11.027715682983398,-9.468865394592285,1,0
mZ944,3,214.2,2.6933481693267822,-12.449321746826172,0,1
mZ944,3,214.4,4.330539226531982,-6.433663368225098,0,1
mZ944,3,214.6,2.286688804626465,-13.075201988220215,0,1
mZ944,3,214.8,7.6505656242370605,-15.426793098449707,0,1
mZ944,3,215.0,8.575213432312012,-12.788019180297852,0,1
mZ944,3,215.2,2.952017068862915,-12.509828567504883,0,1
mZ944,3,215.4,2.1844253540039062,-9.779542922973633,0,1
mZ944,3,215.6,-4.107980728149414,-1.284002661705017,0,1
mZ944,3,215.8,1.152114748954773,-9.392380714416504,0,1
mZ944,3,216.0,-5.1045942306518555,-12.263387680053711,0,1
mZ944,3,216.2,3.2558255195617676,-3.3458964824676514,0,1
mZ944,3,216.4,10.070798873901367,-6.272113800048828,1,0
mZ944,3,216.6,7.366183280944824,-11.885865211486816,0,1
mZ944,3,216.8,4.050943851470947,-12.138618469238281,0,1
mZ944,3,217.0,7.339179992675781,-13.509211540222168,0,1
mZ944,3,217.2,4.729001045227051,-12.922518730163574,0,1
mZ944,3,217.4,0.8321788907051086,-14.605567932128906,0,1
mZ944,3,217.6,4.138744354248047,-9.829925537109375,0,1
mZ944,3,217.8,5.158584117889404,-22.049436569213867,0,1
mZ944,3,218.0,2.170356273651123,-12.859469413757324,0,1
mZ944,3,218.2,2.49750018119812,-11.125530242919922,0,1
mZ944,3,218.4,-1.0796078443527222,-21.391542434692383,0,1
mZ944,3,218.6,-0.10916895419359207,-13.349870681762695,0,1
mZ944,3,218.8,6.533193111419678,-4.018482685089111,0,1
mZ944,3,219.0,2.909409284591675,-14.871854782104492,0,1
mZ944,3,219.2,1.2415419816970825,-3.6100945472717285,0,1
mZ944,3,219.4,6.63647985458374,-10.651206016540527,0,1
mZ944,3,219.6,9.052501678466797,-8.489331245422363,0,1
mZ944,3,219.8,1.294166922569275,-7.745414733886719,0,1
mZ944,3,220.0,9.283941268920898,-13.937076568603516,0,1
mZ944,3,220.2,4.918421745300293,-17.449481964111328,0,1
mZ944,3,220.4,1.7519599199295044,-11.007928848266602,0,1
mZ944,3,220.6,7.496678352355957,-3.4905004501342773,0,1
mZ944,3,220.8,-2.061091899871826,-2.3724093437194824,0,1
mZ944,3,221.0,-1.7922099828720093,-7.3461127281188965,0,1
mZ944,3,221.2,2.0675208568573,0.07251131534576416,0,1
mZ944,3,221.4,3.7031655311584473,-7.389947891235352,0,1
mZ944,3,221.6,2.7197821140289307,-0.7152860760688782,0,1
mZ944,3,221.8,-2.918983221054077,-5.402003288269043,0,1
mZ944,3,222.0,-4.506760120391846,-8.001046180725098,0,1
mZ944,3,222.2,-0.5080828666687012,-3.406867742538452,0,1
mZ944,3,222.4,5.1965742111206055,-5.200896739959717,0,1
mZ944,3,222.6,-0.5798469185829163,-8.270901679992676,0,1
mZ944,3,222.8,4.134895324707031,-9.06293773651123,0,1
mZ944,3,223.0,2.0385236740112305,-8.269659996032715,0,1
mZ944,3,223.2,-3.1331207752227783,-6.910430908203125,0,1
mZ944,3,223.4,6.715289115905762,-6.051344394683838,0,1
mZ944,3,223.6,3.8828022480010986,-6.156040668487549,0,1
mZ944,3,223.8,5.101068019866943,-4.337377071380615,0,1
mZ944,3,224.0,10.38228988647461,-11.363780975341797,0,1
mZ944,3,224.2,11.256479263305664,-10.504668235778809,0,1
mZ944,3,224.4,8.498380661010742,-21.448484420776367,0,1
mZ944,3,224.6,1.2807834148406982,-16.738872528076172,0,1
mZ944,3,224.8,6.961219310760498,-13.444598197937012,0,1
mZ944,3,225.0,10.094293594360352,-7.942093372344971,0,1
mZ944,3,225.2,4.887333393096924,-8.074624061584473,0,1
mZ944,3,225.4,8.260923385620117,-6.828307151794434,0,1
mZ944,3,225.6,4.198180675506592,-13.35103702545166,0,1
mZ944,3,225.8,5.483734130859375,-6.352565765380859,0,1
mZ944,3,226.0,2.5309715270996094,-10.37962818145752,0,1
mZ944,3,226.2,2.941694498062134,-10.205053329467773,0,1
mZ944,3,226.4,-1.2083767652511597,-7.430084228515625,0,1
mZ944,3,226.6,2.2937164306640625,-11.229598045349121,0,1
mZ944,3,226.8,2.051427125930786,-22.42523765563965,0,1
mZ944,3,227.0,8.42357349395752,-19.078170776367188,0,1
mZ944,3,227.2,7.980392932891846,-4.547888278961182,0,1
mZ944,3,227.4,4.91817045211792,-15.188218116760254,0,1
mZ944,3,227.6,8.490324974060059,-19.619436264038086,0,1
mZ944,3,227.8,10.21536636352539,-16.58725357055664,0,1
mZ944,3,228.0,2.5139925479888916,-22.641016006469727,0,1
mZ944,3,228.2,8.509977340698242,-15.539637565612793,0,1
mZ944,3,228.4,10.048498153686523,-18.017839431762695,0,1
mZ944,3,228.6,9.01082706451416,-18.376739501953125,0,1
mZ944,3,228.8,11.237018585205078,-16.6912841796875,0,1
mZ944,3,229.0,6.950752258300781,-12.672937393188477,0,1
mZ944,3,229.2,12.691452980041504,-18.706790924072266,0,1
mZ944,3,229.4,10.416707038879395,-19.91211700439453,0,1
mZ944,3,229.6,11.809572219848633,-12.800821304321289,0,1
mZ944,3,229.8,14.630881309509277,-11.351569175720215,0,1
mZ944,3,230.0,10.138612747192383,-25.742359161376953,0,1
mZ944,3,230.2,14.539401054382324,-15.678841590881348,0,1
mZ944,3,230.4,9.288214683532715,-18.992713928222656,0,1
mZ944,3,230.6,0.13405397534370422,-26.35785675048828,0,1
mZ944,3,230.8,1.4977294206619263,-27.913368225097656,0,1
mZ944,3,231.0,5.313035011291504,-17.545040130615234,1,0
mZ944,3,231.2,4.922064781188965,-26.09324073791504,1,0
mZ944,3,231.4,3.6394710540771484,-23.471498489379883,0,1
mZ944,3,231.6,-3.5817606449127197,-17.06913185119629,0,1
mZ944,3,231.8,1.4753881692886353,-20.75244140625,0,1
mZ944,3,232.0,2.227712869644165,-18.42558479309082,0,1
mZ944,3,232.2,0.459005743265152,-18.5471248626709,0,1
mZ944,3,232.4,-1.054242491722107,-19.50887107849121,0,1
mZ944,3,232.6,-6.034487247467041,-21.141498565673828,0,1
mZ944,3,232.8,5.377018451690674,-19.456642150878906,0,1
mZ944,3,233.0,1.8093143701553345,-17.347192764282227,0,1
mZ944,3,233.2,2.319673538208008,-19.63132667541504,0,1
mZ944,3,233.4,5.141814231872559,-13.586305618286133,0,1
mZ944,3,233.6,5.465431213378906,-10.388153076171875,0,1
mZ944,3,233.8,3.9475648403167725,-17.706932067871094,0,1
mZ944,3,234.0,4.406844615936279,-21.33692169189453,0,1
mZ944,3,234.2,-3.56209659576416,-14.956592559814453,0,1
mZ944,3,234.4,0.8664770722389221,-20.21796989440918,0,1
mZ944,3,234.6,2.472316265106201,-13.330010414123535,0,1
mZ944,3,234.8,0.4843204915523529,-20.831798553466797,0,1
mZ944,3,235.0,-1.0272668600082397,-22.031360626220703,0,1
mZ944,3,235.2,-3.660099744796753,-21.01018524169922,0,1
mZ944,3,235.4,0.8134146928787231,-24.491134643554688,0,1
mZ944,3,235.6,6.6290669441223145,-18.183277130126953,0,1
mZ944,3,235.8,-5.324871063232422,-14.223430633544922,0,1
mZ944,3,236.0,6.036611557006836,-22.51727867126465,0,1
mZ944,3,236.2,8.20365047454834,-18.470014572143555,0,1
mZ944,3,236.4,3.4830431938171387,-13.52365493774414,0,1
mZ944,3,236.6,3.589232921600342,-22.420480728149414,0,1
mZ944,3,236.8,14.26616382598877,-15.325274467468262,0,1
mZ944,3,237.0,11.87295913696289,-11.732961654663086,0,1
mZ944,3,237.2,-0.9302611351013184,-17.003583908081055,0,1
mZ944,3,237.4,3.0638298988342285,-12.667125701904297,0,1
mZ944,3,237.6,3.888371467590332,-11.470718383789062,0,1
mZ944,3,237.8,3.773522138595581,-14.309614181518555,0,1
mZ944,3,238.0,5.303188323974609,-20.76515007019043,0,1
mZ944,3,238.2,6.989678859710693,-15.938712120056152,0,1
mZ944,3,238.4,7.844807147979736,-17.00992774963379,0,1
mZ944,3,238.6,13.195143699645996,-7.097445964813232,0,1
mZ944,3,238.8,0.37854260206222534,-23.998151779174805,0,1
mZ944,3,239.0,-1.3678734302520752,-13.435053825378418,0,1
mZ944,3,239.2,1.8546760082244873,-26.458492279052734,0,1
mZ944,3,239.4,-0.7708823084831238,-17.65000343322754,0,1
mZ944,3,239.6,2.002941608428955,-22.410982131958008,0,1
mZ944,3,239.8,-3.113860845565796,-18.120668411254883,0,1
mZ944,3,240.0,-4.224260330200195,-9.949600219726562,0,1
mZ944,3,240.2,-1.9588741064071655,-8.715760231018066,0,1
mZ944,3,240.4,1.6253784894943237,-10.981283187866211,0,1
mZ944,3,240.6,-3.235353469848633,-18.236886978149414,0,1
mZ944,3,240.8,-2.789876937866211,-12.578022003173828,0,1
mZ944,3,241.0,-1.8689912557601929,-19.45353889465332,0,1
mZ944,3,241.2,-1.8654972314834595,-14.141925811767578,0,1
mZ944,3,241.4,-5.7662129402160645,-10.442373275756836,0,1
mZ944,3,241.6,2.7831685543060303,-11.033148765563965,0,1
mZ944,3,241.8,-2.317223072052002,-10.845270156860352,0,1
mZ944,3,242.0,-0.6724632382392883,-17.520008087158203,0,1
mZ944,3,242.2,-1.5093181133270264,-8.523916244506836,0,1
mZ944,3,242.4,6.286331653594971,-12.304059982299805,0,1
mZ944,3,242.6,2.2527246475219727,-18.158666610717773,0,1
mZ944,3,242.8,3.3278167247772217,-13.710399627685547,0,1
mZ944,3,243.0,6.673452854156494,-14.220230102539062,0,1
mZ944,3,243.2,1.6788089275360107,-19.83930206298828,0,1
mZ944,3,243.4,-3.1148946285247803,-19.157337188720703,0,1
mZ944,3,243.6,-1.0500582456588745,-12.646897315979004,0,1
mZ944,3,243.8,5.048161506652832,-15.92920970916748,0,1
mZ944,3,244.0,-1.0357850790023804,-17.910053253173828,0,1
mZ944,3,244.2,3.034230947494507,-16.26825523376465,0,1
mZ944,3,244.4,7.685708999633789,-9.712111473083496,0,1
mZ944,3,244.6,10.85655403137207,-22.673322677612305,0,1
mZ944,3,244.8,14.004785537719727,-13.902788162231445,0,1
mZ944,3,245.0,8.78672981262207,-21.614845275878906,0,1
mZ944,3,245.2,6.452156066894531,-11.593355178833008,0,1
mZ944,3,245.4,4.063470363616943,-10.190590858459473,0,1
mZ944,3,245.6,-0.6254669427871704,-19.629230499267578,0,1
mZ944,3,245.8,-0.607657253742218,-8.260573387145996,0,1
mZ944,3,246.0,0.3969384729862213,-15.797965049743652,0,1
mZ944,3,246.2,-2.9208757877349854,-12.637275695800781,0,1
mZ944,3,246.4,1.1773533821105957,-16.58434295654297,0,1
mZ944,3,246.6,4.727984428405762,-17.568754196166992,0,1
mZ944,3,246.8,3.7990219593048096,-16.998323440551758,0,1
mZ944,3,247.0,10.909618377685547,-17.1964054107666,1,0
mZ944,3,247.2,2.3390259742736816,-19.982624053955078,0,1
mZ944,3,247.4,-4.045816421508789,-10.98043155670166,0,1
mZ944,3,247.6,0.07130628824234009,-18.882476806640625,0,1
mZ944,3,247.8,4.761745929718018,-10.547920227050781,0,1
mZ944,3,248.0,6.879497528076172,-17.812437057495117,0,1
mZ944,3,248.2,6.825478553771973,-18.95014762878418,0,1
mZ944,3,248.4,-1.7672113180160522,-24.41720962524414,0,1
mZ944,3,248.6,0.30694398283958435,-20.21588706970215,0,1
mZ944,3,248.8,2.10539174079895,-18.71318244934082,0,1
mZ944,3,249.0,1.8340619802474976,-5.131450176239014,0,1
mZ944,3,249.2,3.2198376655578613,-7.24233341217041,0,1
mZ944,3,249.4,3.8808364868164062,-15.484610557556152,0,1
mZ944,3,249.6,2.6518466472625732,-14.410672187805176,0,1
mZ944,3,249.8,-1.8030391931533813,-17.02375030517578,0,1
mZ944,3,250.0,0.016509467735886574,-12.571029663085938,0,1
mZ944,3,250.2,-1.9027400016784668,-4.9143595695495605,0,1
mZ944,3,250.4,-1.2929160594940186,-21.855562210083008,0,1
mZ944,3,250.6,0.7808545231819153,-15.785218238830566,0,1
mZ944,3,250.8,3.2539477348327637,-17.571413040161133,0,1
mZ944,3,251.0,3.2245330810546875,-11.117938995361328,0,1
mZ944,3,251.2,1.8488519191741943,-14.312429428100586,0,1
mZ944,3,251.4,-0.8393498063087463,-17.139915466308594,0,1
mZ944,3,251.6,0.13770774006843567,-11.030753135681152,0,1
mZ944,3,251.8,4.598222732543945,-12.225175857543945,0,1
mZ944,3,252.0,1.8931775093078613,-14.309203147888184,0,1
mZ944,3,252.2,-2.385681390762329,-15.264086723327637,0,1
mZ944,3,252.4,4.347570419311523,-18.859743118286133,0,1
mZ944,3,252.6,5.021873950958252,-10.358880996704102,0,1
mZ944,3,252.8,0.06885199248790741,-10.794146537780762,0,1
mZ944,3,253.0,4.612569808959961,-15.394461631774902,0,1
mZ944,3,253.2,-5.094592571258545,-14.508536338806152,0,1
mZ944,3,253.4,0.13579796254634857,-12.472705841064453,0,1
mZ944,3,253.6,2.1663761138916016,-11.43763256072998,0,1
mZ944,3,253.8,-4.401415824890137,-22.891063690185547,0,1
mZ944,3,254.0,-8.00602912902832,-19.803661346435547,0,1
mZ944,3,254.2,-1.799302577972412,-16.79960823059082,0,1
mZ944,3,254.4,-2.6211044788360596,-12.6336088180542,0,1
mZ944,3,254.6,-7.92550802230835,-15.861635208129883,0,1
mZ944,3,254.8,0.11583536118268967,-7.277969837188721,0,1
mZ944,3,255.0,3.5616564750671387,-19.59627342224121,0,1
mZ944,3,255.2,1.3661412000656128,-13.584321975708008,0,1
mZ944,3,255.4,0.6710626482963562,-10.691910743713379,0,1
mZ944,3,255.6,1.2764650583267212,-14.508341789245605,0,1
mZ944,3,255.8,3.8080921173095703,-14.596131324768066,0,1
mZ944,3,256.0,-0.5522558093070984,-19.53367042541504,0,1
mZ944,3,256.2,4.580948829650879,-11.036555290222168,0,1
mZ944,3,256.4,-1.3528815507888794,-17.97102928161621,0,1
mZ944,3,256.6,3.3567001819610596,-16.23715591430664,0,1
mZ944,3,256.8,5.357669353485107,-17.651771545410156,0,1
mZ944,3,257.0,1.3145618438720703,-16.14058494567871,0,1
mZ944,3,257.2,-3.260554075241089,-15.265671730041504,0,1
mZ944,3,257.4,3.052175283432007,-16.62879753112793,0,1
mZ944,3,257.6,-1.6352696418762207,-24.194725036621094,0,1
mZ944,3,257.8,1.9941761493682861,-16.28554916381836,0,1
mZ944,3,258.0,-2.446031093597412,-18.016876220703125,0,1
mZ944,3,258.2,3.1040711402893066,-19.406883239746094,0,1
mZ944,3,258.4,1.5634939670562744,-14.324383735656738,0,1
mZ944,3,258.6,5.334017276763916,-22.437118530273438,0,1
mZ944,3,258.8,-5.912202835083008,-19.677927017211914,0,1
mZ944,3,259.0,2.526045322418213,-16.8366641998291,0,1
mZ944,3,259.2,0.9091319441795349,-17.98073959350586,0,1
mZ944,3,259.4,-3.556211233139038,-19.654008865356445,0,1
mZ944,3,259.6,5.920933246612549,-23.640228271484375,0,1
mZ944,3,259.8,1.9846781492233276,-18.762990951538086,0,1
mZ944,3,260.0,0.036299802362918854,-17.144311904907227,0,1
mZ944,3,260.2,-4.90623664855957,-17.354137420654297,0,1
mZ944,3,260.4,-6.124480247497559,-16.00682258605957,0,1
mZ944,3,260.6,-0.6872186660766602,-14.125482559204102,0,1
mZ944,3,260.8,-3.9891610145568848,-13.218832015991211,0,1
mZ944,3,261.0,-0.1184668019413948,-16.80235481262207,0,1
mZ944,3,261.2,-1.0206043720245361,-18.931554794311523,0,1
mZ944,3,261.4,2.0456953048706055,-17.528564453125,0,1
mZ944,3,261.6,-0.6062438488006592,-10.257129669189453,0,1
mZ944,3,261.8,-3.464782953262329,-13.71435546875,0,1
mZ944,3,262.0,-3.9619300365448,-19.645092010498047,0,1
mZ944,3,262.2,-0.6447541117668152,-21.388696670532227,0,1
mZ944,3,262.4,5.615550518035889,-23.949060440063477,0,1
mZ944,3,262.6,-6.160201549530029,-13.298558235168457,0,1
mZ944,3,262.8,-0.7968507409095764,-14.637381553649902,0,1
mZ944,3,263.0,1.2076139450073242,-8.123159408569336,0,1
mZ944,3,263.2,-6.523061275482178,-16.549570083618164,0,1
mZ944,3,263.4,-6.5892767906188965,-15.991411209106445,0,1
mZ944,3,263.6,-2.7084648609161377,-19.105876922607422,0,1
mZ944,3,263.8,-0.724013090133667,-21.844636917114258,0,1
mZ944,3,264.0,-6.031613349914551,-19.355234146118164,0,1
mZ944,3,264.2,-4.6920905113220215,-24.93657684326172,0,1
mZ944,3,264.4,-8.011555671691895,-20.430496215820312,0,1
mZ944,3,264.6,-7.678127765655518,-20.957115173339844,0,1
mZ944,3,264.8,-2.1131153106689453,-27.552221298217773,0,1
mZ944,3,265.0,-11.419501304626465,-22.643617630004883,0,1
mZ944,3,265.2,-6.449301242828369,-15.686532020568848,0,1
mZ944,3,265.4,-2.746493339538574,-20.830015182495117,0,1
mZ944,3,265.6,-4.204816818237305,-18.008249282836914,0,1
mZ944,3,265.8,-1.631855845451355,-23.33614158630371,0,1
mZ944,3,266.0,-0.3134976029396057,-17.822511672973633,0,1
mZ944,3,266.2,-2.1016790866851807,-23.225704193115234,0,1
mZ944,3,266.4,1.0404585599899292,-25.088956832885742,0,1
mZ944,3,266.6,-2.082425832748413,-26.556150436401367,0,1
mZ944,3,266.8,-5.358666896820068,-27.794193267822266,0,1
mZ944,3,267.0,0.6675987839698792,-23.263198852539062,0,1
mZ944,3,267.2,-3.215552806854248,-18.859912872314453,0,1
mZ944,3,267.4,0.05750255286693573,-20.354398727416992,0,1
mZ944,3,267.6,3.16048526763916,-14.959132194519043,0,1
mZ944,3,267.8,-1.3062156438827515,-20.89540672302246,0,1
mZ944,3,268.0,5.790600776672363,-20.289356231689453,0,1
mZ944,3,268.2,1.8004783391952515,-14.04018783569336,0,1
mZ944,3,268.4,-2.7547357082366943,-16.556596755981445,0,1
mZ944,3,268.6,-0.16519218683242798,-21.682918548583984,0,1
mZ944,3,268.8,-2.3899827003479004,-28.11754035949707,0,1
mZ944,3,269.0,-0.01436640601605177,-19.397401809692383,0,1
mZ944,3,269.2,1.059981107711792,-21.550893783569336,0,1
mZ944,3,269.4,8.564390182495117,-22.252429962158203,0,1
mZ944,3,269.6,-2.821579694747925,-16.75090789794922,0,1
mZ944,3,269.8,-1.4550760984420776,-17.743534088134766,0,1
mZ944,3,270.0,-1.1332556009292603,-21.2280330657959,0,1
mZ944,3,270.2,-0.12278232723474503,-19.183490753173828,0,1
mZ944,3,270.4,6.66622257232666,-21.57657814025879,0,1
mZ944,3,270.6,1.1075563430786133,-24.80805015563965,0,1
mZ944,3,270.8,5.91018009185791,-26.60001564025879,0,1
mZ944,3,271.0,2.639535427093506,-25.60543441772461,0,1
mZ944,3,271.2,2.3020620346069336,-31.439287185668945,0,1
mZ944,3,271.4,0.7457106113433838,-23.77803611755371,0,1
mZ944,3,271.6,-7.138072490692139,-23.945383071899414,0,1
mZ944,3,271.8,-4.551360130310059,-22.841751098632812,0,1
mZ944,3,272.0,-1.523424744606018,-29.32277488708496,0,1
mZ944,3,272.2,1.4178210496902466,-14.542405128479004,0,1
mZ944,3,272.4,-7.804068088531494,-24.802295684814453,0,1
mZ944,3,272.6,-0.7739381790161133,-19.977025985717773,0,1
mZ944,3,272.8,-4.579250812530518,-17.64032745361328,0,1
mZ944,3,273.0,1.5864378213882446,-23.618846893310547,0,1
mZ944,3,273.2,-3.6947121620178223,-18.264652252197266,0,1
mZ944,3,273.4,-6.456723213195801,-23.21671485900879,0,1
mZ944,3,273.6,2.553276777267456,-20.236003875732422,0,1
mZ944,3,273.8,-1.033197283744812,-17.43889045715332,0,1
mZ944,3,274.0,3.402845859527588,-13.754979133605957,0,1
mZ944,3,274.2,-2.2399542331695557,-13.481721878051758,0,1
mZ944,3,274.4,0.9720879197120667,-18.44552230834961,0,1
mZ944,3,274.6,4.708141803741455,-19.74057388305664,0,1
mZ944,3,274.8,1.1269437074661255,-14.141485214233398,0,1
mZ944,3,275.0,7.463569164276123,-19.763919830322266,0,1
mZ944,3,275.2,0.0074975150637328625,-18.587844848632812,0,1
mZ944,3,275.4,-4.61768913269043,-16.45191192626953,0,1
mZ944,3,275.6,2.7164227962493896,-19.140771865844727,0,1
mZ944,3,275.8,0.06054878234863281,-22.08280372619629,0,1
mZ944,3,276.0,-4.437412738800049,-21.182233810424805,1,0
mZ944,3,276.2,-6.996247291564941,-12.60055160522461,0,1
mZ944,3,276.4,-5.412914276123047,-21.090593338012695,0,1
mZ944,3,276.6,-8.514559745788574,-18.57930564880371,0,1
mZ944,3,276.8,-6.223329544067383,-24.923017501831055,0,1
mZ944,3,277.0,-3.7443885803222656,-22.176816940307617,0,1
mZ944,3,277.2,-9.579689025878906,-20.464170455932617,0,1
mZ944,3,277.4,2.355245351791382,-24.41410255432129,0,1
mZ944,3,277.6,3.348452568054199,-24.369632720947266,1,0
mZ944,3,277.8,5.373571395874023,-27.20842933654785,0,1
mZ944,3,278.0,1.305895447731018,-22.809247970581055,0,1
mZ944,3,278.2,0.32238489389419556,-25.092357635498047,0,1
mZ944,3,278.4,-3.805311679840088,-14.6649808883667,0,1
mZ944,3,278.6,6.064172267913818,-20.990306854248047,0,1
mZ944,3,278.8,-3.254592180252075,-19.362491607666016,0,1
mZ944,3,279.0,-3.5782155990600586,-22.65918731689453,0,1
mZ944,3,279.2,3.199381113052368,-23.621475219726562,0,1
mZ944,3,279.4,-4.866376876831055,-22.758264541625977,0,1
mZ944,3,279.6,-3.4871230125427246,-16.535686492919922,0,1
mZ944,3,279.8,-8.962995529174805,-15.078946113586426,0,1
mZ944,3,280.0,6.349181652069092,-14.907805442810059,0,1
mZ944,3,280.2,5.006160736083984,-20.00877571105957,0,1
mZ944,3,280.4,0.7181398868560791,-10.315425872802734,0,1
mZ944,3,280.6,-2.4628400802612305,-22.92548370361328,0,1
mZ944,3,280.8,-8.02277660369873,-11.956681251525879,0,1
mZ944,3,281.0,-3.7254464626312256,-22.297035217285156,0,1
mZ944,3,281.2,-3.899841785430908,-21.60273551940918,0,1
mZ944,3,281.4,-4.128109931945801,-24.33026885986328,0,1
mZ944,3,281.6,-7.2729034423828125,-18.47441291809082,0,1
mZ944,3,281.8,-4.641326427459717,-21.861961364746094,0,1
mZ944,3,282.0,-2.443826198577881,-14.53115177154541,0,1
mZ944,3,282.2,-4.596167087554932,-21.07056427001953,0,1
mZ944,3,282.4,-5.327764511108398,-22.637941360473633,0,1
mZ944,3,282.6,0.15168708562850952,-13.39682674407959,1,0
mZ944,3,282.8,1.8229752779006958,-22.456356048583984,0,1
mZ944,3,283.0,0.17451563477516174,-16.507177352905273,0,1
mZ944,3,283.2,-3.5177135467529297,-22.524295806884766,0,1
mZ944,3,283.4,-5.557610511779785,-24.105554580688477,0,1
mZ944,3,283.6,-2.798494577407837,-17.229084014892578,0,1
mZ944,3,283.8,-0.6709975004196167,-18.07346534729004,0,1
mZ944,3,284.0,-5.924025535583496,-14.537688255310059,0,1
mZ944,3,284.2,5.935964107513428,-19.678327560424805,0,1
mZ944,3,284.4,5.610785961151123,-17.459264755249023,0,1
mZ944,3,284.6,2.6526873111724854,-18.559383392333984,0,1
mZ944,3,284.8,-2.166578769683838,-16.556222915649414,0,1
mZ944,3,285.0,-3.5738892555236816,-17.88383674621582,0,1
mZ944,3,285.2,2.0517663955688477,-17.318553924560547,0,1
mZ944,3,285.4,-2.9489471912384033,-16.51616859436035,0,1
mZ944,3,285.6,0.4050390124320984,-19.03183937072754,0,1
mZ944,3,285.8,-4.263194561004639,-24.225650787353516,0,1
mZ944,3,286.0,-9.286114692687988,-20.334646224975586,0,1
mZ944,3,286.2,-7.178465366363525,-25.361095428466797,0,1
mZ944,3,286.4,-5.062582015991211,-18.36971664428711,0,1
mZ944,3,286.6,-3.8842265605926514,-24.418899536132812,0,1
mZ944,3,286.8,-6.3460516929626465,-18.213224411010742,0,1
mZ944,3,287.0,-5.110044956207275,-24.213703155517578,0,1
mZ944,3,287.2,-7.103365421295166,-17.202531814575195,0,1
mZ944,3,287.4,-4.449950695037842,-27.73085594177246,0,1
mZ944,3,287.6,0.37286585569381714,-24.258100509643555,0,1
mZ944,3,287.8,-2.075713872909546,-24.769866943359375,0,1
mZ944,3,288.0,-4.51961088180542,-18.367509841918945,0,1
mZ944,3,288.2,-7.286728382110596,-18.330286026000977,0,1
mZ944,3,288.4,-6.954028606414795,-21.803728103637695,0,1
mZ944,3,288.6,-0.5407172441482544,-24.733030319213867,0,1
mZ944,3,288.8,-2.032895803451538,-24.574098587036133,0,1
mZ944,3,289.0,-5.892139911651611,-27.647388458251953,0,1
mZ944,3,289.2,-6.947946548461914,-27.180850982666016,0,1
mZ944,3,289.4,-3.1391513347625732,-19.453575134277344,0,1
mZ944,3,289.6,-2.172076940536499,-24.798261642456055,0,1
mZ944,3,289.8,-0.21095412969589233,-32.618934631347656,1,0
mZ944,3,290.0,-1.7000696659088135,-32.413360595703125,0,1
mZ944,3,290.2,-4.114445686340332,-27.6248836517334,0,1
mZ944,3,290.4,-0.8926142454147339,-18.700965881347656,0,1
mZ944,3,290.6,-1.9294432401657104,-26.700408935546875,0,1
mZ944,3,290.8,-1.9783040285110474,-22.35349464416504,0,1
mZ944,3,291.0,1.926784873008728,-25.261451721191406,0,1
mZ944,3,291.2,2.4087021350860596,-23.863588333129883,0,1
mZ944,3,291.4,-5.545917510986328,-32.63496398925781,0,1
mZ944,3,291.6,-3.1699306964874268,-25.71398162841797,0,1
mZ944,3,291.8,0.22653114795684814,-25.556779861450195,1,0
mZ944,3,292.0,-7.196896076202393,-27.816911697387695,0,1
mZ944,3,292.2,-5.6550397872924805,-30.59743881225586,1,0
mZ944,3,292.4,-2.488600492477417,-28.20833969116211,0,1
mZ944,3,292.6,1.7789337635040283,-22.641775131225586,1,0
mZ944,3,292.8,-3.961665630340576,-28.312591552734375,0,1
mZ944,3,293.0,-5.181319236755371,-28.870046615600586,1,0
mZ944,3,293.2,-1.8654088973999023,-26.079559326171875,0,1
mZ944,3,293.4,-1.2968409061431885,-33.384525299072266,1,0
mZ944,3,293.6,2.0119316577911377,-33.21747589111328,1,0
mZ944,3,293.8,3.8035080432891846,-23.269433975219727,1,0
mZ944,3,294.0,2.744506359100342,-25.804216384887695,0,1
mZ944,3,294.2,-3.4857864379882812,-31.498422622680664,0,1
mZ944,3,294.4,1.7500801086425781,-17.660045623779297,1,0
mZ944,3,294.6,0.24839293956756592,-18.280231475830078,0,1
mZ944,3,294.8,1.5934746265411377,-27.27757453918457,0,1
mZ944,3,295.0,3.469074249267578,-24.207990646362305,1,0
mZ944,3,295.2,-0.18875160813331604,-21.465972900390625,1,0
mZ944,3,295.4,-1.8747775554656982,-13.846960067749023,1,0
mZ944,3,295.6,2.107508420944214,-14.002202033996582,1,0
mZ944,3,295.8,2.7971689701080322,-17.283477783203125,0,1
mZ944,3,296.0,-4.163516044616699,-17.737937927246094,1,0
mZ944,3,296.2,3.35949969291687,-19.262405395507812,1,0
mZ944,3,296.4,3.025498867034912,-19.484394073486328,1,0
mZ944,3,296.6,2.995924472808838,-20.37608528137207,1,0
mZ944,3,296.8,-0.6363973021507263,-31.564538955688477,1,0
mZ944,3,297.0,7.183259010314941,-27.65044403076172,1,0
mZ944,3,297.2,1.293858528137207,-23.045846939086914,1,0
mZ944,3,297.4,11.521124839782715,-19.869068145751953,1,0
mZ944,3,297.6,10.46471881866455,-17.022525787353516,1,0
mZ944,3,297.8,2.456627130508423,-22.09860610961914,1,0
mZ944,3,298.0,4.61154317855835,-22.360267639160156,1,0
mZ944,3,298.2,4.367439270019531,-18.099727630615234,1,0
mZ944,3,298.4,2.0202536582946777,-19.777725219726562,0,1
mZ944,3,298.6,2.77180552482605,-18.63974952697754,1,0
mZ944,3,298.8,4.197753429412842,-19.10770034790039,1,0
mZ944,3,299.0,6.046873569488525,-22.746456146240234,1,0
mZ944,3,299.2,5.7150115966796875,-21.39942169189453,1,0
mZ944,3,299.4,4.255705833435059,-23.795177459716797,1,0
mZ944,3,299.6,3.6462292671203613,-25.872699737548828,1,0
mZ944,3,299.8,3.407815456390381,-19.891481399536133,1,0
mZ944,3,300.0,-3.7087953090667725,-24.18656349182129,1,0
mZ944,3,300.2,3.6627936363220215,-22.566478729248047,1,0
mZ944,3,300.4,5.062192916870117,-20.74725914001465,1,0
mZ944,3,300.6,-2.352830648422241,-24.18474578857422,1,0
mZ944,3,300.8,-0.09209950268268585,-19.726900100708008,1,0
mZ944,3,301.0,-2.3717355728149414,-19.248987197875977,1,0
mZ944,3,301.2,-4.352247714996338,-23.78650665283203,0,1
mZ944,3,301.4,0.6862378120422363,-21.400060653686523,1,0
mZ944,3,301.6,2.1814682483673096,-30.249713897705078,1,0
mZ944,3,301.8,-0.43226996064186096,-20.87158203125,1,0
mZ944,3,302.0,-11.435845375061035,-29.769908905029297,0,1
mZ944,3,302.2,-1.1517949104309082,-22.055477142333984,0,1
mZ944,3,302.4,-1.705407977104187,-32.46461486816406,1,0
mZ944,3,302.6,5.723622798919678,-26.144092559814453,1,0
mZ944,3,302.8,0.7980087399482727,-26.883930206298828,1,0
mZ944,3,303.0,3.299058437347412,-30.129074096679688,1,0
mZ944,3,303.2,-5.620744228363037,-26.576635360717773,0,1
mZ944,3,303.4,4.14879846572876,-26.55182456970215,1,0
mZ944,3,303.6,-1.1184719800949097,-29.625600814819336,1,0
mZ944,3,303.8,0.8746488690376282,-30.87226676940918,1,0
mZ944,3,304.0,-1.158879041671753,-25.85340118408203,1,0
mZ944,3,304.2,-4.08723783493042,-27.66094207763672,1,0
mZ944,3,304.4,5.4850287437438965,-31.477081298828125,1,0
mZ944,3,304.6,3.914461851119995,-25.020566940307617,1,0
mZ944,3,304.8,7.237053394317627,-22.07306671142578,1,0
mZ944,3,305.0,-2.6993281841278076,-26.119613647460938,1,0
mZ944,3,305.2,7.883684158325195,-31.26797103881836,1,0
mZ944,3,305.4,1.5984047651290894,-37.76927947998047,1,0
mZ944,3,305.6,5.007806301116943,-32.762939453125,1,0
mZ944,3,305.8,0.05293657258152962,-27.85978889465332,1,0
mZ944,3,306.0,2.7653284072875977,-29.524545669555664,1,0
mZ944,3,306.2,-1.3034627437591553,-32.8434944152832,1,0
mZ944,3,306.4,-0.15518532693386078,-32.878135681152344,1,0
mZ944,3,306.6,0.004908669739961624,-34.44049072265625,1,0
mZ944,3,306.8,-1.166093349456787,-33.94084167480469,1,0
mZ944,3,307.0,0.5222827792167664,-35.555904388427734,1,0
mZ944,3,307.2,-0.3858945369720459,-29.37892723083496,1,0
mZ944,3,307.4,4.7360663414001465,-31.59432029724121,1,0
mZ944,3,307.6,0.5263568758964539,-30.22909164428711,1,0
mZ944,3,307.8,0.7912430167198181,-29.142169952392578,1,0
mZ944,3,308.0,1.070383906364441,-39.32633972167969,1,0
mZ944,3,308.2,2.6117238998413086,-28.150516510009766,1,0
mZ944,3,308.4,7.3274006843566895,-32.107154846191406,1,0
mZ944,3,308.6,2.852860927581787,-29.960580825805664,1,0
mZ944,3,308.8,1.6366233825683594,-38.03132247924805,1,0
mZ944,3,309.0,-0.5130305290222168,-30.77821159362793,1,0
mZ944,3,309.2,-2.875835418701172,-33.65913009643555,1,0
mZ944,3,309.4,7.299115180969238,-35.585784912109375,1,0
mZ944,3,309.6,4.386774063110352,-30.268850326538086,1,0
mZ944,3,309.8,-0.9080087542533875,-30.419878005981445,1,0
mZ944,3,310.0,7.721365451812744,-33.753944396972656,1,0
mZ944,3,310.2,8.735710144042969,-28.15894317626953,1,0
mZ944,3,310.4,4.545750617980957,-30.988605499267578,1,0
mZ944,3,310.6,6.4050116539001465,-35.067691802978516,1,0
mZ944,3,310.8,6.309941291809082,-35.13037872314453,1,0
mZ944,3,311.0,1.615342378616333,-27.53626823425293,1,0
mZ944,3,311.2,7.679891109466553,-35.296226501464844,1,0
mZ944,3,311.4,4.396759510040283,-35.25555419921875,1,0
mZ944,3,311.6,4.06890869140625,-31.44036102294922,1,0
mZ944,3,311.8,3.9938247203826904,-34.70471954345703,1,0
mZ944,3,312.0,2.4909191131591797,-35.898521423339844,1,0
mZ944,3,312.2,11.943004608154297,-28.984323501586914,1,0
mZ944,3,312.4,4.069512367248535,-27.656339645385742,1,0
mZ944,3,312.6,4.945497035980225,-23.274635314941406,1,0
mZ944,3,312.8,1.2475159168243408,-29.26047134399414,1,0
mZ944,3,313.0,4.608565330505371,-29.878976821899414,1,0
mZ944,3,313.2,4.206704616546631,-28.788633346557617,1,0
mZ944,3,313.4,1.541045904159546,-32.845069885253906,1,0
mZ944,3,313.6,2.1660280227661133,-29.323007583618164,1,0
mZ944,3,313.8,6.679006576538086,-24.2908878326416,1,0
mZ944,3,314.0,4.045621871948242,-27.287508010864258,1,0
mZ944,3,314.2,11.026494979858398,-35.40121841430664,1,0
mZ944,3,314.4,6.556311130523682,-29.284513473510742,1,0
mZ944,3,314.6,4.765646457672119,-34.69044494628906,1,0
mZ944,3,314.8,2.9473156929016113,-22.36275863647461,1,0
mZ944,3,315.0,5.1375603675842285,-30.71931266784668,1,0
mZ944,3,315.2,6.8954033851623535,-21.23452377319336,1,0
mZ944,3,315.4,6.114272594451904,-17.81090545654297,1,0
mZ944,3,315.6,5.186189651489258,-27.774520874023438,1,0
mZ944,3,315.8,4.324512004852295,-28.672834396362305,1,0
mZ944,3,316.0,4.0822858810424805,-26.548810958862305,1,0
mZ944,3,316.2,7.953121662139893,-25.904943466186523,1,0
mZ944,3,316.4,2.3056588172912598,-21.025667190551758,1,0
mZ944,3,316.6,-0.8341260552406311,-24.598657608032227,1,0
mZ944,3,316.8,7.559189796447754,-21.79669189453125,1,0
mZ944,3,317.0,1.7764307260513306,-30.995954513549805,1,0
mZ944,3,317.2,6.222771644592285,-24.520782470703125,1,0
mZ944,3,317.4,6.116790771484375,-29.263017654418945,1,0
mZ944,3,317.6,6.4255266189575195,-28.821271896362305,1,0
mZ944,3,317.8,4.939058303833008,-19.283443450927734,1,0
mZ944,3,318.0,1.8829402923583984,-27.682825088500977,1,0
mZ944,3,318.2,8.142609596252441,-26.172672271728516,1,0
mZ944,3,318.4,0.5844115614891052,-29.745773315429688,1,0
mZ944,3,318.6,6.816859722137451,-30.258922576904297,1,0
mZ944,3,318.8,7.436068534851074,-26.764881134033203,1,0
mZ944,3,319.0,6.497973442077637,-34.1309700012207,1,0
mZ944,3,319.2,7.555591106414795,-28.688411712646484,1,0
mZ944,3,319.4,8.914006233215332,-26.781078338623047,1,0
mZ944,3,319.6,3.1114861965179443,-26.74919319152832,1,0
mZ944,3,319.8,8.384886741638184,-22.969955444335938,1,0
mZ944,3,320.0,2.848629951477051,-21.362455368041992,1,0
mZ944,3,320.2,3.5317509174346924,-21.781797409057617,1,0
mZ944,3,320.4,6.662079811096191,-24.729223251342773,1,0
mZ944,3,320.6,10.669037818908691,-32.503849029541016,1,0
mZ944,3,320.8,8.679170608520508,-23.98621368408203,1,0
mZ944,3,321.0,8.540877342224121,-22.799795150756836,1,0
mZ944,3,321.2,8.746943473815918,-30.85773277282715,1,0
mZ944,3,321.4,9.758956909179688,-22.051124572753906,1,0
mZ944,3,321.6,16.938371658325195,-22.803659439086914,1,0
mZ944,3,321.8,5.442194938659668,-21.143714904785156,1,0
mZ944,3,322.0,4.9806227684021,-24.130474090576172,1,0
mZ944,3,322.2,8.469442367553711,-34.89517593383789,1,0
mZ944,3,322.4,14.372173309326172,-23.906557083129883,1,0
mZ944,3,322.6,6.182137966156006,-24.977802276611328,1,0
mZ944,3,322.8,0.3758191764354706,-31.098602294921875,1,0
mZ944,3,323.0,6.413331985473633,-28.773685455322266,1,0
mZ944,3,323.2,5.785632610321045,-31.72364616394043,1,0
mZ944,3,323.4,9.43112564086914,-26.858898162841797,1,0
mZ944,3,323.6,5.869326591491699,-28.14895248413086,1,0
mZ944,3,323.8,0.8689677715301514,-24.105966567993164,1,0
mZ944,3,324.0,5.5812201499938965,-29.763795852661133,1,0
mZ944,3,324.2,4.832849502563477,-26.136219024658203,1,0
mZ944,3,324.4,10.389697074890137,-14.883130073547363,1,0
mZ944,3,324.6,7.842575550079346,-28.653995513916016,1,0
mZ944,3,324.8,8.897615432739258,-30.120071411132812,1,0
mZ944,3,325.0,5.574180603027344,-23.599637985229492,1,0
mZ944,3,325.2,3.834458112716675,-13.467373847961426,1,0
mZ944,3,325.4,5.892035961151123,-25.209959030151367,1,0
mZ944,3,325.6,2.770336866378784,-17.843839645385742,1,0
mZ944,3,325.8,-0.4216167628765106,-23.60162925720215,1,0
mZ944,3,326.0,4.7997894287109375,-19.466711044311523,1,0
mZ944,3,326.2,9.014803886413574,-24.920475006103516,1,0
mZ944,3,326.4,2.978606700897217,-24.101490020751953,1,0
mZ944,3,326.6,5.791477680206299,-23.447418212890625,1,0
mZ944,3,326.8,3.9927854537963867,-26.067232131958008,1,0
mZ944,3,327.0,8.423235893249512,-20.494266510009766,1,0
mZ944,3,327.2,5.680017471313477,-28.110742568969727,1,0
mZ944,3,327.4,9.919647216796875,-22.006715774536133,1,0
mZ944,3,327.6,5.964176177978516,-21.69111442565918,1,0
mZ944,3,327.8,6.51596736907959,-26.821178436279297,1,0
mZ944,3,328.0,9.331999778747559,-23.229957580566406,1,0
mZ944,3,328.2,1.8303760290145874,-25.95313835144043,1,0
mZ944,3,328.4,2.787482738494873,-17.086755752563477,1,0
mZ944,3,328.6,6.4366455078125,-20.431562423706055,1,0
mZ944,3,328.8,6.029047012329102,-24.13664436340332,1,0
mZ944,3,329.0,11.761307716369629,-19.836204528808594,1,0
mZ944,3,329.2,8.27070426940918,-23.674846649169922,1,0
mZ944,3,329.4,5.2508955001831055,-20.69630241394043,1,0
mZ944,3,329.6,10.07197093963623,-18.327342987060547,1,0
mZ944,3,329.8,6.706018447875977,-19.16596221923828,1,0
mZ944,3,330.0,2.5625967979431152,-21.96722412109375,1,0
mZ944,3,330.2,1.4927568435668945,-19.460811614990234,1,0
mZ944,3,330.4,10.275007247924805,-23.612070083618164,1,0
mZ944,3,330.6,6.906651973724365,-24.45241928100586,1,0
mZ944,3,330.8,2.9181694984436035,-23.563508987426758,1,0
mZ944,3,331.0,6.372401237487793,-26.76694107055664,1,0
mZ944,3,331.2,8.726984024047852,-23.817974090576172,1,0
mZ944,3,331.4,2.4668092727661133,-26.004154205322266,1,0
mZ944,3,331.6,-1.977586269378662,-30.96736717224121,1,0
mZ944,3,331.8,-2.2613964080810547,-23.790241241455078,1,0
mZ944,3,332.0,3.009897232055664,-22.098047256469727,1,0
mZ944,3,332.2,3.9184844493865967,-20.032360076904297,1,0
mZ944,3,332.4,1.140491247177124,-19.286174774169922,1,0
mZ944,3,332.6,4.086198329925537,-21.113346099853516,1,0
mZ944,3,332.8,5.920720100402832,-22.26309585571289,1,0
mZ944,3,333.0,11.563440322875977,-20.025196075439453,1,0
mZ944,3,333.2,6.329450607299805,-21.283613204956055,1,0
mZ944,3,333.4,9.288535118103027,-24.49788475036621,1,0
mZ944,3,333.6,8.707151412963867,-25.823755264282227,1,0
mZ944,3,333.8,5.01347541809082,-24.02547264099121,1,0
mZ944,3,334.0,6.7526421546936035,-23.52190399169922,1,0
mZ944,3,334.2,13.425264358520508,-18.65662384033203,1,0
mZ944,3,334.4,0.013954720459878445,-21.72414207458496,1,0
mZ944,3,334.6,4.591385364532471,-28.63797378540039,1,0
mZ944,3,334.8,7.215636730194092,-25.974952697753906,1,0
mZ944,3,335.0,7.908169269561768,-26.942413330078125,1,0
mZ944,3,335.2,7.461078643798828,-23.916698455810547,1,0
mZ944,3,335.4,12.911826133728027,-19.160917282104492,1,0
mZ944,3,335.6,4.092706680297852,-17.797561645507812,1,0
mZ944,3,335.8,12.789541244506836,-25.604368209838867,1,0
mZ944,3,336.0,11.813365936279297,-22.43344497680664,1,0
mZ944,3,336.2,2.4309659004211426,-28.542985916137695,1,0
mZ944,3,336.4,7.252841472625732,-24.023767471313477,1,0
mZ944,3,336.6,13.686480522155762,-20.582372665405273,1,0
mZ944,3,336.8,8.970684051513672,-13.352063179016113,1,0
mZ944,3,337.0,12.899904251098633,-20.494800567626953,1,0
mZ944,3,337.2,9.826156616210938,-24.299413681030273,1,0
mZ944,3,337.4,4.766761779785156,-21.243488311767578,1,0
mZ944,3,337.6,3.5800628662109375,-20.391294479370117,1,0
mZ944,3,337.8,15.437596321105957,-12.675069808959961,1,0
mZ944,3,338.0,12.628052711486816,-12.224959373474121,1,0
mZ944,3,338.2,2.78204345703125,-24.158693313598633,1,0
mZ944,3,338.4,17.98738670349121,-20.88880157470703,1,0
mZ944,3,338.6,15.284801483154297,-20.331262588500977,1,0
mZ944,3,338.8,11.300958633422852,-15.2972993850708,1,0
mZ944,3,339.0,15.302933692932129,-15.246025085449219,1,0
mZ944,3,339.2,15.08462905883789,-16.38471221923828,1,0
mZ944,3,339.4,8.093954086303711,-19.775978088378906,1,0
mZ944,3,339.6,11.47442626953125,-14.232160568237305,1,0
mZ944,3,339.8,12.448277473449707,-23.598852157592773,1,0
mZ944,3,340.0,12.723694801330566,-25.122074127197266,1,0
mZ944,3,340.2,11.965258598327637,-16.005441665649414,1,0
mZ944,3,340.4,13.199896812438965,-16.309200286865234,1,0
mZ944,3,340.6,7.371850490570068,-19.207687377929688,1,0
mZ944,3,340.8,2.4463274478912354,-16.055116653442383,1,0
mZ944,3,341.0,4.358027458190918,-23.17690658569336,1,0
mZ944,3,341.2,7.094632148742676,-16.714269638061523,1,0
mZ944,3,341.4,4.957809925079346,-24.680442810058594,1,0
mZ944,3,341.6,7.446536064147949,-26.85307502746582,1,0
mZ944,3,341.8,5.465152263641357,-21.609107971191406,1,0
mZ944,3,342.0,4.081967353820801,-22.094480514526367,1,0
mZ944,3,342.2,4.726226329803467,-20.77876091003418,1,0
mZ944,3,342.4,4.098286151885986,-29.8362979888916,1,0
mZ944,3,342.6,-0.32233721017837524,-20.745994567871094,1,0
mZ944,3,342.8,-0.16307568550109863,-25.125917434692383,1,0
mZ944,3,343.0,1.2867226600646973,-25.729124069213867,1,0
mZ944,3,343.2,-0.3897949159145355,-25.342390060424805,1,0
mZ944,3,343.4,0.9784433841705322,-22.898860931396484,1,0
mZ944,3,343.6,0.8899447321891785,-19.346561431884766,1,0
mZ944,3,343.8,1.063962459564209,-28.262163162231445,1,0
mZ944,3,344.0,5.849103927612305,-21.537946701049805,1,0
mZ944,3,344.2,-1.5973764657974243,-24.497419357299805,1,0
mZ944,3,344.4,-1.8913718461990356,-17.308109283447266,1,0
mZ944,3,344.6,-1.0869210958480835,-20.542757034301758,1,0
mZ944,3,344.8,-1.2083340883255005,-25.695629119873047,1,0
mZ944,3,345.0,8.63450813293457,-17.67865753173828,1,0
mZ944,3,345.2,5.164520740509033,-17.61479949951172,1,0
mZ944,3,345.4,10.16549301147461,-17.309919357299805,1,0
mZ944,3,345.6,9.164819717407227,-29.05177116394043,1,0
mZ944,3,345.8,8.890137672424316,-24.07500457763672,1,0
mZ944,3,346.0,8.96384048461914,-26.162931442260742,1,0
mZ944,3,346.2,7.21561861038208,-31.808353424072266,1,0
mZ944,3,346.4,10.84951400756836,-27.664167404174805,1,0
mZ944,3,346.6,11.478788375854492,-25.15848159790039,1,0
mZ944,3,346.8,6.469474792480469,-25.471769332885742,1,0
mZ944,3,347.0,8.159053802490234,-22.08549690246582,1,0
mZ944,3,347.2,4.635164260864258,-24.924331665039062,1,0
mZ944,3,347.4,5.867387294769287,-23.824190139770508,1,0
mZ944,3,347.6,3.442014694213867,-30.497135162353516,1,0
mZ944,3,347.8,7.997279644012451,-28.95770263671875,1,0
mZ944,3,348.0,6.180595397949219,-27.095291137695312,1,0
mZ944,3,348.2,5.392959117889404,-19.83060073852539,1,0
mZ944,3,348.4,8.92075252532959,-23.449554443359375,1,0
mZ944,3,348.6,19.311275482177734,-15.293792724609375,1,0
mZ944,3,348.8,11.921584129333496,-18.701187133789062,1,0
mZ944,3,349.0,10.348516464233398,-26.32591438293457,1,0
mZ944,3,349.2,15.695064544677734,-20.543018341064453,1,0
mZ944,3,349.4,12.50784969329834,-18.491464614868164,1,0
mZ944,3,349.6,11.892791748046875,-21.522563934326172,1,0
mZ944,3,349.8,15.043896675109863,-22.51161003112793,1,0
mZ944,3,350.0,6.814918518066406,-33.07378005981445,1,0
mZ944,3,350.2,13.294559478759766,-32.02294158935547,1,0
mZ944,3,350.4,16.07794189453125,-30.360942840576172,1,0
mZ944,3,350.6,11.493916511535645,-25.54277229309082,1,0
mZ944,3,350.8,13.107263565063477,-25.693410873413086,1,0
mZ944,3,351.0,13.34418773651123,-25.473108291625977,1,0
mZ944,3,351.2,15.54175090789795,-19.59015655517578,1,0
mZ944,3,351.4,10.492173194885254,-32.484649658203125,1,0
mZ944,3,351.6,15.2842435836792,-30.540971755981445,1,0
mZ944,3,351.8,9.234526634216309,-33.480430603027344,1,0
mZ944,3,352.0,11.246479034423828,-25.339275360107422,1,0
mZ944,3,352.2,8.722861289978027,-24.97760772705078,1,0
mZ944,3,352.4,9.812246322631836,-35.34823226928711,1,0
mZ944,3,352.6,9.726271629333496,-27.77248191833496,1,0
mZ944,3,352.8,8.655526161193848,-31.412351608276367,1,0
mZ944,3,353.0,8.338435173034668,-24.796369552612305,1,0
mZ944,3,353.2,10.820847511291504,-32.8206672668457,1,0
mZ944,3,353.4,5.180685043334961,-27.62525177001953,1,0
mZ944,3,353.6,12.508852005004883,-37.58897399902344,1,0
mZ944,3,353.8,8.262581825256348,-35.71907043457031,1,0
mZ944,3,354.0,9.124873161315918,-32.067378997802734,1,0
mZ944,3,354.2,15.992740631103516,-34.69110107421875,1,0
mZ944,3,354.4,7.182488441467285,-29.90839195251465,1,0
mZ944,3,354.6,8.109105110168457,-31.887269973754883,1,0
mZ944,3,354.8,7.294227123260498,-33.652244567871094,1,0
mZ944,3,355.0,7.720293045043945,-34.05926513671875,1,0
mZ944,3,355.2,15.465332984924316,-25.91248321533203,1,0
mZ944,3,355.4,8.785888671875,-31.58677864074707,1,0
mZ944,3,355.6,7.954407215118408,-30.180274963378906,1,0
mZ944,3,355.8,7.6624627113342285,-22.44696044921875,1,0
mZ944,3,356.0,9.977815628051758,-26.276403427124023,1,0
mZ944,3,356.2,10.189702033996582,-22.872194290161133,1,0
mZ944,3,356.4,8.591999053955078,-25.923734664916992,1,0
mZ944,3,356.6,7.348251819610596,-26.779109954833984,1,0
mZ944,3,356.8,11.70669174194336,-26.838144302368164,1,0
mZ944,3,357.0,9.65708065032959,-19.04068374633789,1,0
mZ944,3,357.2,4.054856777191162,-23.03400993347168,1,0
mZ944,3,357.4,3.820019483566284,-22.178743362426758,1,0
mZ944,3,357.6,3.1275136470794678,-24.25322151184082,1,0
mZ944,3,357.8,2.5914599895477295,-22.359277725219727,1,0
mZ944,3,358.0,7.602630615234375,-27.818416595458984,1,0
mZ944,3,358.2,6.266073703765869,-16.744970321655273,1,0
mZ944,3,358.4,7.500677108764648,-24.799903869628906,1,0
mZ944,3,358.6,6.652170181274414,-23.852752685546875,1,0
mZ944,3,358.8,6.896468162536621,-31.031776428222656,1,0
mZ944,3,359.0,5.039762496948242,-29.135652542114258,1,0
mZ944,3,359.2,4.773134231567383,-25.29806900024414,1,0
mZ944,3,359.4,7.729454517364502,-29.3259220123291,1,0
mZ944,3,359.6,7.260221481323242,-25.783967971801758,1,0
mZ944,3,359.8,4.632314682006836,-30.048011779785156,1,0
mZ944,3,360.0,9.410444259643555,-20.50852394104004,1,0
mZ944,3,360.2,5.068003177642822,-27.88036346435547,1,0
mZ944,3,360.4,7.262722969055176,-23.984384536743164,1,0
mZ944,3,360.6,4.245209693908691,-17.704627990722656,1,0
mZ944,3,360.8,9.719310760498047,-30.46173667907715,1,0
mZ944,3,361.0,13.190023422241211,-28.814777374267578,1,0
mZ944,3,361.2,9.062023162841797,-27.67124366760254,1,0
mZ944,3,361.4,1.7408379316329956,-26.685789108276367,1,0
mZ944,3,361.6,6.196669101715088,-26.470935821533203,1,0
mZ944,3,361.8,1.0828789472579956,-23.144092559814453,1,0
mZ944,3,362.0,0.5765087604522705,-33.13547134399414,1,0
mZ944,3,362.2,6.105893611907959,-28.145883560180664,1,0
mZ944,3,362.4,6.734248638153076,-31.238849639892578,1,0
mZ944,3,362.6,2.7185277938842773,-29.6726131439209,1,0
mZ944,3,362.8,2.819502592086792,-30.874948501586914,1,0
mZ944,3,363.0,3.6570587158203125,-23.939056396484375,1,0
mZ944,3,363.2,5.448801517486572,-27.797935485839844,1,0
mZ944,3,363.4,7.427158355712891,-23.83811378479004,1,0
mZ944,3,363.6,5.07736873626709,-30.74329948425293,1,0
mZ944,3,363.8,5.684441089630127,-23.73965835571289,1,0
mZ944,3,364.0,12.634421348571777,-21.850488662719727,1,0
mZ944,3,364.2,4.094328880310059,-27.226417541503906,1,0
mZ944,3,364.4,2.7089285850524902,-27.801759719848633,1,0
mZ944,3,364.6,5.182132720947266,-24.59517478942871,1,0
mZ944,3,364.8,12.92796516418457,-19.382808685302734,1,0
mZ944,3,365.0,11.264629364013672,-23.710933685302734,1,0
mZ944,3,365.2,5.7338457107543945,-32.09342956542969,1,0
mZ944,3,365.4,4.5037055015563965,-38.8350830078125,1,0
mZ944,3,365.6,6.674062728881836,-26.998451232910156,1,0
mZ944,3,365.8,11.316898345947266,-30.484827041625977,1,0
mZ944,3,366.0,13.35008430480957,-29.193302154541016,1,0
mZ944,3,366.2,10.337632179260254,-29.44930076599121,1,0
mZ944,3,366.4,4.266598701477051,-29.854482650756836,1,0
mZ944,3,366.6,2.6578006744384766,-31.859268188476562,1,0
mZ944,3,366.8,6.4758782386779785,-26.086851119995117,1,0
mZ944,3,367.0,5.07820463180542,-29.716293334960938,1,0
mZ944,3,367.2,-0.9825436472892761,-25.056848526000977,1,0
mZ944,3,367.4,7.514443874359131,-25.904794692993164,1,0
mZ944,3,367.6,10.039741516113281,-28.938724517822266,1,0
mZ944,3,367.8,14.20740795135498,-28.248104095458984,1,0
mZ944,3,368.0,2.248591661453247,-26.47378158569336,1,0
mZ944,3,368.2,7.236319541931152,-29.682918548583984,1,0
mZ944,3,368.4,10.729004859924316,-28.60865592956543,1,0
mZ944,3,368.6,6.242711544036865,-26.971935272216797,1,0
mZ944,3,368.8,13.829439163208008,-26.888896942138672,1,0
mZ944,3,369.0,16.00722885131836,-29.66655731201172,1,0
mZ944,3,369.2,12.62884521484375,-27.360294342041016,1,0
mZ944,3,369.4,13.118762969970703,-32.351016998291016,1,0
mZ944,3,369.6,9.158798217773438,-33.26688003540039,1,0
mZ944,3,369.8,5.315474033355713,-35.071041107177734,1,0
mZ944,3,370.0,12.018972396850586,-32.0518913269043,1,0
mZ944,3,370.2,5.675234794616699,-26.883136749267578,1,0
mZ944,3,370.4,7.533971786499023,-33.1821403503418,1,0
mZ944,3,370.6,5.797375679016113,-28.419448852539062,1,0
mZ944,3,370.8,12.197542190551758,-27.89035415649414,1,0
mZ944,3,371.0,12.564002990722656,-30.62445068359375,1,0
mZ944,3,371.2,15.076303482055664,-31.212167739868164,1,0
mZ944,3,371.4,12.665681838989258,-34.19839859008789,1,0
mZ944,3,371.6,3.0009093284606934,-29.89009666442871,1,0
mZ944,3,371.8,10.24144172668457,-31.372854232788086,1,0
mZ944,3,372.0,12.46225357055664,-33.965572357177734,1,0
mZ944,3,372.2,10.73556137084961,-30.765304565429688,1,0
mZ944,3,372.4,10.750048637390137,-28.569692611694336,1,0
mZ944,3,372.6,7.920374870300293,-31.631168365478516,1,0
mZ944,3,372.8,12.025994300842285,-32.92200469970703,1,0
mZ944,3,373.0,8.410772323608398,-34.923866271972656,1,0
mZ944,3,373.2,4.672267436981201,-37.30909729003906,1,0
mZ944,3,373.4,8.167145729064941,-31.260427474975586,1,0
mZ944,3,373.6,8.674335479736328,-33.77553939819336,1,0
mZ944,3,373.8,5.867294788360596,-30.692407608032227,1,0
mZ944,3,374.0,10.016668319702148,-33.36165237426758,1,0
mZ944,3,374.2,9.563028335571289,-26.929019927978516,1,0
mZ944,3,374.4,6.030379295349121,-26.354379653930664,1,0
mZ944,3,374.6,9.248002052307129,-27.922555923461914,1,0
mZ944,3,374.8,3.6682214736938477,-25.765687942504883,1,0
mZ944,3,375.0,4.794863224029541,-28.468379974365234,1,0
mZ944,3,375.2,2.7495219707489014,-29.824737548828125,1,0
mZ944,3,375.4,7.324509620666504,-27.168920516967773,1,0
mZ944,3,375.6,8.787243843078613,-28.779497146606445,1,0
mZ944,3,375.8,8.48094367980957,-34.513153076171875,1,0
mZ944,3,376.0,7.626198768615723,-26.467111587524414,1,0
mZ944,3,376.2,5.354894638061523,-31.001615524291992,1,0
mZ944,3,376.4,14.809510231018066,-24.02109146118164,1,0
mZ944,3,376.6,7.903926849365234,-24.283531188964844,1,0
mZ944,3,376.8,12.35785961151123,-23.558279037475586,1,0
mZ944,3,377.0,14.026507377624512,-18.913488388061523,1,0
mZ944,3,377.2,11.98449420928955,-23.538232803344727,1,0
mZ944,3,377.4,13.548314094543457,-25.531648635864258,1,0
mZ944,3,377.6,9.432801246643066,-26.926246643066406,1,0
mZ944,3,377.8,6.3409423828125,-23.55006980895996,1,0
mZ944,3,378.0,6.0104217529296875,-19.482261657714844,1,0
mZ944,3,378.2,11.824016571044922,-23.07990074157715,1,0
mZ944,3,378.4,9.191052436828613,-18.89530372619629,1,0
mZ944,3,378.6,10.184307098388672,-22.74323081970215,1,0
mZ944,3,378.8,8.809311866760254,-20.51345443725586,1,0
mZ944,3,379.0,6.95772647857666,-22.078109741210938,1,0
mZ944,3,379.2,8.737508773803711,-28.315683364868164,1,0
mZ944,3,379.4,10.272222518920898,-25.53436279296875,1,0
mZ944,3,379.6,15.74986743927002,-19.342235565185547,1,0
mZ944,3,379.8,19.584932327270508,-25.782018661499023,1,0
mZ944,3,380.0,17.30741310119629,-18.295297622680664,1,0
mZ944,3,380.2,5.049698829650879,-24.884084701538086,1,0
mZ944,3,380.4,5.76727819442749,-15.042202949523926,0,1
mZ944,3,380.6,7.861162185668945,-26.099578857421875,1,0
mZ944,3,380.8,8.977226257324219,-17.75519371032715,1,0
mZ944,3,381.0,10.991549491882324,-19.25227928161621,1,0
mZ944,3,381.2,8.186358451843262,-22.799903869628906,1,0
mZ944,3,381.4,4.2935919761657715,-20.28795051574707,1,0
mZ944,3,381.6,15.259249687194824,-26.378734588623047,1,0
mZ944,3,381.8,9.23051643371582,-14.93807601928711,1,0
mZ944,3,382.0,11.071541786193848,-27.111629486083984,1,0
mZ944,3,382.2,6.622476100921631,-20.52577781677246,1,0
mZ944,3,382.4,11.759438514709473,-18.96399688720703,1,0
mZ944,3,382.6,11.43687915802002,-14.840277671813965,1,0
mZ944,3,382.8,9.432511329650879,-23.467140197753906,1,0
mZ944,3,383.0,15.776503562927246,-16.45018196105957,1,0
mZ944,3,383.2,11.994216918945312,-29.252674102783203,1,0
mZ944,3,383.4,3.7408437728881836,-22.172821044921875,1,0
mZ944,3,383.6,15.169076919555664,-25.571313858032227,1,0
mZ944,3,383.8,13.316925048828125,-16.269567489624023,1,0
mZ944,3,384.0,16.81615447998047,-20.83799934387207,1,0
mZ944,3,384.2,18.933189392089844,-20.934782028198242,1,0
mZ944,3,384.4,14.883428573608398,-25.6802978515625,1,0
mZ944,3,384.6,12.042184829711914,-21.60137367248535,1,0
mZ944,3,384.8,10.600617408752441,-24.989669799804688,1,0
mZ944,3,385.0,10.523835182189941,-32.19938278198242,1,0
mZ944,3,385.2,6.326813220977783,-28.21147918701172,1,0
mZ944,3,385.4,5.097085952758789,-29.171113967895508,1,0
mZ944,3,385.6,8.163028717041016,-31.623699188232422,1,0
mZ944,3,385.8,14.48111629486084,-22.469472885131836,1,0
mZ944,3,386.0,6.158304691314697,-29.18953514099121,1,0
mZ944,3,386.2,12.134206771850586,-20.73273277282715,1,0
mZ944,3,386.4,12.748817443847656,-23.085506439208984,1,0
mZ944,3,386.6,13.00118637084961,-15.120378494262695,1,0
mZ944,3,386.8,7.551029205322266,-25.77596664428711,1,0
mZ944,3,387.0,13.310995101928711,-21.78988265991211,1,0
mZ944,3,387.2,14.69951057434082,-26.873750686645508,1,0
mZ944,3,387.4,10.285771369934082,-20.197050094604492,1,0
mZ944,3,387.6,8.836116790771484,-24.853927612304688,1,0
mZ944,3,387.8,11.932650566101074,-26.148967742919922,1,0
mZ944,3,388.0,5.204524993896484,-29.733598709106445,1,0
mZ944,3,388.2,-1.0835857391357422,-25.84305763244629,1,0
mZ944,3,388.4,2.900456190109253,-21.554655075073242,1,0
mZ944,3,388.6,10.394314765930176,-22.04962921142578,0,1
mZ944,3,388.8,12.97543716430664,-13.206588745117188,1,0
mZ944,3,389.0,7.849337577819824,-18.05955696105957,1,0
mZ944,3,389.2,3.6812708377838135,-28.35552215576172,1,0
mZ944,3,389.4,-0.5594751238822937,-22.23746109008789,0,1
mZ944,3,389.6,-0.13770632445812225,-30.03662872314453,1,0
mZ944,3,389.8,3.4554061889648438,-25.84471893310547,1,0
mZ944,3,390.0,6.989268779754639,-24.2379207611084,0,1
mZ944,3,390.2,4.708160400390625,-29.448423385620117,1,0
mZ944,3,390.4,8.504021644592285,-28.210973739624023,1,0
mZ944,3,390.6,2.441500663757324,-20.53179359436035,1,0
mZ944,3,390.8,8.197837829589844,-24.5826473236084,1,0
mZ944,3,391.0,2.8813979625701904,-28.71066665649414,1,0
mZ944,3,391.2,4.226898193359375,-27.614656448364258,1,0
mZ944,3,391.4,0.9391950368881226,-28.41680335998535,1,0
mZ944,3,391.6,6.265790939331055,-26.004365921020508,1,0
mZ944,3,391.8,6.489515781402588,-23.010061264038086,1,0
mZ944,3,392.0,2.701965093612671,-31.12189483642578,1,0
mZ944,3,392.2,4.403343200683594,-28.814393997192383,1,0
mZ944,3,392.4,-1.1453840732574463,-22.709823608398438,0,1
mZ944,3,392.6,3.1654725074768066,-29.132829666137695,1,0
mZ944,3,392.8,0.9059739112854004,-20.60169219970703,0,1
mZ944,3,393.0,-4.876726150512695,-26.177133560180664,0,1
mZ944,3,393.2,2.1850991249084473,-20.375619888305664,1,0
mZ944,3,393.4,-1.6234476566314697,-22.76545524597168,0,1
mZ944,3,393.6,0.17933914065361023,-25.294151306152344,0,1
mZ944,3,393.8,6.151063919067383,-26.096595764160156,0,1
mZ944,3,394.0,1.9008889198303223,-25.06208038330078,0,1
mZ944,3,394.2,3.668597459793091,-20.671770095825195,0,1
mZ944,3,394.4,9.599288940429688,-31.010435104370117,1,0
mZ944,3,394.6,-3.1695382595062256,-33.53036880493164,1,0
mZ944,3,394.8,-5.718996524810791,-29.253999710083008,0,1
mZ944,3,395.0,-1.2343392372131348,-24.757755279541016,0,1
mZ944,3,395.2,-3.021923065185547,-30.270605087280273,1,0
mZ944,3,395.4,0.8868990540504456,-28.631820678710938,0,1
mZ944,3,395.6,-10.212358474731445,-24.75617027282715,0,1
mZ944,3,395.8,-4.229588508605957,-17.059751510620117,0,1
mZ944,3,396.0,1.5595965385437012,-23.70172691345215,0,1
mZ944,3,396.2,-3.5105972290039062,-29.059694290161133,0,1
mZ944,3,396.4,0.5078604817390442,-29.14328384399414,0,1
mZ944,3,396.6,-5.508338928222656,-27.51380729675293,0,1
mZ944,3,396.8,-4.785574436187744,-29.97393226623535,0,1
mZ944,3,397.0,-3.932610511779785,-21.711284637451172,0,1
mZ944,3,397.2,-0.9272083640098572,-29.05023956298828,0,1
mZ944,3,397.4,4.229816913604736,-22.237655639648438,0,1
mZ944,3,397.6,4.652278900146484,-20.239227294921875,0,1
mZ944,3,397.8,4.656357765197754,-21.94085693359375,0,1
mZ944,3,398.0,1.3422199487686157,-25.636611938476562,0,1
mZ944,3,398.2,-0.9999523758888245,-23.87467384338379,0,1
mZ944,3,398.4,3.6367833614349365,-22.666057586669922,0,1
mZ944,3,398.6,1.8688164949417114,-27.27896499633789,0,1
mZ944,3,398.8,1.5039184093475342,-24.526281356811523,0,1
mZ944,3,399.0,0.5533552765846252,-29.1449031829834,0,1
mZ944,3,399.2,5.244192123413086,-24.846336364746094,0,1
mZ944,3,399.4,-0.7436219453811646,-31.210344314575195,0,1
mZ944,3,399.6,10.852448463439941,-27.80854606628418,0,1
mZ944,3,399.8,-0.490791916847229,-31.066879272460938,0,1
mZ944,3,400.0,1.5528103113174438,-28.674556732177734,0,1
mZ944,3,400.2,-0.8264428973197937,-30.502687454223633,0,1
mZ944,3,400.4,0.6574733853340149,-24.901508331298828,0,1
mZ944,3,400.6,-0.9544441103935242,-27.55862808227539,0,1
mZ944,3,400.8,2.057034730911255,-20.380496978759766,0,1
mZ944,3,401.0,3.2327206134796143,-13.869118690490723,0,1
mZ944,3,401.2,1.732132911682129,-19.64751434326172,0,1
mZ944,3,401.4,-2.675860643386841,-33.735191345214844,0,1
mZ944,3,401.6,0.43640121817588806,-35.24064636230469,0,1
mZ944,3,401.8,-3.0855302810668945,-27.150781631469727,0,1
mZ944,3,402.0,-2.070749282836914,-23.344932556152344,0,1
mZ944,3,402.2,1.1374123096466064,-26.959228515625,1,0
mZ944,3,402.4,4.406921863555908,-26.330753326416016,1,0
mZ944,3,402.6,6.395566940307617,-29.510400772094727,1,0
mZ944,3,402.8,5.087725639343262,-17.529165267944336,1,0
mZ944,3,403.0,1.6051892042160034,-27.406518936157227,0,1
mZ944,3,403.2,0.37399211525917053,-23.622737884521484,0,1
mZ944,3,403.4,3.0843348503112793,-28.19904136657715,0,1
mZ944,3,403.6,0.8113187551498413,-33.31123733520508,0,1
mZ944,3,403.8,0.4072269797325134,-23.463048934936523,0,1
mZ944,3,404.0,-0.7026057839393616,-29.954336166381836,0,1
mZ944,3,404.2,4.985810279846191,-26.24961280822754,0,1
mZ944,3,404.4,4.748722076416016,-30.1556396484375,0,1
mZ944,3,404.6,-2.82411527633667,-26.101787567138672,0,1
mZ944,3,404.8,0.24497748911380768,-26.879838943481445,0,1
mZ944,3,405.0,0.6476094722747803,-20.380741119384766,0,1
mZ944,3,405.2,1.4437559843063354,-31.180269241333008,0,1
mZ944,3,405.4,4.318088054656982,-27.057083129882812,0,1
mZ944,3,405.6,-1.42794668674469,-27.44076156616211,0,1
mZ944,3,405.8,7.07382869720459,-32.49663543701172,1,0
mZ944,3,406.0,-1.4754772186279297,-34.20574951171875,0,1
mZ944,3,406.2,0.6644676327705383,-38.407039642333984,0,1
mZ944,3,406.4,-2.8333261013031006,-35.58595275878906,0,1
mZ944,3,406.6,0.22683079540729523,-35.65774917602539,0,1
mZ944,3,406.8,-2.175621271133423,-33.00544357299805,0,1
mZ944,3,407.0,3.2527406215667725,-25.723894119262695,0,1
mZ944,3,407.2,-3.07133412361145,-32.201454162597656,0,1
mZ944,3,407.4,1.7363204956054688,-19.75850486755371,0,1
mZ944,3,407.6,0.571170449256897,-32.02377700805664,0,1
mZ944,3,407.8,0.7476048469543457,-20.50360107421875,0,1
mZ944,3,408.0,-2.5988781452178955,-29.983007431030273,0,1
mZ944,3,408.2,1.5743398666381836,-36.05656814575195,0,1
mZ944,3,408.4,2.2972702980041504,-29.742591857910156,0,1
mZ944,3,408.6,1.1252743005752563,-28.754911422729492,0,1
mZ944,3,408.8,1.2366530895233154,-24.660261154174805,0,1
mZ944,3,409.0,3.7615013122558594,-33.16130447387695,0,1
mZ944,3,409.2,5.009448528289795,-31.811336517333984,0,1
mZ944,3,409.4,2.417036771774292,-28.02400016784668,0,1
mZ944,3,409.6,2.6712446212768555,-31.81255340576172,0,1
mZ944,3,409.8,2.5652782917022705,-23.188369750976562,0,1
mZ944,3,410.0,2.468505620956421,-26.988956451416016,0,1
mZ944,3,410.2,1.431702971458435,-32.74567794799805,0,1
mZ944,3,410.4,2.7267444133758545,-22.29169464111328,0,1
mZ944,3,410.6,2.955233573913574,-27.160499572753906,0,1
mZ944,3,410.8,8.139948844909668,-26.40167236328125,0,1
mZ944,3,411.0,-1.7763640880584717,-21.68814468383789,0,1
mZ944,3,411.2,7.1478071212768555,-28.8461856842041,0,1
mZ944,3,411.4,4.26738977432251,-31.38372802734375,0,1
mZ944,3,411.6,8.653621673583984,-30.349050521850586,0,1
mZ944,3,411.8,8.750455856323242,-23.999818801879883,0,1
mZ944,3,412.0,4.39398717880249,-28.656391143798828,0,1
mZ944,3,412.2,1.558245301246643,-30.27495002746582,0,1
mZ944,3,412.4,1.0397486686706543,-24.29648208618164,0,1
mZ944,3,412.6,0.09150423109531403,-29.87702751159668,0,1
mZ944,3,412.8,1.0838923454284668,-22.526880264282227,0,1
mZ944,3,413.0,-3.862154483795166,-20.059293746948242,0,1
mZ944,3,413.2,-1.1959818601608276,-22.611635208129883,0,1
mZ944,3,413.4,1.6940934658050537,-24.836198806762695,0,1
mZ944,3,413.6,-0.24044743180274963,-22.42717933654785,0,1
mZ944,3,413.8,4.026150226593018,-27.59981918334961,0,1
mZ944,3,414.0,-6.145268440246582,-32.386192321777344,0,1
mZ944,3,414.2,6.351694107055664,-30.504196166992188,0,1
mZ944,3,414.4,4.413360118865967,-31.193944931030273,0,1
mZ944,3,414.6,-2.830037832260132,-23.050682067871094,0,1
mZ944,3,414.8,8.177762985229492,-33.023277282714844,0,1
mZ944,3,415.0,2.1136860847473145,-32.864566802978516,0,1
mZ944,3,415.2,-4.0811567306518555,-30.868080139160156,0,1
mZ944,3,415.4,1.222068190574646,-32.38969421386719,0,1
mZ944,3,415.6,0.5984066128730774,-29.202919006347656,0,1
mZ944,3,415.8,-2.67848801612854,-32.43160629272461,1,0
mZ944,3,416.0,-1.2057493925094604,-31.048145294189453,0,1
mZ944,3,416.2,-3.362210273742676,-31.048093795776367,0,1
mZ944,3,416.4,-0.1949744075536728,-29.379106521606445,0,1
mZ944,3,416.6,0.3101445734500885,-30.25414276123047,0,1
mZ944,3,416.8,0.955463171005249,-36.886383056640625,1,0
mZ944,3,417.0,-1.9499127864837646,-31.098695755004883,0,1
mZ944,3,417.2,0.12269268929958344,-34.74628448486328,0,1
mZ944,3,417.4,0.2964062988758087,-21.412017822265625,0,1
mZ944,3,417.6,1.0268058776855469,-37.916561126708984,0,1
mZ944,3,417.8,7.124946117401123,-21.796443939208984,0,1
mZ944,3,418.0,0.6443981528282166,-27.471973419189453,0,1
mZ944,3,418.2,-6.464980602264404,-23.978660583496094,0,1
mZ944,3,418.4,9.730836868286133,-32.421329498291016,0,1
mZ944,3,418.6,-2.884295701980591,-29.6208438873291,0,1
mZ944,3,418.8,1.2318804264068604,-29.292261123657227,0,1
mZ944,3,419.0,3.4445486068725586,-29.175556182861328,0,1
mZ944,3,419.2,1.2957690954208374,-27.91612434387207,0,1
mZ944,3,419.4,0.12219993025064468,-28.249101638793945,0,1
mZ944,3,419.6,1.70949387550354,-36.11040115356445,0,1
mZ944,3,419.8,1.6478203535079956,-20.490398406982422,0,1
mZ944,3,420.0,2.36555814743042,-28.354686737060547,0,1
mZ944,3,420.2,-0.38777297735214233,-26.413957595825195,0,1
mZ944,3,420.4,1.982250690460205,-24.347171783447266,0,1
mZ944,3,420.6,-7.770864486694336,-30.34626007080078,0,1
mZ944,3,420.8,-7.469991207122803,-24.094026565551758,0,1
mZ944,3,421.0,-3.650428295135498,-25.895061492919922,0,1
mZ944,3,421.2,-3.1174187660217285,-28.80609893798828,0,1
mZ944,3,421.4,1.9960637092590332,-29.888280868530273,0,1
mZ944,3,421.6,-6.924385070800781,-26.619251251220703,0,1
mZ944,3,421.8,-4.669882297515869,-18.9678897857666,0,1
mZ944,3,422.0,-1.2023463249206543,-19.576900482177734,0,1
mZ944,3,422.2,-1.4204962253570557,-20.093101501464844,0,1
mZ944,3,422.4,-6.4295501708984375,-22.84911346435547,0,1
mZ944,3,422.6,-0.39789918065071106,-23.53544807434082,0,1
mZ944,3,422.8,4.4226531982421875,-31.01176643371582,0,1
mZ944,3,423.0,-5.938663959503174,-25.894132614135742,0,1
mZ944,3,423.2,-3.6804654598236084,-20.441116333007812,0,1
mZ944,3,423.4,-2.9133570194244385,-25.70077896118164,0,1
mZ944,3,423.6,3.516022205352783,-18.623506546020508,0,1
mZ944,3,423.8,5.855166435241699,-22.7777156829834,0,1
mZ944,3,424.0,-0.4651694893836975,-25.50446891784668,0,1
mZ944,3,424.2,4.982867240905762,-20.579805374145508,0,1
mZ944,3,424.4,4.319032669067383,-20.77730941772461,0,1
mZ944,3,424.6,-4.576631546020508,-20.123159408569336,0,1
mZ944,3,424.8,-6.587197780609131,-23.45427131652832,0,1
mZ944,3,425.0,-1.5727554559707642,-18.725492477416992,0,1
mZ944,3,425.2,0.30472254753112793,-22.509641647338867,0,1
mZ944,3,425.4,-2.875149965286255,-21.708616256713867,0,1
mZ944,3,425.6,-5.418839931488037,-22.838382720947266,0,1
mZ944,3,425.8,-3.6894617080688477,-28.31332015991211,0,1
mZ944,3,426.0,-5.242220878601074,-27.98383903503418,0,1
mZ944,3,426.2,-5.849361896514893,-25.095773696899414,0,1
mZ944,3,426.4,-0.3162749409675598,-29.420942306518555,0,1
mZ944,3,426.6,-5.415433883666992,-28.714792251586914,0,1
mZ944,3,426.8,-4.851832866668701,-23.508241653442383,0,1
mZ944,3,427.0,1.4197642803192139,-30.10223960876465,0,1
mZ944,3,427.2,-4.38169527053833,-37.07503128051758,0,1
mZ944,3,427.4,-0.7608126997947693,-22.82056999206543,0,1
mZ944,3,427.6,2.801750898361206,-23.66551971435547,0,1
mZ944,3,427.8,2.459073781967163,-21.12276268005371,0,1
mZ944,3,428.0,2.651782274246216,-17.35539436340332,0,1
mZ944,3,428.2,0.6267580986022949,-21.547412872314453,0,1
mZ944,3,428.4,-0.545470118522644,-34.016319274902344,0,1
mZ944,3,428.6,-5.454758167266846,-27.013158798217773,0,1
mZ944,3,428.8,0.2936386466026306,-26.762969970703125,0,1
mZ944,3,429.0,-1.9539861679077148,-29.252233505249023,0,1
mZ944,3,429.2,-1.397541880607605,-28.488435745239258,0,1
mZ944,3,429.4,-8.89118766784668,-21.532958984375,0,1
mZ944,3,429.6,-5.15626335144043,-16.127540588378906,0,1
mZ944,3,429.8,4.508552551269531,-12.872675895690918,0,1
mZ944,3,430.0,-6.944695472717285,-21.946990966796875,0,1
mZ944,3,430.2,-5.183400630950928,-25.04783821105957,0,1
mZ944,3,430.4,-3.417295455932617,-21.49549102783203,0,1
mZ944,3,430.6,0.33399298787117004,-27.53398895263672,0,1
mZ944,3,430.8,-2.2770888805389404,-24.28356170654297,0,1
mZ944,3,431.0,-6.346031665802002,-21.675251007080078,0,1
mZ944,3,431.2,-1.2839653491973877,-20.172828674316406,0,1
mZ944,3,431.4,0.8424884080886841,-24.33028793334961,0,1
mZ944,3,431.6,4.9496378898620605,-20.996562957763672,0,1
mZ944,3,431.8,-1.9002965688705444,-23.66670799255371,0,1
mZ944,3,432.0,-0.32366323471069336,-27.200733184814453,0,1
mZ944,3,432.2,2.070939302444458,-20.612077713012695,0,1
mZ944,3,432.4,-3.3903896808624268,-24.367969512939453,0,1
mZ944,3,432.6,0.44211098551750183,-21.923233032226562,0,1
mZ944,3,432.8,-0.9141513109207153,-23.555009841918945,0,1
mZ944,3,433.0,-0.34335771203041077,-20.80728530883789,0,1
mZ944,3,433.2,-0.5422556400299072,-23.08551788330078,0,1
mZ944,3,433.4,0.09406371414661407,-26.776657104492188,0,1
mZ944,3,433.6,2.069934844970703,-23.317363739013672,0,1
mZ944,3,433.8,-1.9581724405288696,-21.50063133239746,0,1
mZ944,3,434.0,4.151625633239746,-23.89706802368164,0,1
mZ944,3,434.2,-2.914489984512329,-25.468929290771484,0,1
mZ944,3,434.4,7.084640026092529,-26.418153762817383,0,1
mZ944,3,434.6,-1.4960664510726929,-25.303537368774414,0,1
mZ944,3,434.8,5.059126853942871,-21.893156051635742,0,1
mZ944,3,435.0,-1.3565468788146973,-23.37286949157715,0,1
mZ944,3,435.2,-1.6095280647277832,-30.942251205444336,0,1
mZ944,3,435.4,2.4830353260040283,-24.091236114501953,0,1
mZ944,3,435.6,5.631994247436523,-24.879045486450195,1,0
mZ944,3,435.8,7.132078170776367,-22.718626022338867,0,1
mZ944,3,436.0,0.2733311653137207,-22.314680099487305,0,1
mZ944,3,436.2,4.209696292877197,-26.968826293945312,0,1
mZ944,3,436.4,3.975740909576416,-23.090726852416992,0,1
mZ944,3,436.6,2.2159531116485596,-24.667909622192383,0,1
mZ944,3,436.8,-0.46327701210975647,-25.319185256958008,0,1
mZ944,3,437.0,3.0060367584228516,-27.645597457885742,0,1
mZ944,3,437.2,4.336640357971191,-19.685203552246094,0,1
mZ944,3,437.4,0.7998802661895752,-20.332950592041016,0,1
mZ944,3,437.6,0.8866236209869385,-17.703868865966797,0,1
mZ944,3,437.8,7.593458652496338,-24.627798080444336,0,1
mZ944,3,438.0,1.230374813079834,-20.277273178100586,0,1
mZ944,3,438.2,5.169797897338867,-19.067949295043945,0,1
mZ944,3,438.4,1.093719244003296,-22.549280166625977,0,1
mZ944,3,438.6,6.565089225769043,-17.075897216796875,0,1
mZ944,3,438.8,4.143713474273682,-23.897924423217773,0,1
mZ944,3,439.0,3.6969895362854004,-21.907957077026367,0,1
mZ944,3,439.2,6.209590435028076,-10.69558334350586,0,1
mZ944,3,439.4,5.931815147399902,-20.79413414001465,1,0
mZ944,3,439.6,10.382268905639648,-21.577354431152344,0,1
mZ944,3,439.8,3.8136215209960938,-17.25884246826172,0,1
mZ944,3,440.0,-1.3969451189041138,-23.920461654663086,0,1
mZ944,3,440.2,-1.206429123878479,-20.248184204101562,0,1
mZ944,3,440.4,0.42071378231048584,-19.39994239807129,0,1
mZ944,3,440.6,4.771535873413086,-20.84050750732422,0,1
mZ944,3,440.8,2.5888798236846924,-24.722293853759766,0,1
mZ944,3,441.0,1.53630793094635,-19.410118103027344,0,1
mZ944,3,441.2,4.456450939178467,-16.87222671508789,0,1
mZ944,3,441.4,0.9277074933052063,-21.19916534423828,0,1
mZ944,3,441.6,5.242008209228516,-18.808408737182617,0,1
mZ944,3,441.8,4.602294921875,-14.762939453125,0,1
mZ944,3,442.0,5.64540433883667,-20.07279396057129,0,1
mZ944,3,442.2,1.843895435333252,-27.2158203125,0,1
mZ944,3,442.4,-3.037137508392334,-20.30597686767578,0,1
mZ944,3,442.6,6.317366600036621,-22.84759521484375,0,1
mZ944,3,442.8,1.311521053314209,-28.83597755432129,0,1
mZ944,3,443.0,6.985138893127441,-20.903900146484375,0,1
mZ944,3,443.2,1.7619913816452026,-19.14986801147461,0,1
mZ944,3,443.4,-0.0880652368068695,-16.586318969726562,0,1
mZ944,3,443.6,-1.3957937955856323,-29.633134841918945,0,1
mZ944,3,443.8,3.165382146835327,-21.762283325195312,0,1
mZ944,3,444.0,3.164618492126465,-20.421260833740234,0,1
mZ944,3,444.2,-3.734668254852295,-32.06386947631836,0,1
mZ944,3,444.4,4.623167514801025,-14.48338794708252,0,1
mZ944,3,444.6,-0.4494629502296448,-30.517667770385742,0,1
mZ944,3,444.8,0.8984100818634033,-30.72051429748535,0,1
mZ944,3,445.0,2.8660004138946533,-21.20496940612793,0,1
mZ944,3,445.2,0.4160582721233368,-25.353620529174805,0,1
mZ944,3,445.4,-1.538021206855774,-30.557415008544922,0,1
mZ944,3,445.6,-0.8429044485092163,-27.111614227294922,0,1
mZ944,3,445.8,5.245419025421143,-25.1564998626709,0,1
mZ944,3,446.0,4.311335563659668,-21.13811683654785,0,1
mZ944,3,446.2,-0.9022195339202881,-19.44866371154785,0,1
mZ944,3,446.4,-9.198372840881348,-25.21025276184082,0,1
mZ944,3,446.6,-4.564756393432617,-26.774673461914062,0,1
mZ944,3,446.8,3.1679234504699707,-22.936538696289062,0,1
mZ944,3,447.0,-0.36771923303604126,-23.205015182495117,0,1
mZ944,3,447.2,-3.3819289207458496,-18.287757873535156,0,1
mZ944,3,447.4,-1.2151316404342651,-17.395793914794922,0,1
mZ944,3,447.6,-1.2886420488357544,-24.872222900390625,0,1
mZ944,3,447.8,-1.406925916671753,-22.08755111694336,0,1
mZ944,3,448.0,-3.6695423126220703,-24.26984405517578,0,1
mZ944,3,448.2,-4.481080532073975,-24.187965393066406,0,1
mZ944,3,448.4,-3.478443145751953,-21.414875030517578,0,1
mZ944,3,448.6,-4.530057907104492,-30.44715118408203,0,1
mZ944,3,448.8,-2.176910877227783,-25.97120475769043,0,1
mZ944,3,449.0,-3.092975616455078,-26.263010025024414,0,1
mZ944,3,449.2,-0.1610986590385437,-21.860137939453125,0,1
mZ944,3,449.4,-2.5215065479278564,-27.284488677978516,0,1
mZ944,3,449.6,2.4328718185424805,-22.291362762451172,0,1
mZ944,3,449.8,-6.545310020446777,-29.722919464111328,0,1
mZ944,3,450.0,-3.1989378929138184,-25.59276580810547,0,1
mZ944,3,450.2,0.49178221821784973,-21.746706008911133,0,1
mZ944,3,450.4,-2.1922292709350586,-27.335262298583984,0,1
mZ944,3,450.6,-3.5943806171417236,-26.14331817626953,0,1
mZ944,3,450.8,-0.4539511203765869,-25.694808959960938,0,1
mZ944,3,451.0,2.353647470474243,-16.184955596923828,0,1
mZ944,3,451.2,0.7840152978897095,-24.34735107421875,0,1
mZ944,3,451.4,-8.331079483032227,-31.435884475708008,0,1
mZ944,3,451.6,2.650146484375,-20.98790740966797,0,1
mZ944,3,451.8,-1.8663595914840698,-27.940427780151367,0,1
mZ944,3,452.0,-7.66301965713501,-30.543655395507812,0,1
mZ944,3,452.2,2.4288034439086914,-20.778453826904297,0,1
mZ944,3,452.4,7.448556900024414,-19.057167053222656,0,1
mZ944,3,452.6,2.0706377029418945,-19.866334915161133,0,1
mZ944,3,452.8,5.806270599365234,-17.617321014404297,0,1
mZ944,3,453.0,4.067474842071533,-24.787919998168945,0,1
mZ944,3,453.2,3.5947022438049316,-19.497459411621094,0,1
mZ944,3,453.4,-0.4984399378299713,-19.81989288330078,0,1
mZ944,3,453.6,1.183402419090271,-19.825929641723633,0,1
mZ944,3,453.8,2.1333279609680176,-24.23804473876953,0,1
mZ944,3,454.0,2.764496088027954,-18.45051383972168,0,1
mZ944,3,454.2,4.4119720458984375,-16.368968963623047,0,1
mZ944,3,454.4,3.939335823059082,-19.568166732788086,0,1
mZ944,3,454.6,5.913901329040527,-13.137042045593262,0,1
mZ944,3,454.8,4.667267322540283,-23.20929718017578,0,1
mZ944,3,455.0,2.546342372894287,-14.292207717895508,0,1
mZ944,3,455.2,2.1078805923461914,-16.706647872924805,0,1
mZ944,3,455.4,2.386258840560913,-14.094390869140625,0,1
mZ944,3,455.6,1.7551090717315674,-10.28321647644043,0,1
mZ944,3,455.8,-1.2811323404312134,-14.359822273254395,0,1
mZ944,3,456.0,6.708134174346924,-17.133085250854492,0,1
mZ944,3,456.2,1.5805695056915283,-17.893768310546875,0,1
mZ944,3,456.4,2.1555874347686768,-15.258188247680664,0,1
mZ944,3,456.6,1.9718173742294312,-12.40151309967041,0,1
mZ944,3,456.8,4.222418785095215,-21.630720138549805,0,1
mZ944,3,457.0,5.538257122039795,-14.022930145263672,0,1
mZ944,3,457.2,-2.1706430912017822,-28.430116653442383,0,1
mZ944,3,457.4,4.171542167663574,-22.733461380004883,0,1
mZ944,3,457.6,0.834371030330658,-21.45573616027832,0,1
mZ944,3,457.8,3.5275444984436035,-24.325286865234375,0,1
mZ944,3,458.0,-0.709417462348938,-19.2204647064209,0,1
mZ944,3,458.2,2.1727044582366943,-22.433496475219727,0,1
mZ944,3,458.4,4.161457061767578,-17.542518615722656,0,1
mZ944,3,458.6,0.6515533328056335,-23.286531448364258,0,1
mZ944,3,458.8,0.7151031494140625,-21.30594253540039,0,1
mZ944,3,459.0,2.504021167755127,-18.606647491455078,0,1
mZ944,3,459.2,4.994431018829346,-21.547365188598633,0,1
mZ944,3,459.4,1.9454536437988281,-25.547216415405273,0,1
mZ944,3,459.6,-2.6712777614593506,-19.334514617919922,0,1
mZ944,3,459.8,7.779718399047852,-14.704646110534668,0,1
mZ944,3,460.0,8.627219200134277,-25.524171829223633,0,1
mZ944,3,460.2,-1.8999245166778564,-18.780553817749023,0,1
mZ944,3,460.4,-1.3394179344177246,-20.921865463256836,0,1
mZ944,3,460.6,-0.889076292514801,-17.464794158935547,0,1
mZ944,3,460.8,-3.6862359046936035,-16.10494041442871,0,1
mZ944,3,461.0,-0.5168983340263367,-19.961036682128906,0,1
mZ944,3,461.2,4.5083208084106445,-19.990314483642578,0,1
mZ944,3,461.4,2.220817804336548,-20.11836814880371,0,1
mZ944,3,461.6,-2.3860325813293457,-20.21876335144043,0,1
mZ944,3,461.8,-3.5053870677948,-21.554033279418945,0,1
mZ944,3,462.0,-0.2847609519958496,-20.989547729492188,0,1
mZ944,3,462.2,-4.711599826812744,-13.23783016204834,0,1
mZ944,3,462.4,9.007854461669922,-21.10042953491211,0,1
mZ944,3,462.6,0.8176898956298828,-23.067852020263672,0,1
mZ944,3,462.8,1.7508004903793335,-25.194869995117188,0,1
mZ944,3,463.0,0.7447009086608887,-26.855897903442383,0,1
mZ944,3,463.2,2.7191429138183594,-29.855125427246094,0,1
mZ944,3,463.4,-1.482711911201477,-19.25013542175293,0,1
mZ944,3,463.6,1.3499276638031006,-22.290626525878906,0,1
mZ944,3,463.8,1.9966742992401123,-23.504987716674805,0,1
mZ944,3,464.0,-2.5067901611328125,-22.31024932861328,0,1
mZ944,3,464.2,2.0107381343841553,-20.489126205444336,0,1
mZ944,3,464.4,-2.7272307872772217,-19.357547760009766,0,1
mZ944,3,464.6,-3.5968945026397705,-14.39477252960205,0,1
mZ944,3,464.8,3.7130744457244873,-21.64134979248047,0,1
mZ944,3,465.0,1.264502763748169,-16.84309196472168,0,1
mZ944,3,465.2,-1.7548294067382812,-16.129215240478516,0,1
mZ944,3,465.4,-2.6401729583740234,-19.82608985900879,0,1
mZ944,3,465.6,-3.145589828491211,-18.10796356201172,0,1
mZ944,3,465.8,-8.782824516296387,-19.535024642944336,0,1
mZ944,3,466.0,-5.801139831542969,-9.568852424621582,0,1
mZ944,3,466.2,-1.863900899887085,-13.826122283935547,0,1
mZ944,3,466.4,-1.627506971359253,-15.984830856323242,0,1
mZ944,3,466.6,-6.384414196014404,-12.279107093811035,0,1
mZ944,3,466.8,-2.962322473526001,-11.614307403564453,0,1
mZ944,3,467.0,-4.079483985900879,-15.239509582519531,0,1
mZ944,3,467.2,-5.237760543823242,-15.038497924804688,0,1
mZ944,3,467.4,4.703909397125244,-9.774681091308594,0,1
mZ944,3,467.6,0.8420959115028381,-11.364124298095703,0,1
mZ944,3,467.8,0.35718870162963867,-15.432483673095703,0,1
mZ944,3,468.0,-12.772339820861816,-15.049760818481445,0,1
mZ944,3,468.2,-6.292770862579346,-23.99687385559082,0,1
mZ944,3,468.4,0.12064716219902039,-14.962539672851562,0,1
mZ944,3,468.6,-9.358448028564453,-10.526970863342285,0,1
mZ944,3,468.8,-3.805375337600708,-11.897027969360352,0,1
mZ944,3,469.0,-5.039964199066162,-6.120442867279053,0,1
mZ944,3,469.2,-1.725443959236145,-13.42874526977539,0,1
mZ944,3,469.4,-0.8641753792762756,-9.200282096862793,0,1
mZ944,3,469.6,1.6370753049850464,-16.71831512451172,0,1
mZ944,3,469.8,-7.068647384643555,-16.459190368652344,0,1
mZ944,3,470.0,0.7412376403808594,-19.418743133544922,0,1
mZ944,3,470.2,2.206345319747925,-16.468368530273438,0,1
mZ944,3,470.4,-4.94342041015625,-7.199819564819336,0,1
mZ944,3,470.6,-0.5070242881774902,-10.030404090881348,0,1
mZ944,3,470.8,-1.0559533834457397,-6.50093412399292,0,1
mZ944,3,471.0,-5.207329750061035,-9.01113224029541,0,1
mZ944,3,471.2,2.6860904693603516,-13.98533821105957,0,1
mZ944,3,471.4,-1.5535012483596802,-14.580739974975586,0,1
mZ944,3,471.6,0.9748784899711609,-21.079975128173828,0,1
mZ944,3,471.8,3.6954197883605957,-24.225372314453125,0,1
mZ944,3,472.0,-5.423943996429443,-22.097549438476562,0,1
mZ944,3,472.2,0.24604174494743347,-13.042465209960938,0,1
mZ944,3,472.4,-6.791374206542969,-24.552989959716797,0,1
mZ944,3,472.6,-2.474440813064575,-10.429728507995605,0,1
mZ944,3,472.8,-0.5155230164527893,-22.70265769958496,0,1
mZ944,3,473.0,0.39824724197387695,-19.526235580444336,0,1
mZ944,3,473.2,1.2357394695281982,-12.970807075500488,0,1
mZ944,3,473.4,0.20601564645767212,-20.746686935424805,0,1
mZ944,3,473.6,-0.7005771994590759,-20.541912078857422,0,1
mZ944,3,473.8,0.010863901115953922,-22.74190902709961,0,1
mZ944,3,474.0,-1.7113440036773682,-18.99213409423828,0,1
mZ944,3,474.2,0.9037214517593384,-24.92998695373535,0,1
mZ944,3,474.4,-5.786004543304443,-17.603607177734375,0,1
mZ944,3,474.6,0.7283685803413391,-15.718240737915039,0,1
mZ944,3,474.8,-4.4108734130859375,-23.558536529541016,0,1
mZ944,3,475.0,-3.6721222400665283,-18.32408332824707,0,1
mZ944,3,475.2,-1.7929989099502563,-21.592456817626953,0,1
mZ944,3,475.4,-5.9356689453125,-14.554708480834961,0,1
mZ944,3,475.6,-7.178295135498047,-15.67296028137207,0,1
mZ944,3,475.8,-0.06233165040612221,-19.42612648010254,0,1
mZ944,3,476.0,1.6533164978027344,-24.657960891723633,0,1
mZ944,3,476.2,0.17453251779079437,-21.59920883178711,0,1
mZ944,3,476.4,-2.245264768600464,-21.019023895263672,0,1
mZ944,3,476.6,1.214811086654663,-23.549400329589844,0,1
mZ944,3,476.8,-7.300599098205566,-28.846067428588867,0,1
mZ944,3,477.0,-5.3558502197265625,-25.069482803344727,0,1
mZ944,3,477.2,0.3801901042461395,-11.425115585327148,0,1
mZ944,3,477.4,-3.413675546646118,-19.552846908569336,0,1
mZ944,3,477.6,-7.681640625,-17.396421432495117,0,1
mZ944,3,477.8,-9.143235206604004,-20.19068145751953,0,1
mZ944,3,478.0,-5.31870174407959,-13.775569915771484,0,1
mZ944,3,478.2,-7.976397514343262,-15.59625244140625,0,1
mZ944,3,478.4,-4.698750019073486,-14.025163650512695,0,1
mZ944,3,478.6,-9.89686107635498,-14.845698356628418,0,1
mZ944,3,478.8,-3.760174036026001,-22.234853744506836,0,1
mZ944,3,479.0,-7.262296676635742,-17.82122802734375,0,1
mZ944,3,479.2,-4.621638774871826,-19.088285446166992,0,1
mZ944,3,479.4,-7.915303707122803,-12.942517280578613,0,1
mZ944,3,479.6,-2.423726797103882,-26.64232635498047,0,1
mZ944,3,479.8,-2.2302958965301514,-19.44729995727539,0,1
mZ944,3,480.0,-7.507044315338135,-16.651866912841797,0,1
mZ944,3,480.2,-5.037627220153809,-15.848363876342773,0,1
mZ944,3,480.4,-6.004254341125488,-27.16103172302246,0,1
mZ944,3,480.6,0.19164851307868958,-19.92486572265625,0,1
mZ944,3,480.8,-3.5521514415740967,-17.14565086364746,0,1
mZ944,3,481.0,-1.7316858768463135,-16.476606369018555,0,1
mZ944,3,481.2,1.9450170993804932,-11.732266426086426,0,1
mZ944,3,481.4,-1.3469816446304321,-15.804640769958496,0,1
mZ944,3,481.6,-0.09406086057424545,-16.44264030456543,0,1
mZ944,3,481.8,-5.7791595458984375,-26.471511840820312,0,1
mZ944,3,482.0,-6.132702350616455,-11.626083374023438,0,1
mZ944,3,482.2,-9.019231796264648,-17.13486671447754,0,1
mZ944,3,482.4,-0.7596145272254944,-14.772314071655273,0,1
mZ944,3,482.6,-3.9855124950408936,-17.218324661254883,0,1
mZ944,3,482.8,-5.105034351348877,-20.675621032714844,0,1
mZ944,3,483.0,-7.739841461181641,-21.401935577392578,0,1
mZ944,3,483.2,-6.360928058624268,-17.256057739257812,0,1
mZ944,3,483.4,-2.750281572341919,-17.87888526916504,0,1
mZ944,3,483.6,-7.59112548828125,-19.409582138061523,0,1
mZ944,3,483.8,-4.948827743530273,-7.017227649688721,0,1
mZ944,3,484.0,-0.24664278328418732,-14.662107467651367,0,1
mZ944,3,484.2,-4.443631172180176,-18.646350860595703,0,1
mZ944,3,484.4,0.4670017957687378,-14.471966743469238,0,1
mZ944,3,484.6,3.570723295211792,-13.250779151916504,0,1
mZ944,3,484.8,0.44481873512268066,-13.307836532592773,0,1
mZ944,3,485.0,-6.0866475105285645,-17.508760452270508,0,1
mZ944,3,485.2,-1.1969965696334839,-17.509618759155273,0,1
mZ944,3,485.4,-0.8360495567321777,-20.659286499023438,0,1
mZ944,3,485.6,-2.4872450828552246,-16.586896896362305,0,1
mZ944,3,485.8,-2.1718785762786865,-20.028383255004883,0,1
mZ944,3,486.0,0.5037271976470947,-7.969693660736084,0,1
mZ944,3,486.2,-2.0057613849639893,-14.59272575378418,0,1
mZ944,3,486.4,-3.4224207401275635,-18.70050048828125,0,1
mZ944,3,486.6,-7.080888748168945,-21.54438018798828,0,1
mZ944,3,486.8,-5.931308269500732,-14.428202629089355,0,1
mZ944,3,487.0,-5.0746283531188965,-19.79342269897461,0,1
mZ944,3,487.2,-2.5970616340637207,-13.530231475830078,0,1
mZ944,3,487.4,-4.229539394378662,-15.185153007507324,0,1
mZ944,3,487.6,-3.201176881790161,-21.439029693603516,0,1
mZ944,3,487.8,-3.0137016773223877,-28.720115661621094,0,1
mZ944,3,488.0,2.164510488510132,-23.696735382080078,0,1
mZ944,3,488.2,-5.868217468261719,-17.328502655029297,0,1
mZ944,3,488.4,-8.688454627990723,-25.56415367126465,0,1
mZ944,3,488.6,0.5390388369560242,-23.830726623535156,0,1
mZ944,3,488.8,-9.218069076538086,-14.675405502319336,0,1
mZ944,3,489.0,-8.54275131225586,-16.04585838317871,0,1
mZ944,3,489.2,-3.205848455429077,-16.20157241821289,0,1
mZ944,3,489.4,-1.939650297164917,-18.405715942382812,0,1
mZ944,3,489.6,-3.113943099975586,-25.14410972595215,0,1
mZ944,3,489.8,2.9092347621917725,-19.243696212768555,0,1
mZ944,3,490.0,-1.4639956951141357,-26.291025161743164,0,1
mZ944,3,490.2,-4.644276142120361,-26.054269790649414,0,1
mZ944,3,490.4,-3.722175359725952,-27.600250244140625,0,1
mZ944,3,490.6,-4.119343280792236,-27.19461441040039,0,1
mZ944,3,490.8,-3.869727373123169,-27.436769485473633,0,1
mZ944,3,491.0,-1.2490390539169312,-24.700977325439453,0,1
mZ944,3,491.2,-2.875746965408325,-24.46405601501465,0,1
mZ944,3,491.4,-4.748560428619385,-26.74736785888672,0,1
mZ944,3,491.6,-5.336565017700195,-20.84871482849121,0,1
mZ944,3,491.8,-2.583726406097412,-19.35881805419922,0,1
mZ944,3,492.0,-2.054410219192505,-23.83049774169922,0,1
mZ944,3,492.2,-2.816676378250122,-18.428728103637695,0,1
mZ944,3,492.4,-5.397488117218018,-30.860729217529297,0,1
mZ944,3,492.6,-5.000716686248779,-25.181034088134766,0,1
mZ944,3,492.8,-5.379945278167725,-28.97772216796875,0,1
mZ944,3,493.0,-4.123460292816162,-25.824142456054688,0,1
mZ944,3,493.2,-6.845758438110352,-24.068572998046875,0,1
mZ944,3,493.4,-3.3491992950439453,-26.033031463623047,0,1
mZ944,3,493.6,-6.561716556549072,-26.996944427490234,0,1
mZ944,3,493.8,-3.5255684852600098,-21.87816619873047,0,1
mZ944,3,494.0,-6.041513919830322,-22.775556564331055,0,1
mZ944,3,494.2,-10.2559175491333,-25.259719848632812,0,1
mZ944,3,494.4,-1.9186201095581055,-24.0032958984375,0,1
mZ944,3,494.6,-0.9435966610908508,-17.92516326904297,0,1
mZ944,3,494.8,-2.6653201580047607,-18.531705856323242,0,1
mZ944,3,495.0,-4.15023946762085,-21.401803970336914,0,1
mZ944,3,495.2,-0.8354722261428833,-17.979825973510742,0,1
mZ944,3,495.4,4.629784107208252,-20.19722557067871,0,1
mZ944,3,495.6,-3.2614505290985107,-20.377910614013672,0,1
mZ944,3,495.8,-4.943946838378906,-26.40334701538086,0,1
mZ944,3,496.0,-3.3871889114379883,-15.044465065002441,0,1
mZ944,3,496.2,-6.470004558563232,-15.185433387756348,0,1
mZ944,3,496.4,-5.1239213943481445,-16.243972778320312,0,1
mZ944,3,496.6,-3.1731343269348145,-18.630769729614258,0,1
mZ944,3,496.8,1.0028361082077026,-10.049067497253418,0,1
mZ944,3,497.0,-3.192281484603882,-19.88167381286621,0,1
mZ944,3,497.2,-0.08353391289710999,-21.16510772705078,0,1
mZ944,3,497.4,1.293275237083435,-16.874940872192383,0,1
mZ944,3,497.6,4.128493309020996,-16.24346923828125,0,1
mZ944,3,497.8,0.8644726872444153,-18.374469757080078,0,1
mZ944,3,498.0,-3.183985471725464,-17.866540908813477,0,1
mZ944,3,498.2,-5.694220542907715,-20.78557014465332,0,1
mZ944,3,498.4,-6.3264899253845215,-21.746017456054688,0,1
mZ944,3,498.6,-5.339366912841797,-24.567811965942383,0,1
mZ944,3,498.8,-3.025500774383545,-17.431747436523438,0,1
mZ944,3,499.0,-2.3337748050689697,-19.75319480895996,0,1
mZ944,3,499.2,-3.427035093307495,-20.507741928100586,0,1
mZ944,3,499.4,-5.938351154327393,-25.73177146911621,0,1
mZ944,3,499.6,3.3055717945098877,-24.03437614440918,0,1
mZ944,3,499.8,2.077707290649414,-18.36116600036621,0,1
