system,run,frame,time_ns,chi1_deg,chi2_deg,chi3_deg,chi4_deg,chi5_deg,chi6_deg,chi7_deg
Z944,1,0,0.0,177.521,-146.261,117.567,-174.295,-126.259,-172.713,-179.609
Z944,1,1,0.5,166.536,-117.13,95.925,-133.794,-160.658,-167.793,178.738
Z944,1,2,1.0,171.625,-138.378,117.322,-153.041,-155.079,-167.332,165.785
Z944,1,3,1.5,173.774,-107.469,135.129,-161.844,-172.124,-172.717,-179.902
Z944,1,4,2.0,167.049,-135.741,74.947,-148.748,-143.94,-170.487,-176.32
Z944,1,5,2.5,160.44,-150.637,140.446,-170.631,-131.501,-168.156,177.744
Z944,1,6,3.0,166.173,-101.26,97.244,-157.38,-157.76,-158.538,178.843
Z944,1,7,3.5,166.002,-155.309,150.517,-176.892,-136.056,-178.218,-178.344
Z944,1,8,4.0,175.287,-110.824,92.595,-152.911,-137.164,-177.028,164.357
Z944,1,9,4.5,173.19,-147.537,99.755,-158.436,-131.815,-168.605,169.795
Z944,1,10,5.0,164.688,-111.395,98.468,-153.941,-141.896,-179.898,171.056
Z944,1,11,5.5,179.783,-114.599,91.513,-160.669,-143.364,-171.412,178.863
Z944,1,12,6.0,169.12,-96.955,112.36,-160.633,-160.352,-172.037,175.395
Z944,1,13,6.5,163.442,-110.737,115.344,-157.143,-171.93,175.208,-173.247
Z944,1,14,7.0,-174.122,-121.328,134.652,-165.271,-153.574,175.15,-161.865
Z944,1,15,7.5,-179.282,-99.636,108.424,-85.613,144.331,176.022,-168.471
Z944,1,16,8.0,176.231,-54.271,114.406,-169.955,-141.175,-171.252,155.544
Z944,1,17,8.5,164.103,-151.863,119.882,-171.153,-133.025,-159.006,175.189
Z944,1,18,9.0,166.38,-138.546,124.463,-164.632,-153.272,173.94,-160.988
Z944,1,19,9.5,158.778,-128.886,98.182,-173.386,-140.874,-164.036,-173.338
Z944,1,20,10.0,168.748,-136.265,112.988,-155.723,-133.445,-178.892,-169.857
Z944,1,21,10.5,-168.38,-133.699,102.849,-166.578,-132.934,-159.451,179.842
Z944,1,22,11.0,173.805,-94.603,105.148,170.975,-162.432,-175.249,-163.261
Z944,1,23,11.5,179.632,-60.95,110.918,-162.344,-170.688,-166.03,-169.462
Z944,1,24,12.0,170.557,-134.585,82.873,-166.146,-120.682,-169.751,-172.177
Z944,1,25,12.5,-174.403,-126.319,101.367,-166.754,-117.576,178.968,170.196
Z944,1,26,13.0,175.266,-60.931,110.533,-166.457,-149.649,172.058,166.795
Z944,1,27,13.5,160.723,-97.932,103.496,-135.947,-158.117,178.839,177.72
Z944,1,28,14.0,168.852,-89.485,97.662,-163.81,-134.118,-174.065,-174.809
Z944,1,29,14.5,166.148,-82.303,95.635,-168.253,-141.914,-159.362,-172.143
Z944,1,30,15.0,162.758,-93.564,92.396,-150.095,-163.439,-178.843,-171.164
Z944,1,31,15.5,174.901,-114.159,94.165,-172.407,-170.942,-160.271,-164.697
Z944,1,32,16.0,172.51,-101.011,119.423,-168.175,-151.857,-178.975,176.679
Z944,1,33,16.5,178.145,-153.84,128.902,-179.955,-148.13,-173.851,-174.597
Z944,1,34,17.0,165.903,-145.127,109.574,-167.504,-158.357,-176.614,-169.195
Z944,1,35,17.5,165.847,-161.221,119.545,178.914,-99.334,177.135,179.162
Z944,1,36,18.0,170.992,-135.99,119.665,-168.157,-139.337,179.361,172.388
Z944,1,37,18.5,176.86,-130.545,94.903,-161.688,-133.051,-173.482,-173.065
Z944,1,38,19.0,-176.085,-124.308,115.38,-160.456,-164.149,-179.204,-160.465
Z944,1,39,19.5,171.031,-143.562,115.518,-157.267,-138.775,-167.119,163.933
Z944,1,40,20.0,174.787,-116.251,132.451,-175.81,-162.106,-170.962,175.494
Z944,1,41,20.5,172.301,-165.026,111.642,-178.661,-148.734,-171.705,-157.808
Z944,1,42,21.0,169.532,-146.377,113.626,-149.749,-120.362,177.029,164.934
Z944,1,43,21.5,172.067,-126.845,120.238,-157.96,-135.626,-173.755,177.247
Z944,1,44,22.0,168.251,-86.851,104.688,-160.894,-165.09,-171.002,-165.217
Z944,1,45,22.5,-176.13,-162.19,105.407,177.136,-117.617,-172.945,-169.429
Z944,1,46,23.0,150.037,-163.982,130.265,-169.206,-135.642,-178.639,174.766
Z944,1,47,23.5,-171.276,174.285,135.143,-172.881,-106.713,-167.778,178.147
Z944,1,48,24.0,171.742,-161.4,113.048,179.028,-111.751,-159.579,177.258
Z944,1,49,24.5,166.049,-162.909,128.995,-167.297,-107.786,-172.639,175.762
Z944,1,50,25.0,-171.822,170.833,142.045,179.7,-115.078,-163.369,-151.776
Z944,1,51,25.5,-179.341,-141.52,99.614,-164.934,-111.301,-173.229,170.871
Z944,1,52,26.0,-162.039,164.949,144.297,-178.704,-86.561,-177.636,179.993
Z944,1,53,26.5,172.193,-177.203,110.9,-151.384,-123.102,177.737,-147.871
Z944,1,54,27.0,178.849,-174.053,128.977,-169.825,-88.443,174.545,176.71
Z944,1,55,27.5,170.731,-156.747,123.412,-159.684,-112.6,-173.396,-175.978
Z944,1,56,28.0,172.132,-161.272,128.786,-161.425,-138.572,-175.681,-145.223
Z944,1,57,28.5,-168.25,-179.644,127.879,-174.271,-101.084,-170.392,167.221
Z944,1,58,29.0,-177.621,-175.498,126.544,-175.993,-89.026,178.928,-176.281
Z944,1,59,29.5,179.411,-165.237,133.025,179.58,-125.056,-152.548,-171.991
Z944,1,60,30.0,-146.288,-168.948,86.704,-169.128,-107.662,-162.242,-155.448
Z944,1,61,30.5,-175.628,-175.683,136.937,-172.673,-120.496,-164.77,-154.761
Z944,1,62,31.0,-168.144,-162.325,141.787,-175.502,-116.163,-165.363,164.647
Z944,1,63,31.5,-167.458,-169.627,109.615,-158.044,-134.121,177.127,-170.645
Z944,1,64,32.0,178.789,-166.333,146.991,-177.184,-115.406,-163.652,163.729
Z944,1,65,32.5,179.479,-156.331,129.748,-179.593,-106.947,-162.566,175.169
Z944,1,66,33.0,-168.291,-162.981,122.743,-168.024,-97.758,-177.109,-179.949
Z944,1,67,33.5,158.987,-160.042,126.129,-167.414,-126.667,-156.364,-175.237
Z944,1,68,34.0,-162.605,-156.639,111.591,179.035,-108.397,-172.901,-179.868
Z944,1,69,34.5,-171.873,-177.784,124.121,-162.777,-103.38,-169.189,-163.602
Z944,1,70,35.0,-162.835,-177.255,121.105,-168.219,-112.445,-163.045,-178.234
Z944,1,71,35.5,176.715,-164.869,120.334,-177.285,-106.338,-157.188,-164.607
Z944,1,72,36.0,-166.031,-171.011,110.129,-161.086,-123.407,-175.059,-167.328
Z944,1,73,36.5,-169.021,-160.971,111.61,-166.976,-111.379,-176.796,-167.203
Z944,1,74,37.0,-175.306,-172.826,117.667,-168.374,-115.774,-172.932,171.634
Z944,1,75,37.5,176.603,179.428,142.283,-172.036,-114.224,-172.152,-177.185
Z944,1,76,38.0,-175.815,-169.658,108.545,-164.119,-112.915,-171.393,174.898
Z944,1,77,38.5,-175.188,-177.556,121.25,-173.934,-115.0,-165.525,-174.213
Z944,1,78,39.0,156.399,173.988,128.022,-161.33,-101.712,-172.063,178.635
Z944,1,79,39.5,-170.087,-148.959,100.512,-174.581,-137.157,-169.286,-164.688
Z944,1,80,40.0,170.167,157.828,157.798,-169.796,-107.164,-176.52,173.437
Z944,1,81,40.5,171.329,-117.726,98.443,-143.518,-100.501,-166.451,159.153
Z944,1,82,41.0,-171.8,-165.529,133.006,-164.89,-132.181,-178.883,-164.325
Z944,1,83,41.5,-162.553,-93.797,129.875,-179.018,-136.609,-163.267,-159.703
Z944,1,84,42.0,164.595,158.699,142.019,-167.272,-83.458,170.739,-164.319
Z944,1,85,42.5,171.06,-141.196,122.944,-167.091,-134.492,-174.208,174.525
Z944,1,86,43.0,170.363,-168.401,135.695,-174.325,-106.712,-169.972,175.56
Z944,1,87,43.5,-179.76,-174.405,142.533,-162.891,-108.729,-168.472,-167.246
Z944,1,88,44.0,169.103,165.191,152.777,-173.979,-134.412,-171.59,-148.359
Z944,1,89,44.5,-172.624,-149.6,86.606,-149.498,-104.549,-177.292,162.374
Z944,1,90,45.0,172.418,174.327,141.562,-162.801,-97.726,174.192,-175.488
Z944,1,91,45.5,171.189,-155.478,119.63,-164.943,-106.386,-171.191,-165.652
Z944,1,92,46.0,155.18,-97.942,114.872,-156.397,-119.984,-166.601,170.272
Z944,1,93,46.5,166.52,-134.985,120.339,-171.287,-128.341,-164.55,-169.074
Z944,1,94,47.0,170.527,-156.619,143.148,176.522,-120.033,-170.678,162.897
Z944,1,95,47.5,179.381,-162.894,133.51,178.501,-116.934,-178.886,179.076
Z944,1,96,48.0,-150.325,-140.798,121.459,-159.164,-143.515,-174.65,-166.849
Z944,1,97,48.5,152.77,-154.443,143.426,-166.357,-117.664,-170.464,-169.264
Z944,1,98,49.0,-171.142,-122.403,127.952,-149.883,-158.854,-179.247,-174.971
Z944,1,99,49.5,-168.967,-168.226,125.697,-179.008,-151.268,-166.277,-162.47
Z944,1,100,50.0,-162.419,9.618,134.568,177.725,-162.171,-174.635,168.251
Z944,1,101,50.5,162.557,-113.951,100.234,-165.488,-161.74,-161.9,-178.377
Z944,1,102,51.0,-157.747,-65.009,135.714,-161.168,-110.782,173.511,-175.085
Z944,1,103,51.5,162.287,-123.195,135.137,-171.54,-111.659,-172.733,160.764
Z944,1,104,52.0,169.524,-20.72,121.659,-164.401,-164.507,-174.835,-179.752
Z944,1,105,52.5,178.326,-74.244,117.819,-157.818,-142.784,175.651,-168.494
Z944,1,106,53.0,169.676,-101.884,126.017,-168.269,-160.724,173.461,169.529
Z944,1,107,53.5,171.664,-108.21,122.077,-176.072,-159.151,-170.794,-163.979
Z944,1,108,54.0,170.168,-106.31,102.407,-149.833,-154.816,-168.141,-171.095
Z944,1,109,54.5,179.799,-103.498,121.909,-165.854,-166.745,179.801,179.166
Z944,1,110,55.0,174.257,-130.886,109.257,-167.603,-152.407,-175.978,-174.25
Z944,1,111,55.5,172.648,-108.626,111.491,-162.218,-156.215,-163.605,-177.227
Z944,1,112,56.0,170.06,-138.663,114.274,-159.127,-164.917,-164.372,-160.367
Z944,1,113,56.5,174.115,-123.96,132.91,177.88,-164.791,-168.462,174.905
Z944,1,114,57.0,-177.054,-91.777,101.419,-149.254,-168.565,-170.812,-170.123
Z944,1,115,57.5,-179.136,-114.564,108.606,-167.063,-158.063,-166.714,176.448
Z944,1,116,58.0,173.162,-165.527,108.296,-162.546,-146.225,-172.543,-170.437
Z944,1,117,58.5,173.871,-170.493,131.52,-167.187,-110.84,-174.433,178.692
Z944,1,118,59.0,-179.959,-132.434,110.096,-174.22,-143.147,175.506,-172.535
Z944,1,119,59.5,179.955,-165.499,68.272,-118.529,-125.719,172.382,-172.441
Z944,1,120,60.0,168.509,-157.605,137.451,-178.418,-127.763,176.665,-178.754
Z944,1,121,60.5,163.185,-166.75,142.069,-168.266,-128.701,-177.056,170.374
Z944,1,122,61.0,168.725,-120.152,117.428,-165.655,-128.656,-176.827,179.809
Z944,1,123,61.5,171.229,-165.664,106.855,-172.595,-121.431,-173.961,-177.881
Z944,1,124,62.0,164.733,-119.777,136.002,-174.759,-148.76,179.545,178.811
Z944,1,125,62.5,173.472,-165.312,98.71,-177.707,-112.646,-176.656,-166.197
Z944,1,126,63.0,-169.95,-140.099,108.165,-179.565,-129.686,-173.326,157.696
Z944,1,127,63.5,170.123,-137.629,123.033,-164.334,-137.178,-169.834,-177.373
Z944,1,128,64.0,-176.758,-146.053,113.01,-176.249,-107.634,-166.908,172.064
Z944,1,129,64.5,172.359,-172.959,131.024,-175.411,-101.889,-174.812,164.235
Z944,1,130,65.0,177.757,-165.292,111.542,-169.805,-96.849,-177.528,175.041
Z944,1,131,65.5,-169.457,-156.435,121.082,-166.479,-87.785,179.032,159.859
Z944,1,132,66.0,-178.211,-149.066,103.024,-153.97,-113.833,-161.371,173.147
Z944,1,133,66.5,-171.635,-169.64,106.191,-172.857,-118.034,-171.04,165.502
Z944,1,134,67.0,-166.644,-155.343,111.433,-166.607,-119.419,-173.257,171.583
Z944,1,135,67.5,-173.912,177.376,124.422,-173.735,-113.726,-165.219,170.503
Z944,1,136,68.0,-175.051,149.584,107.875,-160.638,-85.998,171.173,-173.036
Z944,1,137,68.5,165.196,165.655,88.707,-131.407,-74.273,167.598,-179.516
Z944,1,138,69.0,172.528,-161.578,118.9,-170.352,-117.731,-173.377,-174.278
Z944,1,139,69.5,-174.968,-176.478,135.707,-177.594,-109.85,-169.853,-171.669
Z944,1,140,70.0,-167.361,162.477,104.287,-158.752,-118.138,-174.531,-170.977
Z944,1,141,70.5,171.037,-121.126,128.58,-178.623,-127.76,-163.518,-173.72
Z944,1,142,71.0,-177.501,-71.79,133.097,-166.375,-156.754,-175.882,-175.034
Z944,1,143,71.5,174.601,-127.413,109.22,-139.584,-159.8,-177.38,-172.816
Z944,1,144,72.0,170.502,-116.129,93.993,-125.791,-165.631,173.294,-169.351
Z944,1,145,72.5,178.27,-121.972,84.188,-178.649,-93.167,-172.61,177.996
Z944,1,146,73.0,178.634,-86.202,107.981,-165.184,-128.259,-168.804,-159.198
Z944,1,147,73.5,155.272,-99.075,94.97,-146.645,-166.154,-171.629,-179.836
Z944,1,148,74.0,154.357,-152.057,123.029,-165.78,-127.61,-174.463,159.298
Z944,1,149,74.5,-179.096,-161.693,122.25,-170.16,-124.054,-168.093,-176.961
Z944,1,150,75.0,174.09,-173.018,123.335,-167.657,-118.224,-166.847,-178.299
Z944,1,151,75.5,-165.948,-154.337,82.055,-179.086,-153.633,-164.554,-157.806
Z944,1,152,76.0,-176.196,-167.075,114.037,-156.38,-125.509,-172.758,-179.618
Z944,1,153,76.5,168.406,-139.189,108.091,-159.565,-117.25,-166.628,179.391
Z944,1,154,77.0,-171.25,-96.879,97.188,-145.139,-134.36,-175.193,-164.002
Z944,1,155,77.5,166.048,173.495,134.969,-174.597,-104.765,-166.882,-170.189
Z944,1,156,78.0,173.391,-175.142,123.524,-163.848,-116.523,-173.936,177.686
Z944,1,157,78.5,-166.435,-147.381,113.148,-178.787,-131.73,-168.23,-156.633
Z944,1,158,79.0,175.671,174.88,133.081,165.336,-97.611,-177.96,169.697
Z944,1,159,79.5,164.668,-145.471,110.762,-151.428,-144.145,-176.509,-151.601
Z944,1,160,80.0,146.362,-163.639,141.673,-173.56,-117.892,177.722,168.797
Z944,1,161,80.5,177.109,-156.3,96.562,-151.508,-139.728,-171.694,-156.718
Z944,1,162,81.0,177.344,176.584,111.508,172.781,-91.621,-170.436,169.531
Z944,1,163,81.5,162.18,-132.944,104.966,-157.851,-150.044,-179.462,174.454
Z944,1,164,82.0,-169.487,-90.047,99.515,-140.207,171.638,-168.486,-170.891
Z944,1,165,82.5,172.619,-173.287,128.26,-167.792,-122.653,-166.773,171.359
Z944,1,166,83.0,178.899,-122.669,128.603,-166.944,-148.085,-175.108,176.045
Z944,1,167,83.5,153.854,163.658,168.119,179.045,-110.829,179.523,-179.854
Z944,1,168,84.0,179.326,-161.129,122.434,-176.609,-124.269,-175.861,-174.398
Z944,1,169,84.5,-170.92,-89.939,92.757,-162.782,-159.823,-165.861,172.135
Z944,1,170,85.0,173.412,-156.291,138.224,-158.474,-134.506,179.786,162.731
Z944,1,171,85.5,173.362,-139.501,117.058,-158.068,-149.924,175.039,-177.62
Z944,1,172,86.0,174.661,-119.781,116.076,-149.177,-143.364,179.986,170.598
Z944,1,173,86.5,170.046,-116.007,95.848,-168.925,-157.868,-166.098,-177.116
Z944,1,174,87.0,-171.535,176.679,107.443,-173.717,-107.803,-173.147,174.396
Z944,1,175,87.5,-168.891,-128.321,129.312,172.201,-147.337,-167.115,-176.686
Z944,1,176,88.0,-162.339,-174.298,90.405,-159.075,-136.156,-172.822,-173.465
Z944,1,177,88.5,-178.034,-152.125,121.583,-170.788,-150.55,-167.342,-171.299
Z944,1,178,89.0,176.357,-105.607,105.755,-158.051,-139.396,-167.141,177.783
Z944,1,179,89.5,172.489,-129.576,101.538,-157.64,-123.669,174.468,-171.624
Z944,1,180,90.0,169.061,-92.388,93.132,-158.112,-109.097,-168.675,154.804
Z944,1,181,90.5,-166.573,-132.411,99.233,-167.343,-102.583,-168.416,178.829
Z944,1,182,91.0,179.081,168.512,122.071,-170.603,-115.213,-178.879,-165.496
Z944,1,183,91.5,175.912,166.13,144.999,-172.852,-94.563,-179.319,-178.373
Z944,1,184,92.0,173.617,177.314,129.334,-168.78,-113.564,168.796,174.055
Z944,1,185,92.5,171.441,172.322,142.221,-172.364,-123.076,-170.551,-167.262
Z944,1,186,93.0,-170.353,-143.348,105.066,-158.605,-165.239,-175.524,-154.07
Z944,1,187,93.5,178.453,-108.63,109.754,-155.157,-109.605,-167.04,-172.229
Z944,1,188,94.0,-179.932,-102.377,106.546,-164.718,-167.053,-172.876,-162.626
Z944,1,189,94.5,164.487,-140.747,119.928,-168.62,-133.961,-167.302,165.628
Z944,1,190,95.0,155.964,-170.413,118.421,-155.132,-141.415,-171.849,-156.953
Z944,1,191,95.5,171.081,-154.347,119.304,-171.765,-92.729,-173.443,-172.834
Z944,1,192,96.0,178.894,-169.575,107.772,-159.858,-86.426,176.235,-172.725
Z944,1,193,96.5,-177.279,-169.299,139.178,-169.172,-103.098,-172.833,159.748
Z944,1,194,97.0,177.167,-132.088,103.52,-162.394,-144.949,-176.025,-171.456
Z944,1,195,97.5,162.383,-162.521,107.477,-166.107,-108.968,178.954,149.637
Z944,1,196,98.0,162.448,173.357,134.769,-160.294,-86.107,-172.827,173.401
Z944,1,197,98.5,175.468,-133.331,124.354,-164.965,-147.884,-169.952,-164.406
Z944,1,198,99.0,171.841,-110.516,135.593,-157.867,-125.275,-171.984,172.821
Z944,1,199,99.5,160.88,-161.547,162.528,176.114,-137.022,-169.391,175.789
Z944,1,200,100.0,162.283,-99.166,122.932,-150.335,-151.421,178.406,172.217
Z944,1,201,100.5,168.119,-91.042,110.139,-179.6,-167.25,-171.24,-173.598
Z944,1,202,101.0,161.869,-80.257,93.295,-156.746,-154.248,-171.657,178.056
Z944,1,203,101.5,-178.976,-99.388,112.086,-170.514,-166.406,-156.937,-166.3
Z944,1,204,102.0,-174.631,-105.456,109.214,-129.42,-178.989,169.358,-173.669
Z944,1,205,102.5,154.563,-74.025,120.76,-145.537,-178.629,-176.794,-168.628
Z944,1,206,103.0,163.976,-161.499,103.366,-155.346,-115.55,-174.875,-164.463
Z944,1,207,103.5,173.17,-67.068,156.505,177.64,-106.49,-179.151,165.22
Z944,1,208,104.0,171.695,-132.8,118.152,-159.0,-156.431,177.228,-158.309
Z944,1,209,104.5,171.87,-114.112,109.004,-156.221,-164.954,170.192,-178.252
Z944,1,210,105.0,-178.68,-145.928,122.902,-153.484,-144.35,-178.927,-157.079
Z944,1,211,105.5,166.814,-95.584,97.106,-168.102,-145.852,-169.681,-156.162
Z944,1,212,106.0,-161.853,-107.33,103.728,-144.674,-154.757,172.42,178.38
Z944,1,213,106.5,161.597,-106.086,110.962,-161.181,-154.883,-176.154,-175.535
Z944,1,214,107.0,176.949,-135.152,101.806,-170.24,-117.278,-167.615,167.859
Z944,1,215,107.5,177.754,-134.655,129.708,-163.746,-132.361,-167.564,168.402
Z944,1,216,108.0,168.298,-174.822,133.226,-170.957,-135.859,-166.69,174.989
Z944,1,217,108.5,163.123,-153.605,142.345,179.521,-119.196,-168.043,-174.953
Z944,1,218,109.0,-167.367,-148.181,90.577,-163.661,-120.245,-165.147,-179.528
Z944,1,219,109.5,163.322,-89.745,98.291,-153.036,-137.017,-179.821,162.107
Z944,1,220,110.0,162.736,-116.465,114.509,-161.813,-160.538,-173.919,179.582
Z944,1,221,110.5,165.911,-40.007,130.243,-172.751,-171.999,-171.262,177.158
Z944,1,222,111.0,175.65,-90.378,110.393,-161.102,-160.837,-177.554,-151.721
Z944,1,223,111.5,164.194,-100.781,119.073,-155.519,-157.401,-173.584,-169.958
Z944,1,224,112.0,-164.502,4.219,92.282,-67.933,120.292,162.496,176.039
Z944,1,225,112.5,173.911,-46.069,117.566,-65.904,104.867,164.712,179.177
Z944,1,226,113.0,-179.005,-22.349,107.009,-70.071,98.138,166.922,170.961
Z944,1,227,113.5,173.511,-37.763,147.567,-105.947,81.862,175.687,175.69
Z944,1,228,114.0,-173.919,-26.885,98.455,-72.64,109.846,166.442,158.597
Z944,1,229,114.5,179.547,-46.877,121.855,-79.564,134.795,151.87,175.225
Z944,1,230,115.0,174.622,-40.79,117.692,-77.688,93.282,178.811,-179.82
Z944,1,231,115.5,174.124,-17.219,92.664,-57.325,106.521,177.583,162.832
Z944,1,232,116.0,-163.761,-48.487,117.288,-64.862,85.132,171.987,179.962
Z944,1,233,116.5,-161.636,-42.228,165.239,-115.788,79.02,160.909,-174.729
Z944,1,234,117.0,-177.22,-32.868,106.142,-73.077,95.271,170.575,-177.547
Z944,1,235,117.5,-176.535,-136.949,88.308,-154.175,-114.485,-166.144,164.053
Z944,1,236,118.0,-166.655,-143.352,81.579,-177.636,-109.784,-161.189,-175.955
Z944,1,237,118.5,-168.78,-170.456,115.186,-156.565,-107.635,-170.051,175.913
Z944,1,238,119.0,168.317,-169.967,140.763,178.881,-108.075,-177.854,-157.546
Z944,1,239,119.5,179.583,-171.107,125.965,-166.223,-132.858,-177.808,-153.747
Z944,1,240,120.0,177.072,-164.332,107.596,-159.87,-126.571,-156.032,-167.042
Z944,1,241,120.5,163.772,-108.654,123.921,-171.823,-90.289,-178.21,169.755
Z944,1,242,121.0,-148.178,-133.41,75.817,-167.941,-114.009,-172.218,-164.466
Z944,1,243,121.5,164.405,-160.22,118.332,-169.726,-106.094,-177.755,167.366
Z944,1,244,122.0,-179.32,-82.893,109.572,-179.619,-121.321,-172.118,171.352
Z944,1,245,122.5,-165.467,-150.697,114.923,-170.11,-125.119,-177.171,178.176
Z944,1,246,123.0,177.893,-177.241,83.45,-124.147,-79.302,-175.758,-176.448
Z944,1,247,123.5,152.693,-84.158,84.11,-163.817,-108.568,-173.947,178.15
Z944,1,248,124.0,-177.521,168.365,106.239,-155.011,-97.581,-173.22,-168.025
Z944,1,249,124.5,-164.278,-99.86,111.293,-152.355,-119.568,-176.893,174.411
Z944,1,250,125.0,-176.504,168.25,92.098,-128.992,-71.181,162.591,170.062
Z944,1,251,125.5,-179.058,-166.115,95.211,-176.026,-119.153,-156.318,174.553
Z944,1,252,126.0,168.303,-107.234,77.291,-170.553,-113.607,-175.825,174.799
Z944,1,253,126.5,178.482,-136.22,115.153,-169.365,-109.157,-167.183,-177.066
Z944,1,254,127.0,-172.165,-134.843,110.575,-162.685,-105.954,177.275,-168.858
Z944,1,255,127.5,179.316,-92.807,107.246,-165.519,-106.094,-171.417,174.132
Z944,1,256,128.0,169.976,-161.291,108.243,-166.391,-115.777,169.2,169.302
Z944,1,257,128.5,-173.691,166.206,145.362,171.988,-100.092,166.063,-172.407
Z944,1,258,129.0,-178.944,-86.78,102.795,-171.856,-116.115,-169.522,165.961
Z944,1,259,129.5,159.345,-88.15,143.109,173.075,-173.405,-172.128,162.397
Z944,1,260,130.0,-179.476,174.697,146.63,-172.114,-110.846,174.288,-159.448
Z944,1,261,130.5,-166.028,6.618,92.489,-65.819,92.507,176.644,162.412
Z944,1,262,131.0,169.698,12.128,82.088,-71.146,99.353,166.837,-171.804
Z944,1,263,131.5,-174.434,-104.22,93.173,-88.224,160.37,-179.37,162.311
Z944,1,264,132.0,170.534,-87.275,94.047,-79.099,161.931,177.192,157.234
Z944,1,265,132.5,-166.095,-59.18,110.133,-85.083,149.364,159.319,145.956
Z944,1,266,133.0,171.639,-110.556,79.687,-84.455,179.739,172.552,161.413
Z944,1,267,133.5,172.162,-73.686,90.791,-83.699,174.029,-168.238,139.154
Z944,1,268,134.0,178.066,-104.312,136.49,-159.016,173.646,-178.919,174.905
Z944,1,269,134.5,165.183,-80.853,91.577,-68.145,157.733,172.887,157.082
Z944,1,270,135.0,-173.367,-88.616,71.202,-81.24,165.722,-177.483,154.117
Z944,1,271,135.5,-174.522,-93.577,87.245,-84.631,154.581,175.052,159.905
Z944,1,272,136.0,173.523,-83.186,122.117,-77.114,147.547,170.665,164.539
Z944,1,273,136.5,166.83,-98.262,94.053,-103.829,-173.255,-175.755,152.87
Z944,1,274,137.0,178.599,-59.406,98.511,-169.074,-141.578,-168.021,162.314
Z944,1,275,137.5,163.483,-128.368,98.317,-150.596,-103.554,-167.433,163.031
Z944,1,276,138.0,-175.762,-113.285,93.721,-141.766,-105.424,-179.449,-174.149
Z944,1,277,138.5,162.418,-145.115,111.781,-173.764,-105.142,172.974,-178.845
Z944,1,278,139.0,158.127,-92.419,98.348,-172.54,-107.788,-174.484,-174.872
Z944,1,279,139.5,178.667,-80.672,125.903,174.606,-133.787,-168.224,-145.456
Z944,1,280,140.0,169.023,-98.514,99.128,-176.725,-131.998,-177.56,-175.242
Z944,1,281,140.5,166.404,-103.905,89.027,-170.827,-131.395,-177.059,-173.449
Z944,1,282,141.0,178.885,-20.466,111.415,-76.73,95.341,174.837,-176.327
Z944,1,283,141.5,-175.049,-22.467,101.896,-41.117,110.444,156.909,179.943
Z944,1,284,142.0,154.919,-20.383,103.412,-70.44,106.505,162.823,179.786
Z944,1,285,142.5,163.41,5.716,98.139,-77.785,99.038,177.648,159.248
Z944,1,286,143.0,177.416,-21.888,116.408,-82.726,95.808,-176.185,177.026
Z944,1,287,143.5,-176.264,5.912,108.167,-54.905,99.182,177.211,153.576
Z944,1,288,144.0,179.973,-35.344,121.269,-61.954,102.419,168.053,145.897
Z944,1,289,144.5,-176.11,-38.593,155.256,-100.435,102.44,162.068,159.098
Z944,1,290,145.0,170.455,-32.103,143.406,-78.71,97.049,164.16,171.571
Z944,1,291,145.5,161.577,10.476,137.4,-97.76,81.677,172.892,-179.667
Z944,1,292,146.0,173.69,-29.632,150.475,-91.627,111.334,155.325,178.968
Z944,1,293,146.5,-171.611,-52.056,128.143,-85.3,95.092,168.889,173.572
Z944,1,294,147.0,174.607,-89.986,123.047,179.343,-142.881,-176.147,-173.132
Z944,1,295,147.5,179.86,-150.999,124.015,-163.287,-130.301,176.484,177.067
Z944,1,296,148.0,-173.771,-172.691,76.651,-146.557,-107.298,-164.377,166.266
Z944,1,297,148.5,176.458,-99.777,108.309,-163.674,-125.986,171.668,-160.131
Z944,1,298,149.0,163.521,-104.347,91.754,-161.26,-105.711,-173.853,163.402
Z944,1,299,149.5,-159.648,-120.742,86.883,-170.886,-118.855,-171.393,-169.096
Z944,1,300,150.0,179.074,-138.989,117.942,-161.832,-114.739,-170.247,-153.602
Z944,1,301,150.5,154.388,-103.426,117.847,-158.312,-165.101,-167.703,-160.144
Z944,1,302,151.0,-176.978,-84.068,126.216,179.596,-124.615,-170.537,167.665
Z944,1,303,151.5,-174.696,11.047,105.971,-91.612,94.377,177.785,146.858
Z944,1,304,152.0,-169.035,-11.38,115.687,-78.376,117.521,171.723,-178.528
Z944,1,305,152.5,170.157,-6.069,146.053,-116.016,75.913,-177.899,173.079
Z944,1,306,153.0,-160.259,-13.162,102.582,-73.046,95.388,179.587,176.049
Z944,1,307,153.5,-174.54,-137.833,125.275,-161.466,-77.72,177.409,175.47
Z944,1,308,154.0,164.473,-32.407,104.699,-64.233,112.601,171.22,170.67
Z944,1,309,154.5,167.241,-42.245,148.905,-97.805,120.636,178.253,146.955
Z944,1,310,155.0,166.318,-103.986,95.133,-78.807,172.212,174.608,163.909
Z944,1,311,155.5,-179.461,-59.011,179.547,-165.055,164.524,-175.81,155.92
Z944,1,312,156.0,157.041,-166.15,119.578,172.155,-114.511,176.832,-174.839
Z944,1,313,156.5,168.724,-107.069,140.066,-177.601,-171.227,-163.8,-176.267
Z944,1,314,157.0,166.535,-44.456,120.691,-167.329,-179.707,-178.496,-167.521
Z944,1,315,157.5,166.73,-60.573,140.857,-166.112,-170.554,-173.1,173.056
Z944,1,316,158.0,170.382,-54.596,117.766,171.592,-161.658,-157.275,177.431
Z944,1,317,158.5,-177.933,-88.905,115.753,-170.675,-111.219,174.12,-164.628
Z944,1,318,159.0,172.548,-104.432,104.71,-167.56,-127.46,-177.707,175.886
Z944,1,319,159.5,-171.728,-32.36,123.219,175.946,-164.117,-161.248,-165.476
Z944,1,320,160.0,159.68,79.735,85.903,174.879,-129.342,-173.275,166.25
Z944,1,321,160.5,-164.297,75.902,96.363,-171.008,-131.063,-169.196,-167.215
Z944,1,322,161.0,-175.11,81.641,130.518,172.879,-156.273,-163.988,176.362
Z944,1,323,161.5,168.892,83.68,67.003,-154.097,-153.942,177.333,-162.538
Z944,1,324,162.0,171.484,65.956,95.802,-160.254,-150.65,-177.642,-174.581
Z944,1,325,162.5,-168.968,100.458,71.943,-145.75,-155.916,176.122,-150.926
Z944,1,326,163.0,-166.849,-84.175,122.9,-173.735,-141.87,-158.526,170.884
Z944,1,327,163.5,179.795,-91.78,142.239,-165.775,-161.663,-177.099,168.359
Z944,1,328,164.0,172.236,2.562,136.786,-164.08,160.208,-175.18,169.772
Z944,1,329,164.5,-166.756,75.667,143.063,-175.142,-130.026,178.379,-171.071
Z944,1,330,165.0,163.639,86.839,88.048,-161.111,-127.919,-171.323,-168.383
Z944,1,331,165.5,171.365,61.062,86.897,-176.907,-168.909,-173.573,-146.576
Z944,1,332,166.0,170.607,39.043,83.246,-164.318,-108.658,-177.092,-176.656
Z944,1,333,166.5,-177.714,75.105,59.868,-135.863,-99.715,-168.169,169.381
Z944,1,334,167.0,163.739,83.249,70.697,-164.149,-129.592,-173.687,-175.157
Z944,1,335,167.5,-158.858,38.233,98.653,-173.849,-137.937,-177.243,-174.867
Z944,1,336,168.0,-178.381,95.297,65.626,-166.947,-129.318,-167.084,159.971
Z944,1,337,168.5,-165.198,65.423,75.302,-168.718,-123.1,-175.745,176.302
Z944,1,338,169.0,179.251,52.208,80.534,-165.136,-121.406,174.446,174.419
Z944,1,339,169.5,179.616,20.366,86.709,-179.613,-136.327,-173.213,169.98
Z944,1,340,170.0,175.834,82.316,94.837,173.565,-169.291,174.833,178.839
Z944,1,341,170.5,174.699,99.922,105.208,179.959,-152.636,-177.985,-178.34
Z944,1,342,171.0,175.96,74.392,86.734,-164.328,-132.492,-179.167,172.755
Z944,1,343,171.5,-165.823,114.911,80.502,-172.713,-142.201,-176.091,-171.773
Z944,1,344,172.0,-178.146,60.594,93.511,-172.107,-145.605,-167.278,177.602
Z944,1,345,172.5,-174.79,56.85,81.522,179.38,-162.326,-169.969,-162.869
Z944,1,346,173.0,172.355,77.578,67.368,-148.409,-128.593,-178.813,-161.031
Z944,1,347,173.5,-177.053,90.584,90.579,-174.561,-115.214,-178.071,-176.427
Z944,1,348,174.0,-176.247,60.229,85.295,-164.099,-125.211,174.564,-178.534
Z944,1,349,174.5,-175.957,90.653,85.723,-169.226,-141.211,-172.36,-157.24
Z944,1,350,175.0,-160.281,54.063,91.469,-170.723,-133.887,-174.091,178.442
Z944,1,351,175.5,168.686,-108.006,107.689,-157.18,-152.459,-177.044,178.483
Z944,1,352,176.0,169.927,-84.755,101.276,-163.936,-98.648,173.175,153.06
Z944,1,353,176.5,167.931,-73.496,99.016,-165.215,-143.431,-175.62,173.082
Z944,1,354,177.0,165.984,-106.088,136.86,-178.81,-149.994,-174.452,-160.97
Z944,1,355,177.5,177.994,-108.637,85.573,-130.973,-114.575,-174.647,176.886
Z944,1,356,178.0,-179.779,-85.13,132.127,-170.348,-170.45,-177.667,168.514
Z944,1,357,178.5,-178.249,-105.605,100.874,-161.39,-91.878,179.135,162.857
Z944,1,358,179.0,177.612,-72.352,141.192,-178.971,-139.132,-169.881,166.223
Z944,1,359,179.5,173.309,-99.605,117.18,-167.041,-142.201,-167.482,173.554
Z944,1,360,180.0,165.249,-118.492,125.677,-168.39,-131.182,179.5,161.953
Z944,1,361,180.5,-153.02,-25.515,101.585,-168.447,-119.283,-178.059,-177.749
Z944,1,362,181.0,-179.847,-103.464,126.721,-173.516,-98.349,-177.649,179.318
Z944,1,363,181.5,171.949,-101.607,125.878,-156.44,-124.786,-176.753,171.869
Z944,1,364,182.0,179.606,-106.093,103.98,-166.79,-105.788,173.906,166.942
Z944,1,365,182.5,179.052,-87.693,123.425,-173.238,-142.277,-174.467,174.075
Z944,1,366,183.0,178.946,-107.471,111.446,-137.441,-89.774,-178.298,169.448
Z944,1,367,183.5,-176.108,-88.885,146.105,-168.915,-111.042,-175.826,152.533
Z944,1,368,184.0,-175.833,-80.202,99.114,-166.386,-126.825,-175.819,177.872
Z944,1,369,184.5,-176.014,-146.084,106.723,-169.854,-91.285,-178.15,164.257
Z944,1,370,185.0,-168.209,93.274,97.395,170.958,-118.253,-175.419,172.155
Z944,1,371,185.5,-176.359,82.565,79.4,171.942,-111.647,-174.295,170.193
Z944,1,372,186.0,-175.835,62.833,91.873,-173.843,-98.292,-178.662,157.709
Z944,1,373,186.5,172.352,82.935,89.696,-174.822,-127.586,-170.098,156.212
Z944,1,374,187.0,-170.837,117.284,96.55,169.689,-127.468,-163.753,-176.162
Z944,1,375,187.5,-173.14,91.014,96.151,-171.707,-118.238,-179.378,172.661
Z944,1,376,188.0,177.604,62.874,92.029,-162.513,-125.678,170.742,-169.859
Z944,1,377,188.5,-175.431,81.226,84.781,-153.021,-114.094,-169.935,-179.767
Z944,1,378,189.0,-179.086,67.787,83.77,-156.579,-154.198,179.521,175.567
Z944,1,379,189.5,-179.224,67.85,100.443,178.794,-135.589,-168.943,169.443
Z944,1,380,190.0,-169.108,64.524,93.006,-176.804,-162.517,-166.907,-171.885
Z944,1,381,190.5,175.921,62.264,90.595,178.974,-157.092,-167.667,177.196
Z944,1,382,191.0,-178.774,33.382,114.88,176.06,-162.425,-171.817,-164.044
Z944,1,383,191.5,179.137,103.677,109.216,-172.047,-135.965,-157.001,166.099
Z944,1,384,192.0,-170.401,33.744,127.952,-172.287,-121.741,-178.026,165.271
Z944,1,385,192.5,178.65,69.015,116.815,177.685,-154.675,-179.468,-166.511
Z944,1,386,193.0,173.512,118.465,105.027,-171.706,-162.126,-172.114,-178.245
Z944,1,387,193.5,179.421,44.78,73.116,-148.759,-100.553,-169.384,169.268
Z944,1,388,194.0,155.074,54.643,110.331,175.482,-151.054,176.451,-173.73
Z944,1,389,194.5,179.345,39.221,120.17,-165.661,-125.13,-168.712,-179.991
Z944,1,390,195.0,178.106,41.406,111.294,173.046,-164.419,-168.302,174.262
Z944,1,391,195.5,154.737,43.403,103.747,174.243,-150.25,-167.173,-173.702
Z944,1,392,196.0,-167.929,56.525,108.679,-160.314,-173.964,177.103,-158.107
Z944,1,393,196.5,-179.894,24.477,65.857,-121.737,-112.065,177.923,-163.689
Z944,1,394,197.0,172.582,84.815,95.529,-170.381,-107.551,177.994,177.398
Z944,1,395,197.5,-167.414,15.163,68.228,-118.687,-110.152,174.737,173.855
Z944,1,396,198.0,-170.927,79.07,90.272,-172.844,-146.989,179.09,-172.601
Z944,1,397,198.5,-174.095,32.941,114.238,-179.891,-155.228,-168.289,176.791
Z944,1,398,199.0,-178.525,15.627,99.6,-163.758,-102.94,-178.388,165.243
Z944,1,399,199.5,-170.686,53.033,84.204,-149.771,-102.926,-179.132,155.134
Z944,1,400,200.0,-175.917,56.857,101.605,-171.115,-150.216,170.964,173.74
Z944,1,401,200.5,-164.534,48.517,82.985,-153.67,-156.753,170.986,-155.306
Z944,1,402,201.0,-164.4,53.605,103.982,-170.94,-170.411,174.449,178.2
Z944,1,403,201.5,170.669,-100.418,113.924,-154.417,-176.258,172.385,-170.486
Z944,1,404,202.0,159.644,-16.024,146.806,-166.544,118.665,167.784,-175.12
Z944,1,405,202.5,179.828,-94.087,123.909,-178.507,-173.056,-174.875,-171.401
Z944,1,406,203.0,170.916,-51.871,121.086,-173.072,-140.508,-179.63,-177.63
Z944,1,407,203.5,-173.961,-37.191,121.404,-165.726,172.494,-172.452,-176.063
Z944,1,408,204.0,170.525,-87.259,141.757,-172.154,164.183,178.194,-160.769
Z944,1,409,204.5,153.469,118.947,88.018,-140.843,-100.477,-177.201,170.619
Z944,1,410,205.0,170.341,-94.299,129.433,-170.249,-164.352,-166.852,-169.17
Z944,1,411,205.5,178.692,117.238,94.543,-172.841,-169.587,-174.656,-169.285
Z944,1,412,206.0,163.141,-74.312,148.825,-178.703,-156.28,179.868,-170.104
Z944,1,413,206.5,170.418,-92.704,150.617,-163.93,166.342,172.201,-170.176
Z944,1,414,207.0,-170.08,72.791,80.329,-144.239,-114.868,-174.23,178.857
Z944,1,415,207.5,-168.618,103.075,107.314,-178.667,-124.794,-169.469,-170.177
Z944,1,416,208.0,-170.596,75.047,93.106,-173.875,-165.71,179.401,-168.134
Z944,1,417,208.5,-161.708,70.235,92.182,-169.967,-167.633,-174.741,-163.067
Z944,1,418,209.0,-172.285,64.263,82.703,177.063,-179.5,-174.478,-155.463
Z944,1,419,209.5,-162.409,111.546,83.487,-172.231,-174.217,-175.693,-162.295
Z944,1,420,210.0,-176.99,106.236,76.805,-156.125,-127.839,-167.877,-179.86
Z944,1,421,210.5,172.542,65.347,108.112,178.128,-137.467,-176.734,-179.711
Z944,1,422,211.0,-174.502,66.53,73.017,-148.688,-134.516,179.506,165.786
Z944,1,423,211.5,174.815,74.879,83.823,-150.142,-151.491,-176.446,-172.421
Z944,1,424,212.0,-177.937,33.528,104.222,-176.028,-143.732,-175.058,-169.92
Z944,1,425,212.5,175.111,79.02,96.295,-176.878,-132.65,-177.25,-170.099
Z944,1,426,213.0,-179.881,91.099,131.92,179.173,-169.572,179.645,-155.774
Z944,1,427,213.5,-167.167,78.809,91.246,-159.463,-122.518,173.376,-177.187
Z944,1,428,214.0,172.147,76.971,65.057,-111.623,-130.114,175.406,-169.086
Z944,1,429,214.5,177.151,54.596,83.917,-155.39,-143.117,-170.46,-171.66
Z944,1,430,215.0,176.722,112.373,73.571,-168.294,-142.264,-169.494,175.154
Z944,1,431,215.5,-160.325,84.706,80.965,-163.291,-146.508,-164.512,-161.319
Z944,1,432,216.0,-174.643,77.616,77.193,-152.049,-129.928,-166.93,-179.305
Z944,1,433,216.5,-175.721,39.987,97.765,-161.017,-115.57,165.922,-171.588
Z944,1,434,217.0,-179.135,72.605,81.943,-165.307,-151.649,-174.761,-150.352
Z944,1,435,217.5,-178.529,65.063,60.276,-154.863,-137.824,-176.91,-165.836
Z944,1,436,218.0,178.896,64.18,98.844,173.065,-139.34,-174.008,179.191
Z944,1,437,218.5,-171.66,86.607,100.162,-162.328,171.294,-170.281,-164.269
Z944,1,438,219.0,154.145,85.029,101.672,-163.075,-87.228,170.254,164.143
Z944,1,439,219.5,-177.579,113.197,81.345,-162.381,-114.133,-161.81,178.586
Z944,1,440,220.0,176.465,91.855,91.592,-170.57,-115.311,-177.28,176.873
Z944,1,441,220.5,-168.564,107.526,96.058,-164.265,-153.355,-174.612,-172.497
Z944,1,442,221.0,166.552,-10.233,118.868,-170.567,-112.429,-177.612,168.877
Z944,1,443,221.5,-174.845,64.879,109.766,-179.269,-165.56,-160.376,-174.412
Z944,1,444,222.0,-174.994,63.017,82.537,-151.646,-120.672,-179.653,-179.457
Z944,1,445,222.5,173.593,69.792,82.005,-159.729,-107.627,-176.981,-177.735
Z944,1,446,223.0,168.092,110.625,84.611,-173.448,-119.554,-160.919,-162.165
Z944,1,447,223.5,-178.964,14.339,110.908,-165.134,-105.815,178.993,170.455
Z944,1,448,224.0,179.427,85.196,108.382,-177.542,-147.096,-165.331,-169.187
Z944,1,449,224.5,-170.336,51.791,99.909,-167.92,177.387,-166.694,-145.014
Z944,1,450,225.0,-179.31,49.517,108.927,-165.611,-159.857,-175.82,-159.732
Z944,1,451,225.5,-173.222,84.066,117.097,176.7,-113.373,-169.748,168.361
Z944,1,452,226.0,-178.977,75.738,103.067,-175.857,-131.436,177.591,164.77
Z944,1,453,226.5,178.718,50.123,105.929,-171.786,-128.644,-179.35,-175.059
Z944,1,454,227.0,172.217,71.61,113.51,-155.214,-127.423,-171.776,-156.864
Z944,1,455,227.5,175.949,-139.2,100.874,-142.125,-101.542,179.208,178.335
Z944,1,456,228.0,169.753,-118.327,138.709,179.37,-156.327,-178.76,165.321
Z944,1,457,228.5,-178.024,-175.002,101.494,-148.108,-119.804,-157.798,-174.948
Z944,1,458,229.0,-171.734,-88.715,95.703,-155.959,-121.583,-179.383,177.729
Z944,1,459,229.5,-166.858,134.086,135.981,166.943,-125.51,177.724,-154.92
Z944,1,460,230.0,175.377,-88.608,134.062,-169.707,-138.912,-169.198,-158.553
Z944,1,461,230.5,-178.371,-166.642,119.968,-167.839,-90.187,-172.465,-176.708
Z944,1,462,231.0,-178.378,-79.623,154.553,175.227,-175.605,-170.327,-153.439
Z944,1,463,231.5,162.712,-28.484,95.407,-68.583,98.305,-176.554,171.09
Z944,1,464,232.0,-179.556,9.305,105.832,-86.196,105.621,164.874,177.633
Z944,1,465,232.5,-166.213,-6.721,107.459,-55.485,109.118,162.977,172.224
Z944,1,466,233.0,173.454,-79.003,167.162,-106.787,81.406,172.609,-171.833
Z944,1,467,233.5,-174.872,17.344,115.86,-72.098,113.939,152.406,167.942
Z944,1,468,234.0,177.1,-38.624,156.624,-116.992,95.455,172.918,173.633
Z944,1,469,234.5,-170.625,-19.963,101.145,-77.779,82.587,-165.624,169.508
Z944,1,470,235.0,-170.702,-39.005,123.735,-70.946,115.504,173.811,172.802
Z944,1,471,235.5,165.717,3.982,102.504,-74.814,102.075,179.122,163.586
Z944,1,472,236.0,175.707,26.819,113.539,-82.469,121.39,168.846,161.008
Z944,1,473,236.5,-177.033,-16.703,91.724,-71.765,113.604,168.008,156.001
Z944,1,474,237.0,178.273,-77.293,118.114,-176.993,-155.36,-174.154,-172.041
Z944,1,475,237.5,-168.049,-95.037,101.432,-159.05,-135.092,-167.181,-172.123
Z944,1,476,238.0,-178.78,-124.372,96.601,-158.559,-147.087,-166.468,-177.036
Z944,1,477,238.5,162.078,-15.137,100.439,-75.632,126.352,160.15,169.056
Z944,1,478,239.0,172.026,-40.914,157.858,-122.956,112.39,170.091,-177.327
Z944,1,479,239.5,174.456,-167.041,72.767,-117.431,-110.032,-179.386,-176.251
Z944,1,480,240.0,164.871,-117.268,134.547,-161.299,-168.376,179.604,-162.763
Z944,1,481,240.5,177.301,-152.006,73.509,-155.787,-87.005,-179.404,-175.513
Z944,1,482,241.0,167.047,-80.378,134.891,-159.447,-177.624,-172.896,-178.176
Z944,1,483,241.5,158.249,-89.157,88.322,-160.005,-109.524,-179.273,173.582
Z944,1,484,242.0,168.924,-129.722,108.612,-149.983,-166.216,178.848,170.031
Z944,1,485,242.5,-168.483,-92.724,108.798,-165.052,-151.514,-172.567,174.766
Z944,1,486,243.0,-179.777,-116.621,148.94,-166.321,-134.752,-170.064,171.323
Z944,1,487,243.5,168.843,-150.803,152.249,-165.362,-132.725,-175.813,168.338
Z944,1,488,244.0,-177.469,-107.038,125.695,-170.911,-162.617,-170.775,-167.04
Z944,1,489,244.5,-172.534,-130.27,140.774,179.522,-121.494,-170.638,-179.922
Z944,1,490,245.0,167.042,-78.791,143.352,-173.861,-161.964,173.075,-171.605
Z944,1,491,245.5,-156.264,-93.48,102.879,-153.141,-127.976,-179.82,-169.933
Z944,1,492,246.0,165.42,-84.974,139.736,-170.44,-164.414,-175.559,164.926
Z944,1,493,246.5,176.099,84.539,66.326,-178.729,-159.134,-161.796,-145.973
Z944,1,494,247.0,-179.386,-62.672,135.455,-177.192,-95.956,177.553,163.621
Z944,1,495,247.5,-177.506,-114.295,107.867,-168.525,-157.706,170.031,-171.897
Z944,1,496,248.0,177.579,170.385,144.082,174.337,-133.893,-170.417,-175.374
Z944,1,497,248.5,-172.234,-86.177,143.946,-152.835,-144.367,-169.686,-171.936
Z944,1,498,249.0,-175.502,-70.978,143.444,174.613,-144.606,-164.016,-179.084
Z944,1,499,249.5,176.029,-173.768,118.241,-163.618,-120.505,-166.375,169.708
Z944,1,500,250.0,168.069,128.467,128.093,177.692,-93.99,-171.117,-162.33
Z944,1,501,250.5,-174.902,30.084,77.092,-174.42,-125.686,-168.887,-166.242
Z944,1,502,251.0,167.663,43.6,112.138,172.145,-124.756,-158.107,-171.085
Z944,1,503,251.5,-177.842,81.568,95.227,-158.121,-130.964,177.666,-157.48
Z944,1,504,252.0,169.71,73.289,108.73,-176.559,-101.542,-177.128,-173.65
Z944,1,505,252.5,-173.941,69.539,117.735,-177.552,-143.531,-172.045,171.524
Z944,1,506,253.0,160.864,10.974,81.056,-144.06,-99.691,175.876,-172.216
Z944,1,507,253.5,175.486,60.293,104.704,-157.784,-104.925,-179.895,176.084
Z944,1,508,254.0,176.142,47.078,110.839,168.375,-115.247,-165.526,160.107
Z944,1,509,254.5,-172.196,105.529,94.552,177.083,-149.436,-165.554,-171.611
Z944,1,510,255.0,176.361,4.609,122.101,179.154,-120.453,-167.23,179.71
Z944,1,511,255.5,-166.762,43.928,121.505,-172.575,-119.161,-173.046,-160.651
Z944,1,512,256.0,176.91,79.561,119.668,-165.64,-114.131,179.976,-169.777
Z944,1,513,256.5,163.486,88.144,94.048,-173.221,-124.743,-167.845,-178.001
Z944,1,514,257.0,-174.069,67.543,105.842,-171.083,-138.393,-177.536,174.12
Z944,1,515,257.5,-165.383,64.396,99.669,174.598,-143.506,-173.098,179.3
Z944,1,516,258.0,163.783,81.872,100.722,-159.743,-106.817,174.709,178.416
Z944,1,517,258.5,-170.461,70.546,107.078,-170.522,-132.785,-171.432,-175.372
Z944,1,518,259.0,167.597,99.121,104.128,-172.203,-124.786,170.615,-177.919
Z944,1,519,259.5,-170.486,44.906,102.833,-168.054,-124.326,-167.707,-167.377
Z944,1,520,260.0,174.407,27.622,124.86,-174.296,-115.956,177.168,-156.437
Z944,1,521,260.5,-177.75,74.668,88.778,-146.616,-121.686,-169.189,-178.488
Z944,1,522,261.0,167.97,69.076,90.835,-156.574,-156.3,-172.609,-160.019
Z944,1,523,261.5,-176.37,89.754,91.713,-163.573,-119.268,-158.354,169.243
Z944,1,524,262.0,179.866,-94.614,120.671,-170.665,-159.004,-178.665,173.85
Z944,1,525,262.5,176.124,-152.07,105.272,-141.318,-124.913,176.198,-171.418
Z944,1,526,263.0,179.787,-81.045,132.659,-172.923,-139.362,179.924,165.393
Z944,1,527,263.5,-175.576,-73.617,129.64,-175.516,-155.497,-170.941,165.099
Z944,1,528,264.0,158.94,-114.212,130.832,-171.507,-172.571,-174.629,177.902
Z944,1,529,264.5,-175.658,-108.762,119.674,-158.324,174.984,-171.179,-171.292
Z944,1,530,265.0,177.617,-95.621,134.796,-169.626,-164.783,-167.443,-179.869
Z944,1,531,265.5,170.927,75.86,95.349,-170.184,-156.858,-170.323,-173.832
Z944,1,532,266.0,-178.813,73.785,81.01,-155.981,-151.329,-176.743,-170.98
Z944,1,533,266.5,172.04,45.236,112.09,-176.3,-120.357,-172.268,-160.273
Z944,1,534,267.0,178.638,94.151,71.102,-162.802,-112.625,-174.007,174.967
Z944,1,535,267.5,-173.383,70.974,116.795,-173.892,-101.408,-174.27,-179.09
Z944,1,536,268.0,178.556,80.472,97.018,-165.806,-94.173,169.01,175.409
Z944,1,537,268.5,-172.491,90.983,117.168,172.525,-140.141,-169.975,-179.149
Z944,1,538,269.0,-174.99,43.626,103.698,-165.686,-91.156,172.39,161.27
Z944,1,539,269.5,-173.408,71.456,118.506,-175.817,-136.966,-177.835,173.311
Z944,1,540,270.0,177.0,84.263,100.735,-163.988,-103.641,-173.719,173.36
Z944,1,541,270.5,169.61,88.183,111.081,-179.299,-125.873,-159.752,176.582
Z944,1,542,271.0,-178.441,76.994,101.88,176.674,-122.956,-165.689,-158.664
Z944,1,543,271.5,175.822,42.066,121.809,-178.822,-119.614,-168.147,-154.303
Z944,1,544,272.0,168.084,46.717,133.164,-179.592,-112.966,-174.511,-174.096
Z944,1,545,272.5,176.879,56.333,96.661,-130.784,-87.479,-171.213,162.346
Z944,1,546,273.0,174.288,102.511,94.456,-172.947,-97.974,179.349,-179.484
Z944,1,547,273.5,-176.265,32.068,126.074,-160.016,-115.989,-177.652,-154.958
Z944,1,548,274.0,-168.77,50.483,117.514,-174.393,-126.814,-174.821,-167.18
Z944,1,549,274.5,174.196,53.437,105.15,-169.987,-116.741,-174.818,-171.043
Z944,1,550,275.0,173.029,-11.427,82.38,-111.558,-80.172,-176.135,178.842
Z944,1,551,275.5,178.88,74.631,93.831,-174.777,-92.275,-172.418,167.983
Z944,1,552,276.0,-169.146,54.478,133.918,170.423,-138.96,-171.426,178.494
Z944,1,553,276.5,-175.466,37.377,122.316,-179.369,-135.586,-174.86,-161.149
Z944,1,554,277.0,-179.634,47.709,116.776,-167.68,-100.824,-171.97,-177.521
Z944,1,555,277.5,-175.705,44.37,115.315,174.444,-98.077,-175.272,177.136
Z944,1,556,278.0,-179.79,47.794,113.366,-170.62,-95.512,-168.103,172.243
Z944,1,557,278.5,174.891,1.73,140.184,-177.842,-79.32,-179.451,173.93
Z944,1,558,279.0,-157.303,39.163,130.626,174.127,-108.022,-170.111,169.647
Z944,1,559,279.5,-170.27,21.565,90.002,-128.609,-87.608,179.499,-162.841
Z944,1,560,280.0,-163.617,-1.196,97.959,-142.519,-89.972,-177.821,-154.525
Z944,1,561,280.5,178.098,42.003,117.284,-178.576,-108.798,-174.06,-159.135
Z944,1,562,281.0,-175.679,59.149,110.746,175.256,-100.201,-168.867,173.083
Z944,1,563,281.5,166.467,40.652,118.633,-174.026,-107.342,-177.505,-157.744
Z944,1,564,282.0,172.175,63.112,122.533,-170.17,-121.271,-177.074,-169.141
Z944,1,565,282.5,175.545,31.104,97.524,-155.89,-97.232,175.978,-165.539
Z944,1,566,283.0,166.381,29.023,57.552,-119.98,-102.882,168.043,-143.677
Z944,1,567,283.5,169.658,20.858,74.754,-130.126,-85.436,-178.16,-164.522
Z944,1,568,284.0,-179.31,21.419,71.279,-125.343,-74.241,-171.949,178.503
Z944,1,569,284.5,-175.206,66.727,79.896,-141.637,-117.182,-173.872,-154.86
Z944,1,570,285.0,-176.812,29.64,125.412,-176.135,-112.201,-178.261,-176.108
Z944,1,571,285.5,-174.512,86.371,78.728,-130.834,-90.454,171.485,175.147
Z944,1,572,286.0,169.616,90.797,99.917,-173.474,-138.581,-165.455,-148.342
Z944,1,573,286.5,169.25,67.753,116.075,-171.158,-116.213,179.126,-168.751
Z944,1,574,287.0,-173.583,40.941,105.233,-170.377,-107.468,-175.31,178.417
Z944,1,575,287.5,-177.983,55.905,106.218,178.619,-121.11,-165.444,175.862
Z944,1,576,288.0,161.879,62.517,107.56,-164.28,-125.028,-179.894,-172.534
Z944,1,577,288.5,175.436,29.262,98.761,-150.587,-84.724,166.535,-168.786
Z944,1,578,289.0,175.957,77.08,86.102,-159.669,-88.619,-174.33,167.946
Z944,1,579,289.5,176.847,53.29,100.106,-161.128,-115.847,-169.325,-169.169
Z944,1,580,290.0,168.244,40.549,121.643,-177.987,-107.998,-178.873,170.422
Z944,1,581,290.5,-169.944,20.485,88.551,-126.579,-117.503,178.584,-156.898
Z944,1,582,291.0,-168.723,118.38,87.791,-179.695,-126.918,-169.097,-164.414
Z944,1,583,291.5,173.785,35.738,105.994,-150.723,-95.93,-178.634,-154.485
Z944,1,584,292.0,169.951,49.26,73.455,-154.748,-90.624,-174.749,-148.239
Z944,1,585,292.5,-179.329,79.232,101.113,-172.669,-126.222,-167.339,-153.95
Z944,1,586,293.0,177.288,93.941,100.259,176.674,-124.033,-162.902,168.841
Z944,1,587,293.5,179.068,81.659,103.165,-162.056,-114.667,-172.107,174.304
Z944,1,588,294.0,-177.266,56.567,89.338,-164.366,-111.268,-170.544,-165.329
Z944,1,589,294.5,-173.814,23.149,96.277,-164.682,-124.068,-178.097,-159.562
Z944,1,590,295.0,-173.742,41.512,127.407,-173.429,-120.387,-176.79,179.518
Z944,1,591,295.5,-173.238,91.699,103.432,-173.374,-129.238,173.629,-169.47
Z944,1,592,296.0,-178.877,89.08,87.695,-153.693,-89.894,177.57,176.107
Z944,1,593,296.5,175.452,-6.724,151.455,175.239,-156.615,-172.153,-155.358
Z944,1,594,297.0,175.548,63.626,118.037,-157.975,-109.336,-172.796,-179.835
Z944,1,595,297.5,177.226,40.408,104.487,-174.696,-109.399,179.617,-172.91
Z944,1,596,298.0,-161.235,-1.035,85.726,-175.833,-119.365,-165.125,173.99
Z944,1,597,298.5,-176.134,0.183,115.569,-149.692,-90.562,-179.081,-152.163
Z944,1,598,299.0,179.582,55.997,99.458,-170.071,-129.937,175.979,-175.604
Z944,1,599,299.5,165.61,76.107,116.1,-169.476,-117.449,-175.82,-174.86
Z944,2,0,0.0,-173.767609,178.054153,117.424515,177.831879,-114.086395,-179.84346,-179.341141
Z944,2,1,0.5,-169.827637,-142.705597,111.921532,-176.635284,-107.00618,-170.008484,169.048126
Z944,2,2,1.0,-171.112122,-163.272232,105.312492,-166.523361,-128.92482,-168.290039,-173.665649
Z944,2,3,1.5,-175.456039,-167.459488,122.828835,167.294861,-107.644485,177.425095,159.265137
Z944,2,4,2.0,178.967621,-137.204239,127.50174,178.030243,-110.657471,-172.917709,164.214401
Z944,2,5,2.5,-174.689514,-169.241043,81.000092,-157.227737,-140.148285,171.226013,175.496613
Z944,2,6,3.0,179.85437,-156.194092,91.909271,-171.111191,-135.019547,-175.541046,-175.10524
Z944,2,7,3.5,-175.490173,-171.861267,110.755402,169.342026,-122.243164,-161.353455,159.736267
Z944,2,8,4.0,-176.973206,-164.461563,139.723709,171.884003,-121.875687,-178.700211,167.617966
Z944,2,9,4.5,171.786163,-164.74614,119.732056,173.402756,-125.711845,-176.768478,168.040176
Z944,2,10,5.0,177.14502,-120.36187,134.920807,175.572113,-157.459091,171.798141,172.74556
Z944,2,11,5.5,-173.435715,-156.755432,118.739738,179.482162,-113.533875,179.258133,152.372238
Z944,2,12,6.0,-158.510529,-140.615799,110.078796,159.360153,-145.496841,-164.365433,-163.83754
Z944,2,13,6.5,177.477249,-158.376389,106.622223,177.654587,-124.481064,173.914017,173.674728
Z944,2,14,7.0,-171.306335,-130.958878,104.892616,-179.54866,-149.21109,-166.500809,-170.165176
Z944,2,15,7.5,166.495392,-156.965363,118.556808,175.476257,-131.560623,-171.764847,164.493408
Z944,2,16,8.0,174.291245,-153.808472,120.406868,170.751266,-131.585342,-177.873917,179.027664
Z944,2,17,8.5,169.133896,-137.126175,111.20813,-171.426743,-154.680298,174.557037,-164.30098
Z944,2,18,9.0,-174.199539,-150.668991,110.731964,169.741379,-130.48526,-171.895844,170.452423
Z944,2,19,9.5,-173.556458,-154.042313,112.986794,-177.653046,-148.471542,171.643951,177.959244
Z944,2,20,10.0,-155.783722,-112.824181,88.293785,172.251694,-156.472427,-156.569519,-172.492142
Z944,2,21,10.5,162.707672,-155.450119,122.508583,176.167389,-133.403717,-167.840744,169.376221
Z944,2,22,11.0,-165.458008,-153.501968,113.903824,178.17012,-173.87149,-176.032288,-154.188126
Z944,2,23,11.5,-178.730225,-161.223557,102.359077,160.276611,-115.686958,176.313126,-167.438889
Z944,2,24,12.0,-164.400024,-145.701355,84.570641,-173.635849,-111.117928,179.142212,-171.154922
Z944,2,25,12.5,-178.767075,171.099625,78.150383,-137.159698,-95.538933,174.083221,-168.516663
Z944,2,26,13.0,-176.552353,-165.721832,97.733063,-172.591507,-136.196472,-174.176956,170.33429
Z944,2,27,13.5,-164.554565,-166.45961,113.747742,163.064087,-140.070679,-177.612015,-161.741348
Z944,2,28,14.0,-176.323532,-167.791306,80.251411,-159.923218,-91.045212,172.601395,175.810471
Z944,2,29,14.5,179.467712,164.951797,121.17466,-169.922165,-107.310966,175.249924,-175.754501
Z944,2,30,15.0,-170.906616,158.782181,101.039566,-163.44632,-107.695465,173.41301,176.662994
Z944,2,31,15.5,179.866806,-159.231934,91.014801,179.139175,-121.044952,168.139618,-170.137329
Z944,2,32,16.0,169.637177,148.603745,128.304962,177.813507,-93.752251,170.75499,144.831619
Z944,2,33,16.5,-166.965424,-179.863327,126.245857,-173.615295,-92.025925,175.988663,163.213852
Z944,2,34,17.0,-177.787949,174.074127,132.620834,165.645645,-119.895676,-173.599289,-174.643829
Z944,2,35,17.5,-169.238632,-149.816574,107.633163,-177.759613,-129.232635,-178.637527,-179.76297
Z944,2,36,18.0,174.503357,-167.897781,87.320671,-156.325073,-112.759186,-177.744003,158.566971
Z944,2,37,18.5,172.547165,-159.058044,109.045059,-156.596573,-110.744453,175.203476,166.063736
Z944,2,38,19.0,178.022095,162.00177,106.542015,-160.394516,-116.84671,177.669724,-178.573853
Z944,2,39,19.5,-169.627518,166.019409,128.329987,160.88269,-115.762909,174.861938,-176.845795
Z944,2,40,20.0,173.282104,-156.357025,90.153419,-167.065247,-122.154984,-170.655945,167.97963
Z944,2,41,20.5,171.56897,-114.449509,92.472298,-152.492493,170.239456,-168.880264,-162.752167
Z944,2,42,21.0,-175.09581,161.316727,82.298828,-144.75032,-123.742249,-171.255875,-140.320694
Z944,2,43,21.5,177.485168,-32.610439,109.824738,-73.428055,96.803085,-166.026047,170.8302
Z944,2,44,22.0,171.090897,-65.336456,177.119263,-143.10675,101.016914,-174.398911,167.479004
Z944,2,45,22.5,161.657089,-30.855066,133.904846,-102.403664,95.734612,-177.443756,169.485199
Z944,2,46,23.0,-177.917282,-8.850024,128.522293,-132.221848,157.415695,164.16983,-172.155762
Z944,2,47,23.5,164.370941,-9.403496,126.586464,-104.369484,102.112808,170.654022,173.396072
Z944,2,48,24.0,177.856552,-124.444153,117.889282,-178.284088,-134.757706,172.006714,144.036102
Z944,2,49,24.5,164.826889,-109.030464,83.886734,-178.994629,178.969849,-167.766968,169.527512
Z944,2,50,25.0,179.229752,-48.740273,125.54863,-76.679245,103.203819,177.148346,170.165268
Z944,2,51,25.5,171.160049,-62.87093,162.362976,-129.556366,106.494904,-170.964401,-172.185272
Z944,2,52,26.0,152.154297,-97.305771,85.639999,-126.39003,-161.141602,-174.054855,-179.565994
Z944,2,53,26.5,-176.500137,10.153073,115.032272,178.645905,-138.530457,-178.393814,156.666412
Z944,2,54,27.0,-161.68074,10.430753,106.295868,-179.782867,-154.76091,-178.87149,164.35466
Z944,2,55,27.5,-179.710419,18.808128,115.72641,-178.948456,-155.70134,-174.914413,162.885895
Z944,2,56,28.0,-178.872009,-82.426018,104.728523,-165.007996,-151.097244,-177.371735,172.98732
Z944,2,57,28.5,-178.631042,7.591627,90.329292,-158.103333,-163.125977,173.12207,167.798401
Z944,2,58,29.0,168.387619,-97.611145,110.541641,-170.618683,-165.47142,174.392548,141.065918
Z944,2,59,29.5,177.120895,-94.588043,88.735489,-176.988541,-154.630676,-177.697205,174.047653
Z944,2,60,30.0,-158.734039,165.108612,100.093842,-178.891205,-100.916855,168.669769,165.754822
Z944,2,61,30.5,178.867859,167.106583,78.780525,-154.231171,-113.938843,-175.395401,171.87941
Z944,2,62,31.0,173.464401,157.874939,130.6604,-179.503235,-125.124069,-178.227264,156.161118
Z944,2,63,31.5,-164.44429,-167.777359,114.805222,172.506546,-132.814316,-174.439835,-173.159378
Z944,2,64,32.0,175.160934,146.625443,92.54274,-173.141068,-108.692909,175.031998,163.934753
Z944,2,65,32.5,177.830353,150.23761,109.468338,-178.3414,-105.252899,171.760345,155.923065
Z944,2,66,33.0,174.498932,-159.392212,85.030289,-165.044952,-119.303703,173.429886,-179.160629
Z944,2,67,33.5,-175.452881,148.942612,133.389374,163.168869,-150.050781,-179.596878,178.799149
Z944,2,68,34.0,171.317551,-179.897812,123.682198,170.56575,-101.447815,-174.453323,174.023254
Z944,2,69,34.5,-177.873566,140.568695,96.811722,-177.219894,-120.038933,179.451462,173.812149
Z944,2,70,35.0,175.84433,-176.721924,100.626045,-173.038116,-124.597435,-172.577667,-168.89238
Z944,2,71,35.5,169.0233,153.302322,124.969231,159.902573,-126.704369,-174.409225,176.337906
Z944,2,72,36.0,166.182816,-173.05809,130.429825,165.734512,-133.250595,-158.171219,174.436523
Z944,2,73,36.5,-168.316132,171.961929,123.041077,159.817841,-120.23954,177.872009,179.484604
Z944,2,74,37.0,166.201981,-91.670441,71.586922,-173.366486,-109.51049,172.195419,166.176041
Z944,2,75,37.5,177.115005,-149.192047,93.785828,-176.678299,-123.107178,-175.82959,159.227722
Z944,2,76,38.0,-177.789246,-178.085434,83.448761,-178.43338,-116.579582,177.535187,-179.74968
Z944,2,77,38.5,167.142868,-158.95726,106.870834,176.206421,-127.241112,-178.328979,-162.667084
Z944,2,78,39.0,179.47673,-102.685989,113.954826,170.721817,-114.404419,-175.196198,157.871063
Z944,2,79,39.5,175.138336,-92.189468,94.0233,-175.463837,-126.705872,173.082993,173.660522
Z944,2,80,40.0,-169.852493,-100.391129,81.791229,176.760239,-147.798157,-168.931137,173.460846
Z944,2,81,40.5,172.189774,-168.695999,132.369583,168.384552,-129.021072,-178.934845,-170.854736
Z944,2,82,41.0,172.852371,-137.733276,106.100098,179.638245,-141.640472,167.770111,-175.905579
Z944,2,83,41.5,179.825592,-179.038498,111.802773,170.738342,-101.468849,-167.730988,165.088058
Z944,2,84,42.0,-177.334702,169.508804,115.79493,-176.794189,-116.490105,-171.700531,-179.400284
Z944,2,85,42.5,160.848083,-160.190689,113.932358,-177.705444,-130.296677,-165.301422,-173.95311
Z944,2,86,43.0,164.001663,-150.78595,111.773613,-178.395096,-102.013283,-178.597336,157.749619
Z944,2,87,43.5,-179.167679,-155.975113,123.739616,178.734329,-135.397125,167.124954,156.148834
Z944,2,88,44.0,-175.898193,-165.185455,106.626663,-178.149826,-111.725136,172.274719,175.770142
Z944,2,89,44.5,-175.999863,-126.888412,125.963867,175.669479,-147.552246,-175.813171,179.203262
Z944,2,90,45.0,158.348877,-100.646889,78.503189,-163.354416,-140.081619,179.579132,174.246841
Z944,2,91,45.5,178.655487,-170.93959,75.981674,-157.444901,-116.60495,-173.949326,-168.676514
Z944,2,92,46.0,164.840958,-137.610809,133.810303,-161.320847,-132.254852,-178.841141,-153.798721
Z944,2,93,46.5,-173.206879,-146.270157,139.16272,-168.093765,-109.795105,-170.092972,-174.353271
Z944,2,94,47.0,-169.2005,-20.035967,151.191833,-170.996521,-103.340034,-170.20079,-175.238693
Z944,2,95,47.5,-178.809479,-87.190437,145.501343,-174.009338,173.152573,172.222824,155.487183
Z944,2,96,48.0,178.726044,171.082031,74.604164,-78.225204,-133.458603,-172.84697,172.901184
Z944,2,97,48.5,-175.206528,-70.48877,112.414253,-139.20903,163.238464,160.498962,166.918091
Z944,2,98,49.0,177.264206,-98.085381,135.420441,-173.375076,177.654785,-172.168716,172.429459
Z944,2,99,49.5,-176.717621,-117.424622,149.906647,-174.907883,-161.346481,176.200287,165.660675
Z944,2,100,50.0,-175.977997,154.723724,127.369698,-142.651825,-117.396309,176.254883,152.373367
Z944,2,101,50.5,-168.064316,-103.508492,124.227089,-152.534042,168.653976,-178.635651,169.298813
Z944,2,102,51.0,-171.097824,-35.069069,137.898315,-162.202026,-161.519119,171.577499,143.388489
Z944,2,103,51.5,-170.577042,9.169559,99.332916,-159.938354,170.010452,173.533401,156.249725
Z944,2,104,52.0,-172.877991,-6.702392,129.709305,-166.647186,159.198425,179.782684,177.763565
Z944,2,105,52.5,-177.455322,-79.106071,114.755424,-155.300125,-179.521881,-165.701874,169.354187
Z944,2,106,53.0,166.640274,-12.558345,89.017731,-148.726074,174.719879,-170.768127,165.280212
Z944,2,107,53.5,-174.064651,94.381287,71.585068,-82.959007,-126.67511,175.438889,175.425552
Z944,2,108,54.0,172.441284,-79.693443,119.121834,-157.995041,160.938721,-176.329926,170.615601
Z944,2,109,54.5,166.960434,-68.782173,131.102951,-163.48317,-176.161072,173.363708,164.540604
Z944,2,110,55.0,-166.607666,-104.326492,107.127449,-160.0849,-177.344009,-160.737,157.192093
Z944,2,111,55.5,168.879974,-91.44751,135.291794,-160.82254,-176.222366,177.639816,168.376068
Z944,2,112,56.0,178.638565,-123.790146,117.870995,-127.63784,-129.95546,172.113586,149.870148
Z944,2,113,56.5,-175.555603,-122.515396,101.822662,-145.112457,-140.86409,-169.59285,163.646942
Z944,2,114,57.0,171.688995,-89.299431,157.43808,-176.490128,167.336121,-170.65242,156.675995
Z944,2,115,57.5,173.626617,-90.493446,153.831848,-169.404846,162.009811,-173.703934,165.100571
Z944,2,116,58.0,172.798721,19.446045,108.098526,-166.417145,175.918686,-173.933044,162.264694
Z944,2,117,58.5,179.392395,88.293343,113.732109,-150.613358,-176.567596,-178.424408,160.378845
Z944,2,118,59.0,-173.169586,75.553047,113.20507,-167.107224,-176.275665,-172.577835,153.728699
Z944,2,119,59.5,-176.29744,90.089813,85.154678,-166.797455,174.930862,-178.876434,152.897812
Z944,2,120,60.0,177.025772,94.611618,90.752441,-156.918411,168.117371,179.538437,146.612045
Z944,2,121,60.5,-176.966553,86.008377,96.880913,-149.372955,167.477386,172.119125,152.503235
Z944,2,122,61.0,-166.168076,72.714981,112.084671,-170.596619,171.805481,-176.886429,166.228195
Z944,2,123,61.5,168.134186,127.453384,117.685005,-162.882584,165.17897,-174.603439,177.693604
Z944,2,124,62.0,171.10968,92.472244,79.318275,-161.195251,149.321182,-176.902481,162.500946
Z944,2,125,62.5,-166.886383,98.624123,128.911621,-168.4608,-174.143494,-177.330917,162.168579
Z944,2,126,63.0,171.003204,-106.902275,114.87352,-157.040329,177.350861,-179.520477,163.400421
Z944,2,127,63.5,168.337372,-73.938293,109.144714,-168.83844,-167.573517,178.082214,142.414108
Z944,2,128,64.0,165.008057,-46.95163,112.006584,-171.177521,157.391357,177.542816,159.390732
Z944,2,129,64.5,-175.073364,-6.344992,118.730026,-157.635406,174.530014,171.273148,176.439438
Z944,2,130,65.0,174.667023,-128.498642,147.234207,-162.804703,166.093658,167.745041,163.330872
Z944,2,131,65.5,-165.409363,-90.043205,109.802612,-110.275383,168.404175,175.856995,165.585632
Z944,2,132,66.0,178.903702,86.820839,90.730949,-150.290085,149.663666,177.427689,159.562943
Z944,2,133,66.5,179.713806,-114.347511,133.752533,-161.312149,166.280563,-177.605148,177.14209
Z944,2,134,67.0,171.357559,-95.311539,125.681313,-163.966125,-177.327957,-176.988846,150.134933
Z944,2,135,67.5,166.533096,-110.722755,109.831612,-170.693497,179.63208,173.582748,156.554184
Z944,2,136,68.0,170.271118,-102.606934,77.994965,-159.800476,-179.24704,-170.31131,170.185669
Z944,2,137,68.5,178.545288,-105.864883,105.02346,176.385635,-158.234009,-167.461075,168.548691
Z944,2,138,69.0,-179.687958,-115.940697,93.747742,-176.379868,172.623657,-170.849258,159.013077
Z944,2,139,69.5,165.398148,-87.600174,89.484688,-168.560883,-170.641373,-171.542999,148.275131
Z944,2,140,70.0,171.947205,-85.14521,83.494637,-165.352173,-174.120178,-165.019165,153.147522
Z944,2,141,70.5,156.849045,-98.421684,107.483345,-149.174881,-173.067154,175.080811,-176.456497
Z944,2,142,71.0,-178.126755,-133.759567,120.008606,-171.106033,-163.935593,176.8069,141.589981
Z944,2,143,71.5,-174.641037,-106.451729,133.423981,-168.944885,173.718384,-179.71843,-175.54805
Z944,2,144,72.0,-175.954834,-79.076553,126.943192,-159.09201,172.617813,176.985733,169.617325
Z944,2,145,72.5,177.844437,-94.866524,120.613289,-146.055359,170.194778,173.117554,175.278976
Z944,2,146,73.0,177.862015,-78.403687,135.106796,-166.802689,-172.24176,174.55806,173.487961
Z944,2,147,73.5,166.411316,-74.022858,103.278687,-164.311539,-178.925247,-169.394836,160.356232
Z944,2,148,74.0,-174.350296,-89.916924,124.338844,-169.8564,169.717102,174.001099,162.413727
Z944,2,149,74.5,170.373718,-96.236061,114.244354,-154.316956,-176.845001,-174.934113,153.48584
Z944,2,150,75.0,-168.404312,-111.450737,120.567291,-141.187759,-173.065277,169.370697,159.277298
Z944,2,151,75.5,-164.707138,-91.346817,131.704651,-152.737381,164.201828,172.687485,-177.369583
Z944,2,152,76.0,-168.777039,-104.079948,126.026299,-155.306137,-176.170258,-172.026703,157.317734
Z944,2,153,76.5,-177.323547,-92.044853,120.823509,-165.738602,172.608627,-163.231033,174.387207
Z944,2,154,77.0,164.759506,-159.122116,139.854309,-167.064606,-126.250534,-179.461838,-179.133636
Z944,2,155,77.5,167.431366,-113.162712,167.513702,-178.44783,-176.862488,-175.431686,159.110657
Z944,2,156,78.0,-179.357285,-97.609283,130.776627,-171.524643,168.303116,-179.518692,169.279053
Z944,2,157,78.5,-167.797134,-112.00602,130.000534,-171.942368,171.461792,179.737289,-170.423004
Z944,2,158,79.0,173.352692,-86.08709,133.001877,-166.917511,169.62825,177.714554,-175.58107
Z944,2,159,79.5,178.517273,-84.442787,139.016068,-152.760971,172.417313,171.162018,163.456207
Z944,2,160,80.0,-172.132782,-113.77813,140.933609,-169.813034,-177.26091,172.309586,169.161194
Z944,2,161,80.5,-174.975311,-112.94239,140.486832,-177.757812,-172.070755,172.943863,-177.940948
Z944,2,162,81.0,-169.498138,-115.317375,94.836815,-141.646622,-168.568436,-166.008102,170.33017
Z944,2,163,81.5,171.596344,-156.06105,128.981079,-162.50853,-112.496887,-170.920441,-176.760132
Z944,2,164,82.0,-179.91893,-149.693298,113.341766,-152.698242,-91.942131,-155.48201,-176.283325
Z944,2,165,82.5,159.345383,-162.258881,135.693573,-162.020599,-104.092911,-177.054474,171.323441
Z944,2,166,83.0,-177.769165,-113.934242,88.138687,-121.532768,-177.139343,-170.679428,151.952835
Z944,2,167,83.5,-169.388443,-106.747566,125.469086,-169.094727,-175.692902,177.212875,172.661346
Z944,2,168,84.0,-174.386917,-116.523331,137.545212,-146.400101,172.388199,170.175522,164.099838
Z944,2,169,84.5,-177.265411,-51.211506,143.059418,-173.749084,-168.289124,-170.205826,139.55423
Z944,2,170,85.0,-176.556366,166.391663,81.94883,-81.240036,-110.627579,177.260101,166.202377
Z944,2,171,85.5,-163.869019,-92.51403,132.569504,-164.228592,-166.912292,-177.279846,134.773315
Z944,2,172,86.0,-170.991653,-149.253128,68.559845,-78.97467,-151.35968,171.282471,148.053452
Z944,2,173,86.5,-164.923264,-100.673256,130.122421,-165.890366,160.536118,-178.834473,160.327026
Z944,2,174,87.0,-161.635452,-81.074989,141.187317,-153.418304,173.164413,175.305771,178.012878
Z944,2,175,87.5,177.568436,-95.71608,119.841492,-154.341217,167.945389,177.309555,176.556381
Z944,2,176,88.0,-169.411133,-102.13166,143.282761,-172.79512,-164.362152,177.092682,159.46344
Z944,2,177,88.5,-165.541245,-85.288422,120.471657,-158.037262,166.401215,174.157852,168.750717
Z944,2,178,89.0,-170.183823,-98.357651,122.620888,-175.771103,168.60289,-164.015442,143.573212
Z944,2,179,89.5,173.173965,-52.673756,144.407364,178.284958,155.675964,-171.398819,168.793503
Z944,2,180,90.0,-174.809631,-88.263031,100.957741,-152.709595,166.155807,-176.693649,171.597168
Z944,2,181,90.5,-170.761246,-113.123878,123.109055,-155.582962,-174.314667,176.728439,159.614517
Z944,2,182,91.0,161.860031,-119.419846,100.765388,-138.023239,179.040802,-175.535431,144.272888
Z944,2,183,91.5,172.315292,-100.695732,122.347404,-150.053543,-164.461563,173.714249,151.405518
Z944,2,184,92.0,-176.429672,-86.32386,154.737457,-157.003723,163.623428,160.740845,162.657578
Z944,2,185,92.5,-173.092422,-108.692627,143.666473,-172.286163,-166.151016,-179.950775,144.431213
Z944,2,186,93.0,168.409653,-98.185051,121.179688,-162.512848,-161.500259,-176.436234,137.567154
Z944,2,187,93.5,-178.431107,-95.012184,122.203194,177.483124,-178.820908,-177.303497,153.431931
Z944,2,188,94.0,-175.564865,99.855476,155.198685,-159.480103,-110.074135,174.143738,158.14238
Z944,2,189,94.5,159.339859,-120.473839,98.667633,-134.053864,-158.188217,-173.464417,156.862579
Z944,2,190,95.0,156.875656,157.116928,85.09465,-75.827515,-102.036415,-169.084381,162.041672
Z944,2,191,95.5,-171.584885,-112.020447,104.118515,-142.289124,179.146347,-171.403503,145.729889
Z944,2,192,96.0,-178.016327,-172.141434,81.093666,-84.001343,-115.514069,-178.699188,153.747162
Z944,2,193,96.5,-167.223969,-111.858482,146.269775,-161.202255,177.037216,-175.770294,150.46431
Z944,2,194,97.0,178.377197,-148.562286,138.061447,-143.654495,-138.467514,-179.866318,170.540268
Z944,2,195,97.5,-171.595947,-121.041634,114.831665,-150.082993,174.541031,177.572205,177.92392
Z944,2,196,98.0,-167.015411,-90.295265,113.916222,-152.608917,-174.56723,175.372696,158.568115
Z944,2,197,98.5,179.520233,-104.217957,140.731155,-171.494476,-144.541489,173.644577,148.18399
Z944,2,198,99.0,-179.002579,-107.761803,132.741394,-159.544907,-173.419266,-176.917282,169.959274
Z944,2,199,99.5,-179.154343,-76.542549,141.356705,-165.171722,162.757034,175.853912,-175.044556
Z944,2,200,100.0,-158.483185,-110.288956,122.542816,-166.462677,172.741486,-175.776352,160.423615
Z944,2,201,100.5,-178.340485,-99.867027,147.066864,-164.978668,-169.764069,168.612686,148.541092
Z944,2,202,101.0,179.17662,-87.563972,126.621094,-154.172806,166.655853,-168.523254,152.362747
Z944,2,203,101.5,175.345825,-101.811157,118.680534,-164.768173,167.550949,-174.816452,171.428757
Z944,2,204,102.0,-174.157089,-121.173706,127.695839,-157.211685,173.350723,-162.934692,146.62291
Z944,2,205,102.5,-162.838226,-111.99398,115.49958,-158.731827,-163.978302,-174.373657,160.113052
Z944,2,206,103.0,-173.135361,-118.801125,146.422775,-174.290909,-167.650269,176.447159,150.134781
Z944,2,207,103.5,173.343765,-99.104805,127.165901,-145.804321,-176.221268,-178.304535,161.220169
Z944,2,208,104.0,-161.489578,-105.528191,132.734055,-167.659927,-168.153961,-175.631454,155.668869
Z944,2,209,104.5,167.430817,-54.339569,127.979706,-169.62796,-176.744095,173.489365,-176.346954
Z944,2,210,105.0,-171.519424,-89.040428,127.936684,-175.425156,177.274155,-172.56041,159.137054
Z944,2,211,105.5,159.556458,-84.769585,137.286026,-159.590897,171.841125,172.927719,164.117905
Z944,2,212,106.0,-179.566406,-90.641609,120.768631,-162.928131,-173.93335,173.014465,164.950668
Z944,2,213,106.5,-166.03717,-81.371887,143.539261,-161.428955,158.524857,171.843628,-173.979126
Z944,2,214,107.0,-179.912094,-81.60051,135.952499,-167.642487,-175.327866,179.037064,170.911758
Z944,2,215,107.5,-179.397263,175.500931,107.865585,-80.909073,-165.759277,-179.543091,-178.579407
Z944,2,216,108.0,-172.728912,132.427719,98.596298,-172.923737,-174.117355,179.891403,166.44548
Z944,2,217,108.5,-172.616486,-117.78833,130.588043,-148.339462,-178.368973,172.784134,-177.617188
Z944,2,218,109.0,-171.012604,-94.53566,115.973976,-168.183289,-161.247223,-166.82164,157.033371
Z944,2,219,109.5,155.918808,-89.940407,135.795181,-151.968155,-173.775421,170.212708,150.333481
Z944,2,220,110.0,-172.446777,-101.594513,117.033607,-154.115295,177.803864,177.57608,170.678635
Z944,2,221,110.5,-164.480118,-118.938797,139.40625,-158.365494,-174.961838,179.526718,-176.025238
Z944,2,222,111.0,-178.654373,-106.956635,107.002998,-165.372696,-160.732178,-169.012711,162.558319
Z944,2,223,111.5,-165.442429,-104.834923,105.969727,-151.377304,174.097931,-178.515289,152.369125
Z944,2,224,112.0,-166.240051,-68.510704,129.280762,-161.388855,169.675781,168.023438,157.299866
Z944,2,225,112.5,170.031464,162.917557,116.005692,-74.515739,-124.013741,-171.725662,162.918579
Z944,2,226,113.0,-166.292084,-97.056976,120.38961,-166.764145,-173.447311,-171.322647,174.060303
Z944,2,227,113.5,-173.406113,-148.252991,118.975227,-145.059601,-131.586273,-177.958664,150.458466
Z944,2,228,114.0,-175.439713,-108.738602,129.287415,-156.405914,174.908615,-177.639969,147.802124
Z944,2,229,114.5,-163.746078,-142.943146,67.576584,-132.748932,-122.288857,-171.288834,161.064606
Z944,2,230,115.0,167.256439,-143.222168,127.814941,-160.450439,165.355301,-159.828506,160.496811
Z944,2,231,115.5,178.91275,-107.309792,152.800949,-178.598846,-174.183868,-168.044708,148.146957
Z944,2,232,116.0,177.906128,-81.759163,138.49762,-153.630081,155.410233,169.769684,155.401581
Z944,2,233,116.5,-173.668045,-141.110489,142.698898,-166.377792,-157.53801,176.711685,164.55098
Z944,2,234,117.0,165.983292,-97.431236,115.082993,-160.105392,178.567902,177.492874,170.014267
Z944,2,235,117.5,-173.847794,-95.233475,130.413162,177.250061,-171.710068,-176.910461,173.836868
Z944,2,236,118.0,-178.778305,-100.097565,129.22934,-169.089844,179.338089,179.082687,142.529678
Z944,2,237,118.5,-160.852814,-95.365517,145.197311,-169.067352,175.605698,174.689606,169.666107
Z944,2,238,119.0,-165.443298,-80.360191,115.7687,-169.570099,-170.934525,168.075546,169.606323
Z944,2,239,119.5,173.600632,-98.832016,115.702065,-162.508179,164.448807,-172.812729,153.136597
Z944,2,240,120.0,-177.919952,-126.644592,141.028214,173.104919,-170.222885,-171.885986,153.29155
Z944,2,241,120.5,-179.005371,-106.472038,130.888046,-158.520691,-171.584045,-171.201599,155.506363
Z944,2,242,121.0,179.080032,-90.800705,105.18647,-156.479584,175.971649,174.512726,156.160416
Z944,2,243,121.5,178.735504,-97.303856,117.874001,-158.935089,-174.804352,177.847946,162.539337
Z944,2,244,122.0,-175.470291,-83.042274,123.33699,-165.498413,156.361221,178.430695,166.79335
Z944,2,245,122.5,173.232971,-84.944763,134.363235,-157.653748,178.256378,172.762802,165.589859
Z944,2,246,123.0,-176.311737,-105.113342,132.448807,-165.787811,179.051498,-174.172897,153.055084
Z944,2,247,123.5,178.401291,-102.520462,133.714325,-153.137787,-178.322998,178.918823,144.459183
Z944,2,248,124.0,-174.689087,-114.390564,145.490891,-178.900192,-170.005615,-177.841309,168.518448
Z944,2,249,124.5,-173.393448,-98.713654,128.444931,-167.760468,173.964203,-168.935822,165.131927
Z944,2,250,125.0,175.159683,-125.261864,70.127663,-84.260757,-126.796562,176.60054,159.641754
Z944,2,251,125.5,-169.67746,-92.725296,127.169479,-165.048248,171.937408,178.102859,173.724487
Z944,2,252,126.0,172.99971,-111.097031,124.537056,-163.923721,-169.924225,-176.128876,169.932831
Z944,2,253,126.5,176.824753,-99.0877,129.540604,-174.721573,171.552567,178.110718,159.534348
Z944,2,254,127.0,167.107559,-106.934303,131.242493,-172.504395,-170.408218,-168.042877,145.471558
Z944,2,255,127.5,178.483414,-97.026176,131.38768,-167.543854,173.205154,176.539719,163.672272
Z944,2,256,128.0,-172.511673,-96.473473,122.600227,-156.321609,172.723129,170.851898,173.701904
Z944,2,257,128.5,170.269882,-96.206909,118.944466,-151.463013,172.684494,-178.870483,150.871475
Z944,2,258,129.0,-174.606094,-97.42112,132.86499,-171.370865,165.056091,173.151474,-168.806366
Z944,2,259,129.5,178.37149,-110.229034,137.728577,-162.183243,-176.731781,169.513077,167.929855
Z944,2,260,130.0,171.6409,-102.939293,121.459381,-158.975677,179.188461,-168.85524,165.081924
Z944,2,261,130.5,-172.254776,-117.129944,131.598358,-166.02597,-149.446304,173.558853,143.017838
Z944,2,262,131.0,178.10498,-106.200638,124.636246,-151.947815,-175.878265,166.312363,162.275742
Z944,2,263,131.5,-158.980392,-94.694908,138.233322,-168.971542,-173.124939,-178.137207,142.384613
Z944,2,264,132.0,167.763458,-111.841354,137.910645,-172.651337,168.64122,-171.820847,179.834015
Z944,2,265,132.5,-170.115005,-89.511719,127.793869,-170.275146,168.11644,179.522766,173.88208
Z944,2,266,133.0,-172.210602,-102.420975,139.777863,-169.712982,-163.549042,178.469391,155.833771
Z944,2,267,133.5,-172.15094,-85.877541,105.461685,-161.993805,174.495728,-174.724426,165.292603
Z944,2,268,134.0,-171.121231,-107.140945,121.923042,-173.178238,-179.303955,-165.654938,163.945984
Z944,2,269,134.5,-177.015762,-108.285583,143.931717,-158.574402,-163.948044,170.109131,162.339508
Z944,2,270,135.0,172.218826,-128.685883,147.261368,-155.592712,-172.957581,174.964569,163.924133
Z944,2,271,135.5,177.080643,-116.334579,110.195885,-143.110764,173.704041,-174.72496,173.393661
Z944,2,272,136.0,172.258972,-93.40464,103.646049,-130.049591,168.659607,178.283157,163.563202
Z944,2,273,136.5,-179.261154,-122.391441,109.113304,-153.264603,-170.389175,-169.517593,159.910294
Z944,2,274,137.0,-166.653183,-92.31942,103.225533,-147.477264,-176.447693,-174.829727,157.028534
Z944,2,275,137.5,179.670715,-83.184448,134.629852,-168.845612,176.245178,-169.576752,148.564178
Z944,2,276,138.0,171.455811,-117.845573,138.909088,-160.620209,170.635834,176.298645,178.621384
Z944,2,277,138.5,178.958374,-112.722885,138.314545,-160.385239,-170.741699,-175.668152,151.506454
Z944,2,278,139.0,-170.274033,-129.538208,140.158829,176.598511,-160.355103,171.592361,148.260422
Z944,2,279,139.5,-170.412857,-167.540985,103.123306,-126.283997,-129.852905,-174.837402,156.364716
Z944,2,280,140.0,-166.772552,-106.329018,135.787796,-165.605942,168.607391,-171.545837,162.789307
Z944,2,281,140.5,170.66188,-113.986549,129.5065,-172.069351,-164.118225,-171.758194,168.175995
Z944,2,282,141.0,-163.025604,-106.303116,130.318665,-155.931137,174.508102,-177.653976,164.580597
Z944,2,283,141.5,-172.500961,-97.433159,122.621925,-164.3703,174.863647,-179.934418,173.417038
Z944,2,284,142.0,177.821869,-107.340721,121.005257,-171.979248,-175.240234,-172.490997,175.982788
Z944,2,285,142.5,173.717606,-82.240181,112.654755,-161.4655,-158.929764,-176.211975,158.277328
Z944,2,286,143.0,-176.402267,-109.121964,107.953278,-161.942688,176.73613,-178.672928,171.858231
Z944,2,287,143.5,-167.997589,-126.73571,99.968178,-130.342789,-167.700134,179.8871,169.924271
Z944,2,288,144.0,169.567825,-113.810684,141.434708,-165.151611,172.123245,-177.337296,174.515625
Z944,2,289,144.5,179.779663,-127.836899,63.455879,-79.299858,-173.692474,169.872177,162.547653
Z944,2,290,145.0,-169.55162,-140.063217,68.631973,-83.16188,-148.367996,165.053757,164.439194
Z944,2,291,145.5,-177.921585,-91.310249,104.451248,-165.163605,175.43338,-165.538605,165.135269
Z944,2,292,146.0,-158.731552,-131.756042,85.277542,-134.180359,-134.815353,-174.509323,178.088638
Z944,2,293,146.5,169.29744,-109.576797,128.505066,-157.257248,178.284866,-179.915558,154.451721
Z944,2,294,147.0,172.655884,-119.03495,136.106216,-171.681747,178.438431,-176.398544,167.116959
Z944,2,295,147.5,-165.642853,-94.917549,123.251518,-173.978378,172.476135,-164.121033,167.077164
Z944,2,296,148.0,175.595871,-111.948944,135.612183,-167.566849,163.460953,-171.260468,155.800446
Z944,2,297,148.5,159.435379,-38.918484,138.73233,176.82402,172.878265,-167.229416,159.817062
Z944,2,298,149.0,153.951004,-46.721035,131.206284,-165.675247,149.590515,-170.616577,179.594681
Z944,2,299,149.5,173.275314,-103.648087,129.281204,-166.600906,-173.266861,-169.973297,172.137772
Z944,2,300,150.0,-179.030945,-132.271637,134.556992,-161.841385,-177.860123,-176.868362,163.479263
Z944,2,301,150.5,175.186493,-51.735279,118.61013,173.752853,169.570084,-177.703674,171.887405
Z944,2,302,151.0,176.209763,-51.05582,120.533142,-164.774536,153.311661,178.01857,167.403687
Z944,2,303,151.5,-176.968628,-77.501053,122.22245,-155.929092,168.835861,-177.191513,168.000168
Z944,2,304,152.0,171.317734,-119.775833,138.814484,-165.545746,161.650803,-159.303757,170.204086
Z944,2,305,152.5,-160.247665,-95.691414,132.732925,-167.128464,178.316788,-165.141006,155.207901
Z944,2,306,153.0,166.756729,-121.497124,134.587234,-167.939026,172.65625,-179.732635,171.400558
Z944,2,307,153.5,173.636475,-98.471855,137.610779,-146.408813,151.302704,-176.343903,164.264648
Z944,2,308,154.0,-176.045578,-95.215881,122.679886,-150.756531,166.514999,-177.187195,168.388489
Z944,2,309,154.5,-179.160797,-102.931053,118.918961,-159.072968,173.441315,-171.502411,175.084946
Z944,2,310,155.0,-168.438385,-91.983116,139.417084,-169.222076,176.742432,-178.531036,154.364731
Z944,2,311,155.5,-157.157974,-124.572472,135.192993,-176.50798,-169.911606,-161.30072,135.727692
Z944,2,312,156.0,-176.105728,-83.48777,131.983047,-166.834091,174.232056,-173.959045,142.977829
Z944,2,313,156.5,-156.621506,-83.219666,108.585121,-165.373184,-179.047104,178.205292,176.226746
Z944,2,314,157.0,-176.354675,-97.233452,141.608932,-167.915207,169.303787,-166.541824,155.675385
Z944,2,315,157.5,176.096069,-85.068092,106.723877,-151.855545,-168.621201,176.82254,140.31662
Z944,2,316,158.0,-177.2164,-102.82251,121.494286,-148.383621,-171.351135,-177.11586,165.70697
Z944,2,317,158.5,159.632858,-91.286789,127.294388,-177.486084,169.235107,-179.506317,156.658081
Z944,2,318,159.0,174.127655,-97.272804,146.146988,-161.452454,169.960129,-176.605286,163.194855
Z944,2,319,159.5,169.153946,-82.455299,111.098434,-158.765991,177.202103,-176.934433,175.037369
Z944,2,320,160.0,177.199677,-97.502739,108.46315,-175.345322,-173.536453,-170.697189,169.165375
Z944,2,321,160.5,171.837845,-101.036835,110.086189,-161.439651,163.641144,-176.34375,172.181656
Z944,2,322,161.0,-171.959473,-84.666367,130.545914,-161.215286,179.548721,-179.076172,172.109695
Z944,2,323,161.5,179.637024,-115.834366,113.072296,-165.35936,178.839966,-168.727936,154.276047
Z944,2,324,162.0,-172.368591,-101.347694,128.762833,-161.620163,-168.597794,-173.855576,155.403015
Z944,2,325,162.5,174.416977,-91.670067,143.721497,177.365662,161.980545,168.433121,167.006668
Z944,2,326,163.0,179.625137,-153.342743,95.797607,-139.756119,-151.737915,-167.550995,175.188034
Z944,2,327,163.5,169.432129,-73.461769,117.543854,-164.164673,174.750961,-169.374741,172.649307
Z944,2,328,164.0,169.132141,-92.474266,110.623802,-155.405319,166.822311,-178.658905,-176.024414
Z944,2,329,164.5,-172.886627,-112.702026,123.918129,-161.555374,-178.566833,179.552261,175.841492
Z944,2,330,165.0,-177.706512,-92.83989,128.494186,-154.613007,-168.603287,173.094635,149.568192
Z944,2,331,165.5,178.822174,-90.511108,138.235825,-169.171143,170.624542,-175.560699,158.811554
Z944,2,332,166.0,-170.215851,-108.136406,122.306587,-149.548264,-164.271683,170.28212,160.046021
Z944,2,333,166.5,162.948563,-69.513847,119.437538,-162.177261,175.61322,-177.900284,145.639542
Z944,2,334,167.0,-172.156616,-112.188919,129.810989,-172.458267,-157.504456,-175.852112,155.659012
Z944,2,335,167.5,162.045364,151.150879,92.24173,-92.822426,-99.860336,-172.493942,166.514557
Z944,2,336,168.0,-170.63443,-118.504601,128.105209,-163.559143,-169.79364,-166.352509,179.594727
Z944,2,337,168.5,175.6306,-97.51664,130.873901,-169.241089,-175.862381,-174.349609,168.357193
Z944,2,338,169.0,-177.706177,-98.748665,89.129768,-118.637787,146.846039,178.290253,156.183502
Z944,2,339,169.5,172.506653,155.276459,71.885811,-73.190361,-140.204544,-169.31517,-170.371689
Z944,2,340,170.0,-174.721298,-87.589767,149.760132,-166.337143,-173.514221,173.975266,155.710724
Z944,2,341,170.5,-177.964752,-83.43306,153.031937,-156.678833,159.12117,-177.499893,165.802856
Z944,2,342,171.0,168.597031,-86.414726,123.15506,-158.814011,168.123505,-179.526199,165.121735
Z944,2,343,171.5,-168.807053,-112.329422,113.141693,-151.2892,-154.852051,-168.380051,162.917175
Z944,2,344,172.0,-153.663361,-100.921593,131.965668,-161.141464,173.663956,-172.380249,150.629105
Z944,2,345,172.5,175.772568,-83.777412,126.713402,-166.045502,-177.239044,-167.850891,151.616501
Z944,2,346,173.0,-170.179352,-104.814644,126.493401,-161.616318,178.194458,179.234955,151.827484
Z944,2,347,173.5,-169.648849,-104.026955,136.76712,-166.349289,159.100418,-174.456711,168.83107
Z944,2,348,174.0,-169.140747,-97.583565,127.057434,-164.25087,-154.508392,167.808807,163.095856
Z944,2,349,174.5,170.615341,-120.793648,130.768524,-146.148956,-174.827271,-178.355606,157.151062
Z944,2,350,175.0,170.844696,-115.894936,147.159134,-165.116455,171.432541,-175.830597,165.847702
Z944,2,351,175.5,176.820511,-65.956764,146.529953,-157.118164,175.314209,172.891129,156.990204
Z944,2,352,176.0,-174.778183,-113.24324,93.406242,-114.803635,-165.086624,166.388779,171.786545
Z944,2,353,176.5,-174.184753,-117.580544,122.704857,-149.834,-172.658539,179.252808,166.164322
Z944,2,354,177.0,-177.493958,-91.530869,141.522797,-169.046005,168.497238,-176.37146,171.871613
Z944,2,355,177.5,-177.521042,-117.191185,130.290802,-166.008392,-172.250656,-170.014801,159.816315
Z944,2,356,178.0,172.727264,-81.048401,128.501999,-162.249649,-170.096954,-177.777267,171.993378
Z944,2,357,178.5,-178.61142,-155.970261,133.725998,-139.641495,-123.40995,-173.863174,145.728104
Z944,2,358,179.0,-179.963547,-169.290283,136.142212,-160.416946,-117.311859,-173.180115,167.510071
Z944,2,359,179.5,178.662048,-87.383369,140.237152,-166.561508,-179.750183,176.40271,159.283829
Z944,2,360,180.0,179.09726,-88.711945,125.431328,-159.450226,-170.342575,-179.451035,163.734055
Z944,2,361,180.5,177.383133,-103.068558,154.16011,173.855865,-175.352692,-179.34108,168.611771
Z944,2,362,181.0,176.064804,-64.082916,137.667038,-170.540817,176.139755,-178.49527,144.450058
Z944,2,363,181.5,-166.851791,-96.610001,123.14994,-146.147049,-172.387802,176.7901,153.906433
Z944,2,364,182.0,-168.387238,-125.043266,145.33252,-173.340912,178.29718,-174.995056,169.554703
Z944,2,365,182.5,-169.581299,-122.818672,93.166954,-135.727325,-163.382278,173.563293,164.054352
Z944,2,366,183.0,-174.07782,-105.67424,135.068527,-179.666504,-172.088608,-173.091675,159.670303
Z944,2,367,183.5,-153.80899,-120.993263,69.482124,-124.174797,-165.543442,-170.471786,164.224564
Z944,2,368,184.0,-179.595749,-138.579956,131.107727,-179.577164,-157.035141,-165.045959,157.988815
Z944,2,369,184.5,177.885101,-103.534027,123.95369,-168.832123,-140.467575,-174.904053,144.771103
Z944,2,370,185.0,-168.158585,-94.286377,135.667496,-176.878006,160.855362,-173.175537,-166.038239
Z944,2,371,185.5,176.858002,-168.823227,135.437775,-155.731537,-140.669373,-173.411224,172.110413
Z944,2,372,186.0,173.675751,-114.624275,95.205475,-142.500656,-167.276352,-166.394455,169.573318
Z944,2,373,186.5,-173.243683,-104.21447,135.558807,-175.375961,-171.182266,-167.985458,161.84697
Z944,2,374,187.0,-174.727341,-67.789314,103.363892,-154.110107,-174.734512,179.386948,146.823303
Z944,2,375,187.5,-169.754349,-115.50795,143.037872,-170.935303,-165.849228,-179.495987,146.553604
Z944,2,376,188.0,-169.425201,-179.895752,145.312057,-156.811005,-141.45546,-162.611618,164.533005
Z944,2,377,188.5,168.925385,176.477142,135.276443,-166.106628,-168.594269,-155.577347,-161.821777
Z944,2,378,189.0,-172.897522,-112.685585,114.703476,-169.018967,165.384613,-160.274017,161.844666
Z944,2,379,189.5,179.482513,-132.833527,114.933792,-150.393158,-147.844849,-167.489685,-177.983612
Z944,2,380,190.0,170.295685,-109.474312,137.565216,-175.55658,176.435181,-170.952713,162.823013
Z944,2,381,190.5,-175.422043,-121.294281,134.559235,-168.282135,-169.850571,175.577347,168.546799
Z944,2,382,191.0,179.425507,-62.854809,121.317764,-147.109253,134.266281,165.016678,159.861908
Z944,2,383,191.5,178.179855,3.768181,74.427551,-159.06189,-168.738403,170.247238,169.249039
Z944,2,384,192.0,-171.334763,156.541534,82.19146,-80.168625,-77.606857,179.245529,159.284882
Z944,2,385,192.5,178.919388,-100.590981,130.900513,-171.992767,-167.645737,-171.243332,162.857452
Z944,2,386,193.0,177.418411,-160.190079,118.247459,-149.059677,-123.61219,-174.550537,167.320496
Z944,2,387,193.5,178.78479,-107.543434,143.522491,-147.155289,-165.683273,171.117142,148.274994
Z944,2,388,194.0,173.364914,-148.612549,82.621078,-145.115097,-151.748276,-171.838104,172.94664
Z944,2,389,194.5,-166.59494,-97.978409,100.316826,-169.764923,-163.713455,178.519379,162.219727
Z944,2,390,195.0,-171.506165,-77.201118,98.937187,-177.445969,177.08374,-173.028351,177.710251
Z944,2,391,195.5,-162.511551,28.303556,82.797409,-172.114212,-169.990463,171.622543,171.591919
Z944,2,392,196.0,-174.17688,50.533104,60.847458,-173.400192,-117.317093,-177.120926,162.267426
Z944,2,393,196.5,173.773285,34.064472,52.982445,-158.747269,-132.231354,172.863724,177.173752
Z944,2,394,197.0,-178.098114,13.858698,91.056313,177.10672,-168.661804,179.435226,163.004883
Z944,2,395,197.5,177.529297,14.912673,76.170326,-177.179688,-178.699905,-170.261429,168.927017
Z944,2,396,198.0,-177.063522,44.477669,72.495178,178.558838,-151.237976,-167.767914,163.386002
Z944,2,397,198.5,-179.245438,48.641457,62.419903,-178.69455,-139.854752,172.410126,175.180191
Z944,2,398,199.0,-172.609253,54.235119,74.787376,177.627731,-150.127151,-169.664444,140.43541
Z944,2,399,199.5,-174.381317,39.74012,71.939148,-178.173004,-177.127792,-169.182098,171.588867
Z944,2,400,200.0,169.296921,-20.809679,108.238144,179.171356,-159.703476,170.749359,-179.05986
Z944,2,401,200.5,-172.771362,-129.458801,62.100872,170.990158,-137.809036,-172.850571,151.331223
Z944,2,402,201.0,162.735352,-123.783714,68.806007,-175.379456,-113.369408,-173.516373,-179.812851
Z944,2,403,201.5,-170.884506,-157.53038,82.525871,172.968353,-102.421356,-178.499741,153.947525
Z944,2,404,202.0,-157.031204,-127.830658,70.118958,170.301361,-147.337814,-169.839798,177.643112
Z944,2,405,202.5,-176.844666,-122.901848,56.785728,-162.57135,-100.330574,-170.55542,166.7668
Z944,2,406,203.0,-178.985931,-165.17543,80.91288,-177.704376,-137.50502,-174.801956,179.532547
Z944,2,407,203.5,-169.124893,24.021708,92.436142,-174.316345,-176.699722,158.053619,-163.629135
Z944,2,408,204.0,173.609665,-51.889629,162.2798,176.250595,175.092178,-170.368439,168.180618
Z944,2,409,204.5,164.131119,-79.438316,117.244637,-160.045044,165.656509,-172.430359,166.73288
Z944,2,410,205.0,-175.27417,57.274879,119.29615,-156.631912,-138.802902,-177.778076,162.062271
Z944,2,411,205.5,-167.722305,-56.994621,103.116951,-171.369644,-174.642059,-179.399872,162.199966
Z944,2,412,206.0,-153.660858,-47.698788,138.012939,-161.952072,169.321304,179.192612,-175.987747
Z944,2,413,206.5,176.046555,-96.56459,129.273422,-163.697876,164.82547,-176.51384,-173.782379
Z944,2,414,207.0,-166.932404,-103.318962,129.448761,-153.928543,176.407211,175.280502,167.282181
Z944,2,415,207.5,-173.359283,-104.4114,137.095306,-155.643387,178.500595,-177.98204,169.45546
Z944,2,416,208.0,-176.220001,-81.497459,137.33934,-175.995041,177.533722,-164.918381,153.878708
Z944,2,417,208.5,-178.370438,-105.56813,129.82164,-179.506088,-167.377151,-172.009949,162.49118
Z944,2,418,209.0,-178.037842,-83.395302,137.375931,-151.797867,160.32222,170.757538,171.506363
Z944,2,419,209.5,173.385529,-91.614281,149.303253,-161.122482,-176.720596,-175.542404,162.514923
Z944,2,420,210.0,179.08252,-98.683823,138.93811,172.295029,174.720749,-165.849442,170.891342
Z944,2,421,210.5,172.863052,-115.6819,150.374161,-163.252823,171.53685,-179.300552,148.561066
Z944,2,422,211.0,-167.64035,-112.278496,134.21489,-144.244598,167.335846,167.739822,170.330307
Z944,2,423,211.5,170.761261,-90.005074,133.603867,-150.738693,-168.536346,168.4021,178.617462
Z944,2,424,212.0,-172.104752,-120.333221,149.286804,-160.98262,177.588989,-175.820755,154.108017
Z944,2,425,212.5,-167.143768,-93.527168,128.185944,-163.183853,163.516098,-177.438477,152.959366
Z944,2,426,213.0,-177.902481,-102.082275,132.201126,-171.545334,-155.077454,-172.829605,162.179611
Z944,2,427,213.5,-175.87529,-94.911636,127.134354,-155.062134,-177.192078,169.531815,-175.607986
Z944,2,428,214.0,173.211075,-152.315735,119.62191,-155.940964,-159.321533,-166.945435,173.83876
Z944,2,429,214.5,-169.126877,-88.474174,120.215958,-168.479599,-176.294983,-176.527618,158.478806
Z944,2,430,215.0,179.127106,-63.946461,117.16819,-161.699203,153.458923,-176.68277,165.645721
Z944,2,431,215.5,-173.025909,-92.241875,150.495728,-171.932663,-175.114258,179.708313,157.646896
Z944,2,432,216.0,-173.206192,-97.604752,133.308151,-157.864578,-171.667831,173.802841,150.077744
Z944,2,433,216.5,-177.895142,-94.966301,141.036957,-150.839569,-175.218201,167.006409,-177.820938
Z944,2,434,217.0,-168.072754,-152.577545,119.892632,-142.147461,-131.173721,-171.865265,148.254547
Z944,2,435,217.5,-173.780624,-99.812126,129.633911,-173.77359,-165.634933,-179.093002,150.888107
Z944,2,436,218.0,-172.468277,-133.833206,65.888695,-73.288788,-175.457138,165.243942,170.350647
Z944,2,437,218.5,174.110291,-113.82486,119.493752,-162.194839,-175.081436,-173.070587,152.036911
Z944,2,438,219.0,171.077271,-82.626045,138.179642,-179.023239,167.082565,-169.822296,137.471848
Z944,2,439,219.5,170.861435,98.617783,88.990585,-71.666954,-113.021492,171.402939,167.649811
Z944,2,440,220.0,-165.535202,-100.353371,125.545235,-158.619415,-174.061096,-179.846436,161.119324
Z944,2,441,220.5,175.559555,-93.448921,113.760223,-158.599197,-173.821365,178.034943,168.794174
Z944,2,442,221.0,176.161438,-96.901558,146.776917,-165.673492,-177.512924,166.444641,176.16571
Z944,2,443,221.5,-168.661758,-84.615074,148.490738,-173.962219,162.62384,-169.274338,171.814346
Z944,2,444,222.0,-167.16333,-91.207443,126.299568,-156.862,164.919647,170.414963,150.486023
Z944,2,445,222.5,-175.34108,-101.773773,142.992035,-161.810638,179.256668,-179.643951,168.537247
Z944,2,446,223.0,-173.556808,-84.754333,159.838455,176.903519,-179.568283,-171.56311,174.039871
Z944,2,447,223.5,-174.416519,-100.322304,128.333405,-168.295456,-176.78685,-167.462616,148.98558
Z944,2,448,224.0,177.148972,-91.988319,147.715561,-167.769165,177.910919,-169.957794,150.168503
Z944,2,449,224.5,-176.804596,-81.979904,138.034607,-160.684616,172.175674,176.114243,155.193756
Z944,2,450,225.0,173.086792,-93.331985,122.749535,-176.503738,168.305908,-171.672546,156.303818
Z944,2,451,225.5,-163.702545,-96.377602,114.920868,-156.295242,177.315384,-167.007843,163.520157
Z944,2,452,226.0,172.579788,-94.48671,109.672295,-157.188583,157.902817,-179.25386,156.649979
Z944,2,453,226.5,174.665924,-82.109619,147.356506,-173.961182,172.468338,174.50499,-170.436676
Z944,2,454,227.0,-175.08522,-78.070396,131.714127,-162.974976,177.765564,179.127975,166.138367
Z944,2,455,227.5,178.330597,-103.107529,150.650223,-171.354858,-170.942505,179.057236,154.935532
Z944,2,456,228.0,-172.391678,-97.247795,110.612991,-170.846695,-159.436111,-167.96637,140.999695
Z944,2,457,228.5,-171.907898,-112.575562,118.107002,-159.707108,-165.510498,-164.556015,144.671951
Z944,2,458,229.0,-167.586533,-77.959595,158.151566,-170.288528,166.566589,176.18486,172.856583
Z944,2,459,229.5,-175.943115,-87.48558,133.524872,-160.383682,-175.41214,171.476547,152.781296
Z944,2,460,230.0,-173.226227,-100.747139,128.346039,-179.347595,171.769058,-161.663254,154.992935
Z944,2,461,230.5,173.37793,-87.888466,142.60994,-160.677551,179.726013,176.659042,165.830856
Z944,2,462,231.0,-178.565125,-129.578857,102.438736,-144.953934,178.345993,-164.05014,-176.984833
Z944,2,463,231.5,164.31012,169.041397,143.021713,-152.755478,-113.313629,-178.424332,144.090759
Z944,2,464,232.0,-175.196716,-168.862762,135.752975,-163.218201,-112.229134,-173.81076,163.970657
Z944,2,465,232.5,-178.541428,-81.213539,148.90625,-167.959717,173.15007,173.762146,165.978348
Z944,2,466,233.0,178.741119,-90.889091,142.378525,-164.779694,-174.744919,171.913406,156.460495
Z944,2,467,233.5,168.49852,-84.206505,138.462326,-170.58461,170.576523,-173.475082,152.805817
Z944,2,468,234.0,-162.970612,-77.100258,123.572975,-171.50528,-168.690445,-176.098999,163.756577
Z944,2,469,234.5,175.73999,-108.845573,122.481331,-161.668274,-179.261047,-169.654266,154.047012
Z944,2,470,235.0,-171.711594,-104.442642,134.284851,-162.318893,-159.019516,171.656708,153.896286
Z944,2,471,235.5,175.428848,-84.434952,136.522202,-173.290161,171.895645,172.832077,162.231949
Z944,2,472,236.0,-178.280975,-137.75528,106.400131,-139.034439,-139.754593,175.693878,163.675262
Z944,2,473,236.5,179.206406,-89.363754,133.82399,-175.44783,-165.428802,-164.905365,158.182983
Z944,2,474,237.0,169.902954,-105.997681,136.550446,-175.213242,168.772903,-170.52771,172.746429
Z944,2,475,237.5,169.640915,-96.665421,128.650803,170.473404,-175.098999,-164.937393,161.765182
Z944,2,476,238.0,178.648499,-140.673111,108.768639,-139.258087,-156.781921,177.231308,-177.77243
Z944,2,477,238.5,-179.102066,-94.898201,130.512878,-147.277817,171.797775,177.760452,161.638
Z944,2,478,239.0,-163.625244,-107.883522,121.795837,-171.026749,170.381332,-159.757401,179.211929
Z944,2,479,239.5,-177.792679,-102.658119,120.339188,-169.579361,-174.06868,-171.367462,-171.896362
Z944,2,480,240.0,-175.056992,-99.456642,140.073196,-172.455963,-176.206223,179.307419,172.91423
Z944,2,481,240.5,167.433685,-93.971931,133.115921,-168.312332,161.721283,176.823196,162.740875
Z944,2,482,241.0,176.622116,-82.735619,118.594597,-160.429932,178.24321,-176.099197,163.689087
Z944,2,483,241.5,-176.461929,-84.058655,141.783295,-164.909012,166.717743,-176.048019,158.300186
Z944,2,484,242.0,173.851669,-90.894852,118.282402,-168.323837,172.687042,-173.881104,-178.179749
Z944,2,485,242.5,-169.99144,-111.52417,135.778366,-173.302032,-165.997574,-175.7789,160.706711
Z944,2,486,243.0,-171.757172,-101.010696,129.864761,-178.332306,-176.62619,-166.13533,157.058121
Z944,2,487,243.5,-163.092484,-100.477699,117.04966,-166.455139,166.108673,178.767456,153.692429
Z944,2,488,244.0,-169.972397,-93.506866,142.691086,-177.446533,176.870605,-168.784042,159.378372
Z944,2,489,244.5,177.1147,-106.384727,136.761322,-171.278671,-162.575134,179.704926,174.683426
Z944,2,490,245.0,-174.494095,-72.421417,132.603149,-145.29277,164.824249,-179.136124,141.512009
Z944,2,491,245.5,-175.866119,-102.115677,140.330582,-174.288422,-179.763229,-169.174576,157.308975
Z944,2,492,246.0,-174.107574,-108.716591,140.179153,-159.094635,155.511139,178.122681,178.960526
Z944,2,493,246.5,177.374969,162.784851,148.652374,-160.853287,-124.524773,-169.80188,155.436554
Z944,2,494,247.0,178.382004,-86.640617,129.939819,-155.53299,159.022247,-168.179977,177.198059
Z944,2,495,247.5,-175.881622,-111.155769,85.4543,-101.417648,-177.44458,166.991058,173.671799
Z944,2,496,248.0,-177.18399,-101.607674,142.165878,-173.494019,163.923386,-178.962463,150.076309
Z944,2,497,248.5,-177.567596,-91.387016,130.745255,-163.184097,172.147995,168.335587,176.90213
Z944,2,498,249.0,-177.834946,-110.767708,143.628326,-172.604172,-166.315567,177.660583,177.581421
Z944,2,499,249.5,-179.155609,-95.521225,136.332001,-177.769516,-177.307266,-172.37912,175.385818
Z944,2,500,250.0,168.843094,-83.273102,140.895157,-150.790222,-179.920364,158.7444,168.713379
Z944,2,501,250.5,-179.678986,-115.468086,126.847527,-165.091217,178.304886,174.581635,177.130188
Z944,2,502,251.0,-175.504501,-117.173264,131.920975,-170.633682,174.838196,177.461456,168.305771
Z944,2,503,251.5,-175.295258,-174.032455,145.570526,-154.670563,-109.928825,-177.777954,148.289322
Z944,2,504,252.0,-163.12178,-109.426804,131.113098,-171.461456,-170.38829,-172.560638,162.235474
Z944,2,505,252.5,174.037231,-94.655937,136.755173,-160.820786,-152.980484,-176.670639,143.885681
Z944,2,506,253.0,-166.830276,-67.874229,142.492264,-167.109055,179.509933,174.69249,173.656097
Z944,2,507,253.5,172.214813,-71.337784,160.133881,-162.069519,-173.531601,175.989227,164.478607
Z944,2,508,254.0,171.223083,-68.636452,139.485703,-167.016235,-176.229324,-171.822296,152.419556
Z944,2,509,254.5,-175.432022,-100.703537,150.395279,179.311996,-176.342514,-170.509018,173.426117
Z944,2,510,255.0,175.994339,-63.102242,143.072922,-162.024261,173.610641,174.076279,158.639328
Z944,2,511,255.5,159.842133,-80.147827,146.720581,-160.003677,160.113083,176.841766,168.892014
Z944,2,512,256.0,165.476334,-101.864738,123.745735,-153.342331,168.310013,173.139984,179.999863
Z944,2,513,256.5,-178.707825,-75.826889,136.909622,-172.048599,-169.620178,178.249878,158.209686
Z944,2,514,257.0,178.194458,-72.186119,152.291382,-169.675613,154.016388,-176.187439,175.120987
Z944,2,515,257.5,175.840408,-70.30278,89.077255,-149.616241,-162.961823,170.617447,163.966095
Z944,2,516,258.0,-174.074524,-81.408485,122.701546,-167.914185,160.884689,-175.835464,175.187714
Z944,2,517,258.5,-173.426834,-54.785099,148.122803,-159.868179,164.134766,172.720459,151.603516
Z944,2,518,259.0,-175.831009,-54.860744,139.695816,-161.049698,148.113815,-177.553879,175.488846
Z944,2,519,259.5,-162.078171,-62.653564,134.369308,-170.47847,-159.891922,-170.595795,159.413895
Z944,2,520,260.0,178.657532,-80.323418,131.459564,-156.424515,-168.594238,179.803604,167.845901
Z944,2,521,260.5,-159.859589,-66.281448,157.778824,-172.715042,175.159592,-168.662735,-174.778244
Z944,2,522,261.0,-168.234665,-26.72035,146.755447,-179.297638,-171.58284,-172.156525,157.595703
Z944,2,523,261.5,167.881134,-45.745655,154.99147,-176.334045,155.993057,179.611023,158.856369
Z944,2,524,262.0,179.025558,-105.257324,125.213814,-167.901352,-177.744019,-172.772141,160.748276
Z944,2,525,262.5,166.787277,-97.823807,146.104355,-167.630447,166.533218,171.579041,-170.33815
Z944,2,526,263.0,174.228271,-39.81855,140.785416,-171.748474,162.082703,174.632034,-172.877228
Z944,2,527,263.5,-175.125244,-72.616508,154.492294,-164.679199,160.351303,-179.193161,170.177521
Z944,2,528,264.0,-159.635544,-75.625694,154.603073,-164.318741,-168.00267,175.615295,153.152817
Z944,2,529,264.5,-172.958939,-97.120659,137.00798,-150.254272,-174.157837,174.214325,166.077896
Z944,2,530,265.0,-171.084625,-80.431221,148.44429,-169.642593,-178.701309,172.585602,-173.004532
Z944,2,531,265.5,155.397202,-67.692833,147.314758,-173.517349,-155.587479,170.493378,171.387253
Z944,2,532,266.0,-160.91806,-4.782008,93.363564,-172.764648,-159.709198,177.172256,167.970108
Z944,2,533,266.5,-170.45459,10.273444,112.255112,174.416382,169.182129,175.076141,170.129547
Z944,2,534,267.0,-171.080124,26.022776,67.241318,-171.029541,160.305054,172.746933,176.777008
Z944,2,535,267.5,-176.031631,-5.41447,98.592636,177.505112,-151.799515,173.558838,146.161926
Z944,2,536,268.0,-152.016464,-10.833505,97.963432,-165.703445,-179.905609,166.631607,177.074783
Z944,2,537,268.5,178.517471,13.97092,61.787502,175.308716,-95.484718,169.634827,159.206955
Z944,2,538,269.0,178.771362,48.407642,73.063072,179.48468,166.907211,177.444229,173.973221
Z944,2,539,269.5,170.627808,-5.982415,96.214516,-165.168488,175.58165,171.252731,178.907257
Z944,2,540,270.0,-170.461273,-58.281715,145.764175,-178.545776,-169.682632,172.720764,144.404663
Z944,2,541,270.5,158.977066,-81.738319,86.030663,-155.607147,-148.840424,-172.250198,166.224197
Z944,2,542,271.0,-173.601181,41.466278,75.545509,179.873169,-179.94516,-175.536316,171.30127
Z944,2,543,271.5,-168.812225,22.248192,85.13073,-175.868103,163.554733,-178.587799,177.424942
Z944,2,544,272.0,-170.657272,55.485577,64.848969,176.514496,-171.337982,-170.651474,162.586212
Z944,2,545,272.5,179.413834,28.024622,86.210632,176.260681,-148.085876,175.608475,161.324722
Z944,2,546,273.0,-165.342728,15.41431,86.813057,177.811981,-160.139862,166.673996,161.501511
Z944,2,547,273.5,-166.069351,49.401669,75.247208,-169.308884,167.949219,-176.549789,168.649979
Z944,2,548,274.0,174.48201,30.715845,69.056778,-177.434296,-164.843338,177.049255,166.954254
Z944,2,549,274.5,-175.361969,48.364086,62.024239,-162.765945,-165.654694,178.350189,168.298111
Z944,2,550,275.0,-165.638611,35.209103,77.309746,179.888733,-148.470795,179.911728,149.151321
Z944,2,551,275.5,-173.014648,28.999269,66.233917,-168.120773,-148.732178,-176.933884,160.106354
Z944,2,552,276.0,-174.191132,25.335924,78.198677,174.160233,-170.103836,-172.109192,153.051437
Z944,2,553,276.5,-168.56459,60.95573,58.706379,-173.357727,-169.681091,174.126831,-178.207382
Z944,2,554,277.0,-176.825867,31.967871,79.733139,172.34758,-168.642014,-174.259888,170.118179
Z944,2,555,277.5,173.400848,47.807732,75.972176,-167.449203,-172.797485,167.491516,157.715927
Z944,2,556,278.0,-165.101868,45.030159,78.187508,-174.950012,-176.254944,175.56694,-179.821655
Z944,2,557,278.5,-179.289474,25.665249,69.079659,-178.692429,178.486465,-179.198959,-174.879944
Z944,2,558,279.0,-168.043076,16.029312,82.307541,175.263885,-160.470718,-171.391342,163.442993
Z944,2,559,279.5,-169.792557,19.997526,88.491356,178.440811,-144.349808,177.115646,177.49118
Z944,2,560,280.0,-167.090744,41.447865,70.60836,-166.84967,-151.680115,-178.729324,172.016342
Z944,2,561,280.5,-178.776321,5.61833,86.032631,-179.060669,-146.82785,170.173431,139.822159
Z944,2,562,281.0,-158.033936,7.059694,95.81636,175.951294,-163.61734,176.612274,168.027115
Z944,2,563,281.5,-169.228806,-7.225986,75.225159,167.697388,-150.083023,-168.542236,165.524414
Z944,2,564,282.0,-174.868286,14.577557,69.938354,-169.862442,-150.549606,-170.688431,146.66275
Z944,2,565,282.5,-169.080673,16.155111,83.547302,-169.630203,-168.55452,173.303177,155.287659
Z944,2,566,283.0,175.91127,22.504457,82.862869,-173.64032,176.530289,-177.339371,-178.637878
Z944,2,567,283.5,175.085632,20.818851,68.960793,-164.438766,-175.732407,-179.211914,-178.330811
Z944,2,568,284.0,176.950592,31.1402,70.754402,-179.331711,-147.349518,174.196152,165.394989
Z944,2,569,284.5,-175.23761,19.39809,75.81311,-161.838608,-163.445267,176.008957,162.908463
Z944,2,570,285.0,-172.610474,16.267904,78.827797,-165.13414,-164.317337,166.763763,165.911484
Z944,2,571,285.5,168.229172,35.855049,63.640041,172.475662,-150.298203,-177.308243,164.362823
Z944,2,572,286.0,-160.033859,22.154909,96.620514,-178.950928,-176.274063,176.222702,-173.138748
Z944,2,573,286.5,-176.664413,22.202623,81.690552,-176.6138,-163.593613,172.2146,171.666931
Z944,2,574,287.0,-176.113358,17.242088,75.76899,-177.174469,178.534103,177.273987,-166.911819
Z944,2,575,287.5,-170.608215,27.620834,73.716347,178.5103,-170.5336,-175.067154,-178.936783
Z944,2,576,288.0,-171.463638,24.611546,82.664452,178.355942,-146.68811,-172.424973,176.569214
Z944,2,577,288.5,171.074951,28.357315,67.28183,-177.746292,-133.074814,-171.34024,160.84082
Z944,2,578,289.0,-171.655472,31.446222,90.301613,-170.221054,-174.760742,169.688828,166.095535
Z944,2,579,289.5,178.387512,-111.999855,94.496399,175.385071,-175.091156,-178.926392,148.946198
Z944,2,580,290.0,167.659729,-129.771072,53.919693,-166.502319,-161.631912,-174.066025,-175.615555
Z944,2,581,290.5,175.210815,-125.739319,77.734375,-173.014465,-140.49173,-165.792206,-172.595856
Z944,2,582,291.0,-173.192047,-125.080521,60.644527,-175.482559,-119.061142,-171.685608,137.691879
Z944,2,583,291.5,169.157837,-152.565201,76.760612,-175.081329,-133.270157,-167.873367,159.900772
Z944,2,584,292.0,176.757172,-136.272705,71.624847,-173.308838,-149.559464,179.741043,160.377396
Z944,2,585,292.5,160.853561,-177.124847,73.652008,-168.927353,-126.807762,164.911346,177.12265
Z944,2,586,293.0,-178.464386,-107.12722,75.678535,-164.054565,-123.471527,178.846893,165.305206
Z944,2,587,293.5,160.022797,-129.223801,62.866852,-135.036758,-147.073715,167.201508,-162.33815
Z944,2,588,294.0,-173.801468,-120.238487,67.536896,-169.377228,-115.57576,-173.864243,156.854645
Z944,2,589,294.5,173.648315,-139.131592,68.440285,-171.511597,-113.077713,-170.905212,-173.911407
Z944,2,590,295.0,177.40564,-60.172443,110.271461,-179.950272,-117.42849,179.44635,160.407745
Z944,2,591,295.5,-175.251419,-25.904552,92.318436,-174.766724,-127.096329,-172.183258,171.930222
Z944,2,592,296.0,-168.33429,-138.83847,80.92305,170.477737,-97.976646,172.625626,169.447906
Z944,2,593,296.5,-170.488174,-148.310349,71.562431,174.70871,-112.659752,-179.618271,172.221161
Z944,2,594,297.0,-166.228699,-126.726578,59.54958,178.361633,-117.115898,-167.664597,163.70369
Z944,2,595,297.5,149.904358,-112.494431,73.531677,-163.187454,-134.411377,-175.78804,172.715408
Z944,2,596,298.0,179.196365,-108.036835,78.470032,-169.736359,-139.474869,-177.716476,-168.160278
Z944,2,597,298.5,173.947678,-134.099884,76.884216,-175.537994,-124.942276,-174.106171,163.49588
Z944,2,598,299.0,-173.549896,-118.008324,54.895058,-163.690353,-117.073227,-168.619278,172.273209
Z944,2,599,299.5,-168.745453,-145.402084,119.145576,-161.48938,-145.518707,168.017517,172.793518
Z944,3,0,0.0,168.694901,-130.192963,103.10128,87.735245,174.655807,173.721313,-155.47052
Z944,3,1,0.5,-168.191544,-121.75621,104.152649,59.209373,-144.109375,174.536469,175.962234
Z944,3,2,1.0,-171.660736,-96.08905,99.721298,49.635677,-167.10849,-169.078903,-178.226196
Z944,3,3,1.5,164.382507,-123.040871,96.491219,85.30397,-160.95697,166.559128,174.319122
Z944,3,4,2.0,-167.791275,-104.453102,86.020683,80.948257,-178.38205,-175.313675,-159.73732
Z944,3,5,2.5,-179.34726,-93.190254,76.814789,76.556152,-165.775391,177.236374,171.553345
Z944,3,6,3.0,-178.805725,-91.386383,88.467888,64.845909,-176.528793,-172.220093,-150.256821
Z944,3,7,3.5,163.207092,-88.166092,90.227036,64.700256,-157.492264,171.456711,172.567505
Z944,3,8,4.0,-167.594574,-95.520004,95.39196,64.519547,-164.441727,172.124374,-170.10556
Z944,3,9,4.5,-174.826965,-98.995148,106.369003,67.257545,166.83461,175.322021,-161.417343
Z944,3,10,5.0,-178.168701,-108.996109,108.448677,82.963837,-179.408401,-176.775757,-179.383453
Z944,3,11,5.5,172.936249,-114.576851,94.723808,82.721771,-165.665894,177.538895,177.351868
Z944,3,12,6.0,-172.828781,-105.411293,78.125053,61.815556,170.099274,-170.681778,-153.53746
Z944,3,13,6.5,-165.917023,-117.970779,101.109108,72.163528,-175.101379,167.095749,-166.473938
Z944,3,14,7.0,170.646988,-72.308784,90.627266,65.904594,-146.311584,177.174896,164.918167
Z944,3,15,7.5,-158.746002,-85.916634,131.833969,61.829559,-159.70369,162.122498,-168.851913
Z944,3,16,8.0,-175.004929,-101.260582,109.118965,64.521538,-171.814392,-179.558884,174.333878
Z944,3,17,8.5,-138.776138,-104.24086,88.281441,75.923958,178.975021,170.833069,-175.654556
Z944,3,18,9.0,-176.197906,-94.253571,80.045731,69.291618,-158.518707,174.880692,170.304794
Z944,3,19,9.5,-179.710587,-131.62439,113.208801,58.525951,173.201233,-179.381927,-157.623962
Z944,3,20,10.0,-170.365707,-116.528831,120.429626,46.868839,-154.362152,165.519073,-169.249924
Z944,3,21,10.5,170.968933,-96.732468,94.194588,76.559807,157.908966,-179.815842,-157.177963
Z944,3,22,11.0,-175.108124,-124.02636,78.520454,68.471191,178.614044,-166.226059,-169.297455
Z944,3,23,11.5,-163.142792,-103.610512,73.317101,55.232498,-159.371078,179.890289,-175.184433
Z944,3,24,12.0,173.061157,-113.465248,107.977791,56.289429,162.687271,-173.967163,-164.001129
Z944,3,25,12.5,-163.686218,-137.871613,95.816788,62.931553,-168.182037,179.662827,-172.066177
Z944,3,26,13.0,-172.805618,132.807999,59.756573,173.880569,142.646744,-176.106796,178.309982
Z944,3,27,13.5,165.142197,108.730087,83.956406,-177.604294,110.78582,-175.144852,-165.49025
Z944,3,28,14.0,162.771027,-116.806328,81.144424,168.721878,123.02932,173.507767,-148.134384
Z944,3,29,14.5,-175.670746,-70.646721,101.259949,162.063354,155.854355,169.78476,-158.449738
Z944,3,30,15.0,-174.917816,-100.034355,82.920303,-170.514023,84.579071,179.857086,-167.734314
Z944,3,31,15.5,171.45256,-99.758583,123.712921,167.496613,-151.839462,-179.898697,163.543335
Z944,3,32,16.0,-172.089569,-70.973511,103.27459,169.784103,78.864861,-171.269196,-152.845764
Z944,3,33,16.5,178.930099,-111.827713,83.678833,57.082661,-174.527496,-169.5672,167.376877
Z944,3,34,17.0,176.352539,-89.48056,85.248573,74.197395,-168.17392,169.204971,-175.235886
Z944,3,35,17.5,179.413467,-175.457596,100.432976,83.156059,-174.203033,166.31926,174.211594
Z944,3,36,18.0,-169.905838,-111.284996,76.507431,68.255455,-173.451355,-167.003433,169.41069
Z944,3,37,18.5,170.097427,-78.357719,93.551079,57.739128,133.249908,-166.534378,-161.457428
Z944,3,38,19.0,163.477554,-91.316223,94.079384,63.288834,140.47702,165.942535,-175.969223
Z944,3,39,19.5,173.745743,-116.490395,75.125046,66.283394,155.274689,-167.665085,-178.764221
Z944,3,40,20.0,156.040909,-91.882591,61.849865,57.551754,170.249634,-178.332016,-176.257904
Z944,3,41,20.5,171.194458,-147.10997,72.048332,58.744038,-176.601105,177.430862,176.036285
Z944,3,42,21.0,-174.720932,-7.191494,150.25827,-56.842896,179.358856,175.887436,-147.115799
Z944,3,43,21.5,170.211884,-85.88546,81.360924,67.591179,165.1194,174.132584,-167.486176
Z944,3,44,22.0,177.16481,-109.370827,82.153191,51.327667,-166.234177,-176.213409,171.899658
Z944,3,45,22.5,167.358932,3.412193,121.007744,-52.792465,-115.366936,-175.546539,177.207993
Z944,3,46,23.0,-169.991028,-34.42115,162.03331,-61.378532,-168.986633,-170.223053,-161.364136
Z944,3,47,23.5,169.560654,4.825829,127.941948,-47.951839,-137.132126,-176.795776,-162.809875
Z944,3,48,24.0,170.4841,-9.037146,146.820862,-56.62793,-131.222137,-167.829376,175.525986
Z944,3,49,24.5,174.498566,-39.983006,161.854004,-61.953274,-138.406998,-175.707916,-173.418869
Z944,3,50,25.0,162.17305,75.370171,114.106956,-54.477783,-168.097672,-173.767227,-161.27919
Z944,3,51,25.5,168.313095,79.932884,109.100128,-51.335396,-164.835663,-164.919693,-168.717316
Z944,3,52,26.0,168.775955,42.191517,133.469513,-51.699673,-161.005432,-156.959229,-170.205368
Z944,3,53,26.5,163.405762,36.132328,131.179626,-39.383698,-139.057693,179.781891,177.539322
Z944,3,54,27.0,168.692627,63.330158,124.088676,-41.658962,-147.56369,-170.367706,-158.723419
Z944,3,55,27.5,170.909058,-41.954216,149.989059,-70.293121,-117.152756,179.180328,-171.293869
Z944,3,56,28.0,-168.46373,80.811249,131.776337,-48.133102,-128.833237,179.967255,172.91095
Z944,3,57,28.5,178.44043,88.93927,98.551208,-67.746529,-155.822021,-177.410599,-156.115326
Z944,3,58,29.0,175.875809,38.714897,131.764908,-63.769665,-146.75766,-163.878098,170.932816
Z944,3,59,29.5,-167.588135,-97.084808,137.819656,-56.482361,-173.48703,-175.887726,-166.377975
Z944,3,60,30.0,176.249496,-96.192528,151.648941,-60.795452,-177.616776,-166.176193,-176.422363
Z944,3,61,30.5,171.096283,9.320039,137.308563,-57.938869,-130.141388,-164.928116,-159.749451
Z944,3,62,31.0,-176.220459,113.19902,87.383553,-52.176228,-171.864151,-159.239441,-157.391571
Z944,3,63,31.5,-170.713394,-14.765795,159.991241,-48.983673,-131.59079,-159.880447,174.963791
Z944,3,64,32.0,-173.893387,51.59687,110.476837,-36.914036,-152.533661,-172.640259,-168.312592
Z944,3,65,32.5,-176.57637,-72.871788,170.257187,-73.259392,-176.787125,-159.639572,-168.635696
Z944,3,66,33.0,-169.388565,-88.448074,164.15799,-62.890831,-147.390259,-165.329697,-179.62999
Z944,3,67,33.5,-168.560623,-21.829527,152.952255,-56.135948,-162.760788,-168.195663,-157.006119
Z944,3,68,34.0,-179.407272,-94.447533,153.669449,-62.6647,-160.903168,-168.973602,-170.623398
Z944,3,69,34.5,174.877731,-28.276909,154.898544,-64.900818,177.157684,176.321655,-160.331223
Z944,3,70,35.0,-166.188309,-9.557541,155.124832,-40.629063,166.930511,174.242233,-152.322678
Z944,3,71,35.5,162.572342,-50.297489,164.684601,-46.852322,157.487442,-177.642059,-162.263123
Z944,3,72,36.0,160.06427,-54.31321,129.401825,-35.600204,163.395111,-176.953125,-156.95665
Z944,3,73,36.5,174.54155,-46.959328,157.320892,-62.710815,154.329315,-169.302475,-156.193542
Z944,3,74,37.0,-176.173431,-42.895649,162.912338,-67.714394,158.453598,-166.814621,-141.192169
Z944,3,75,37.5,-178.718369,-54.085468,163.083618,-46.00399,167.434448,174.87085,-171.327759
Z944,3,76,38.0,177.607285,-74.866585,165.389709,-60.499096,171.778793,171.049042,-162.763184
Z944,3,77,38.5,172.789078,-38.138542,150.867371,-82.245209,-176.976501,177.505905,159.724747
Z944,3,78,39.0,176.407883,-70.437241,171.346695,-47.573669,157.493805,-169.392914,-151.435013
Z944,3,79,39.5,170.171844,-14.561007,156.06398,-54.198193,173.910461,176.367111,176.377991
Z944,3,80,40.0,176.917175,-50.678452,166.202682,-44.177361,174.377716,-175.118637,-172.453018
Z944,3,81,40.5,177.848892,-39.568455,169.435654,-64.381042,156.369919,-169.860748,-155.496078
Z944,3,82,41.0,-168.825729,-15.71249,122.143425,-36.776897,170.136169,-174.718689,-174.042084
Z944,3,83,41.5,177.311722,4.706868,138.491074,-60.332981,-174.880096,-175.630432,-153.577026
Z944,3,84,42.0,167.201874,-30.50812,141.308899,-43.588711,-170.35965,176.25856,-169.595093
Z944,3,85,42.5,-174.680206,-61.975594,171.208801,-54.775715,177.979309,-161.191147,-167.93248
Z944,3,86,43.0,170.984497,5.367906,119.114143,-27.942169,-174.604156,-168.775925,-178.244232
Z944,3,87,43.5,-159.183609,13.273101,117.054962,-39.554901,176.957275,-174.910889,-165.094116
Z944,3,88,44.0,172.273788,9.175782,121.556847,-22.621473,177.19281,-165.853882,-170.407913
Z944,3,89,44.5,165.042068,-20.557068,154.199844,-45.334869,175.808548,-164.414963,-155.671082
Z944,3,90,45.0,174.296082,-24.956911,146.842453,-37.77541,172.613968,-168.208786,-168.736069
Z944,3,91,45.5,163.062836,-23.905184,157.315292,-41.32056,148.153351,-167.946365,-140.850464
Z944,3,92,46.0,171.301941,-10.160858,142.748993,-60.570869,-175.036484,-163.624054,-168.706055
Z944,3,93,46.5,160.34462,-3.151571,127.805176,-54.041718,-178.7435,-164.898712,-162.163895
Z944,3,94,47.0,169.049011,-2.186527,155.752518,-64.917511,151.510803,-167.817001,-166.314346
Z944,3,95,47.5,174.139755,28.879601,112.222153,-38.760933,-178.998337,-168.249344,-172.782425
Z944,3,96,48.0,178.105591,6.568548,137.624039,-35.890873,-174.589478,-171.918716,-158.064941
Z944,3,97,48.5,166.352905,-3.20455,132.884293,-14.412229,164.820068,178.383698,-164.796158
Z944,3,98,49.0,-175.695389,13.919482,127.979172,-34.831169,-178.90947,-171.77774,-168.774139
Z944,3,99,49.5,167.401993,4.821428,132.940643,-58.173534,151.936295,-156.795609,-139.442474
Z944,3,100,50.0,147.57782,-33.680752,155.928665,-54.683231,150.258362,-158.130569,-162.689041
Z944,3,101,50.5,166.780579,-0.770282,139.292953,-55.140476,159.951599,-157.722137,-160.367706
Z944,3,102,51.0,-169.356354,-7.083651,163.794403,-61.278019,-178.388565,-170.076599,-156.036896
Z944,3,103,51.5,-147.949783,-28.279001,147.227478,-41.656269,167.073196,-170.193756,-152.280319
Z944,3,104,52.0,-176.542053,69.324127,128.160965,-56.791294,-177.53389,-179.227493,-152.977722
Z944,3,105,52.5,-174.886017,3.19403,138.399445,-58.948139,-126.683372,173.991318,175.485611
Z944,3,106,53.0,158.639297,-4.33574,151.392487,-53.987206,166.910355,179.565674,-163.083618
Z944,3,107,53.5,170.881012,99.433922,134.792526,-65.851799,-157.30545,-170.038681,-149.107834
Z944,3,108,54.0,169.226669,-11.022238,142.947708,-52.804287,170.96907,-164.732162,-155.316299
Z944,3,109,54.5,164.857773,-30.39776,156.679321,-55.113209,167.171951,-173.592636,-171.920715
Z944,3,110,55.0,175.125854,-24.437456,140.648849,-41.259178,164.095413,-178.067978,-178.879913
Z944,3,111,55.5,-177.11731,-3.535893,126.905685,-52.27103,-166.61937,-171.781906,-161.850815
Z944,3,112,56.0,156.135941,-19.401703,141.825928,-61.325817,166.141556,-175.602753,-158.540466
Z944,3,113,56.5,162.546173,-28.971149,140.122803,-48.754547,174.607056,-174.231339,-173.661377
Z944,3,114,57.0,167.623657,-1.603207,121.562584,-50.461235,-170.221893,-173.386337,-165.492218
Z944,3,115,57.5,151.359894,5.940433,126.12326,-51.357555,176.010986,-174.813965,-177.924225
Z944,3,116,58.0,172.249542,-38.495338,164.905045,-66.887589,171.455414,-176.12146,-175.38475
Z944,3,117,58.5,173.653885,-9.511351,149.410736,-48.202179,173.622787,178.566025,-152.892044
Z944,3,118,59.0,175.919205,-14.523697,135.396164,-19.309,136.088135,-177.468689,-150.134155
Z944,3,119,59.5,-178.687164,-3.983219,121.366249,-28.14551,168.197098,-177.197266,-171.725769
Z944,3,120,60.0,-159.68103,15.679688,101.54731,-50.01041,-162.924637,-173.1017,-177.318436
Z944,3,121,60.5,172.91748,-27.105425,147.843063,-59.174881,-178.833618,-164.131485,168.76062
Z944,3,122,61.0,-168.249451,-17.319132,153.659302,-50.882549,-169.02597,-170.478302,-178.317291
Z944,3,123,61.5,170.413177,-10.134665,151.09346,-66.941132,171.856674,-155.607788,-170.638168
Z944,3,124,62.0,171.978119,-49.02557,166.600784,-59.721649,-176.747223,-178.409012,-161.404358
Z944,3,125,62.5,166.616913,-24.925425,113.883202,-66.110703,-150.82077,173.251129,-169.921478
Z944,3,126,63.0,179.964798,-60.570522,168.986816,-76.886971,-171.303497,-171.221939,-174.612518
Z944,3,127,63.5,-175.730209,-49.953556,140.382858,-55.769009,-169.655655,178.754059,-176.306702
Z944,3,128,64.0,170.237305,-49.39642,170.879227,-72.452461,-168.954803,-173.398682,-166.111359
Z944,3,129,64.5,-172.0271,105.41832,137.601715,-63.004944,-167.283066,178.370941,-174.243317
Z944,3,130,65.0,175.242905,33.554291,112.176781,-64.001595,173.946136,-162.789276,-170.701035
Z944,3,131,65.5,-178.712769,-34.654564,158.061783,-47.05925,152.46846,178.562851,-164.198608
Z944,3,132,66.0,167.131378,-39.334324,157.931824,-75.670296,138.28656,-154.091354,-160.963898
Z944,3,133,66.5,178.667465,-25.97344,166.581863,-58.32325,176.826614,-169.694946,-159.481491
Z944,3,134,67.0,-167.58168,4.41788,114.079575,-54.451298,-177.872879,-172.917862,-158.075562
Z944,3,135,67.5,-173.126511,-60.698887,149.142853,-64.97242,-174.841736,170.937698,173.990128
Z944,3,136,68.0,-175.166702,-76.898979,136.806625,-65.767693,173.466934,-164.588486,-160.615067
Z944,3,137,68.5,-177.283356,-23.661791,128.03714,-75.198143,-174.34436,-166.846054,-170.531311
Z944,3,138,69.0,173.120819,-54.431885,131.117126,-64.612587,-118.435532,-176.12999,172.899506
Z944,3,139,69.5,-173.291351,-19.483339,153.550827,-65.066895,-153.835083,175.736694,-166.996078
Z944,3,140,70.0,174.995789,-37.712894,147.535873,-76.890038,-167.824219,-166.528259,179.998672
Z944,3,141,70.5,171.90329,-15.520548,109.587166,-68.845497,174.111176,-167.971497,-173.706375
Z944,3,142,71.0,177.014999,-19.366716,151.806152,-70.590691,-156.944763,177.678513,-165.954605
Z944,3,143,71.5,-172.879791,-42.93071,159.81398,-75.205711,-156.731369,-177.629623,-167.58107
Z944,3,144,72.0,176.818192,-26.501812,148.085693,-53.641357,173.637863,173.903702,-149.142059
Z944,3,145,72.5,171.765076,-65.566788,158.928482,-70.340042,-160.90387,-179.156357,-167.535187
Z944,3,146,73.0,-166.938049,-41.556576,155.601044,-64.192566,176.976562,-178.903214,-161.126129
Z944,3,147,73.5,-145.641663,-2.651921,95.048355,-40.998196,-147.080673,-175.080872,-177.674667
Z944,3,148,74.0,178.404465,-36.333618,121.700272,-63.385036,-158.283112,-163.022629,-177.4319
Z944,3,149,74.5,-170.882401,-32.970245,151.331863,-70.143883,178.235489,-171.746246,-172.441345
Z944,3,150,75.0,176.176437,-50.172817,158.21138,-73.828712,-177.318832,-168.293976,-172.207794
Z944,3,151,75.5,-179.858398,-22.143818,154.412537,-74.239563,-157.382797,-165.006088,-153.517578
Z944,3,152,76.0,-177.587616,-6.844481,107.471909,-69.007156,-144.005264,-170.222473,-172.680573
Z944,3,153,76.5,-158.815491,-33.071487,110.984482,-64.444687,-143.959564,-175.562042,-173.47644
Z944,3,154,77.0,168.885651,-56.82806,164.533478,-95.172089,-151.298325,177.656418,-152.505692
Z944,3,155,77.5,179.930511,-29.92802,124.949219,-66.44001,-151.42662,176.852295,-172.910156
Z944,3,156,78.0,-177.885773,10.936196,114.346451,-69.399345,171.649857,-177.827896,-152.848663
Z944,3,157,78.5,170.624832,-31.761978,104.392448,-64.588707,-168.951248,-156.484787,-160.675552
Z944,3,158,79.0,-162.768463,8.459154,68.900665,-62.383808,-163.855179,-173.979233,-175.910797
Z944,3,159,79.5,-177.18042,-53.578053,142.17308,-60.061829,-132.63414,177.179459,172.962433
Z944,3,160,80.0,-179.608826,-23.724691,138.86087,-80.011032,-174.357513,178.388992,-175.754089
Z944,3,161,80.5,167.321091,-44.024612,107.114281,-59.561756,-146.323318,-165.356827,-178.58725
Z944,3,162,81.0,-168.213577,-17.426128,113.864494,-66.093575,-145.817108,178.042236,-156.149933
Z944,3,163,81.5,-168.402206,-59.775768,129.464828,-76.644363,-158.169601,-161.210678,-162.260849
Z944,3,164,82.0,165.59111,-51.078117,143.945465,-57.960316,-149.590881,-168.404846,173.267334
Z944,3,165,82.5,171.29097,12.144895,85.110451,-64.193047,-173.113449,-168.755966,-155.214386
Z944,3,166,83.0,174.479202,-30.640017,118.809486,-56.338215,-139.204285,176.622162,160.092728
Z944,3,167,83.5,171.197189,-11.360327,128.405609,-79.097183,-172.017807,-159.87883,-167.561066
Z944,3,168,84.0,-170.169067,-30.459072,140.451813,-71.035034,-174.499161,-168.843857,-168.682816
Z944,3,169,84.5,-167.650497,-71.314598,153.819305,-68.410431,-144.915421,-173.790634,168.552658
Z944,3,170,85.0,-173.573181,-47.226982,148.113037,-57.596786,-168.381882,-171.430542,-165.492828
Z944,3,171,85.5,158.195068,-9.054883,98.072899,-55.036671,-169.383514,-173.602585,-161.676147
Z944,3,172,86.0,179.975601,-16.522957,127.882278,-80.392357,176.176407,-158.345703,-165.952805
Z944,3,173,86.5,177.793991,14.40655,84.301125,-64.656113,-152.996338,179.16716,-171.83812
Z944,3,174,87.0,-177.50325,-52.2855,158.703156,-73.868172,-161.773773,-170.537704,-172.456558
Z944,3,175,87.5,176.925964,17.469748,96.046715,-64.817818,-151.235809,173.263229,168.712753
Z944,3,176,88.0,172.622589,-56.277786,159.795334,-53.7654,-173.10202,176.696228,-175.113632
Z944,3,177,88.5,161.953415,-38.639755,147.314697,-71.679901,-150.911224,-174.443497,-166.921936
Z944,3,178,89.0,174.030182,-45.321022,148.788651,-68.79908,-164.312393,-174.833313,-165.687698
Z944,3,179,89.5,173.371597,-43.980419,132.076736,-75.177216,-163.788025,-169.46019,-154.928375
Z944,3,180,90.0,173.222412,-21.335779,93.267502,-50.058895,-145.52916,178.94693,-168.968979
Z944,3,181,90.5,-177.60289,13.712955,77.699684,-59.702164,-156.037842,-179.187561,-163.557373
Z944,3,182,91.0,175.015961,-0.9636,85.199738,-70.047684,-126.720093,-178.943787,-169.560318
Z944,3,183,91.5,163.422119,-16.890268,120.041832,-74.898643,-165.005692,-175.750153,161.195694
Z944,3,184,92.0,170.813339,19.846226,85.703499,-70.152931,-167.725403,-168.062866,177.544693
Z944,3,185,92.5,170.358307,37.655033,87.749374,-72.190269,-179.630035,176.185013,-169.6297
Z944,3,186,93.0,172.186005,-7.997387,101.12851,-73.08651,-148.193848,-171.676483,-165.638962
Z944,3,187,93.5,156.531097,-4.249485,89.206841,-69.987625,-151.441849,-177.9189,177.464645
Z944,3,188,94.0,178.748337,-38.708771,128.609695,-79.36264,-145.843369,-178.693481,-160.251038
Z944,3,189,94.5,-177.984314,-6.512767,93.189354,-68.504951,-128.146271,179.851501,174.804047
Z944,3,190,95.0,-175.299423,-53.7854,178.526382,-30.991793,179.6483,174.602783,-161.000275
Z944,3,191,95.5,170.860016,-44.78701,169.912003,-67.388695,-140.059067,172.983063,167.026199
Z944,3,192,96.0,173.206741,-153.37352,108.949684,-47.825222,-149.863281,-162.934616,178.013962
Z944,3,193,96.5,179.093933,4.488347,139.806473,-41.649441,172.215759,-152.763123,-165.030594
Z944,3,194,97.0,-177.733337,-43.996216,157.8358,-65.032921,145.545624,-165.623749,-155.543381
Z944,3,195,97.5,-177.381714,101.215225,128.719803,-29.315855,-158.517548,173.959702,-156.041
Z944,3,196,98.0,-167.220215,84.318604,134.077332,-64.943314,-147.017593,173.057693,-168.296875
Z944,3,197,98.5,171.866623,87.819649,107.862679,-52.202209,-147.710602,171.147064,179.572708
Z944,3,198,99.0,171.034012,91.41153,116.954147,-51.030972,-176.282501,-164.462753,-160.377426
Z944,3,199,99.5,-179.237534,93.704361,107.314896,-68.786232,-154.503571,-173.038284,-163.703018
Z944,3,200,100.0,170.183594,94.267654,117.942078,-68.970711,-174.524536,-150.884766,-151.170166
Z944,3,201,100.5,-177.9729,78.385223,134.398529,-56.849724,-175.540649,-162.410828,-159.133774
Z944,3,202,101.0,-176.841278,-47.688866,156.217636,-74.256294,-147.959824,177.516678,-174.787689
Z944,3,203,101.5,174.59288,-41.4328,157.509552,-85.980309,-172.474701,-175.71933,-167.989014
Z944,3,204,102.0,172.8181,-38.495247,156.754044,-39.248383,152.50029,-169.308838,-140.909836
Z944,3,205,102.5,-168.57074,-28.359119,128.099289,-78.304543,-139.79895,-163.416092,-174.835312
Z944,3,206,103.0,-179.231873,38.620167,98.156189,-65.367126,-163.427597,-164.54808,-174.912933
Z944,3,207,103.5,161.235703,-110.473763,139.217789,-78.954315,178.727295,-175.405991,-164.646637
Z944,3,208,104.0,-168.691132,-139.558289,85.319344,-51.201725,170.906342,-167.393478,-151.88942
Z944,3,209,104.5,171.022217,-101.655212,138.424362,-65.640091,140.902405,171.405991,-148.10379
Z944,3,210,105.0,-173.486298,-123.866821,137.296616,-56.509037,-146.535843,174.763306,-177.462921
Z944,3,211,105.5,169.113235,104.30201,136.889954,-85.218445,-174.820862,-163.670609,-164.389359
Z944,3,212,106.0,160.965546,112.607033,157.301163,-76.30632,-152.327744,-179.411545,-148.131104
Z944,3,213,106.5,173.490173,3.080156,118.203346,-29.958776,152.919785,-173.910278,-163.299332
Z944,3,214,107.0,168.941208,-41.20668,145.745636,-82.507645,-171.85257,-162.448029,-175.319214
Z944,3,215,107.5,165.889984,-5.20819,116.882309,-76.922539,-169.027328,-176.452255,-179.994003
Z944,3,216,108.0,174.045761,-53.555382,155.502945,-81.108902,-146.321823,-179.622787,-164.862549
Z944,3,217,108.5,173.976181,-61.453957,160.589432,-79.544044,-161.369705,-174.857803,-168.052368
Z944,3,218,109.0,162.272095,-66.429482,168.808792,-62.418804,159.897797,-171.547348,-164.530319
Z944,3,219,109.5,174.089752,-20.855448,117.341103,-51.764835,177.485596,-171.311279,-151.62645
Z944,3,220,110.0,-175.220139,-13.002728,139.945801,-69.349907,-172.277283,179.386108,-163.377884
Z944,3,221,110.5,172.031326,179.174927,134.265762,-59.727894,-164.425201,171.878052,-177.253998
Z944,3,222,111.0,175.859619,-14.220561,147.173965,-74.557312,-157.419281,172.426651,-178.933472
Z944,3,223,111.5,173.188049,-11.518111,97.706902,-78.769287,-162.632553,-174.910019,-157.552734
Z944,3,224,112.0,159.194077,38.405815,95.539001,-79.625145,-178.248993,177.884109,-170.822571
Z944,3,225,112.5,-163.993042,-33.087994,157.521378,-72.849976,179.507263,162.869827,-154.358276
Z944,3,226,113.0,-171.910782,-66.359268,145.157532,-46.750179,-174.346985,174.569626,179.37384
Z944,3,227,113.5,179.777466,-57.042583,166.585236,-45.603092,167.39267,178.951477,-165.925629
Z944,3,228,114.0,-172.07399,-24.790192,135.917526,-80.197891,-151.296997,-177.704453,-164.753067
Z944,3,229,114.5,175.000839,-106.147293,128.604156,-62.593002,-170.170837,173.156067,-170.770569
Z944,3,230,115.0,-168.389633,-73.231422,150.47348,-65.862762,-138.040649,177.707703,-163.120224
Z944,3,231,115.5,165.610992,-58.320442,163.290924,-47.679184,176.371338,176.567001,-153.715012
Z944,3,232,116.0,177.865692,-81.530701,169.13504,-74.752907,-153.39064,175.91774,-174.650269
Z944,3,233,116.5,177.027451,-18.04665,156.609039,-59.052299,-179.151505,-177.405914,-159.912216
Z944,3,234,117.0,-175.340622,-44.404804,158.718735,-77.031067,-153.831604,-177.540756,175.346298
Z944,3,235,117.5,-176.014008,90.231003,151.427094,-84.714012,-170.986023,-175.469482,-166.387939
Z944,3,236,118.0,-174.507553,-73.986565,153.105118,-71.07016,-154.005539,175.528214,-162.503418
Z944,3,237,118.5,-172.907883,-55.300758,143.086868,-65.045967,-145.338104,176.204559,-167.825592
Z944,3,238,119.0,176.743469,-28.215683,149.267365,-67.310173,-172.338959,-175.683014,-154.070496
Z944,3,239,119.5,-160.05452,-36.073856,146.723907,-92.376083,-138.433395,-175.742065,-178.932861
Z944,3,240,120.0,-153.113739,-32.461758,132.380463,-68.942505,-172.241974,-168.836304,-176.444427
Z944,3,241,120.5,170.158463,-57.307644,152.836334,-67.080269,179.549942,-172.934616,-156.489899
Z944,3,242,121.0,174.914963,-21.383146,128.115128,-69.406982,-161.736633,-178.228104,174.751526
Z944,3,243,121.5,179.81546,-27.279696,143.132858,-59.960449,-157.700058,169.395584,-172.008286
Z944,3,244,122.0,-162.976929,-32.626041,132.106079,-62.523308,-154.812332,-163.617126,-165.390686
Z944,3,245,122.5,162.973587,-37.339176,120.808327,-58.285072,-153.274902,175.098465,-164.450272
Z944,3,246,123.0,167.136856,-29.906981,107.860085,-66.327721,-142.349518,175.586502,-177.701508
Z944,3,247,123.5,158.816406,-41.284367,167.258667,-75.472008,147.56102,-171.647186,-153.694839
Z944,3,248,124.0,175.108551,-25.059376,166.587143,-57.200085,163.163467,-177.265274,-156.515137
Z944,3,249,124.5,176.545181,-31.943336,158.829056,-50.289669,157.801559,-176.034241,-145.719681
Z944,3,250,125.0,168.498749,-71.80175,153.316025,-69.079819,-152.882965,-179.631073,179.341248
Z944,3,251,125.5,176.345078,-41.675354,141.534897,-55.677147,151.780762,-175.947937,-159.664627
Z944,3,252,126.0,-177.539398,-96.868866,158.355011,-41.178467,153.508545,178.444504,-152.874146
Z944,3,253,126.5,-165.678848,-57.247021,137.499878,-76.81852,-171.94455,-155.241425,-178.09877
Z944,3,254,127.0,-179.086044,-14.507624,111.565376,-64.247742,-136.728134,-173.841278,-170.771729
Z944,3,255,127.5,168.898575,-21.142958,131.511795,-85.843277,161.674606,-155.923492,-154.586334
Z944,3,256,128.0,171.579941,-50.322548,157.889679,-82.952354,-157.725266,-162.70076,-149.123245
Z944,3,257,128.5,169.7948,-8.296916,151.017487,-61.978912,-173.094543,172.626404,-164.396484
Z944,3,258,129.0,-174.794418,-25.126902,142.567886,-72.047134,-177.916306,-173.473038,-173.254852
Z944,3,259,129.5,168.507904,-49.975304,140.718918,-81.020042,-170.36348,-159.593094,-167.441666
Z944,3,260,130.0,163.0336,-20.476477,137.087662,-70.747566,-163.728989,-176.64563,-175.027985
Z944,3,261,130.5,162.940216,-4.801862,128.817062,-60.777401,155.230515,-171.243515,-144.872681
Z944,3,262,131.0,-178.812714,-56.865963,156.914215,-64.838806,-178.188309,173.52005,-164.599731
Z944,3,263,131.5,-173.733841,-35.22081,105.165939,-60.973782,-139.328613,-176.701324,-162.246429
Z944,3,264,132.0,168.83226,-15.22977,117.340614,-93.004768,-155.480072,-178.041733,-156.442856
Z944,3,265,132.5,-175.821548,-30.786327,138.496841,-96.963951,-169.381317,179.304688,-167.642151
Z944,3,266,133.0,174.530823,-16.959686,129.064804,-87.739403,-134.094299,176.927841,-159.598831
Z944,3,267,133.5,165.901779,-55.015804,120.227669,-67.485191,-160.172806,-169.110367,-150.502884
Z944,3,268,134.0,161.555786,-8.574956,102.288216,-67.541283,-160.253922,-175.308884,-164.45372
Z944,3,269,134.5,167.626678,-46.466602,147.147339,-74.410225,-165.078949,174.695557,-179.498566
Z944,3,270,135.0,179.26796,-34.772362,145.764481,-62.810337,-155.736664,171.81662,-176.359665
Z944,3,271,135.5,167.59967,-43.046459,135.73941,-51.474018,173.347702,-178.966553,-148.935623
Z944,3,272,136.0,171.890808,-9.142627,152.246353,-77.112,-163.450943,178.404358,168.801605
Z944,3,273,136.5,168.331558,-83.015991,141.619858,-72.261108,-169.690735,-175.731628,-161.016403
Z944,3,274,137.0,169.80394,-14.447311,103.911095,-67.59996,-146.369919,178.048157,-163.058426
Z944,3,275,137.5,-170.303116,-21.974903,148.560822,-78.261459,-165.787567,169.183975,-166.482758
Z944,3,276,138.0,-165.940643,-45.585861,141.735306,-65.882835,-175.297394,-169.888474,-157.14592
Z944,3,277,138.5,176.98642,-51.081055,157.667404,-82.931808,-172.006744,-174.435776,-163.740738
Z944,3,278,139.0,-167.779999,-41.978905,158.992874,-77.015732,-176.764282,-173.837784,-173.083801
Z944,3,279,139.5,-173.594833,-18.165346,148.013611,-71.491241,-168.571243,172.980362,-170.914841
Z944,3,280,140.0,174.831085,-62.93092,153.266937,-52.893417,-146.393524,178.388504,-165.473923
Z944,3,281,140.5,174.140823,-40.449276,158.995239,-65.373528,-157.431686,173.04892,-165.902618
Z944,3,282,141.0,-177.993378,-35.036709,151.787735,-63.941391,179.095306,-173.141876,-155.455551
Z944,3,283,141.5,-178.493484,-35.037514,119.756149,-82.475914,178.379639,-163.559677,-135.172592
Z944,3,284,142.0,165.010849,1.839327,99.267021,-39.246143,-166.289276,-164.830963,-154.285965
Z944,3,285,142.5,150.195923,-1.119838,114.14193,-76.192055,-153.554688,-175.158966,177.749023
Z944,3,286,143.0,161.200424,7.128445,122.676964,-58.248562,-157.047943,-166.112198,-171.964523
Z944,3,287,143.5,174.640732,-1.046893,132.067673,-90.143501,-149.606018,-167.872253,-176.793533
Z944,3,288,144.0,172.690811,-11.392653,94.763115,-65.477852,-156.880295,-159.833115,159.936905
Z944,3,289,144.5,172.234192,-40.516918,139.477814,-62.412762,-168.529221,177.631393,175.955322
Z944,3,290,145.0,-177.111786,-65.235245,145.298065,-64.107117,-178.118698,-173.338455,-143.958176
Z944,3,291,145.5,175.071777,29.019192,80.114349,-74.852364,177.960632,-175.574478,-170.292114
Z944,3,292,146.0,173.691406,-16.028955,143.081223,-75.264763,-159.268494,174.511566,-170.94577
Z944,3,293,146.5,166.052185,-28.538561,133.830963,-49.956276,178.792694,-170.240173,-162.282639
Z944,3,294,147.0,168.723633,-27.87512,141.280457,-79.39682,-153.474945,173.735413,175.607941
Z944,3,295,147.5,-172.353714,-60.929298,150.844727,-68.56105,-166.697235,-177.085236,-158.613358
Z944,3,296,148.0,175.279724,-55.405296,162.691055,-50.916416,-178.774353,178.100815,177.302582
Z944,3,297,148.5,166.742584,-8.173041,130.135452,-55.967804,177.44371,-171.195633,-174.76619
Z944,3,298,149.0,-175.302536,-42.113338,103.950729,-69.17968,-157.162094,-163.640778,-163.714111
Z944,3,299,149.5,172.228928,-43.221737,153.307877,-78.241974,-162.387695,178.015594,-169.730118
Z944,3,300,150.0,166.537735,18.310829,102.335571,-52.70887,-167.490875,178.166061,-175.768768
Z944,3,301,150.5,167.964111,-7.594748,101.761719,-67.776443,-156.134262,176.56868,-158.133896
Z944,3,302,151.0,161.527878,-40.203842,122.00528,-77.58461,-177.701294,-158.279129,-164.042679
Z944,3,303,151.5,-156.774582,-33.699535,137.150452,-71.002663,-164.890762,-174.413849,-153.609604
Z944,3,304,152.0,175.34375,-40.054157,160.422668,-56.612103,144.906067,-173.239304,-150.682922
Z944,3,305,152.5,173.411911,-71.857895,139.052597,-75.790718,-159.68631,-178.859467,-179.011795
Z944,3,306,153.0,-178.222946,-29.424858,115.514771,-52.00658,-146.766861,-168.926239,-169.626251
Z944,3,307,153.5,-179.748062,-8.723125,101.089516,-65.520752,-151.905838,173.981979,-158.391312
Z944,3,308,154.0,159.975906,-32.575863,152.810257,-48.654377,152.446472,-175.202454,-167.771255
Z944,3,309,154.5,172.96727,10.359921,95.233704,-44.640381,-177.72168,179.777206,-161.331772
Z944,3,310,155.0,168.869263,-11.170691,142.031372,-91.971474,-158.605896,178.480759,-175.709091
Z944,3,311,155.5,170.664352,-7.528768,136.584183,-84.394409,-150.242233,176.305298,-170.371338
Z944,3,312,156.0,179.141968,-19.802235,131.393738,-60.537567,-166.439484,-177.015915,-175.722351
Z944,3,313,156.5,158.000076,-19.08696,122.194435,-57.811382,173.009048,169.288589,-173.04422
Z944,3,314,157.0,174.318863,-15.732694,110.516991,-62.663429,-134.263992,-175.425613,-178.299118
Z944,3,315,157.5,173.778412,-37.778419,120.334885,-65.608284,-149.301483,-171.657272,178.634491
Z944,3,316,158.0,169.141968,-39.2043,142.427872,-66.422462,-174.000153,-177.434845,-165.198517
Z944,3,317,158.5,-179.844147,12.271926,102.543388,-52.34811,176.950806,-177.790878,-171.255051
Z944,3,318,159.0,-157.433411,-65.560051,160.341904,-59.65229,175.657608,-172.532578,-172.155518
Z944,3,319,159.5,-175.488159,-10.080599,99.682655,-58.668785,-175.516449,-175.732361,-156.404053
Z944,3,320,160.0,176.80304,-44.597202,156.500565,-61.155888,143.232758,-160.504181,-147.421448
Z944,3,321,160.5,-179.727554,-12.296696,142.320526,-73.411232,-170.855728,177.026352,-162.796631
Z944,3,322,161.0,177.293472,-18.083578,136.688538,-72.677299,-165.34819,-178.288239,-171.052933
Z944,3,323,161.5,-175.596786,-0.946757,152.644714,-100.526779,-162.894058,-178.779724,-174.363174
Z944,3,324,162.0,-176.310883,-51.51683,158.110413,-70.420036,154.262726,-168.166763,-170.071915
Z944,3,325,162.5,-176.443069,-36.017529,151.831116,-83.42804,-154.147293,-178.924942,-168.584259
Z944,3,326,163.0,172.018326,-15.263241,126.669319,-45.697617,177.135132,-172.876541,-158.804733
Z944,3,327,163.5,173.155472,-47.96349,168.479538,-50.799789,142.572449,178.977982,-141.343384
Z944,3,328,164.0,-168.439697,-39.908627,-177.959076,-65.170319,166.361237,-174.612839,-170.607452
Z944,3,329,164.5,-176.153244,-68.503006,174.566406,-61.242153,170.239471,-173.922424,-176.33432
Z944,3,330,165.0,172.281113,-5.944665,153.998672,-44.991741,163.159393,175.744797,-168.341797
Z944,3,331,165.5,-168.656235,10.622437,121.417061,-51.989223,172.811325,-166.056976,-173.356461
Z944,3,332,166.0,-175.472549,-18.107655,144.309204,-65.661194,-176.898636,-162.325516,-147.92482
Z944,3,333,166.5,-177.467087,0.161576,142.822525,-63.428505,-175.14006,-169.863632,-174.523132
Z944,3,334,167.0,167.341263,-41.002998,139.350922,-62.398094,-176.789124,-168.000046,-171.274139
Z944,3,335,167.5,162.910233,3.088846,137.772858,-69.175591,-153.935089,176.252029,177.77507
Z944,3,336,168.0,159.921158,-38.116028,160.400604,-59.282368,-170.104904,175.433395,-150.5121
Z944,3,337,168.5,159.249924,-31.948662,160.144699,-82.70787,161.077194,-170.644562,-170.6035
Z944,3,338,169.0,170.853897,-41.740227,166.584564,-56.667046,169.995834,-176.013977,-155.849304
Z944,3,339,169.5,149.017014,-38.848412,151.814728,-52.018131,179.536316,175.183563,-177.086105
Z944,3,340,170.0,160.386398,-53.546906,168.902802,-54.552284,159.50618,-177.190155,-152.847534
Z944,3,341,170.5,164.565826,-59.481487,176.63858,-81.355904,-165.211365,175.685242,-172.755066
Z944,3,342,171.0,-179.89299,94.3479,166.046387,-90.656731,172.109863,178.418442,-172.242813
Z944,3,343,171.5,161.204041,-24.122543,142.7733,-65.602646,-172.15596,-159.436401,178.209702
Z944,3,344,172.0,142.850189,-3.10381,121.480499,-66.720932,177.099564,-160.376938,173.354691
Z944,3,345,172.5,178.686829,-27.28488,158.32312,-55.528893,-174.065201,-160.713745,-148.681091
Z944,3,346,173.0,-165.095535,-35.642056,140.080734,-53.136787,-176.573044,-163.554413,-167.991272
Z944,3,347,173.5,-175.237091,83.895027,168.417892,-105.558937,169.521454,-165.568024,-169.143066
Z944,3,348,174.0,155.518936,-8.474242,120.284264,-63.538239,-176.007553,174.246277,-167.389236
Z944,3,349,174.5,174.133301,-25.46073,159.890213,-62.089554,160.846558,-169.43866,-165.767593
Z944,3,350,175.0,172.166611,-53.220142,172.603195,-67.279411,176.825699,176.647705,-177.381775
Z944,3,351,175.5,163.597748,-22.077541,173.524582,-95.008667,-154.695648,-178.382339,-176.09613
Z944,3,352,176.0,175.992905,108.119125,166.321716,-79.968658,-179.060944,178.330521,-171.610809
Z944,3,353,176.5,174.416809,-15.612445,170.159653,-59.052723,164.002975,-175.786911,-171.434479
Z944,3,354,177.0,169.758743,-23.526415,153.382858,-52.88456,163.54744,-171.556396,-160.98349
Z944,3,355,177.5,159.615845,-50.288105,166.457642,-73.961639,-176.570663,-169.030045,-167.775726
Z944,3,356,178.0,-175.216629,109.910553,162.368317,-62.48497,167.030334,172.741364,-159.16803
Z944,3,357,178.5,-173.434662,-38.958336,170.072113,-75.717072,168.531754,-173.543945,-170.748444
Z944,3,358,179.0,174.27301,-19.372892,156.982117,-47.457207,-161.943665,169.461334,177.04187
Z944,3,359,179.5,171.578186,-47.903923,163.555756,-79.853745,-162.128632,-161.281357,-161.201035
Z944,3,360,180.0,-179.759308,-35.73563,144.5634,-59.448902,178.985626,-158.910782,-156.537323
Z944,3,361,180.5,-178.089096,65.690285,143.382553,-64.668739,162.489594,-165.985855,-165.84108
Z944,3,362,181.0,177.223267,93.904556,150.043823,-46.682426,171.394058,179.514084,-177.734222
Z944,3,363,181.5,179.054749,107.606438,174.9422,-78.226112,169.710892,173.322495,-171.775894
Z944,3,364,182.0,-174.571838,-8.009293,136.92038,-59.658794,-170.715271,-171.653595,-150.106964
Z944,3,365,182.5,-155.069855,-18.077307,166.059845,-63.547916,-157.681702,174.878403,-159.8125
Z944,3,366,183.0,162.461777,-26.180727,116.785103,-65.129677,166.433395,-175.3983,-153.58522
Z944,3,367,183.5,178.521118,-27.707939,130.780151,-55.615063,177.042877,-173.570999,-168.356094
Z944,3,368,184.0,163.174088,-49.819313,-170.874634,-55.878868,138.49527,-172.194092,-162.606339
Z944,3,369,184.5,-173.917206,-39.384487,157.653931,-40.478199,140.320511,-179.599747,-168.115799
Z944,3,370,185.0,-170.856155,75.801735,158.994644,-74.332169,-176.226044,-172.862793,-147.751389
Z944,3,371,185.5,171.059357,-30.610415,164.872726,-72.183838,174.160156,179.450592,-166.618973
Z944,3,372,186.0,-173.139603,-33.53043,167.587784,-37.225842,163.920685,172.239014,-170.87851
Z944,3,373,186.5,164.753143,-44.909203,153.280212,-65.128166,-176.477249,-179.153717,-158.500961
Z944,3,374,187.0,172.769272,-19.134001,152.969498,-61.753086,173.466354,-178.997498,-160.978638
Z944,3,375,187.5,165.703918,-3.415974,108.248077,-49.148594,169.159439,-172.010803,-162.294174
Z944,3,376,188.0,166.175964,-19.528343,163.918503,-61.656315,152.094315,-174.458252,-161.247574
Z944,3,377,188.5,166.359772,-60.625381,162.986633,-59.959705,-178.902054,-178.491791,-177.815536
Z944,3,378,189.0,-170.290237,120.47226,173.058838,-55.784058,-154.020859,164.525101,-178.706909
Z944,3,379,189.5,-176.405685,-41.293221,164.491135,-51.003937,169.315414,-171.388138,-174.470947
Z944,3,380,190.0,159.367065,-29.298428,160.528137,-75.306953,172.152512,-161.81488,-170.43988
Z944,3,381,190.5,-171.224503,-23.140177,136.557678,-72.699776,-148.848984,-172.563675,179.934906
Z944,3,382,191.0,166.412781,-14.361888,145.645401,-65.157829,154.063248,-170.157471,-168.035324
Z944,3,383,191.5,-164.645004,-65.135231,155.216827,-90.801041,-151.764267,172.51709,-166.268753
Z944,3,384,192.0,-164.758453,-90.901947,133.675812,-70.614357,-107.527191,-176.696106,175.524277
Z944,3,385,192.5,-172.817291,-69.766159,146.802124,-87.229965,-179.659653,-157.526749,-166.331482
Z944,3,386,193.0,-174.451111,-52.391216,171.146851,-64.582054,165.381989,-178.718399,-149.266556
Z944,3,387,193.5,-172.098267,8.196944,104.42157,-40.535534,177.175095,173.218674,-173.48848
Z944,3,388,194.0,-173.372864,-3.819733,151.618973,-64.711647,139.641342,174.751587,-157.994217
Z944,3,389,194.5,-168.345169,-14.30027,117.420776,-58.052406,-149.372498,174.078751,175.224304
Z944,3,390,195.0,174.942123,-16.641647,132.947327,-57.154938,-172.911926,171.583511,-167.158813
Z944,3,391,195.5,167.953979,-75.149895,133.911423,-50.019806,-161.813599,171.582245,179.493744
Z944,3,392,196.0,155.433716,2.033538,92.428604,-69.781921,-165.562927,-173.198166,-166.109451
Z944,3,393,196.5,-158.605225,-17.939888,143.712372,-67.106468,-151.16539,178.035568,-177.245056
Z944,3,394,197.0,-167.563919,-60.778351,155.920715,-58.76263,150.440002,-169.815735,-168.591721
Z944,3,395,197.5,171.267548,-28.247147,108.435417,-63.264874,-161.369385,-157.791901,-167.05275
Z944,3,396,198.0,-163.848251,-19.436811,117.893585,-59.495209,-159.770599,-171.819656,-169.471909
Z944,3,397,198.5,169.867401,-44.070164,153.025177,-64.696678,-168.407532,-179.955414,-168.280121
Z944,3,398,199.0,-177.437057,-52.649677,161.204636,-79.128265,-174.499115,-171.57872,-171.022217
Z944,3,399,199.5,-172.058029,-36.890438,169.350952,-94.321968,174.033569,174.983582,-174.321518
Z944,3,400,200.0,174.17981,-24.901379,155.095184,-81.333618,-162.565948,-174.198502,168.083847
Z944,3,401,200.5,168.786819,-24.096806,122.640991,-65.10347,-158.704575,174.96669,-167.918701
Z944,3,402,201.0,172.643051,-35.726433,130.351151,-64.90802,-177.41127,-159.343826,-175.661514
Z944,3,403,201.5,170.187851,-31.811884,160.327927,-61.418228,-169.394287,178.175049,-163.274246
Z944,3,404,202.0,-177.502762,-23.634155,145.323639,-56.17123,178.41864,174.098236,-153.663803
Z944,3,405,202.5,167.976898,-22.37886,105.505974,-50.418777,-179.55687,-173.348114,-164.124146
Z944,3,406,203.0,-166.893112,82.265938,140.117371,-49.031368,165.516251,176.704376,-164.180313
Z944,3,407,203.5,-166.714432,-57.018536,143.430695,-70.501259,178.44162,-179.457306,-173.714172
Z944,3,408,204.0,-155.929474,-121.177116,97.740639,-70.913933,178.990326,165.943558,-171.844894
Z944,3,409,204.5,-166.694046,-50.480804,138.634613,-64.429298,168.269684,175.09346,-156.110199
Z944,3,410,205.0,177.350021,-46.352104,148.061493,-83.468147,-142.811249,-178.306564,-170.946136
Z944,3,411,205.5,-166.095566,-124.298134,94.82827,-60.059143,167.777115,-174.346466,175.403091
Z944,3,412,206.0,170.962814,-33.62175,130.547501,-66.172722,168.979584,-176.383667,-172.230301
Z944,3,413,206.5,149.188934,29.623083,80.267288,-86.872604,-165.473129,172.993912,176.722519
Z944,3,414,207.0,171.245193,-37.169163,126.457634,-58.476624,-172.104126,175.87233,-169.160263
Z944,3,415,207.5,179.347885,-26.594479,136.349258,-61.76329,-159.831146,-177.143341,-163.298523
Z944,3,416,208.0,150.198242,-12.631989,105.364243,-71.934212,-149.513992,179.683884,-174.373505
Z944,3,417,208.5,164.835449,-11.500731,95.858749,-69.984154,175.407288,-162.542847,-155.213181
Z944,3,418,209.0,177.921875,-31.325071,111.948807,-78.281334,-148.581207,-165.28186,-168.465271
Z944,3,419,209.5,170.111481,-27.150213,139.570663,-96.808937,-156.301453,-175.977585,-156.534546
Z944,3,420,210.0,179.063065,-1.926158,105.910278,-69.884361,-159.637375,169.183578,-154.158081
Z944,3,421,210.5,177.428986,-22.71002,162.996048,-85.363144,-160.274353,168.629349,-173.298477
Z944,3,422,211.0,175.962189,-43.138638,121.634499,-73.126762,-172.806778,179.314331,-150.123917
Z944,3,423,211.5,178.660736,-53.957329,157.840393,-64.198906,-158.477295,175.551926,179.36763
Z944,3,424,212.0,152.086746,-23.507305,143.277512,-70.052574,-177.318329,-178.185486,-153.673996
Z944,3,425,212.5,-175.324448,-28.521608,139.849457,-62.701855,-163.345718,-170.358307,-160.028976
Z944,3,426,213.0,176.047852,-9.629577,144.205048,-62.899261,178.452057,-179.613846,-156.881714
Z944,3,427,213.5,166.416702,-33.831303,127.619202,-65.177864,-152.15506,177.928955,-170.897629
Z944,3,428,214.0,172.005219,-13.587367,110.790138,-70.039101,-164.810455,-170.366791,-170.355927
Z944,3,429,214.5,177.898941,-19.25178,102.494682,-72.059525,-158.157883,-159.851105,-164.539627
Z944,3,430,215.0,-172.088425,-24.557301,133.27095,-86.316086,179.163315,179.265137,-177.488312
Z944,3,431,215.5,-170.288437,-48.079105,136.607574,-56.904533,165.594788,178.764206,-158.474594
Z944,3,432,216.0,177.171982,-2.847356,100.364609,-64.783173,-150.82457,-179.297806,-179.183929
Z944,3,433,216.5,-173.069916,-3.234658,115.277542,-58.964169,-175.444626,179.579483,-165.180038
Z944,3,434,217.0,162.306808,-31.441992,124.220596,-68.521729,-167.700943,-173.178024,-171.290833
Z944,3,435,217.5,175.8909,-70.871643,133.135239,-76.354683,-154.722198,-172.171082,-167.400925
Z944,3,436,218.0,-164.45372,-58.031807,147.068024,-82.698006,-158.136795,-170.500107,178.005768
Z944,3,437,218.5,-173.00798,-39.100403,144.114975,-74.693039,-149.215561,171.323502,169.699738
Z944,3,438,219.0,171.86496,-41.412807,148.130859,-64.444618,-176.062256,176.305145,-166.422546
Z944,3,439,219.5,158.324951,-61.741093,153.225937,-48.616955,145.880142,-166.697388,-154.477768
Z944,3,440,220.0,161.841614,-106.896271,163.484421,-89.34951,-172.739716,174.339111,-173.337601
Z944,3,441,220.5,-167.199066,-52.792255,157.714447,-72.00425,179.375092,177.448349,177.096054
Z944,3,442,221.0,-171.473343,-129.823349,92.432411,-46.577396,-153.160706,176.352249,159.521683
Z944,3,443,221.5,-179.14418,-98.799004,159.868805,-100.986389,172.40744,-172.155579,-178.749741
Z944,3,444,222.0,164.480606,-78.71389,121.886978,-61.937222,162.792114,-164.230392,-157.74791
Z944,3,445,222.5,-163.773117,-64.560616,157.935318,-70.128372,167.45462,158.573135,-165.772003
Z944,3,446,223.0,-170.710815,-68.842979,157.633331,-77.001411,175.486725,-171.528107,-171.210464
Z944,3,447,223.5,162.583359,-45.415031,152.918884,-98.410339,-139.473099,-174.093338,-169.107254
Z944,3,448,224.0,178.615891,13.722637,129.015427,-76.1502,-160.883911,-174.572861,-169.420868
Z944,3,449,224.5,-165.295395,-16.24954,128.036743,-60.243122,-127.829781,-176.055283,-171.002106
Z944,3,450,225.0,175.136749,-92.297646,140.539597,-72.034317,164.302689,172.420319,-157.160721
Z944,3,451,225.5,168.444244,-22.270121,153.799957,-42.197491,166.31311,-179.715439,-156.017624
Z944,3,452,226.0,-165.775299,-24.312328,109.881584,-56.763588,-116.573746,178.977676,178.990067
Z944,3,453,226.5,-164.534409,1.973383,113.79937,-62.413677,-137.649002,-171.050888,-179.978958
Z944,3,454,227.0,-160.994095,-64.889526,143.338806,-68.708427,-144.718231,165.889923,175.34697
Z944,3,455,227.5,-178.271149,-32.918598,108.070969,-68.21019,-155.164215,-172.843079,-170.37767
Z944,3,456,228.0,178.174301,-79.840172,171.912949,-71.021599,169.884979,-162.391418,-150.344803
Z944,3,457,228.5,-179.95433,-54.878422,171.753937,-64.964127,171.14592,-172.939621,-173.826569
Z944,3,458,229.0,171.972931,-44.633709,169.632721,-60.126858,-169.678757,164.802856,-166.79071
Z944,3,459,229.5,-158.324615,-44.40377,149.58754,-69.096046,-159.140015,176.180328,-168.184219
Z944,3,460,230.0,179.513809,75.228737,159.847977,-63.097881,166.244202,-174.100113,-165.294357
Z944,3,461,230.5,165.160248,-8.567839,130.792587,-65.914978,-162.26358,171.261536,178.248459
Z944,3,462,231.0,172.666199,-41.520939,131.715424,-74.430054,-155.114685,-167.184067,-161.747147
Z944,3,463,231.5,-162.128769,-40.834751,172.705215,-77.51207,-149.657471,164.836731,-163.933685
Z944,3,464,232.0,163.907059,-24.025948,131.964844,-77.684532,-141.925522,-173.245773,-158.69574
Z944,3,465,232.5,-171.263412,-125.736214,132.143143,-76.582153,174.604462,-165.28569,-162.659225
Z944,3,466,233.0,167.896469,-26.965809,153.716614,-97.323143,-173.451355,-168.613098,-165.420547
Z944,3,467,233.5,174.999878,-35.709743,138.868652,-78.352417,-161.571869,-174.926407,-176.777756
Z944,3,468,234.0,-177.932343,-99.90477,136.773697,-57.713634,-174.392349,177.501999,-169.679413
Z944,3,469,234.5,-179.810043,-19.861927,94.921188,-69.495598,-145.569809,-179.237518,-162.71875
Z944,3,470,235.0,178.603546,-102.029556,146.795166,-64.041771,-161.235107,167.157501,-158.379074
Z944,3,471,235.5,-175.283524,-27.764229,146.925003,-76.554436,-167.91478,172.221924,-179.513336
Z944,3,472,236.0,-178.333969,-126.873085,133.606979,-51.802086,151.044708,-179.052994,-140.313889
Z944,3,473,236.5,165.72226,-69.858391,132.756348,-75.455482,-152.307663,-174.8965,-165.748764
Z944,3,474,237.0,-166.74968,77.953445,123.854378,-55.245861,-155.762543,177.631424,-168.99968
Z944,3,475,237.5,176.931641,-24.518404,157.112747,-64.405357,-153.953812,-177.367096,-168.240219
Z944,3,476,238.0,-176.546417,82.615181,159.467255,-84.218307,-174.262512,179.477356,-165.771439
Z944,3,477,238.5,-171.209229,103.908073,137.427063,-85.233604,163.610306,-170.40155,-167.729645
Z944,3,478,239.0,-155.193085,96.486992,161.564102,-68.906197,-165.781281,154.679413,-170.847519
Z944,3,479,239.5,167.177032,-42.579334,146.159134,-67.435379,169.786392,177.028534,-153.152237
Z944,3,480,240.0,-154.790543,-7.567856,154.916702,-61.643791,-175.882187,-157.114365,173.906036
Z944,3,481,240.5,168.67804,-30.693392,170.402206,-69.011894,158.860474,176.621323,-151.487701
Z944,3,482,241.0,-168.325516,11.9123,131.431946,-62.311436,-158.060806,177.228531,-145.200043
Z944,3,483,241.5,170.523315,-48.78611,160.955765,-60.982121,-166.289673,-173.236816,-150.72702
Z944,3,484,242.0,169.392487,-37.043697,173.992752,-46.362469,175.872925,-176.176056,170.046005
Z944,3,485,242.5,-168.555862,-9.470234,125.592552,-61.154419,-176.003479,171.524445,-160.653625
Z944,3,486,243.0,-179.874008,-118.947319,129.25708,-76.343071,157.254791,-163.712585,-166.169769
Z944,3,487,243.5,-164.496063,-97.754364,135.107773,-80.969521,-170.324997,175.953873,174.033905
Z944,3,488,244.0,177.807602,-78.545586,134.968033,-66.422356,178.630753,-164.042374,-162.038986
Z944,3,489,244.5,175.02182,-41.545799,112.399094,-74.860565,-153.987534,176.045731,-149.918533
Z944,3,490,245.0,174.92807,-31.901438,145.319611,-94.379524,-170.963928,-155.768387,-157.902893
Z944,3,491,245.5,168.894333,18.300537,139.930374,-52.596127,151.881165,-177.103699,-155.686539
Z944,3,492,246.0,170.259537,-19.811956,155.527664,-66.523598,-138.495636,171.657272,153.472519
Z944,3,493,246.5,178.299408,-4.279251,127.77858,-19.82402,141.135071,-176.874344,-177.043625
Z944,3,494,247.0,179.638535,-35.377747,169.237564,-68.542046,-179.230713,177.998856,-173.929413
Z944,3,495,247.5,170.378937,-39.218658,173.434525,-50.261303,156.86171,-171.800751,-167.695801
Z944,3,496,248.0,-167.155151,-45.479614,171.18634,-55.048775,-168.787628,170.679901,-172.906693
Z944,3,497,248.5,163.776245,-32.321114,163.728607,-80.28315,-175.559814,-178.332932,-162.00621
Z944,3,498,249.0,172.575455,35.568516,101.40667,-50.605068,166.007446,178.579544,-149.739792
Z944,3,499,249.5,-167.266647,-71.528358,131.240662,-62.769775,-129.387558,-167.466324,-176.403076
Z944,3,500,250.0,170.157166,-116.371193,145.185181,-80.870522,-152.013641,171.294327,-176.383377
Z944,3,501,250.5,-174.635788,-120.661934,126.166931,-64.935776,176.14772,178.216187,-168.150253
Z944,3,502,251.0,175.422424,-27.985355,129.552567,-85.005775,-128.951904,163.299179,174.041962
Z944,3,503,251.5,-170.920273,-21.446222,145.020004,-117.811584,-118.780434,169.996765,170.090424
Z944,3,504,252.0,175.626205,-32.978626,136.266525,-64.589775,-162.239182,-169.354065,-177.457153
Z944,3,505,252.5,172.232117,-88.282944,120.805664,-82.330925,175.106125,-168.011856,-169.90332
Z944,3,506,253.0,-169.353149,-85.925491,127.513161,-88.516228,177.329346,-177.919571,175.64595
Z944,3,507,253.5,-173.981796,-2.35195,109.364586,-52.385044,-136.554138,168.941544,-164.293625
Z944,3,508,254.0,172.587479,-19.265354,139.635117,-67.369255,-152.121216,177.764679,-149.967194
Z944,3,509,254.5,-164.902832,-40.6604,149.260086,-63.383728,-168.675293,178.544922,-176.46048
Z944,3,510,255.0,-170.98201,-76.284836,150.073685,-59.330753,176.71405,-172.673721,-172.299438
Z944,3,511,255.5,173.729614,-58.007149,174.621826,-101.13575,-145.366699,-171.175125,176.704681
Z944,3,512,256.0,-156.615555,72.3237,163.349731,-71.476059,167.577103,175.299103,-151.841965
Z944,3,513,256.5,175.140167,98.633881,155.636185,-86.815216,-165.714722,-162.002213,-177.697021
Z944,3,514,257.0,-167.928497,-44.655704,139.523575,-83.397942,-131.455429,-171.783051,162.944473
Z944,3,515,257.5,171.414841,-62.342411,150.973877,-61.904362,-163.819489,179.772339,-178.044174
Z944,3,516,258.0,-175.96257,-3.337104,129.285263,-79.854538,-166.093994,-177.106522,-162.8797
Z944,3,517,258.5,178.027039,-85.163841,127.116356,-81.385056,-114.817429,170.259995,-174.871597
Z944,3,518,259.0,172.336014,-41.518314,151.198868,-73.478096,-167.317596,175.623032,-161.667221
Z944,3,519,259.5,-176.115875,-29.404333,145.177994,-71.867012,-115.156799,163.228333,162.503052
Z944,3,520,260.0,162.447327,-41.651077,142.320602,-77.685265,-126.926292,167.110489,175.434937
Z944,3,521,260.5,-172.834793,-22.29006,156.923813,-95.096031,-132.748672,170.04718,152.159393
Z944,3,522,261.0,-163.442673,-19.401556,123.217567,-76.887733,-146.368683,176.821426,-166.884705
Z944,3,523,261.5,160.517075,-119.510429,135.744644,-64.323776,-165.442078,175.326324,-172.018402
Z944,3,524,262.0,-173.712158,-23.976376,148.05275,-77.805496,153.392303,177.174484,-162.063309
Z944,3,525,262.5,-176.629105,-109.039658,128.37677,-78.734612,170.537872,178.793304,-164.451996
Z944,3,526,263.0,175.880173,-73.931671,150.405258,-75.938057,-152.681473,178.573349,-145.554138
Z944,3,527,263.5,168.449509,-133.121201,92.789925,-74.710281,-172.767593,-177.25267,-171.17186
Z944,3,528,264.0,-174.797058,151.584366,137.731232,-104.169853,-112.547935,175.11557,-164.209
Z944,3,529,264.5,178.869461,125.88427,125.440582,-75.060577,-125.246422,-172.934845,-171.478302
Z944,3,530,265.0,-178.857437,159.69516,85.364258,-63.838905,-115.902298,175.388916,-176.755661
Z944,3,531,265.5,-174.158463,-81.791977,127.737259,-84.400093,-162.466507,-159.765747,-144.767349
Z944,3,532,266.0,-170.835815,-28.591192,107.312416,-56.625191,-158.87648,-171.382233,-154.964249
Z944,3,533,266.5,179.396729,-69.609589,125.186943,-73.689697,-148.028183,-174.750595,174.775375
Z944,3,534,267.0,-172.553787,-50.524139,163.192078,-50.327179,156.347244,174.766129,-151.49823
Z944,3,535,267.5,149.107498,-7.985989,142.684235,-79.164307,-177.566193,-171.326584,-148.078781
Z944,3,536,268.0,171.399338,-57.624947,154.347702,-62.984299,-154.317947,170.484894,-153.684631
Z944,3,537,268.5,178.112686,-24.318233,166.465546,-55.547569,176.370834,158.378082,-173.872955
Z944,3,538,269.0,166.45433,-47.865517,179.053177,-56.280056,166.994202,171.843475,-150.445343
Z944,3,539,269.5,154.862564,-45.198345,152.061478,-63.615524,152.300232,-170.842896,-143.955048
Z944,3,540,270.0,166.891846,-7.679633,143.800735,-68.649033,-136.779236,172.285889,-156.077881
Z944,3,541,270.5,172.730072,-44.212505,-176.180222,-65.800026,164.96286,177.364227,-167.710098
Z944,3,542,271.0,138.468674,-15.022919,104.08828,-48.304913,-159.640762,165.573898,-163.850723
Z944,3,543,271.5,162.28978,3.383692,120.55526,-66.284142,-172.497009,-161.856659,-150.046631
Z944,3,544,272.0,-178.54512,-35.483196,158.304001,-70.80629,-166.986252,171.611221,-152.767883
Z944,3,545,272.5,169.659424,-2.970514,99.233032,-33.047955,145.899155,-168.289886,-161.041855
Z944,3,546,273.0,168.396835,-39.778812,148.133331,-69.19014,156.312241,-166.133652,-153.496567
Z944,3,547,273.5,-159.703812,24.877096,77.767723,-68.708069,-163.282074,-169.85434,-170.958023
Z944,3,548,274.0,176.04129,-19.895611,139.848251,-51.353245,-165.266907,176.411102,-161.502029
Z944,3,549,274.5,-176.966568,-17.180742,156.722733,-60.865162,174.654724,-178.518524,-167.27388
Z944,3,550,275.0,-167.805191,87.600288,163.561523,-75.914513,150.355881,-178.977386,-136.478256
Z944,3,551,275.5,174.799484,8.775639,149.475235,-64.026161,169.398987,-172.734818,-165.536743
Z944,3,552,276.0,154.401581,-18.758183,124.50576,-64.143639,-171.937469,-169.247589,-177.144745
Z944,3,553,276.5,159.578445,-48.503742,146.534103,-56.20895,153.888168,-171.984726,-168.909073
Z944,3,554,277.0,168.111206,-32.427917,163.740768,-61.597214,176.786606,171.476746,-172.512909
Z944,3,555,277.5,177.651978,-56.79966,153.856308,-61.562744,139.744308,-166.08168,-150.022964
Z944,3,556,278.0,-163.115494,-62.711136,156.120895,-41.731308,149.362244,179.401138,-143.553864
Z944,3,557,278.5,170.594574,17.249332,135.3685,-63.785027,169.65242,-151.159729,-140.665955
Z944,3,558,279.0,172.312561,-58.415089,167.51738,-50.966423,-177.949432,177.48584,-162.745346
Z944,3,559,279.5,161.546371,-3.139052,96.203377,-51.518002,-174.140762,-175.306107,-152.153381
Z944,3,560,280.0,171.158661,-59.95055,138.28923,-57.328079,172.745651,-175.010147,-164.698334
Z944,3,561,280.5,175.348755,-53.632782,169.308105,-64.185547,158.054749,-172.947433,-160.417282
Z944,3,562,281.0,171.48735,-2.698599,129.181625,-52.172062,174.980057,-176.30249,-166.658005
Z944,3,563,281.5,174.715393,-52.57222,154.846893,-67.463074,173.946365,-178.806992,-168.930099
Z944,3,564,282.0,179.681229,-27.875025,153.97879,-56.257038,155.558304,-166.859497,-147.470154
Z944,3,565,282.5,178.21347,-33.624687,155.646088,-57.123199,147.614059,172.153305,-151.347748
Z944,3,566,283.0,-169.441879,101.700897,167.263962,-85.435951,-174.764282,175.130508,-154.693039
Z944,3,567,283.5,-179.905716,-26.64497,142.639114,-63.260983,167.44899,-177.160751,-160.809006
Z944,3,568,284.0,-179.105774,-39.701317,156.993164,-66.333153,164.016983,-159.264862,-151.440414
Z944,3,569,284.5,173.930847,-8.294819,144.915558,-82.524597,-146.024033,-175.751389,167.152435
Z944,3,570,285.0,-171.56076,-71.470398,139.462585,-50.707806,166.218628,-178.207748,-169.683289
Z944,3,571,285.5,-163.477234,55.839931,118.942184,-56.767864,176.788986,175.37056,-174.206421
Z944,3,572,286.0,169.006012,-79.108734,162.718094,-66.564476,-166.067932,171.449753,-164.650284
Z944,3,573,286.5,170.921036,-51.987595,138.485931,-70.5224,-173.359512,-164.393692,-160.527786
Z944,3,574,287.0,174.655045,-63.627457,153.334167,-67.665161,148.222122,-155.086105,-152.495514
Z944,3,575,287.5,154.878189,-20.173414,152.900528,-77.482224,-160.751968,-166.910706,-171.782364
Z944,3,576,288.0,169.765594,35.172489,139.771439,-61.448467,-161.844376,-162.764938,-150.33522
Z944,3,577,288.5,175.854721,83.39724,154.507874,-76.95018,-170.871429,175.912704,-157.238205
Z944,3,578,289.0,-169.64917,87.91011,114.490204,-48.109356,174.092819,-174.294876,-135.94989
Z944,3,579,289.5,-179.632202,14.803185,149.789749,-65.223473,-173.860733,-179.079453,-168.422806
Z944,3,580,290.0,178.460022,-22.467422,151.549057,-59.179066,161.809662,179.130447,-159.506317
Z944,3,581,290.5,-172.128265,-49.618633,158.701294,-73.451569,-173.531906,175.677979,-150.558945
Z944,3,582,291.0,-178.868042,-49.417751,164.164215,-60.810371,-178.499512,-178.698868,-155.892532
Z944,3,583,291.5,175.180267,-41.578136,149.569153,-70.025169,-168.913635,179.635147,-166.362595
Z944,3,584,292.0,174.664078,-141.77739,128.70076,-58.639668,-171.672226,-178.888077,-168.971283
Z944,3,585,292.5,-176.226181,-113.741219,117.841988,-75.132774,-177.113785,-176.014938,168.815582
Z944,3,586,293.0,-174.56694,-14.403219,96.03669,-63.856743,-157.405472,-168.432083,-171.745438
Z944,3,587,293.5,-172.704498,-5.827392,107.623932,-73.119019,-154.49765,-177.166153,-165.713409
Z944,3,588,294.0,-174.815216,-75.487007,139.428406,-90.55378,-148.836609,-169.637268,-176.602234
Z944,3,589,294.5,-165.813583,-61.672237,126.935432,-65.045387,-154.423004,177.805618,-169.154984
Z944,3,590,295.0,167.80899,-22.067123,123.088928,-67.61113,-149.622818,172.748825,-168.76973
Z944,3,591,295.5,-175.726212,-97.919205,128.996231,-86.107773,172.428268,-171.094528,-158.807449
Z944,3,592,296.0,176.614105,-130.175171,129.87085,-66.295998,-165.913361,-174.539062,-164.783554
Z944,3,593,296.5,-163.518784,16.868952,74.859352,-56.649773,-155.524521,178.459396,-173.51268
Z944,3,594,297.0,177.005371,-113.809685,128.566727,-69.118042,173.087021,179.120941,-157.013565
Z944,3,595,297.5,-164.394745,-103.638351,136.622864,-70.484238,161.968369,-175.690506,-148.679779
Z944,3,596,298.0,162.511627,-41.213558,155.984039,-100.64576,-121.866531,-179.356903,-164.813095
Z944,3,597,298.5,173.484451,-45.129265,125.808182,-73.695297,-178.882294,175.693848,-162.844971
Z944,3,598,299.0,-174.385834,-22.174744,109.080376,-68.554962,-168.824631,-175.334412,-170.942093
Z944,3,599,299.5,-176.172684,-42.496574,146.663239,-54.954208,159.412155,-172.866318,-162.137695
mZ944,1,0,0.0,177.462,-156.162,66.974,157.473,-103.962,175.25,-166.208
mZ944,1,1,0.5,165.725,133.367,155.558,155.298,-122.492,178.861,-163.105
mZ944,1,2,1.0,162.886,114.805,155.079,153.578,-127.015,176.561,-164.946
mZ944,1,3,1.5,-167.36,175.527,101.782,173.47,-162.324,-177.93,176.441
mZ944,1,4,2.0,176.07,122.429,146.811,159.177,-126.858,-179.348,-171.979
mZ944,1,5,2.5,158.956,120.184,154.149,155.961,-123.971,179.867,-179.316
mZ944,1,6,3.0,179.308,141.106,130.209,158.899,-138.217,-172.716,-163.002
mZ944,1,7,3.5,-176.47,123.187,143.834,170.862,-101.269,177.3,170.313
mZ944,1,8,4.0,-176.167,111.009,152.315,143.407,-125.533,-170.965,-169.769
mZ944,1,9,4.5,-179.915,120.092,128.713,160.95,-124.749,174.562,-173.106
mZ944,1,10,5.0,166.143,132.223,120.077,168.508,-116.115,175.301,-165.392
mZ944,1,11,5.5,163.858,141.201,138.755,168.71,-129.721,-175.464,-169.463
mZ944,1,12,6.0,-176.212,131.722,146.353,152.914,-126.138,-173.729,-168.817
mZ944,1,13,6.5,-173.723,123.47,142.912,169.75,-130.988,177.629,-163.516
mZ944,1,14,7.0,161.673,120.871,167.547,161.485,-139.674,176.977,-147.328
mZ944,1,15,7.5,162.611,117.119,152.202,175.561,-128.568,168.507,165.386
mZ944,1,16,8.0,-177.587,124.18,139.28,167.639,-122.746,177.189,179.562
mZ944,1,17,8.5,172.574,128.373,144.999,168.349,-127.184,-167.011,-165.687
mZ944,1,18,9.0,178.567,115.658,149.543,151.929,-130.206,-177.073,-161.359
mZ944,1,19,9.5,163.414,123.959,154.452,158.646,-109.282,-176.086,-155.586
mZ944,1,20,10.0,173.149,114.6,131.536,166.842,-100.31,177.122,161.04
mZ944,1,21,10.5,-179.752,119.757,149.324,155.442,-120.575,-178.129,-170.604
mZ944,1,22,11.0,161.055,124.464,144.214,176.729,-115.843,170.262,172.586
mZ944,1,23,11.5,-170.276,139.35,127.464,172.642,-111.494,173.809,162.567
mZ944,1,24,12.0,-173.506,159.343,120.281,-172.929,-134.649,-173.673,163.684
mZ944,1,25,12.5,-174.091,142.923,145.484,168.344,-129.221,172.026,176.312
mZ944,1,26,13.0,-171.71,116.898,136.261,154.64,-131.76,-172.946,-178.835
mZ944,1,27,13.5,163.055,121.375,156.658,146.811,-146.237,-171.284,-157.519
mZ944,1,28,14.0,176.135,129.255,138.431,159.681,-122.499,-178.92,-179.591
mZ944,1,29,14.5,173.612,136.036,117.881,-163.183,-140.099,-172.845,171.07
mZ944,1,30,15.0,167.313,108.146,140.029,159.798,-121.159,-168.08,-176.392
mZ944,1,31,15.5,154.328,142.344,148.258,158.563,-111.939,177.041,-167.525
mZ944,1,32,16.0,-175.292,127.612,138.824,155.681,-119.134,-171.574,-172.626
mZ944,1,33,16.5,178.021,111.497,151.267,160.608,-112.186,-177.247,177.239
mZ944,1,34,17.0,178.842,114.516,150.879,160.433,-123.202,-174.7,-171.845
mZ944,1,35,17.5,-177.009,116.097,153.977,160.452,-128.152,176.313,178.85
mZ944,1,36,18.0,165.388,107.352,150.124,160.319,-115.372,-172.033,-179.573
mZ944,1,37,18.5,169.756,136.503,133.333,172.154,-129.653,-176.532,-159.488
mZ944,1,38,19.0,176.421,126.858,150.141,152.283,-132.399,-170.632,-157.122
mZ944,1,39,19.5,172.129,128.268,132.422,166.196,-138.303,176.546,-169.168
mZ944,1,40,20.0,173.017,133.13,122.282,-174.303,-143.795,-178.578,-160.148
mZ944,1,41,20.5,147.766,116.406,142.358,164.674,-122.008,179.158,-173.599
mZ944,1,42,21.0,172.532,124.84,149.547,174.034,-132.958,166.675,-167.988
mZ944,1,43,21.5,168.712,123.193,146.121,179.561,-133.307,-173.893,-173.583
mZ944,1,44,22.0,-176.645,114.168,154.678,165.738,-128.739,-178.225,-178.635
mZ944,1,45,22.5,177.861,-164.176,77.964,168.1,-118.61,-173.857,-157.484
mZ944,1,46,23.0,-178.823,176.444,92.508,153.648,-125.34,-170.733,-163.872
mZ944,1,47,23.5,-172.504,143.599,113.179,153.738,-132.257,-179.112,171.825
mZ944,1,48,24.0,-176.823,-168.572,124.921,-169.7,-155.475,-175.045,-164.077
mZ944,1,49,24.5,-160.806,108.417,124.568,174.361,-116.623,178.98,178.99
mZ944,1,50,25.0,176.925,138.34,130.027,-179.831,-130.153,177.302,-171.071
mZ944,1,51,25.5,164.642,137.149,127.68,163.803,-140.76,-172.691,-150.469
mZ944,1,52,26.0,174.79,144.341,131.151,177.057,-155.424,-173.155,-160.654
mZ944,1,53,26.5,173.961,117.93,123.103,161.421,-142.075,-176.657,-140.551
mZ944,1,54,27.0,-170.248,-132.976,75.143,-165.908,-159.809,-178.328,-168.737
mZ944,1,55,27.5,163.145,131.898,124.702,-172.341,-151.259,-176.321,-158.176
mZ944,1,56,28.0,171.402,111.503,146.196,166.481,-133.261,-172.279,-156.455
mZ944,1,57,28.5,171.812,132.184,138.087,167.331,-108.596,-179.202,-168.036
mZ944,1,58,29.0,168.749,111.121,161.205,159.198,-133.296,179.094,-167.263
mZ944,1,59,29.5,177.377,120.819,158.445,157.769,-122.455,173.075,-174.526
mZ944,1,60,30.0,174.332,152.351,129.311,167.687,-128.801,-165.39,-175.393
mZ944,1,61,30.5,173.383,144.034,133.457,-178.829,-138.79,-173.093,-173.845
mZ944,1,62,31.0,-174.207,123.79,129.935,173.302,-122.172,167.274,-156.039
mZ944,1,63,31.5,-178.864,111.814,143.222,164.291,-116.06,-175.027,-172.766
mZ944,1,64,32.0,-173.257,130.2,128.065,-168.533,-133.16,-170.845,-170.412
mZ944,1,65,32.5,179.148,119.682,141.95,166.867,-123.602,173.499,-178.313
mZ944,1,66,33.0,167.7,133.017,127.166,-179.781,-140.561,-179.28,-163.063
mZ944,1,67,33.5,-171.193,156.186,72.969,-177.992,-104.592,-178.614,-158.116
mZ944,1,68,34.0,-175.827,108.955,151.036,167.837,-120.068,-179.256,-175.139
mZ944,1,69,34.5,166.403,138.772,142.862,178.853,-152.158,178.605,-161.164
mZ944,1,70,35.0,171.323,110.101,141.142,164.523,-128.326,-171.905,-176.062
mZ944,1,71,35.5,172.876,156.478,121.568,172.449,-134.915,-173.401,-174.127
mZ944,1,72,36.0,161.777,107.0,144.759,169.161,-112.376,169.641,-154.153
mZ944,1,73,36.5,170.015,120.532,147.226,158.575,-113.743,-177.09,169.822
mZ944,1,74,37.0,168.993,142.25,149.957,165.735,-122.83,169.553,-161.964
mZ944,1,75,37.5,161.733,107.415,146.202,167.229,-146.419,-176.933,-154.508
mZ944,1,76,38.0,171.588,147.27,159.008,167.794,-142.633,-167.358,-164.534
mZ944,1,77,38.5,168.007,113.547,144.986,163.275,-123.176,175.797,179.875
mZ944,1,78,39.0,169.181,-164.45,103.778,-170.222,-149.186,177.115,-162.194
mZ944,1,79,39.5,168.47,153.773,98.372,-173.275,-147.379,-159.919,-179.598
mZ944,1,80,40.0,166.767,126.333,134.846,161.185,-150.338,-175.567,-169.293
mZ944,1,81,40.5,-172.695,150.125,111.393,-179.378,-170.202,-166.176,-149.157
mZ944,1,82,41.0,178.044,145.25,123.939,176.149,-143.809,-172.325,-178.525
mZ944,1,83,41.5,163.43,121.977,142.684,171.671,-128.817,177.993,178.903
mZ944,1,84,42.0,169.986,161.408,121.763,174.3,-140.348,-174.959,-177.46
mZ944,1,85,42.5,169.88,106.722,133.191,162.783,-128.296,-168.451,-160.736
mZ944,1,86,43.0,160.654,128.676,155.055,156.083,-124.865,-177.043,173.216
mZ944,1,87,43.5,174.14,132.421,130.712,-177.181,-124.529,-179.511,175.7
mZ944,1,88,44.0,177.653,136.245,140.686,172.54,-132.053,159.033,-162.502
mZ944,1,89,44.5,-167.688,132.794,138.183,160.892,-107.247,176.662,170.48
mZ944,1,90,45.0,169.718,127.105,139.086,169.435,-139.974,-179.598,178.677
mZ944,1,91,45.5,-178.422,129.919,127.872,161.53,-115.861,165.259,-164.217
mZ944,1,92,46.0,161.027,145.047,144.346,162.967,-145.685,178.192,-167.481
mZ944,1,93,46.5,178.09,96.068,69.113,178.479,-113.236,-171.39,-169.876
mZ944,1,94,47.0,-174.745,80.88,112.998,170.921,-103.857,171.035,139.108
mZ944,1,95,47.5,-177.751,-173.859,74.478,172.969,-106.406,173.894,165.569
mZ944,1,96,48.0,160.679,103.963,119.865,164.451,-136.518,-174.236,-166.802
mZ944,1,97,48.5,-161.418,179.466,65.522,175.323,-95.98,175.636,-176.015
mZ944,1,98,49.0,161.903,120.627,131.498,159.196,-117.294,-176.09,158.509
mZ944,1,99,49.5,162.355,110.674,143.303,150.35,-126.399,-171.699,-161.155
mZ944,1,100,50.0,169.911,112.987,161.649,157.378,-123.512,168.829,-159.746
mZ944,1,101,50.5,167.61,121.557,161.627,163.786,-108.111,-179.832,-173.167
mZ944,1,102,51.0,171.967,118.023,159.906,153.805,-129.224,176.94,177.818
mZ944,1,103,51.5,175.876,125.983,146.524,165.039,-107.951,157.266,169.98
mZ944,1,104,52.0,173.165,121.413,157.324,163.096,-109.964,170.8,-176.736
mZ944,1,105,52.5,179.252,159.059,115.58,176.908,-131.52,-179.049,-169.125
mZ944,1,106,53.0,169.435,111.614,149.963,174.902,-136.218,172.958,-151.87
mZ944,1,107,53.5,-173.02,96.559,161.56,171.798,-126.336,171.747,-173.188
mZ944,1,108,54.0,178.883,119.396,169.913,146.512,-114.641,-175.617,-179.982
mZ944,1,109,54.5,-179.081,127.012,137.176,162.336,-155.404,-174.401,-162.797
mZ944,1,110,55.0,170.897,126.659,114.638,169.351,-131.142,-174.503,-171.598
mZ944,1,111,55.5,175.31,148.931,103.014,148.766,-113.544,-172.825,-175.089
mZ944,1,112,56.0,-175.01,129.676,129.489,156.251,-129.678,-167.97,-156.777
mZ944,1,113,56.5,174.554,114.287,85.406,165.937,-127.844,-165.564,171.678
mZ944,1,114,57.0,171.314,113.104,99.581,159.224,-111.137,-174.021,-174.151
mZ944,1,115,57.5,170.475,102.856,91.617,165.411,-129.097,174.289,-163.124
mZ944,1,116,58.0,173.466,109.629,101.595,178.358,-133.55,-172.514,-164.128
mZ944,1,117,58.5,168.448,27.34,88.237,-171.607,-167.693,-172.845,-172.11
mZ944,1,118,59.0,172.218,116.935,87.083,176.368,-106.74,173.651,142.84
mZ944,1,119,59.5,-179.062,-175.523,91.184,153.637,-126.078,-162.398,167.363
mZ944,1,120,60.0,173.157,144.038,95.409,114.816,-104.847,-172.02,-173.989
mZ944,1,121,60.5,173.025,89.696,139.28,145.374,-122.8,-177.585,-166.756
mZ944,1,122,61.0,-179.08,72.027,85.771,-160.791,-100.503,169.448,-171.531
mZ944,1,123,61.5,-179.691,98.607,108.203,172.742,-122.361,174.298,-178.393
mZ944,1,124,62.0,-173.118,91.017,127.977,173.937,-109.19,165.752,-159.56
mZ944,1,125,62.5,171.63,103.438,142.517,174.958,-110.964,178.855,169.972
mZ944,1,126,63.0,168.147,133.983,79.065,157.008,-116.457,173.711,157.395
mZ944,1,127,63.5,175.297,139.575,101.4,178.927,-118.724,173.33,168.646
mZ944,1,128,64.0,-178.533,133.031,137.824,-177.059,-153.295,176.49,-166.617
mZ944,1,129,64.5,176.479,140.413,105.424,160.8,-121.82,-166.012,-152.723
mZ944,1,130,65.0,-176.054,145.279,86.737,-171.65,-162.433,167.383,-151.532
mZ944,1,131,65.5,-171.338,-178.816,92.892,149.406,-109.522,-156.092,160.03
mZ944,1,132,66.0,-169.735,139.592,82.247,-170.96,-125.09,-166.426,-159.105
mZ944,1,133,66.5,-178.073,133.803,113.193,-167.316,-155.742,179.447,-160.643
mZ944,1,134,67.0,-165.457,165.652,93.874,171.173,-104.581,-166.029,-176.867
mZ944,1,135,67.5,178.844,129.778,130.39,-175.985,-115.957,-155.754,-168.496
mZ944,1,136,68.0,167.586,122.742,120.938,171.929,-117.46,-168.598,176.633
mZ944,1,137,68.5,174.892,119.293,123.175,165.484,-150.098,-167.102,-158.316
mZ944,1,138,69.0,-172.741,125.866,124.432,172.571,-114.135,167.985,-172.277
mZ944,1,139,69.5,-171.672,148.393,113.168,153.842,-126.385,-172.268,-166.56
mZ944,1,140,70.0,173.703,145.37,124.462,167.089,-133.834,-166.161,-174.638
mZ944,1,141,70.5,-166.993,141.145,129.627,144.052,-111.295,-168.154,-169.531
mZ944,1,142,71.0,-165.995,169.258,88.142,-179.963,-165.913,-173.797,-144.52
mZ944,1,143,71.5,172.658,146.518,115.356,162.134,-126.252,174.958,177.105
mZ944,1,144,72.0,176.725,158.613,96.267,-179.644,-140.211,175.068,-168.924
mZ944,1,145,72.5,167.86,137.796,102.062,-172.129,-128.726,-170.234,176.805
mZ944,1,146,73.0,178.611,122.346,140.389,167.868,-113.312,170.603,168.991
mZ944,1,147,73.5,-152.963,122.396,133.242,174.63,-122.228,-168.18,-166.949
mZ944,1,148,74.0,176.784,126.647,151.436,166.416,-133.213,-166.941,-166.133
mZ944,1,149,74.5,-168.34,138.041,110.678,169.702,-139.239,-178.295,-176.654
mZ944,1,150,75.0,177.343,110.838,134.474,176.29,-119.354,-173.412,-160.131
mZ944,1,151,75.5,-177.65,152.499,116.572,-171.672,-151.531,-166.837,-166.84
mZ944,1,152,76.0,-177.818,122.403,123.521,176.433,-103.513,178.388,-176.177
mZ944,1,153,76.5,-178.372,134.533,118.193,174.798,-134.054,-165.898,-176.77
mZ944,1,154,77.0,166.337,139.157,123.534,156.987,-137.035,-169.187,172.687
mZ944,1,155,77.5,166.5,144.154,127.473,151.918,-140.859,-161.522,-164.57
mZ944,1,156,78.0,-171.234,164.053,78.692,-176.618,-151.142,179.233,-161.267
mZ944,1,157,78.5,154.972,147.412,127.651,-179.004,-156.547,-173.094,-160.956
mZ944,1,158,79.0,175.899,144.408,114.36,176.224,-149.903,-167.051,-151.462
mZ944,1,159,79.5,167.644,137.2,112.017,154.442,-131.371,-165.097,171.477
mZ944,1,160,80.0,167.066,125.848,148.132,171.329,-128.866,161.839,164.215
mZ944,1,161,80.5,-175.673,132.927,134.037,153.622,-125.832,179.113,170.49
mZ944,1,162,81.0,-177.291,132.747,128.664,178.616,-147.204,179.846,174.341
mZ944,1,163,81.5,176.774,135.085,102.189,-175.483,-153.878,-179.356,-164.725
mZ944,1,164,82.0,168.083,128.473,157.442,161.155,-147.875,-172.408,161.362
mZ944,1,165,82.5,179.986,142.83,121.77,178.234,-132.787,-168.04,-174.988
mZ944,1,166,83.0,170.313,130.924,126.034,-165.173,-121.431,163.564,-163.104
mZ944,1,167,83.5,-163.179,96.568,139.243,172.603,-119.951,165.683,-158.131
mZ944,1,168,84.0,166.387,177.0,88.597,-147.212,-172.069,-176.909,-160.386
mZ944,1,169,84.5,-175.688,119.076,133.542,176.847,-141.619,-178.35,169.99
mZ944,1,170,85.0,-179.965,150.088,111.117,179.602,-151.85,-169.668,-155.059
mZ944,1,171,85.5,149.978,150.15,123.701,176.38,-127.917,166.799,-159.759
mZ944,1,172,86.0,173.423,143.517,123.473,168.606,-144.146,-169.028,-160.783
mZ944,1,173,86.5,169.138,146.511,118.571,-176.54,-175.329,174.765,-148.01
mZ944,1,174,87.0,-177.166,169.834,88.273,149.084,-127.153,-179.662,-156.029
mZ944,1,175,87.5,-177.937,137.134,98.753,-163.262,-159.848,-175.387,-162.577
mZ944,1,176,88.0,-158.32,174.458,79.532,160.193,-123.412,173.054,171.04
mZ944,1,177,88.5,-173.398,148.035,106.189,-178.376,-137.65,-172.62,-167.65
mZ944,1,178,89.0,155.248,126.82,118.463,-170.946,-147.484,-178.067,-169.077
mZ944,1,179,89.5,-179.228,123.913,130.327,170.378,-118.535,-178.164,-177.21
mZ944,1,180,90.0,-178.699,167.139,107.039,-174.522,-138.297,179.011,-164.461
mZ944,1,181,90.5,-175.891,159.381,112.435,-165.804,-134.24,-173.289,-160.347
mZ944,1,182,91.0,-177.116,155.216,100.466,176.788,-147.979,-169.507,-155.643
mZ944,1,183,91.5,175.605,151.478,95.261,145.445,-116.27,-176.398,170.726
mZ944,1,184,92.0,175.045,155.95,88.228,-173.958,-155.201,-168.152,-166.203
mZ944,1,185,92.5,163.806,122.208,106.155,174.041,-116.707,178.521,-176.085
mZ944,1,186,93.0,156.176,115.441,133.037,163.406,-124.833,175.363,-160.525
mZ944,1,187,93.5,163.065,140.328,121.438,140.586,-112.579,-178.373,-176.87
mZ944,1,188,94.0,167.16,129.402,132.254,160.872,-113.851,170.28,-163.751
mZ944,1,189,94.5,165.748,117.311,125.745,174.621,-103.856,171.232,-172.978
mZ944,1,190,95.0,176.46,119.386,146.058,162.836,-128.641,171.606,-177.192
mZ944,1,191,95.5,-175.575,152.123,114.131,171.248,-97.408,-164.166,177.065
mZ944,1,192,96.0,-176.375,156.788,87.423,-177.255,-173.236,-168.128,-151.058
mZ944,1,193,96.5,-168.647,115.617,137.719,176.747,-110.654,-175.167,-174.719
mZ944,1,194,97.0,177.933,102.861,74.782,168.348,-106.617,175.666,178.866
mZ944,1,195,97.5,174.719,102.43,110.253,146.148,138.778,-172.658,154.889
mZ944,1,196,98.0,176.996,109.627,131.694,144.732,-117.824,169.624,57.504
mZ944,1,197,98.5,176.477,111.232,95.117,151.283,-101.292,163.498,5.179
mZ944,1,198,99.0,176.888,108.048,114.52,155.96,-120.809,174.792,26.081
mZ944,1,199,99.5,-178.777,92.333,108.233,175.926,158.73,158.582,28.706
mZ944,1,200,100.0,-178.651,77.804,126.389,167.033,-179.098,162.916,26.185
mZ944,1,201,100.5,-172.06,133.276,83.17,174.352,-152.911,161.123,4.444
mZ944,1,202,101.0,-160.65,-124.4,90.221,61.007,-155.794,174.154,9.306
mZ944,1,203,101.5,-172.977,157.489,136.306,57.984,-175.968,173.826,22.165
mZ944,1,204,102.0,171.11,-148.234,103.259,66.109,-146.126,169.666,47.274
mZ944,1,205,102.5,-173.617,94.975,112.195,169.682,-127.576,168.72,-140.963
mZ944,1,206,103.0,176.432,97.9,154.487,64.921,150.786,-175.825,-30.244
mZ944,1,207,103.5,176.028,117.046,142.588,64.34,160.064,-176.221,-35.791
mZ944,1,208,104.0,178.376,87.937,126.441,152.878,-105.1,169.141,0.474
mZ944,1,209,104.5,156.285,-138.599,127.492,59.598,-166.103,174.576,16.431
mZ944,1,210,105.0,-172.528,-174.487,74.439,142.214,-111.83,164.037,-31.077
mZ944,1,211,105.5,-178.406,136.918,122.787,172.515,-129.643,-157.738,1.339
mZ944,1,212,106.0,-176.27,165.404,105.203,178.131,-155.258,-174.1,13.502
mZ944,1,213,106.5,-176.223,128.822,117.718,177.557,-117.79,-169.45,4.83
mZ944,1,214,107.0,175.962,140.385,120.281,179.731,-140.535,-168.686,7.612
mZ944,1,215,107.5,-174.042,150.953,119.38,-167.091,-102.187,-168.168,-14.95
mZ944,1,216,108.0,177.561,135.591,109.179,-179.58,178.964,-173.705,26.571
mZ944,1,217,108.5,-172.22,171.232,100.774,-175.168,-156.626,-178.562,20.162
mZ944,1,218,109.0,163.71,138.569,105.854,-171.334,-127.571,-179.552,0.169
mZ944,1,219,109.5,169.729,143.785,126.368,-174.855,-95.254,-173.747,-3.378
mZ944,1,220,110.0,-165.283,-176.98,92.1,-165.453,-163.851,-179.633,11.46
mZ944,1,221,110.5,-166.757,155.676,95.53,168.919,-124.969,-167.568,25.386
mZ944,1,222,111.0,-178.566,136.33,107.46,-163.385,-130.667,-176.773,-6.606
mZ944,1,223,111.5,177.802,164.855,105.887,-165.953,-119.695,-165.484,-22.955
mZ944,1,224,112.0,178.838,114.769,145.935,170.768,-130.71,-166.204,17.561
mZ944,1,225,112.5,173.266,133.148,111.148,179.801,-148.312,-173.613,26.398
mZ944,1,226,113.0,-164.26,144.161,106.816,-170.417,-145.487,-178.704,17.774
mZ944,1,227,113.5,177.489,132.419,143.44,170.08,-140.473,-172.059,37.349
mZ944,1,228,114.0,-173.15,150.386,105.656,-163.039,-152.303,-169.208,19.456
mZ944,1,229,114.5,-175.799,150.426,117.131,161.138,-126.712,178.002,9.515
mZ944,1,230,115.0,-174.295,160.044,93.359,-179.572,-147.99,-164.689,30.869
mZ944,1,231,115.5,178.944,158.197,127.668,165.951,-146.956,-160.362,22.022
mZ944,1,232,116.0,172.669,154.329,127.917,163.416,-142.328,-156.074,5.534
mZ944,1,233,116.5,170.868,164.759,113.345,174.035,-140.592,-157.661,10.343
mZ944,1,234,117.0,-172.649,169.757,100.568,-166.932,-152.44,-168.294,35.585
mZ944,1,235,117.5,173.975,150.112,102.976,-175.715,-156.146,-164.423,6.165
mZ944,1,236,118.0,169.298,145.084,129.488,177.229,-128.799,175.52,22.269
mZ944,1,237,118.5,-178.741,153.391,115.784,-174.956,-162.89,-169.283,22.113
mZ944,1,238,119.0,-170.051,154.818,114.293,-168.386,-118.551,-170.51,1.385
mZ944,1,239,119.5,178.159,138.525,122.161,-177.752,-146.273,-171.983,16.055
mZ944,1,240,120.0,172.388,150.19,118.772,178.691,-157.184,-177.097,26.409
mZ944,1,241,120.5,-164.402,178.057,86.961,-175.322,-179.927,-167.886,38.85
mZ944,1,242,121.0,162.686,147.149,116.312,-162.044,-150.478,-163.576,-13.846
mZ944,1,243,121.5,-174.927,139.664,103.515,-173.429,-140.987,-175.63,-1.834
mZ944,1,244,122.0,172.207,134.12,115.459,-172.523,-122.976,-174.328,-0.826
mZ944,1,245,122.5,-171.751,156.514,105.928,-163.808,-148.305,-167.309,15.149
mZ944,1,246,123.0,-177.333,173.973,82.945,-159.038,-167.475,-174.627,38.424
mZ944,1,247,123.5,168.743,136.184,140.52,167.921,-121.613,-168.853,25.36
mZ944,1,248,124.0,-176.012,159.887,90.279,-154.879,-140.66,176.244,15.55
mZ944,1,249,124.5,-173.655,162.564,111.046,-167.295,-149.471,-170.828,17.581
mZ944,1,250,125.0,-178.141,143.422,86.833,-175.332,-129.6,-176.186,24.217
mZ944,1,251,125.5,167.427,140.611,114.166,-177.295,-110.607,-171.45,-18.579
mZ944,1,252,126.0,-171.918,179.946,99.392,167.171,-175.561,-172.633,6.185
mZ944,1,253,126.5,176.269,172.082,109.812,169.746,-116.313,-167.364,22.837
mZ944,1,254,127.0,-165.326,130.622,104.605,168.143,-127.518,-175.891,17.131
mZ944,1,255,127.5,-169.17,156.82,102.99,-157.373,-164.11,-172.882,16.388
mZ944,1,256,128.0,177.918,147.246,98.158,-158.102,-128.791,172.712,8.361
mZ944,1,257,128.5,177.592,157.42,91.321,171.976,-114.757,-175.867,21.232
mZ944,1,258,129.0,-176.188,136.797,125.055,173.394,-117.583,-170.82,0.218
mZ944,1,259,129.5,-175.087,154.617,97.444,-171.914,-135.721,-171.929,0.604
mZ944,1,260,130.0,-167.757,153.498,94.947,-177.735,-141.521,-177.48,36.033
mZ944,1,261,130.5,-173.656,172.563,81.867,179.27,-167.014,-161.178,17.722
mZ944,1,262,131.0,-171.724,162.658,97.071,-178.951,-136.683,-179.752,20.857
mZ944,1,263,131.5,178.181,151.442,105.216,-171.681,-125.37,-167.799,-0.929
mZ944,1,264,132.0,-162.34,153.673,77.913,166.578,-121.407,-162.181,14.062
mZ944,1,265,132.5,-173.84,154.246,85.09,179.53,-120.967,-162.46,30.214
mZ944,1,266,133.0,171.835,148.05,102.376,176.288,-135.425,-178.848,20.778
mZ944,1,267,133.5,-165.143,164.0,84.773,-174.36,-135.59,-176.253,23.84
mZ944,1,268,134.0,178.594,131.914,96.46,160.634,-118.242,-168.034,7.083
mZ944,1,269,134.5,-177.824,152.641,85.618,176.441,-140.475,-155.004,29.349
mZ944,1,270,135.0,169.554,156.009,106.215,-165.641,-159.701,-169.79,26.509
mZ944,1,271,135.5,177.228,162.673,107.759,172.82,-159.699,-162.891,37.712
mZ944,1,272,136.0,-178.639,157.688,100.283,-169.41,-143.8,-164.229,-22.565
mZ944,1,273,136.5,166.28,152.717,99.422,176.979,-129.463,-161.719,17.832
mZ944,1,274,137.0,176.822,145.005,96.041,176.899,-129.05,-179.425,-6.747
mZ944,1,275,137.5,167.319,140.535,103.523,-179.894,-140.606,172.507,-1.189
mZ944,1,276,138.0,165.03,144.038,104.063,-178.467,-141.128,-177.096,12.212
mZ944,1,277,138.5,174.785,135.212,94.812,-178.333,-174.972,-168.416,29.784
mZ944,1,278,139.0,173.754,153.051,118.248,177.399,-138.29,-175.288,30.176
mZ944,1,279,139.5,-175.201,145.17,124.132,165.42,-168.637,-169.679,49.187
mZ944,1,280,140.0,-171.451,137.119,122.809,173.316,-120.693,-172.366,7.413
mZ944,1,281,140.5,-164.893,173.793,103.136,157.802,-128.139,-167.981,1.038
mZ944,1,282,141.0,174.231,135.986,121.75,-169.293,-142.311,179.842,10.63
mZ944,1,283,141.5,-176.927,158.712,101.496,163.95,-119.382,179.619,16.359
mZ944,1,284,142.0,165.095,135.431,136.357,156.288,-153.384,-157.819,22.822
mZ944,1,285,142.5,-179.651,132.635,100.046,173.919,-106.33,-166.353,-13.494
mZ944,1,286,143.0,174.415,156.734,104.433,170.564,-143.567,-171.206,51.192
mZ944,1,287,143.5,178.844,150.829,99.059,-167.536,-136.576,-175.991,1.714
mZ944,1,288,144.0,-169.306,178.562,74.893,-166.325,-150.578,-176.32,14.371
mZ944,1,289,144.5,-172.529,149.0,98.72,-175.103,-137.446,-179.55,6.15
mZ944,1,290,145.0,-168.867,-107.56,89.363,-64.822,166.052,-178.118,2.522
mZ944,1,291,145.5,167.573,-176.369,73.908,-67.389,164.485,-165.156,-8.886
mZ944,1,292,146.0,170.383,-153.868,80.127,-53.346,-164.654,174.813,-30.072
mZ944,1,293,146.5,-172.994,135.138,135.022,-178.628,-168.73,177.29,27.672
mZ944,1,294,147.0,178.336,146.804,109.992,178.637,-165.611,175.092,28.591
mZ944,1,295,147.5,172.839,145.463,115.093,-168.986,-103.616,-158.564,-12.427
mZ944,1,296,148.0,168.042,154.878,123.025,179.257,-135.208,178.978,11.854
mZ944,1,297,148.5,165.628,133.158,119.949,177.257,-158.709,-172.612,14.295
mZ944,1,298,149.0,-169.571,157.279,115.119,-165.878,-124.102,-170.996,2.718
mZ944,1,299,149.5,166.572,166.242,102.108,-178.999,-118.051,177.97,-20.916
mZ944,1,300,150.0,-174.389,168.919,96.118,-158.805,-160.125,173.11,28.946
mZ944,1,301,150.5,175.479,127.609,115.521,-179.117,-144.152,-169.268,15.415
mZ944,1,302,151.0,162.988,162.887,102.976,-175.896,-131.936,-170.274,11.246
mZ944,1,303,151.5,169.828,155.512,100.826,-179.985,-154.383,-170.617,17.665
mZ944,1,304,152.0,172.124,172.015,108.086,-178.965,-136.493,-172.473,15.585
mZ944,1,305,152.5,179.532,152.549,98.683,178.235,-138.382,-173.152,8.786
mZ944,1,306,153.0,-174.815,156.515,115.197,178.788,-114.235,-165.284,-15.173
mZ944,1,307,153.5,179.974,145.569,102.967,176.347,-123.859,-176.417,19.247
mZ944,1,308,154.0,178.982,161.745,110.935,-175.73,-147.637,-166.359,15.328
mZ944,1,309,154.5,-176.811,167.121,99.64,169.182,-133.445,-159.093,16.328
mZ944,1,310,155.0,177.145,142.322,110.423,-178.889,-99.575,-177.674,-21.129
mZ944,1,311,155.5,-178.673,129.597,116.115,179.793,-155.921,175.99,16.935
mZ944,1,312,156.0,170.824,151.954,101.458,172.484,-127.874,-168.132,6.406
mZ944,1,313,156.5,-171.245,151.57,105.871,-154.44,-114.629,-163.968,-1.755
mZ944,1,314,157.0,178.877,130.774,123.996,-170.768,-125.521,-176.009,-14.563
mZ944,1,315,157.5,158.498,128.822,100.556,179.206,-132.436,-172.868,11.982
mZ944,1,316,158.0,171.877,147.911,96.611,-161.112,-166.914,-174.136,26.141
mZ944,1,317,158.5,-171.074,166.461,87.362,-170.526,-153.163,172.661,24.682
mZ944,1,318,159.0,-166.766,132.742,104.793,-169.341,-130.034,-163.517,3.04
mZ944,1,319,159.5,178.002,143.219,98.8,-162.345,-161.246,-177.458,35.871
mZ944,1,320,160.0,175.651,152.457,115.066,176.824,-120.872,-178.362,20.001
mZ944,1,321,160.5,-177.636,138.264,103.781,150.523,-133.009,-172.149,-11.158
mZ944,1,322,161.0,177.954,144.767,105.012,-171.714,-129.247,-159.529,-6.337
mZ944,1,323,161.5,175.57,154.865,99.352,-171.82,-138.968,-168.375,26.733
mZ944,1,324,162.0,178.624,156.319,98.16,-171.746,-122.957,-178.558,14.86
mZ944,1,325,162.5,175.031,152.602,113.079,-174.752,-121.479,-173.539,-8.817
mZ944,1,326,163.0,-170.856,169.445,110.055,177.073,-134.658,-170.022,9.576
mZ944,1,327,163.5,174.883,119.81,102.921,-172.12,-101.477,-169.318,-15.458
mZ944,1,328,164.0,172.546,146.72,100.62,179.011,-155.437,-174.309,7.268
mZ944,1,329,164.5,174.869,137.988,123.38,171.936,-159.977,-162.965,17.509
mZ944,1,330,165.0,157.263,134.637,116.023,-164.327,-111.619,179.029,13.528
mZ944,1,331,165.5,-176.742,121.432,99.875,-156.811,-144.986,166.871,34.562
mZ944,1,332,166.0,-178.918,160.19,80.034,178.919,-150.685,179.244,14.058
mZ944,1,333,166.5,170.608,169.23,103.68,179.975,-150.274,-178.589,-2.577
mZ944,1,334,167.0,162.619,141.603,129.215,156.079,-110.49,-171.759,14.607
mZ944,1,335,167.5,175.247,122.547,115.977,158.398,-136.488,-169.962,-9.21
mZ944,1,336,168.0,171.632,132.78,111.087,-175.533,-117.401,-167.624,-13.546
mZ944,1,337,168.5,178.581,160.896,95.028,-171.404,-145.409,-169.905,-5.998
mZ944,1,338,169.0,-168.152,156.372,102.313,177.903,-136.369,179.819,21.08
mZ944,1,339,169.5,-164.894,167.071,89.598,-167.528,-154.085,-169.482,30.765
mZ944,1,340,170.0,165.997,165.396,111.211,-168.86,-161.447,-134.995,14.461
mZ944,1,341,170.5,177.643,167.185,89.164,-158.998,-150.853,-165.48,-13.148
mZ944,1,342,171.0,179.734,154.017,98.165,-175.169,-137.34,176.857,28.244
mZ944,1,343,171.5,169.623,136.74,107.046,175.857,-119.413,-178.412,13.212
mZ944,1,344,172.0,-177.176,165.13,79.572,-165.147,-160.562,-172.882,9.513
mZ944,1,345,172.5,176.678,135.583,128.508,-179.67,-145.724,-173.884,37.694
mZ944,1,346,173.0,167.81,152.912,98.654,-171.814,-156.623,-169.563,10.486
mZ944,1,347,173.5,-175.861,165.04,82.705,-171.013,-154.96,178.599,-9.077
mZ944,1,348,174.0,-162.604,170.429,94.946,169.76,-152.798,-176.725,20.485
mZ944,1,349,174.5,163.988,165.764,104.695,166.202,-137.522,-158.579,-3.044
mZ944,1,350,175.0,168.311,173.652,99.847,177.583,-141.983,-171.06,-6.049
mZ944,1,351,175.5,177.744,166.203,94.899,164.381,-142.581,-175.48,-9.306
mZ944,1,352,176.0,166.873,161.131,100.052,167.731,-114.483,-171.754,-20.157
mZ944,1,353,176.5,-175.534,134.251,118.995,-171.435,-135.179,-166.087,11.837
mZ944,1,354,177.0,174.601,134.163,94.659,-166.328,-151.149,-173.13,0.038
mZ944,1,355,177.5,176.631,141.854,112.099,-150.803,-153.723,177.52,21.685
mZ944,1,356,178.0,175.551,147.169,95.547,176.304,-135.016,-165.752,22.943
mZ944,1,357,178.5,176.59,140.398,103.923,-169.63,-113.567,-173.523,-2.495
mZ944,1,358,179.0,-167.05,162.137,86.5,-177.875,-152.908,-173.761,-4.834
mZ944,1,359,179.5,-163.514,154.095,88.3,164.689,-138.706,-159.56,23.654
mZ944,1,360,180.0,-179.705,143.719,118.415,176.727,-125.251,-169.283,15.401
mZ944,1,361,180.5,-169.389,169.51,110.173,-163.407,-153.981,-174.168,16.245
mZ944,1,362,181.0,-161.612,167.895,85.739,-174.064,-141.545,-169.019,21.099
mZ944,1,363,181.5,169.614,147.572,103.725,-177.73,-148.127,-173.57,24.44
mZ944,1,364,182.0,171.092,159.663,117.263,-178.582,-145.07,-175.041,18.402
mZ944,1,365,182.5,177.314,140.944,113.547,162.148,-136.978,-178.409,54.98
mZ944,1,366,183.0,175.775,168.004,86.477,-171.207,-153.318,-176.587,49.065
mZ944,1,367,183.5,-167.803,156.275,101.597,-177.053,-132.259,-172.675,27.233
mZ944,1,368,184.0,-174.934,156.948,79.512,-166.487,-174.62,-165.792,33.766
mZ944,1,369,184.5,168.495,146.114,98.086,-174.449,-136.999,-161.316,6.305
mZ944,1,370,185.0,174.507,123.143,129.975,-172.693,-137.9,178.457,-2.325
mZ944,1,371,185.5,168.804,-173.294,91.376,-168.524,-122.989,-170.404,-10.102
mZ944,1,372,186.0,179.419,150.544,102.64,174.129,-136.776,-164.918,14.538
mZ944,1,373,186.5,171.301,163.996,87.684,-179.59,-167.581,-174.493,7.192
mZ944,1,374,187.0,161.113,131.026,126.318,-177.301,-127.761,-166.379,0.9
mZ944,1,375,187.5,-177.003,169.524,96.071,-159.117,-160.273,-179.068,33.003
mZ944,1,376,188.0,-168.207,147.17,97.362,177.536,-138.556,-171.25,17.489
mZ944,1,377,188.5,-154.952,157.627,81.521,-175.128,-147.422,-177.043,26.627
mZ944,1,378,189.0,166.955,150.704,109.408,177.205,-159.069,-167.125,37.127
mZ944,1,379,189.5,-171.96,163.187,97.064,174.449,-105.954,-167.784,3.103
mZ944,1,380,190.0,176.876,151.368,110.128,161.998,-151.146,-171.35,3.702
mZ944,1,381,190.5,-173.01,175.752,109.143,179.637,-171.081,172.735,-8.323
mZ944,1,382,191.0,177.855,155.854,99.639,172.706,-152.043,-173.928,-26.213
mZ944,1,383,191.5,166.345,152.641,81.116,-173.572,-147.27,177.474,25.465
mZ944,1,384,192.0,-154.261,172.203,84.15,160.108,-154.137,-178.152,-6.283
mZ944,1,385,192.5,179.11,130.873,113.221,175.506,-109.691,-167.751,-3.446
mZ944,1,386,193.0,-155.292,-178.158,82.675,-179.09,-157.312,175.723,2.641
mZ944,1,387,193.5,156.108,161.529,90.289,174.165,-164.419,-170.243,7.639
mZ944,1,388,194.0,175.451,148.956,105.08,165.088,-174.068,-170.37,77.618
mZ944,1,389,194.5,-178.228,157.361,94.329,-151.89,-140.221,-174.127,1.769
mZ944,1,390,195.0,175.959,133.635,125.52,-176.136,-121.5,-167.565,10.648
mZ944,1,391,195.5,-176.67,155.039,124.537,164.111,-131.904,174.902,16.405
mZ944,1,392,196.0,179.825,157.749,111.628,-177.385,-145.688,171.775,-1.886
mZ944,1,393,196.5,167.384,154.264,92.347,-175.359,-148.606,-160.323,3.531
mZ944,1,394,197.0,165.284,164.194,114.25,-166.735,-154.885,-170.62,22.465
mZ944,1,395,197.5,-167.151,157.567,95.175,-167.635,-112.141,-155.535,-8.123
mZ944,1,396,198.0,-173.964,155.738,95.305,172.637,-134.85,-175.048,6.108
mZ944,1,397,198.5,-177.457,154.058,99.279,-162.242,-149.52,-174.621,2.772
mZ944,1,398,199.0,-166.621,150.824,87.667,161.923,-117.213,-178.525,-17.021
mZ944,1,399,199.5,167.11,169.984,98.544,-177.716,-165.562,-173.525,19.266
mZ944,1,400,200.0,-177.035,155.538,100.231,167.046,-145.686,177.582,-4.567
mZ944,1,401,200.5,-177.953,160.827,111.705,-156.088,-141.764,172.847,21.669
mZ944,1,402,201.0,-164.758,143.884,97.589,-178.468,-161.76,176.22,48.385
mZ944,1,403,201.5,-178.474,171.761,112.958,164.501,-113.578,-168.671,-2.338
mZ944,1,404,202.0,-178.295,138.931,105.751,159.452,-115.21,-157.729,6.86
mZ944,1,405,202.5,-177.626,157.601,89.443,166.378,-128.753,-173.949,14.751
mZ944,1,406,203.0,-170.373,-177.128,94.623,172.187,-131.9,-154.989,7.807
mZ944,1,407,203.5,177.711,160.035,88.796,165.401,-140.269,-166.339,-4.845
mZ944,1,408,204.0,165.578,140.094,122.837,173.019,-119.052,-171.385,30.36
mZ944,1,409,204.5,162.119,151.902,112.092,176.201,-137.173,-167.982,11.79
mZ944,1,410,205.0,172.175,157.526,107.388,-176.164,-144.014,-176.053,36.848
mZ944,1,411,205.5,-166.36,152.407,105.176,175.335,-129.508,178.596,34.376
mZ944,1,412,206.0,-163.576,178.674,83.267,-172.259,-165.79,-161.442,9.891
mZ944,1,413,206.5,162.048,156.812,119.109,175.76,-162.341,-165.534,37.324
mZ944,1,414,207.0,-167.598,152.076,108.074,169.723,-134.086,179.912,14.843
mZ944,1,415,207.5,176.488,146.737,96.879,170.167,-116.242,-174.593,-7.009
mZ944,1,416,208.0,-177.321,166.27,88.108,175.112,-141.947,-166.004,-6.151
mZ944,1,417,208.5,-169.718,149.73,103.149,172.518,-132.415,-177.918,-13.093
mZ944,1,418,209.0,-173.27,176.505,94.355,161.523,-122.323,-179.649,5.397
mZ944,1,419,209.5,177.558,151.804,118.657,178.817,-156.05,-172.245,2.717
mZ944,1,420,210.0,-179.796,155.315,108.557,172.159,-131.786,-177.132,5.51
mZ944,1,421,210.5,173.324,172.343,100.405,-163.677,-173.587,-176.327,21.238
mZ944,1,422,211.0,167.369,-173.261,83.526,168.296,-128.744,-165.073,7.546
mZ944,1,423,211.5,163.3,123.011,136.273,169.973,-95.226,174.467,13.757
mZ944,1,424,212.0,-170.203,174.051,78.092,159.432,-136.733,-153.559,6.005
mZ944,1,425,212.5,-152.984,155.323,86.86,177.552,-132.626,-175.773,16.57
mZ944,1,426,213.0,172.641,145.676,112.174,178.462,-139.184,-172.649,22.465
mZ944,1,427,213.5,172.874,165.549,108.657,179.485,-153.308,179.206,15.306
mZ944,1,428,214.0,173.567,130.97,124.024,-179.707,-105.085,-174.408,0.574
mZ944,1,429,214.5,-174.133,166.622,92.434,171.109,-139.176,-167.722,29.207
mZ944,1,430,215.0,176.607,156.92,93.194,-171.837,-138.945,-176.869,32.537
mZ944,1,431,215.5,173.952,155.405,116.982,167.146,-115.607,-172.052,30.627
mZ944,1,432,216.0,-175.002,159.249,135.816,172.299,-153.881,-163.719,14.998
mZ944,1,433,216.5,173.273,151.118,124.944,168.813,-116.509,-176.591,0.2
mZ944,1,434,217.0,-175.111,152.684,110.785,-172.237,-110.937,-172.558,5.173
mZ944,1,435,217.5,176.987,152.695,98.994,-177.63,-133.404,-167.913,18.695
mZ944,1,436,218.0,162.493,123.856,140.935,171.569,-131.032,179.181,40.06
mZ944,1,437,218.5,170.772,171.354,68.063,-75.81,177.608,-159.625,-17.814
mZ944,1,438,219.0,169.699,140.495,111.609,-165.554,-106.289,-177.136,-1.711
mZ944,1,439,219.5,169.586,119.09,118.129,166.138,-113.143,177.423,177.462
mZ944,1,440,220.0,170.478,154.785,108.697,-169.388,-143.098,-176.248,-174.441
mZ944,1,441,220.5,-170.355,159.266,100.775,-175.933,-155.441,-159.049,-164.453
mZ944,1,442,221.0,173.256,164.446,90.612,-171.996,-141.331,-163.248,-166.263
mZ944,1,443,221.5,-176.665,131.097,127.009,175.532,-119.124,-174.781,-167.74
mZ944,1,444,222.0,167.587,120.562,142.836,165.494,-133.035,177.802,-165.241
mZ944,1,445,222.5,-172.491,126.67,135.294,165.21,-115.953,-171.957,-160.073
mZ944,1,446,223.0,174.877,149.947,90.833,-174.208,-122.941,-163.453,172.871
mZ944,1,447,223.5,165.462,-173.864,89.353,171.836,-134.561,179.838,-149.286
mZ944,1,448,224.0,-167.786,141.472,107.642,177.961,-108.882,-172.461,171.078
mZ944,1,449,224.5,-178.576,143.34,101.964,-175.208,-170.617,-163.937,-170.936
mZ944,1,450,225.0,-163.547,165.81,99.393,161.298,-147.629,-169.66,-177.373
mZ944,1,451,225.5,168.413,137.158,108.96,-176.745,-127.839,177.484,-162.692
mZ944,1,452,226.0,176.176,158.359,113.483,-177.686,-137.489,-176.876,-160.842
mZ944,1,453,226.5,-156.997,178.08,82.116,-177.571,-156.638,-164.502,-162.06
mZ944,1,454,227.0,177.136,146.222,111.825,-178.836,-161.859,-170.693,-149.329
mZ944,1,455,227.5,-178.463,139.194,129.338,156.581,-133.675,173.538,-176.361
mZ944,1,456,228.0,170.269,125.704,110.152,-179.329,-128.772,-170.406,-172.737
mZ944,1,457,228.5,-173.113,164.023,101.133,-174.3,-120.579,-173.782,-171.539
mZ944,1,458,229.0,179.66,157.024,119.883,-174.498,-120.173,-172.667,-172.539
mZ944,1,459,229.5,175.903,151.299,98.15,-173.846,-146.46,-165.942,-155.91
mZ944,1,460,230.0,-174.693,158.545,100.235,179.95,-160.452,-178.215,-158.385
mZ944,1,461,230.5,-171.121,163.572,96.713,-174.637,-113.998,-173.304,175.689
mZ944,1,462,231.0,176.634,159.98,106.282,173.651,-118.873,-163.126,-173.085
mZ944,1,463,231.5,-178.632,150.348,107.687,172.041,-125.542,-156.717,177.792
mZ944,1,464,232.0,165.231,148.396,109.508,-176.851,-122.819,-168.659,175.544
mZ944,1,465,232.5,-175.294,147.295,86.034,-164.511,-145.136,-173.782,-166.99
mZ944,1,466,233.0,173.442,134.326,106.853,-166.107,-99.232,-162.681,152.299
mZ944,1,467,233.5,177.976,143.655,129.309,176.533,-164.535,-171.83,-157.745
mZ944,1,468,234.0,162.455,138.407,114.652,178.494,-143.181,-166.252,-150.845
mZ944,1,469,234.5,164.083,-172.015,71.289,-63.788,161.792,-174.444,-162.319
mZ944,1,470,235.0,176.064,148.611,96.751,-168.265,-156.704,-167.052,174.647
mZ944,1,471,235.5,-173.018,-177.136,92.634,-152.674,-165.191,-177.908,-171.098
mZ944,1,472,236.0,179.397,148.523,93.965,-163.285,-152.921,-169.843,-172.222
mZ944,1,473,236.5,-174.197,158.669,75.563,-157.601,-95.494,-177.03,149.135
mZ944,1,474,237.0,-179.734,149.621,115.919,-178.954,-145.569,-175.712,-166.588
mZ944,1,475,237.5,167.352,121.682,115.134,159.764,-113.206,168.478,-164.263
mZ944,1,476,238.0,-168.755,167.829,88.275,177.108,-125.636,-166.888,-178.457
mZ944,1,477,238.5,161.068,133.291,134.704,-173.751,-155.704,177.621,-143.286
mZ944,1,478,239.0,168.391,164.116,127.803,155.793,-151.765,-157.733,-166.228
mZ944,1,479,239.5,175.516,139.278,108.113,-177.255,-110.475,175.261,179.175
mZ944,1,480,240.0,-178.693,135.51,139.285,-171.493,-110.52,-176.719,176.342
mZ944,1,481,240.5,176.708,156.644,77.499,-170.902,-156.564,-166.793,-168.187
mZ944,1,482,241.0,-177.787,168.598,94.66,-153.365,176.481,-164.518,-158.37
mZ944,1,483,241.5,173.008,151.843,108.74,-158.325,-161.673,-176.515,-163.37
mZ944,1,484,242.0,161.602,172.157,100.45,-129.984,-159.529,-177.504,139.931
mZ944,1,485,242.5,173.96,-177.004,106.706,-179.51,-140.132,-168.714,-160.811
mZ944,1,486,243.0,175.931,150.243,97.839,-165.259,-143.281,-171.437,-172.324
mZ944,1,487,243.5,-170.165,152.169,136.675,176.68,-115.564,-157.012,153.458
mZ944,1,488,244.0,168.477,140.36,102.002,179.341,-106.719,-167.294,-177.402
mZ944,1,489,244.5,176.259,156.773,100.442,166.973,-134.892,-168.863,179.377
mZ944,1,490,245.0,-170.13,144.043,94.39,-176.965,-112.122,-171.756,167.278
mZ944,1,491,245.5,-173.837,156.466,105.492,-178.289,-131.693,-173.425,-160.405
mZ944,1,492,246.0,177.308,151.955,119.852,-171.568,-132.608,-177.595,-170.39
mZ944,1,493,246.5,-169.958,145.765,98.542,-172.786,-176.447,-168.771,-153.396
mZ944,1,494,247.0,175.993,143.672,119.385,-176.379,-153.131,-165.412,-161.322
mZ944,1,495,247.5,177.624,162.487,102.989,-167.717,-179.366,-160.558,-149.013
mZ944,1,496,248.0,161.52,133.74,130.548,-175.677,-120.712,-175.467,-169.913
mZ944,1,497,248.5,-174.3,163.921,89.843,-161.994,-132.479,-169.836,-172.924
mZ944,1,498,249.0,173.628,140.971,111.044,178.095,-126.846,171.465,172.702
mZ944,1,499,249.5,165.841,142.635,112.55,171.153,-115.897,-173.031,163.009
mZ944,1,500,250.0,-175.321,157.458,94.861,-178.282,-151.141,-168.959,-172.51
mZ944,1,501,250.5,171.083,147.163,111.755,-174.813,-92.251,175.832,160.768
mZ944,1,502,251.0,-168.875,164.785,83.832,-174.604,-153.024,-169.274,-166.981
mZ944,1,503,251.5,-179.426,154.387,93.597,179.1,-118.304,-174.793,-168.375
mZ944,1,504,252.0,-173.846,176.449,93.755,-143.994,-177.061,-174.18,-174.787
mZ944,1,505,252.5,176.7,144.821,96.05,-169.8,-145.809,-178.327,-168.111
mZ944,1,506,253.0,-174.025,170.604,93.893,-168.978,-155.502,-170.107,-153.869
mZ944,1,507,253.5,174.08,160.172,86.832,-172.209,-163.359,179.758,-167.823
mZ944,1,508,254.0,174.53,177.235,92.606,-161.26,-178.698,-173.222,-143.382
mZ944,1,509,254.5,167.089,170.001,95.685,-173.925,-144.535,-175.061,-156.888
mZ944,1,510,255.0,169.49,167.98,70.189,-151.143,-171.858,-160.012,170.907
mZ944,1,511,255.5,-167.678,173.487,100.391,-176.29,-145.948,-176.183,-162.126
mZ944,1,512,256.0,177.517,159.792,112.518,-171.099,-146.137,175.317,-162.48
mZ944,1,513,256.5,172.968,-174.444,83.151,-145.756,-170.72,179.408,-158.51
mZ944,1,514,257.0,-169.761,159.851,93.704,176.162,-133.46,-164.432,-166.526
mZ944,1,515,257.5,174.907,-167.973,83.798,-173.081,-162.529,-157.321,-145.922
mZ944,1,516,258.0,164.457,154.321,108.899,-166.147,-144.925,-172.067,-179.183
mZ944,1,517,258.5,172.208,179.657,84.295,-160.601,-145.891,-166.478,174.362
mZ944,1,518,259.0,179.186,162.702,96.154,-168.232,-151.61,-158.93,179.767
mZ944,1,519,259.5,179.472,167.566,89.843,-175.801,-128.866,175.581,-166.512
mZ944,1,520,260.0,-178.505,158.601,99.475,-167.018,-163.717,-169.066,-169.579
mZ944,1,521,260.5,-173.225,169.621,90.798,-160.562,-168.427,-174.511,-171.314
mZ944,1,522,261.0,-158.181,177.014,86.392,-165.115,-163.924,-167.933,-167.014
mZ944,1,523,261.5,-172.488,135.216,140.345,178.375,-122.843,179.083,-163.939
mZ944,1,524,262.0,173.184,156.341,114.463,-156.638,-154.774,179.36,-153.496
mZ944,1,525,262.5,-170.453,168.293,93.561,-172.096,-152.848,-166.611,-146.895
mZ944,1,526,263.0,177.488,155.96,109.677,-171.234,-159.023,-178.562,-135.351
mZ944,1,527,263.5,173.543,-166.298,72.219,-175.136,-170.978,-153.036,-165.076
mZ944,1,528,264.0,179.983,155.223,109.389,-162.109,-138.781,-164.858,171.998
mZ944,1,529,264.5,-168.559,153.059,102.171,-176.09,-144.394,-178.288,-174.879
mZ944,1,530,265.0,-169.052,164.829,83.768,178.145,-132.258,-162.817,-179.287
mZ944,1,531,265.5,-178.799,150.677,105.734,179.339,-157.333,-167.946,-167.715
mZ944,1,532,266.0,-174.941,148.543,114.31,-175.199,-166.173,-159.517,-168.981
mZ944,1,533,266.5,-169.619,163.432,94.156,-140.05,-162.04,-178.336,-177.568
mZ944,1,534,267.0,159.936,133.352,125.317,-167.465,-127.873,-177.357,-161.715
mZ944,1,535,267.5,-162.586,177.979,80.893,-157.685,-165.297,-176.158,-168.674
mZ944,1,536,268.0,177.267,151.968,97.819,-169.342,-161.219,-172.292,-151.111
mZ944,1,537,268.5,-167.694,-175.104,87.927,-172.381,-167.636,-168.497,-138.026
mZ944,1,538,269.0,-170.848,171.038,84.675,-168.113,-162.827,-163.565,-164.838
mZ944,1,539,269.5,176.077,169.308,91.499,-152.941,-166.665,-178.544,-159.085
mZ944,1,540,270.0,-173.556,138.563,103.266,-166.645,-128.024,-176.237,175.596
mZ944,1,541,270.5,172.906,160.65,117.691,179.146,-162.755,-167.933,-153.794
mZ944,1,542,271.0,-179.263,178.995,81.288,-164.51,-164.265,179.038,-166.871
mZ944,1,543,271.5,-175.094,157.417,118.826,-169.38,-168.495,-173.035,-156.377
mZ944,1,544,272.0,161.346,122.862,126.624,167.17,-113.247,168.02,-176.515
mZ944,1,545,272.5,179.4,143.99,105.874,-173.244,-150.406,-175.352,-166.147
mZ944,1,546,273.0,179.713,155.76,104.528,-164.461,-136.187,-178.753,-169.824
mZ944,1,547,273.5,178.571,159.244,106.811,-178.815,-156.305,-176.513,173.432
mZ944,1,548,274.0,171.136,149.119,119.868,172.414,-147.239,-167.309,-160.927
mZ944,1,549,274.5,166.87,162.332,95.482,-170.137,-148.619,-171.069,-160.821
mZ944,1,550,275.0,-178.224,146.189,121.318,-166.243,-109.192,168.58,157.696
mZ944,1,551,275.5,177.475,126.865,141.363,171.843,-122.24,-173.812,-169.356
mZ944,1,552,276.0,-172.042,170.103,88.11,-177.471,-168.7,-166.969,-154.531
mZ944,1,553,276.5,-171.128,157.191,97.642,-166.685,-149.64,-165.268,-165.503
mZ944,1,554,277.0,170.783,123.598,118.413,178.439,-170.223,-171.989,-162.407
mZ944,1,555,277.5,-161.198,146.369,101.049,-167.271,-150.387,-170.58,-178.321
mZ944,1,556,278.0,-168.622,147.428,96.949,167.01,-133.577,166.732,-155.373
mZ944,1,557,278.5,165.302,125.433,135.086,163.952,-135.22,-164.702,-164.421
mZ944,1,558,279.0,-177.723,152.11,116.57,154.326,-136.673,-168.969,-171.215
mZ944,1,559,279.5,170.211,149.679,123.569,168.308,-122.274,177.558,-158.56
mZ944,1,560,280.0,177.186,148.018,111.094,179.713,-118.514,177.329,-175.101
mZ944,1,561,280.5,-176.468,169.307,109.843,160.876,-134.772,-178.556,-164.198
mZ944,1,562,281.0,-170.648,162.089,101.135,174.856,-131.399,-163.801,-154.056
mZ944,1,563,281.5,167.449,144.562,120.897,-171.211,-133.273,167.865,-162.843
mZ944,1,564,282.0,-166.502,148.583,98.864,179.809,-129.415,-170.547,177.614
mZ944,1,565,282.5,-176.151,142.774,135.359,170.584,-137.349,-165.475,-171.614
mZ944,1,566,283.0,163.303,131.174,139.118,-175.131,-131.666,-176.699,-172.809
mZ944,1,567,283.5,-162.204,150.788,99.968,165.665,-149.488,-171.177,-168.602
mZ944,1,568,284.0,177.193,137.704,111.666,-173.855,-104.274,-171.023,173.094
mZ944,1,569,284.5,-169.512,159.856,77.947,167.93,-140.703,-176.505,-174.088
mZ944,1,570,285.0,176.023,152.534,102.965,178.664,-149.188,-165.563,-154.322
mZ944,1,571,285.5,-165.372,150.33,81.044,176.285,-137.084,-161.061,171.294
mZ944,1,572,286.0,168.601,-148.507,85.126,172.713,-128.985,-170.05,179.961
mZ944,1,573,286.5,-166.852,160.721,101.666,178.276,-141.927,173.875,-163.281
mZ944,1,574,287.0,172.049,147.181,111.96,172.755,-132.842,-169.49,-164.31
mZ944,1,575,287.5,175.181,140.347,124.896,-176.691,-152.104,173.75,-166.757
mZ944,1,576,288.0,174.284,160.938,81.886,163.011,-116.434,178.93,-163.258
mZ944,1,577,288.5,-169.903,179.602,86.794,176.503,-158.498,-165.783,-168.155
mZ944,1,578,289.0,178.411,155.811,128.773,161.029,-107.199,-178.104,-176.641
mZ944,1,579,289.5,-177.616,136.298,112.127,-165.623,-158.487,170.967,-152.553
mZ944,1,580,290.0,166.685,126.069,138.749,179.084,-136.092,-160.932,-165.043
mZ944,1,581,290.5,177.811,162.068,108.51,-176.212,-163.386,-167.053,-151.115
mZ944,1,582,291.0,-165.686,-177.379,85.982,-157.6,-162.665,-177.459,174.607
mZ944,1,583,291.5,175.005,143.146,120.715,-170.069,-146.349,-178.816,175.277
mZ944,1,584,292.0,173.834,159.113,110.684,-173.656,-120.604,-166.36,179.364
mZ944,1,585,292.5,-172.451,160.439,102.303,-154.755,-166.099,178.084,-170.171
mZ944,1,586,293.0,157.433,156.023,134.842,-176.139,-110.76,-172.754,157.312
mZ944,1,587,293.5,-167.724,168.544,104.505,-158.094,173.998,-170.958,-156.5
mZ944,1,588,294.0,-176.103,162.514,89.655,-161.471,-161.968,-175.804,-172.493
mZ944,1,589,294.5,179.429,154.601,90.712,177.237,-146.956,-165.489,-165.946
mZ944,1,590,295.0,-173.687,164.562,100.131,-173.173,-150.776,-168.894,-173.75
mZ944,1,591,295.5,171.308,140.403,114.804,-179.105,-109.076,-173.855,164.447
mZ944,1,592,296.0,173.643,142.455,112.773,178.195,-126.977,-174.43,-174.086
mZ944,1,593,296.5,175.76,151.532,93.397,-173.355,-107.406,177.679,171.257
mZ944,1,594,297.0,162.958,154.797,101.342,-170.209,-132.639,-179.54,-162.323
mZ944,1,595,297.5,175.732,140.443,119.048,155.269,-118.641,-170.998,167.058
mZ944,1,596,298.0,-171.112,156.601,110.945,177.411,-107.475,175.878,173.719
mZ944,1,597,298.5,-178.027,125.857,135.161,-174.167,-118.042,-168.907,-174.776
mZ944,1,598,299.0,175.506,122.884,143.394,175.958,-131.016,-168.323,-159.017
mZ944,1,599,299.5,176.008,143.832,106.827,-175.035,-111.262,175.741,163.211
mZ944,2,0,0.0,177.78746,100.560196,119.687294,-62.20116,174.595093,-172.379944,-151.064758
mZ944,2,1,0.5,178.213455,98.462944,108.943764,-67.394569,-143.017914,172.294128,-169.81221
mZ944,2,2,1.0,177.759247,98.965157,121.581413,-56.289368,-152.270889,169.692062,-162.16983
mZ944,2,3,1.5,165.840439,85.251129,121.803337,-65.412811,-156.32338,-179.180084,-149.744644
mZ944,2,4,2.0,166.946335,124.265175,156.710129,-85.100159,-162.927231,165.983505,-170.53334
mZ944,2,5,2.5,171.344803,109.228813,125.536636,-68.235474,-153.646667,-176.817917,168.33783
mZ944,2,6,3.0,-169.374359,69.26062,117.772217,-57.850075,-160.772659,-169.160172,-168.704437
mZ944,2,7,3.5,-175.05954,96.693047,106.387375,-54.371956,-149.76973,-163.250671,-158.198593
mZ944,2,8,4.0,170.126801,99.861557,106.892525,-58.328396,-160.076202,-165.887894,-169.143784
mZ944,2,9,4.5,164.412964,88.706978,126.351791,-65.134186,-158.958679,-169.835373,178.963867
mZ944,2,10,5.0,169.103683,101.021507,125.981766,-68.506096,-169.352707,-173.342773,-158.437637
mZ944,2,11,5.5,175.3508,109.50798,106.93129,-57.279938,-167.374863,-175.32486,174.166672
mZ944,2,12,6.0,-177.925903,101.593269,113.222511,-55.172813,-167.68219,176.047958,-157.702484
mZ944,2,13,6.5,173.42514,113.268761,104.720268,-46.484657,-176.762085,-174.031052,-146.148895
mZ944,2,14,7.0,174.727325,87.901779,130.410538,-65.126617,-150.889557,179.277374,-167.025116
mZ944,2,15,7.5,160.335907,-26.092672,126.705299,-166.797974,157.383713,-173.330719,-167.744522
mZ944,2,16,8.0,178.871887,100.726341,101.251671,-33.890034,-165.955307,177.679047,-157.145187
mZ944,2,17,8.5,-168.13736,107.858604,108.464882,-61.203186,-174.059021,-175.411163,-158.770462
mZ944,2,18,9.0,177.075027,100.157181,144.027557,-63.825832,-167.012756,-160.193741,-172.877304
mZ944,2,19,9.5,-174.7276,89.652344,112.108292,-68.156944,-148.954483,-179.434708,-164.327774
mZ944,2,20,10.0,174.085419,89.515816,111.062744,-50.006817,-168.337387,-166.759445,-167.430237
mZ944,2,21,10.5,-171.469559,111.384789,113.774139,-87.436058,-141.430618,-176.529602,-143.722061
mZ944,2,22,11.0,169.705307,98.415916,119.178741,-64.566956,-173.541473,-175.63588,-158.795898
mZ944,2,23,11.5,175.843903,95.541817,128.312393,-69.081314,-161.520462,-178.518784,-155.340179
mZ944,2,24,12.0,178.419464,89.092384,128.759094,-63.534893,-169.766388,-170.391647,-132.383591
mZ944,2,25,12.5,-178.37735,96.774513,86.537407,-51.482296,-157.416977,-175.683014,-155.967682
mZ944,2,26,13.0,165.729584,149.818832,162.337067,-73.193153,-173.251297,167.233505,174.27626
mZ944,2,27,13.5,166.795456,112.729576,114.774376,-65.269547,-177.650208,-173.950348,-147.225632
mZ944,2,28,14.0,-174.185989,-177.578323,85.50399,-62.299995,-168.654297,-167.929672,-172.377762
mZ944,2,29,14.5,-178.481827,-76.606102,142.564148,-144.349976,139.599167,-172.696045,-171.76474
mZ944,2,30,15.0,175.657516,-19.574598,119.792328,-162.368317,172.07045,173.920975,-163.696945
mZ944,2,31,15.5,168.752808,2.85228,98.13916,-166.283203,161.861115,-177.691422,-150.239975
mZ944,2,32,16.0,-179.181183,16.014526,107.74292,-164.731842,145.551575,-173.351776,-177.721451
mZ944,2,33,16.5,158.967087,-37.452217,119.353119,-163.337296,176.186874,-172.93248,-173.76651
mZ944,2,34,17.0,166.827042,-3.148497,112.097107,-144.236618,157.57074,168.704041,-169.313919
mZ944,2,35,17.5,-153.253891,12.949117,108.379715,-167.31218,164.436569,-167.816833,-156.172379
mZ944,2,36,18.0,-164.773697,3.215551,121.426247,-172.960999,153.250534,-174.183014,-154.109619
mZ944,2,37,18.5,179.317368,-32.049931,105.424599,-170.940796,179.971817,-174.498215,-168.750427
mZ944,2,38,19.0,-169.858795,-3.586253,111.310005,-175.488571,-171.762482,179.666809,-165.120331
mZ944,2,39,19.5,177.095734,3.432261,120.305367,-163.578873,169.116699,173.82196,-156.582199
mZ944,2,40,20.0,169.306839,-3.289401,88.99958,-165.134933,168.287674,-167.988007,166.101807
mZ944,2,41,20.5,171.499695,-10.419398,121.964409,174.777222,178.772339,-173.380203,-169.512421
mZ944,2,42,21.0,165.562592,-15.293905,118.16037,-170.217911,175.493637,-175.818741,179.766678
mZ944,2,43,21.5,176.024185,20.828238,83.094749,-168.421509,-170.898163,-174.91954,-171.742172
mZ944,2,44,22.0,-156.837616,12.186372,95.416283,-154.388107,-166.656906,173.415527,-176.817551
mZ944,2,45,22.5,173.225098,12.555313,94.045372,-178.702118,174.67041,-176.385925,-175.768356
mZ944,2,46,23.0,-179.018616,29.925583,120.25399,-164.208679,174.275131,175.555527,-159.154617
mZ944,2,47,23.5,-153.604431,6.873981,89.58091,-169.723923,177.545792,-168.762451,-160.099701
mZ944,2,48,24.0,179.253098,-27.469414,143.79425,176.584457,175.838867,-176.098099,-160.088486
mZ944,2,49,24.5,175.476059,-2.001309,126.599884,169.188538,164.50032,-163.787781,-164.603455
mZ944,2,50,25.0,158.531052,-15.797885,124.220474,-167.412918,178.116409,179.152893,-176.498184
mZ944,2,51,25.5,173.858765,6.174942,95.368477,-173.687271,-179.199066,-175.926926,-174.286438
mZ944,2,52,26.0,-165.134094,-3.090159,100.975716,-175.186737,171.743561,171.762985,-176.272018
mZ944,2,53,26.5,-175.680634,23.446053,83.681435,-159.220718,152.120789,176.886353,-138.848572
mZ944,2,54,27.0,-170.981033,13.793823,110.472641,-170.176422,156.643219,-164.29393,-159.699478
mZ944,2,55,27.5,-164.371521,2.475729,101.629425,-172.189087,151.123459,-172.797882,-155.564758
mZ944,2,56,28.0,-176.083664,-8.929787,109.523865,-165.912109,158.148895,177.123627,-175.1241
mZ944,2,57,28.5,172.776199,-17.129204,137.648911,173.141281,163.73877,-167.685211,173.25325
mZ944,2,58,29.0,172.709351,2.832156,113.319244,-178.696014,-177.540482,178.097961,-177.57251
mZ944,2,59,29.5,174.016281,24.732262,108.427757,-163.713715,178.954163,177.081528,176.703934
mZ944,2,60,30.0,160.652451,9.495259,98.83783,-178.604828,-170.319534,-179.276337,168.50679
mZ944,2,61,30.5,159.378845,7.224265,90.002747,-179.875458,-165.334824,-162.045166,-174.76683
mZ944,2,62,31.0,175.776062,-3.894301,93.624214,-161.643326,170.12291,-173.924072,174.508484
mZ944,2,63,31.5,-174.276443,-4.95719,94.630699,-163.098328,166.761307,-174.705322,-163.946472
mZ944,2,64,32.0,-174.408264,-13.609385,94.612152,-158.881622,-177.36145,178.058548,-178.908981
mZ944,2,65,32.5,179.551407,-3.039017,107.803947,-175.985519,172.941315,174.462875,-167.401642
mZ944,2,66,33.0,178.223404,23.380529,85.980194,-167.643692,-177.141571,-179.36055,-166.565735
mZ944,2,67,33.5,-175.68808,-4.774656,94.781097,-160.504852,143.809998,-176.35585,-148.08136
mZ944,2,68,34.0,160.227066,-12.418303,110.917297,-170.311874,-174.076263,-178.389069,-163.893661
mZ944,2,69,34.5,170.624512,-24.640533,118.169174,162.222794,-166.512238,-167.350403,-172.73877
mZ944,2,70,35.0,174.513672,2.357775,88.467163,-163.282867,179.716034,171.113968,-165.638809
mZ944,2,71,35.5,175.03009,10.435364,118.18763,166.158981,179.245804,-179.825623,-149.555984
mZ944,2,72,36.0,-171.218414,-3.905316,106.306953,-168.988342,177.445053,178.914062,-158.199768
mZ944,2,73,36.5,170.083832,-6.927708,94.676056,-166.362534,179.966019,179.769867,165.911209
mZ944,2,74,37.0,-168.377274,-5.103849,98.712723,-165.939468,134.633057,-153.210052,-170.944122
mZ944,2,75,37.5,173.138092,7.458984,87.230415,-177.065613,169.850677,-172.669724,-171.321091
mZ944,2,76,38.0,-164.185684,-11.322372,104.517609,-178.466873,-176.92215,-172.659744,-158.685501
mZ944,2,77,38.5,-177.260895,-25.023855,145.94249,-176.862289,175.982483,-168.7715,-162.566879
mZ944,2,78,39.0,-171.080811,-1.697981,121.168488,-177.603714,-162.367889,-176.749527,-175.19133
mZ944,2,79,39.5,-173.432022,0.736042,110.57003,-168.518951,173.735001,176.867294,-178.553574
mZ944,2,80,40.0,174.747787,43.680538,85.275696,-170.188217,-172.054428,177.838013,167.204605
mZ944,2,81,40.5,-164.713928,-1.759954,86.727974,-167.0215,-167.808716,172.965637,-168.129745
mZ944,2,82,41.0,178.449539,-18.303885,113.523582,-171.511444,167.991501,-170.07785,-167.308044
mZ944,2,83,41.5,-168.203506,-2.148886,106.323105,-171.455124,170.008362,-173.607178,-179.955002
mZ944,2,84,42.0,-170.994186,-1.654871,116.185249,-178.339401,-162.991455,169.38205,-173.763672
mZ944,2,85,42.5,-179.996002,0.363716,110.817734,174.50737,-176.89093,176.749878,-167.12561
mZ944,2,86,43.0,-179.070312,5.172059,100.161011,-170.834778,-175.897583,-178.207108,-161.209854
mZ944,2,87,43.5,166.70903,-5.293179,110.825478,-164.825302,167.303299,172.05925,-160.416199
mZ944,2,88,44.0,-176.598175,-9.476923,108.867981,-167.292267,162.834106,-179.581253,173.872513
mZ944,2,89,44.5,176.012299,-1.650174,119.70945,-164.766418,-176.83046,172.415482,172.432083
mZ944,2,90,45.0,155.008423,-16.948805,100.189674,-166.605865,177.508423,179.953018,-167.881134
mZ944,2,91,45.5,166.296265,-32.974964,109.099167,-161.024292,-175.435211,-178.799164,179.075546
mZ944,2,92,46.0,-175.1194,19.44075,118.824432,-178.811798,162.623993,-168.469452,-163.725296
mZ944,2,93,46.5,167.102707,-23.300467,95.164421,-177.74913,163.21463,-153.535553,-152.562866
mZ944,2,94,47.0,176.938889,-5.292645,116.166367,-172.638214,152.946365,-179.890793,-173.132599
mZ944,2,95,47.5,158.571991,-16.242535,101.070038,-168.090622,168.085052,175.571243,-149.015564
mZ944,2,96,48.0,-168.936844,8.678278,87.896675,-159.26741,159.109573,176.214767,-177.681183
mZ944,2,97,48.5,-170.226318,18.272322,100.94548,-179.059845,171.774597,169.190598,-148.940079
mZ944,2,98,49.0,164.775528,-19.458418,105.435265,-158.237854,158.859467,165.24585,-163.064499
mZ944,2,99,49.5,-163.481979,-37.865608,124.553238,-158.54747,175.672455,179.850525,-176.686523
mZ944,2,100,50.0,-171.693314,6.962386,98.694427,179.696976,-156.849686,-173.080994,164.296127
mZ944,2,101,50.5,178.48584,-33.981964,112.026009,-168.380539,-169.333435,174.00737,-157.8172
mZ944,2,102,51.0,158.495087,14.551093,87.49424,-172.336929,172.730865,-169.454376,-158.673676
mZ944,2,103,51.5,-179.89267,14.402647,89.900475,-168.462952,-160.781021,178.826035,165.222183
mZ944,2,104,52.0,165.868149,4.069074,114.221916,-164.324005,163.346024,-173.817657,-163.209427
mZ944,2,105,52.5,-176.516663,-96.852165,142.194214,-152.884186,167.897629,176.953644,-174.968475
mZ944,2,106,53.0,170.202789,50.561054,67.80304,-165.259293,-179.428833,-172.714645,177.869095
mZ944,2,107,53.5,175.422455,-13.796211,119.131378,-172.130814,-162.22644,174.884857,-170.717392
mZ944,2,108,54.0,-160.434143,22.597794,84.876877,-170.04245,165.967377,-177.40979,177.808945
mZ944,2,109,54.5,163.819168,24.995178,80.099838,-171.095734,-156.730515,-173.639511,-161.815552
mZ944,2,110,55.0,163.195541,-1.003345,93.75882,-174.940979,169.445892,176.136307,-162.388687
mZ944,2,111,55.5,-162.431442,16.256811,106.937752,167.91745,-159.72467,-167.48526,-176.928238
mZ944,2,112,56.0,-166.574722,-3.66352,98.973679,-175.977432,-161.83783,174.947754,-168.834351
mZ944,2,113,56.5,-170.344986,3.832294,93.943375,-174.63765,-175.655197,172.618744,-158.17128
mZ944,2,114,57.0,-175.006882,17.887547,95.011238,-176.956741,177.061768,-175.702545,-177.5448
mZ944,2,115,57.5,-175.398743,65.371307,91.347084,-153.076035,136.390396,-166.391449,-162.733521
mZ944,2,116,58.0,165.978592,-1.109626,109.713142,-165.07106,164.656067,-172.211548,160.628845
mZ944,2,117,58.5,-160.290833,-13.43746,113.594696,-171.919678,172.318344,-169.807297,-152.475159
mZ944,2,118,59.0,-159.133514,36.633308,80.873978,-168.739716,172.709991,-174.548203,-173.621445
mZ944,2,119,59.5,-163.829956,26.430437,86.541985,-179.197495,-167.667786,-177.113724,-165.553467
mZ944,2,120,60.0,-170.994507,9.292522,89.988815,-162.813446,-179.742142,-175.665375,-156.832352
mZ944,2,121,60.5,-161.082382,-17.563272,131.691467,174.670212,-169.158005,176.653595,-161.46759
mZ944,2,122,61.0,-152.187439,8.266456,104.767441,174.701096,179.665115,-169.686874,-157.682083
mZ944,2,123,61.5,165.650803,5.736553,98.74424,175.995224,-172.697739,-170.526215,-143.425797
mZ944,2,124,62.0,-168.294357,18.458668,83.431061,-170.176025,178.591446,173.782455,-156.145004
mZ944,2,125,62.5,177.645569,5.655226,106.93956,-173.23233,179.606293,178.696198,-169.574432
mZ944,2,126,63.0,174.617691,-19.138828,111.56601,-177.123566,176.459991,168.804565,176.36261
mZ944,2,127,63.5,-172.195938,-2.153195,108.39283,-169.882019,166.178268,174.92218,-154.390015
mZ944,2,128,64.0,-176.648575,39.064529,82.27375,-175.008728,-163.484741,175.176407,-173.728897
mZ944,2,129,64.5,-171.741928,9.701102,81.0755,-175.429611,-171.561234,-174.967819,-170.559341
mZ944,2,130,65.0,-157.55838,-8.152905,122.089386,175.880096,-168.355316,-178.567947,-170.937607
mZ944,2,131,65.5,-165.214767,17.642038,91.142433,156.772736,-148.955383,178.019226,-168.556122
mZ944,2,132,66.0,-173.329681,-9.981269,107.422302,174.056091,-131.308929,176.476013,-171.958755
mZ944,2,133,66.5,-160.709564,12.198893,96.360977,-176.82016,-154.050461,175.209183,172.729324
mZ944,2,134,67.0,-171.341141,55.846069,65.146904,167.744675,-136.865555,175.285233,-161.519485
mZ944,2,135,67.5,-173.061615,-7.659148,117.895103,167.463135,-161.874878,177.42334,-167.140518
mZ944,2,136,68.0,-162.627304,17.967331,81.18898,-165.931808,-171.600113,172.908218,-153.509872
mZ944,2,137,68.5,173.241394,12.477749,80.387787,-179.9785,-140.564392,-173.720886,-174.249237
mZ944,2,138,69.0,-178.973831,39.641354,74.48941,178.655548,-123.152489,173.384979,-174.647781
mZ944,2,139,69.5,-173.822174,4.348851,92.140305,165.440079,-146.516647,-179.039719,-176.968567
mZ944,2,140,70.0,-166.202637,-25.009659,109.273605,155.522415,-163.059937,-169.579056,-164.503876
mZ944,2,141,70.5,-152.133026,16.841496,119.078308,172.255798,-128.050156,170.130188,-172.872971
mZ944,2,142,71.0,-175.715149,-16.143906,115.039703,169.95224,179.213898,-171.838806,-176.152939
mZ944,2,143,71.5,175.039032,-10.256804,100.694839,175.183228,-142.358978,168.085342,-149.237091
mZ944,2,144,72.0,166.74971,-19.769997,121.769722,172.582977,172.159134,-178.304504,-170.571075
mZ944,2,145,72.5,164.366333,12.290446,113.564209,170.174332,-178.609665,-176.658981,-166.218933
mZ944,2,146,73.0,-174.831146,-14.04926,140.859238,160.906265,-174.372833,174.172668,-142.08313
mZ944,2,147,73.5,176.057571,0.720358,81.646385,-164.3414,-159.280075,167.395447,-170.382492
mZ944,2,148,74.0,-153.239761,21.363316,88.459801,-164.537888,-158.48732,177.034744,-171.005402
mZ944,2,149,74.5,-171.408157,8.284017,89.362579,-176.074326,-154.336533,173.705353,-167.834427
mZ944,2,150,75.0,-164.231369,10.584928,95.368118,164.979706,-146.285568,169.499313,161.65004
mZ944,2,151,75.5,177.589905,19.41292,97.372269,172.345856,-163.689514,168.255386,177.069626
mZ944,2,152,76.0,179.927063,5.298811,84.985573,172.28479,-159.221695,-168.123642,179.095062
mZ944,2,153,76.5,174.997314,-11.573792,104.26709,178.154312,-168.380737,177.436676,-155.904465
mZ944,2,154,77.0,-172.881485,-12.407676,114.548439,179.657349,-147.459579,168.606003,-171.77124
mZ944,2,155,77.5,-174.638535,54.578033,69.268425,158.382111,-149.874573,-171.217987,179.344498
mZ944,2,156,78.0,157.268814,0.057809,97.285583,-169.980179,-157.938034,176.144913,-168.977325
mZ944,2,157,78.5,-163.932037,6.43451,83.73436,173.7836,-160.135559,-170.759552,-165.55957
mZ944,2,158,79.0,-172.738235,22.1632,84.161469,165.599838,-155.830231,-172.490799,-158.67691
mZ944,2,159,79.5,-170.379913,14.746729,78.925766,-177.589233,-175.533844,175.225388,-169.578552
mZ944,2,160,80.0,-163.576981,34.159458,73.091087,168.800949,-174.280792,-177.13002,-153.446609
mZ944,2,161,80.5,178.585159,-15.303386,125.855858,176.679932,179.208664,168.387451,-172.704178
mZ944,2,162,81.0,-174.790833,10.019143,77.839462,179.714569,176.397476,-172.3909,-166.359131
mZ944,2,163,81.5,-158.605469,5.196216,72.964096,-177.994598,-170.689606,-169.622742,-151.87973
mZ944,2,164,82.0,-157.691223,26.036236,80.293015,175.957458,-177.332733,-174.190491,-147.794678
mZ944,2,165,82.5,-162.428146,33.604965,77.967918,171.097687,-147.308105,179.548645,-172.35817
mZ944,2,166,83.0,-169.939865,15.910703,70.955757,-171.869431,-161.875824,-179.028809,-159.729721
mZ944,2,167,83.5,-172.714447,-11.776522,102.053673,176.126053,-154.137878,179.369553,-162.743439
mZ944,2,168,84.0,-160.716736,47.718243,63.741333,-168.061005,-137.76004,-179.887543,-177.855545
mZ944,2,169,84.5,-164.357834,-11.60834,91.826378,-179.072372,-165.253616,164.857193,-142.733032
mZ944,2,170,85.0,-166.05603,5.450743,110.134048,-179.000626,-155.966583,163.338593,-165.576996
mZ944,2,171,85.5,-173.606491,-0.218283,89.131882,-175.083633,-152.204422,173.987106,-173.10643
mZ944,2,172,86.0,-162.798172,19.190252,83.976112,-174.604996,-156.146454,-175.037201,-175.61528
mZ944,2,173,86.5,-161.985321,-27.556973,105.661972,-175.941681,-131.005188,174.692657,178.994003
mZ944,2,174,87.0,177.464325,9.236836,105.587631,-171.735291,-147.505234,173.615189,176.153076
mZ944,2,175,87.5,-172.761185,-6.631933,132.161179,150.70845,-143.871353,-179.833755,-179.204193
mZ944,2,176,88.0,-166.001892,14.687113,89.809006,-170.369873,-122.988815,172.121536,169.439651
mZ944,2,177,88.5,176.002426,-17.583502,129.801773,176.142166,-136.521744,168.442078,179.820999
mZ944,2,178,89.0,-170.490356,-18.545485,85.122147,178.768417,-143.783325,179.146881,162.609726
mZ944,2,179,89.5,-179.155548,-29.957626,109.963318,169.633469,-124.535316,176.955521,-176.561295
mZ944,2,180,90.0,-175.362778,-1.285647,91.555733,172.590958,-153.819031,-175.439438,-154.951889
mZ944,2,181,90.5,-175.133759,17.706894,91.166191,-175.438126,-149.624924,167.099564,-177.338638
mZ944,2,182,91.0,-158.096741,1.041225,106.880547,173.981064,-149.182571,-175.14978,175.980927
mZ944,2,183,91.5,178.94017,-5.722239,82.679947,177.132095,-156.298798,178.12793,-175.518555
mZ944,2,184,92.0,-155.094528,-6.737401,100.789421,172.410187,-125.946358,174.22374,150.395447
mZ944,2,185,92.5,-168.892639,-26.810617,121.675491,172.988037,-140.888687,177.050461,176.784164
mZ944,2,186,93.0,164.797226,2.179704,94.52459,161.981339,-146.241699,172.428497,166.218002
mZ944,2,187,93.5,-155.210419,-10.389517,98.282463,177.536682,-168.42189,-175.375824,-172.203247
mZ944,2,188,94.0,-163.072052,6.749459,87.956383,-177.22998,-122.177315,173.904663,141.528214
mZ944,2,189,94.5,176.915649,22.342094,70.944138,-178.882767,-136.944336,171.629684,178.555298
mZ944,2,190,95.0,158.299149,-20.502007,116.928642,168.006363,-137.994019,174.148987,158.661423
mZ944,2,191,95.5,-168.371155,9.977147,101.251854,177.777573,-135.402039,166.995514,-170.101532
mZ944,2,192,96.0,-171.644089,-12.368737,84.995239,-179.727844,-147.451385,177.522369,-172.610382
mZ944,2,193,96.5,-159.26944,1.791459,89.456078,-177.095428,-149.939499,-177.659805,-179.618912
mZ944,2,194,97.0,166.467102,-18.85108,84.771339,-174.113953,-132.987747,178.996887,-174.430557
mZ944,2,195,97.5,-174.933029,-9.428434,105.524582,-169.491623,-156.231003,-177.279373,-170.145325
mZ944,2,196,98.0,-176.127563,6.909538,94.204559,172.986542,-158.312744,174.020493,160.589844
mZ944,2,197,98.5,178.899323,-19.532507,103.60041,168.602661,-143.867065,175.204559,-177.27327
mZ944,2,198,99.0,-169.413574,0.144338,92.567001,-175.853424,-167.057327,170.86142,179.419571
mZ944,2,199,99.5,162.703079,-6.82026,90.437729,-177.057663,-136.806458,167.372345,-163.211929
mZ944,2,200,100.0,-179.975769,-11.081535,125.14711,166.172195,-169.671127,-178.452789,-176.675369
mZ944,2,201,100.5,174.523392,-27.26104,148.33606,168.596603,-142.476654,170.371307,162.191208
mZ944,2,202,101.0,-172.382889,9.474162,84.805481,-170.700714,-146.929321,-179.195496,175.555176
mZ944,2,203,101.5,-167.425018,28.791862,72.890587,170.767258,-150.49472,-177.918457,167.434769
mZ944,2,204,102.0,-165.297607,43.682297,49.050213,164.327957,-109.209541,171.487976,169.146973
mZ944,2,205,102.5,-170.97316,4.620239,84.397903,-165.371429,-122.956017,177.438522,160.697845
mZ944,2,206,103.0,-179.170609,8.589472,74.033371,-178.319473,-110.389107,170.950699,161.166946
mZ944,2,207,103.5,-168.081284,12.036601,88.724335,-176.177521,-141.640564,178.04628,177.887863
mZ944,2,208,104.0,168.714569,-8.579407,97.274811,178.552811,-144.651978,-173.58754,174.412598
mZ944,2,209,104.5,-177.267319,11.879827,76.33596,-177.794708,-131.975998,177.734222,-167.693176
mZ944,2,210,105.0,179.634933,18.19198,66.035561,-172.947922,-125.903069,164.97554,-164.214493
mZ944,2,211,105.5,-173.209763,35.659672,61.342564,-165.874527,-139.994125,165.806961,176.131119
mZ944,2,212,106.0,-145.582642,-7.632855,99.037254,-165.131302,-159.904755,-178.814835,179.979446
mZ944,2,213,106.5,-175.552139,2.326529,84.78791,171.632828,-138.091919,-172.625397,-165.661835
mZ944,2,214,107.0,-171.107132,-16.614912,93.652466,175.212265,-141.117264,-179.489105,-178.97168
mZ944,2,215,107.5,-160.276733,-2.825964,92.716545,-169.331818,-144.929398,173.567429,-156.16153
mZ944,2,216,108.0,177.754761,-27.051395,93.759468,168.117004,-165.528351,-169.566116,-152.876755
mZ944,2,217,108.5,159.735123,-23.616032,90.310005,173.647064,-160.35936,175.920486,-147.598572
mZ944,2,218,109.0,-164.771698,-30.715162,110.013405,-178.68866,-136.930832,174.717331,-160.696304
mZ944,2,219,109.5,-171.756683,25.991646,78.518097,169.622467,-148.077225,-175.152603,-158.320282
mZ944,2,220,110.0,162.478851,10.128572,90.335159,175.152618,-159.45401,170.055725,-173.661423
mZ944,2,221,110.5,-169.110123,-12.658915,114.659958,165.66423,-148.617004,-174.982468,-172.721313
mZ944,2,222,111.0,-174.295975,3.90664,99.135796,177.59726,-130.493607,167.84761,154.984695
mZ944,2,223,111.5,165.50029,-13.785023,110.771973,169.865814,-153.822647,174.761688,163.211258
mZ944,2,224,112.0,172.345657,0.008203,99.689011,164.521667,-134.331528,176.430984,162.877945
mZ944,2,225,112.5,-159.849731,-23.423122,96.365021,-171.459122,-135.360748,179.127182,-177.151932
mZ944,2,226,113.0,-177.0802,-30.9879,110.270271,-168.496719,-129.465775,163.623138,176.487457
mZ944,2,227,113.5,-172.695053,15.716706,98.013313,177.213791,-150.327896,174.283997,-155.645432
mZ944,2,228,114.0,177.348633,13.963098,100.451561,173.49791,-137.180313,170.90358,-165.308319
mZ944,2,229,114.5,-161.101196,-17.059576,94.461449,-175.858932,-136.948273,173.718063,-169.926437
mZ944,2,230,115.0,167.908356,-10.62184,81.826447,174.137421,-133.979279,176.097015,-160.929642
mZ944,2,231,115.5,178.197418,-22.118191,115.949265,165.65387,-148.155228,175.606583,-175.806396
mZ944,2,232,116.0,-163.622589,-5.746148,95.548706,178.265488,-119.587006,176.824921,173.540924
mZ944,2,233,116.5,156.826141,-8.81533,101.187454,172.359207,-127.171638,176.075867,176.598694
mZ944,2,234,117.0,-168.335938,25.589884,85.250381,165.521957,-104.769402,171.220169,161.903244
mZ944,2,235,117.5,-162.994141,19.83506,74.743103,176.010727,-131.714264,-174.685013,-173.857803
mZ944,2,236,118.0,165.892838,11.966387,79.349724,172.601959,-153.816376,-173.327805,-168.114548
mZ944,2,237,118.5,179.470749,-19.423403,110.383408,164.142456,-168.629089,-167.697784,-159.985535
mZ944,2,238,119.0,-176.831711,17.788893,78.958748,177.747421,-131.481201,168.072189,-162.40184
mZ944,2,239,119.5,164.346817,5.93006,73.151459,-172.441025,-142.25824,173.385651,175.356506
mZ944,2,240,120.0,179.593674,19.402214,73.328743,177.890213,-144.887451,-176.671143,-166.094147
mZ944,2,241,120.5,-165.343582,9.967629,93.145401,179.903732,-125.983139,175.354218,-168.076813
mZ944,2,242,121.0,-165.477005,8.628481,117.829712,172.79155,-177.768845,-170.160309,-165.682297
mZ944,2,243,121.5,171.263397,-1.257616,89.208618,-170.570053,-155.603195,170.026871,-158.168961
mZ944,2,244,122.0,175.259293,2.575888,86.534302,175.150665,-148.949554,-179.823593,-167.460236
mZ944,2,245,122.5,-161.546783,16.102686,86.882095,164.945938,-126.990417,-176.400177,175.290848
mZ944,2,246,123.0,-172.280579,42.413338,81.481873,-171.105011,-134.709229,-171.617645,-168.710007
mZ944,2,247,123.5,176.600357,-17.319613,88.984612,178.121109,-167.921661,176.268616,-152.325714
mZ944,2,248,124.0,175.531174,7.808201,89.647194,172.559402,-156.560318,-163.310654,-173.51416
mZ944,2,249,124.5,-178.576599,-23.90394,92.468323,-175.59964,-166.277466,-170.629028,-146.284332
mZ944,2,250,125.0,-170.178772,-14.105953,91.728439,-176.791992,-140.884674,179.383438,-178.952499
mZ944,2,251,125.5,-166.957397,11.528707,96.783768,170.456451,-161.604767,-167.811676,-179.061783
mZ944,2,252,126.0,-166.290222,-0.97565,115.292473,161.99353,-145.790787,168.337387,-163.902496
mZ944,2,253,126.5,179.48143,24.479771,72.431091,-178.139175,-116.376396,165.448608,171.417709
mZ944,2,254,127.0,175.509659,9.711205,110.128372,178.468018,-146.337753,173.184525,-179.397949
mZ944,2,255,127.5,-163.237335,4.603837,95.174683,179.067139,-141.290863,166.491364,-176.705383
mZ944,2,256,128.0,-163.140594,-13.772499,112.590431,165.352432,-148.135864,175.821594,-171.259262
mZ944,2,257,128.5,-177.66185,-2.999007,80.006775,-177.36377,-140.219879,-176.642654,-169.767288
mZ944,2,258,129.0,177.287567,-28.777205,99.164131,167.123734,-144.38205,-174.113556,-170.295547
mZ944,2,259,129.5,-173.819458,15.037479,84.280243,179.889359,-137.151535,172.101898,-164.298477
mZ944,2,260,130.0,176.954422,11.217349,74.254341,-176.039246,-108.359398,173.73732,164.995865
mZ944,2,261,130.5,-176.709961,15.766078,79.675903,-178.441559,-147.05748,177.474075,-167.978256
mZ944,2,262,131.0,-165.022034,-0.767046,73.366951,-177.816574,-142.569107,172.726486,-174.221527
mZ944,2,263,131.5,176.258987,-6.043612,93.917023,168.605133,-137.593445,179.833954,-175.165451
mZ944,2,264,132.0,-172.768753,-1.481095,112.921013,162.808304,-140.860443,168.996323,-158.244476
mZ944,2,265,132.5,162.665512,24.419342,64.771721,175.550278,-131.350433,178.456787,-170.154358
mZ944,2,266,133.0,-175.572464,14.296643,67.499199,-174.063675,-137.010498,178.539688,-159.932861
mZ944,2,267,133.5,-170.995346,0.937114,108.854172,171.96933,-146.454605,-176.17215,-174.554337
mZ944,2,268,134.0,-175.3591,-14.95748,105.393806,177.859421,-123.665741,167.936142,172.894577
mZ944,2,269,134.5,-178.744003,-5.714911,93.330193,175.074173,-118.696518,178.520218,175.848053
mZ944,2,270,135.0,-168.810501,16.949797,79.825333,170.187119,-129.617889,179.000198,-160.376053
mZ944,2,271,135.5,-175.383453,-11.793724,123.694481,161.594254,-128.668671,175.004105,163.078888
mZ944,2,272,136.0,-176.839752,10.675953,104.069,175.859634,-155.338562,177.620926,-165.698532
mZ944,2,273,136.5,176.055099,0.938908,91.466202,-161.676804,167.543411,177.980118,153.756744
mZ944,2,274,137.0,166.187042,-0.465839,93.432655,-163.826584,-166.75975,178.649734,164.285126
mZ944,2,275,137.5,-171.41716,-15.804607,104.068703,172.334198,-156.073975,178.641724,-175.867035
mZ944,2,276,138.0,-179.857971,-34.343739,101.224495,177.858749,-127.618614,-175.759399,-168.152771
mZ944,2,277,138.5,174.606079,-18.585537,88.21891,-178.533142,-131.360275,-179.627518,-166.603317
mZ944,2,278,139.0,169.462555,-8.758779,118.934532,166.497482,-136.071899,176.346481,176.247559
mZ944,2,279,139.5,176.047348,2.076877,71.83667,-176.317368,-124.990486,-176.864761,-177.468185
mZ944,2,280,140.0,-167.558304,-27.8636,85.105301,175.446091,-141.798767,-167.609512,-165.057327
mZ944,2,281,140.5,-147.848755,24.37208,77.55439,166.827286,-106.192108,177.146652,-160.633286
mZ944,2,282,141.0,166.745514,14.303484,93.719856,177.58197,-145.58049,-175.499146,-165.431808
mZ944,2,283,141.5,-179.264786,29.840851,92.379318,178.05658,-148.26889,-175.15744,156.445908
mZ944,2,284,142.0,-177.141663,-34.393028,111.965302,-168.157013,-156.089127,179.10965,175.475739
mZ944,2,285,142.5,167.089188,2.812615,112.090988,170.36084,-167.154434,-171.404892,-155.483505
mZ944,2,286,143.0,168.519211,-11.76475,101.942688,-179.016052,-149.592987,171.289536,-162.258774
mZ944,2,287,143.5,157.248505,-6.03857,106.22673,-176.052765,-134.440201,171.790268,-179.970093
mZ944,2,288,144.0,165.623489,-25.987778,119.989761,-177.066696,-142.216309,172.218491,179.863754
mZ944,2,289,144.5,-171.811996,27.247046,92.695267,177.296021,-125.414665,166.612228,171.897385
mZ944,2,290,145.0,174.863739,-39.238533,128.435776,169.886841,-117.832199,172.21698,174.98938
mZ944,2,291,145.5,-178.65657,-33.948441,111.538254,-176.225082,-133.615662,-179.18811,-174.504181
mZ944,2,292,146.0,173.124023,-3.460901,83.910942,178.522583,-134.670456,167.283051,179.137451
mZ944,2,293,146.5,-175.973358,26.471546,83.121483,177.018326,-122.123154,-177.064499,-171.83754
mZ944,2,294,147.0,168.254303,-13.767427,116.875832,172.659149,-145.60379,178.662613,-174.092407
mZ944,2,295,147.5,168.464615,15.881085,102.814507,155.115906,-151.301086,176.918427,-173.812119
mZ944,2,296,148.0,177.706543,15.540576,85.81691,-176.161041,-156.192139,-178.246033,-174.679001
mZ944,2,297,148.5,-163.494415,6.237167,116.654686,-174.944321,-133.596497,158.512527,170.130997
mZ944,2,298,149.0,175.52771,1.073088,84.702271,174.627197,-125.477669,-178.108932,171.209274
mZ944,2,299,149.5,-158.819366,8.041191,93.216003,171.714386,-138.576721,-176.186035,146.594467
mZ944,2,300,150.0,-167.621445,11.737587,100.79319,167.254532,-140.387558,-171.391098,178.406296
mZ944,2,301,150.5,177.590027,-11.748816,104.964401,171.897217,-148.62326,172.330383,-178.171631
mZ944,2,302,151.0,-178.883102,1.047282,99.541122,-176.291061,-140.312195,177.809235,173.913727
mZ944,2,303,151.5,-175.144714,14.871685,108.956604,-173.793961,-155.241287,168.55011,-174.022079
mZ944,2,304,152.0,163.040924,-27.811789,99.345131,169.045746,-164.806961,-172.9534,-154.659561
mZ944,2,305,152.5,168.917511,-22.143694,91.963959,-164.475159,-166.326782,172.206177,-143.335342
mZ944,2,306,153.0,-176.871735,15.522755,76.82753,-174.324661,-143.836319,174.810303,-179.806534
mZ944,2,307,153.5,-172.489426,-0.396756,105.634644,-177.864365,-168.62413,165.827774,-153.997543
mZ944,2,308,154.0,-169.976456,30.623758,75.783836,-174.662125,-164.986633,-175.584961,-174.372253
mZ944,2,309,154.5,175.137955,-6.433673,84.685791,-172.432541,-165.532623,173.424957,-154.477509
mZ944,2,310,155.0,-160.806976,-2.229418,100.149933,178.279572,-155.266037,-175.446548,-156.241013
mZ944,2,311,155.5,175.284912,2.477997,103.929359,165.812912,-126.406776,176.170654,167.091675
mZ944,2,312,156.0,162.974182,-20.369938,104.386803,160.448807,-144.840164,-176.130264,-175.384186
mZ944,2,313,156.5,-179.129684,-12.678564,100.775589,-178.211884,-142.696609,179.083694,-172.537598
mZ944,2,314,157.0,-161.357849,-6.135256,94.131859,179.531082,-141.828934,162.173126,-163.679214
mZ944,2,315,157.5,-160.220856,13.15472,102.7855,175.303787,-138.360229,178.830933,-166.757111
mZ944,2,316,158.0,-171.285706,8.023945,76.29892,-169.177582,-117.152481,167.967651,-174.515976
mZ944,2,317,158.5,-163.577255,16.040373,84.089157,175.330887,-124.864876,-172.209656,165.376068
mZ944,2,318,159.0,-173.407455,5.633686,105.935188,-173.007004,-172.430115,171.931671,-156.96463
mZ944,2,319,159.5,-177.304321,14.03886,83.663567,177.968842,-121.160042,163.309265,174.279037
mZ944,2,320,160.0,-176.481781,38.596455,57.750839,179.726028,-128.12027,169.563309,-178.884109
mZ944,2,321,160.5,178.636444,33.220051,88.198051,-175.170868,-131.042938,175.427261,-168.557632
mZ944,2,322,161.0,-162.858063,-13.841831,96.36763,171.301102,-123.416451,-171.009323,172.005096
mZ944,2,323,161.5,177.062866,24.656136,72.81649,174.252167,-149.595917,179.200195,-162.921249
mZ944,2,324,162.0,-176.704163,-14.841105,97.830742,173.051193,-125.113579,168.506897,178.219894
mZ944,2,325,162.5,-172.697723,10.299464,75.610527,176.523834,-131.936874,178.817093,173.490417
mZ944,2,326,163.0,162.477722,-5.078081,86.431282,172.653763,-135.550095,-178.22998,-166.457184
mZ944,2,327,163.5,-164.252289,22.006374,66.853767,-179.858063,-99.914841,-178.627396,165.04364
mZ944,2,328,164.0,-174.615479,22.978012,74.916832,169.18869,-142.658112,-172.004944,-158.04805
mZ944,2,329,164.5,172.385483,6.623456,89.002541,166.71254,-131.225235,-176.62883,-159.167953
mZ944,2,330,165.0,-172.183868,4.791747,89.438477,-179.050644,-125.913406,179.687912,-166.9422
mZ944,2,331,165.5,-176.597076,-40.217522,91.094582,-177.442108,-128.124878,-177.402695,174.626236
mZ944,2,332,166.0,-176.797974,-10.732689,95.978722,-176.185043,-119.274803,171.794067,171.752289
mZ944,2,333,166.5,-167.438309,2.053988,86.168945,175.868225,-135.252838,-173.322266,-156.556793
mZ944,2,334,167.0,-173.886749,16.008993,77.893082,-172.541779,-142.498306,172.536987,-165.149902
mZ944,2,335,167.5,179.278778,6.537825,88.865822,172.624756,-128.206039,-178.266922,-175.418411
mZ944,2,336,168.0,-173.421875,4.232669,106.404648,164.123123,-158.223923,-171.037979,-163.510406
mZ944,2,337,168.5,-153.257248,18.56263,94.2873,-167.311386,-152.199783,165.175598,-161.076889
mZ944,2,338,169.0,177.341644,-10.010072,98.741821,173.661148,-143.622879,-172.071136,173.058182
mZ944,2,339,169.5,-170.203079,0.096564,97.605515,179.826614,-147.582886,-174.338974,-155.046097
mZ944,2,340,170.0,176.640335,-43.3699,88.455818,157.197922,-106.173531,-175.917206,164.123337
mZ944,2,341,170.5,169.722488,-33.835308,116.626816,174.849518,-145.773697,176.339401,-168.901184
mZ944,2,342,171.0,-169.899094,-13.430685,118.255707,164.263138,-123.991402,169.287552,162.822784
mZ944,2,343,171.5,173.51947,-33.622639,127.91954,173.193146,-167.080154,-176.747665,-152.622955
mZ944,2,344,172.0,154.453918,-22.931492,117.251236,171.134537,-151.740021,-179.455338,163.518372
mZ944,2,345,172.5,164.72052,-14.799203,94.859222,-173.507034,-148.388092,172.026886,-148.875122
mZ944,2,346,173.0,-170.867081,-22.107327,92.258133,-173.664932,-153.798218,174.140411,-153.336594
mZ944,2,347,173.5,-165.913773,9.429978,90.20417,167.79567,-138.185501,167.996613,-169.088242
mZ944,2,348,174.0,173.351456,5.717611,102.560997,176.496552,-154.937073,-179.371841,178.516693
mZ944,2,349,174.5,-178.393204,6.827458,102.042068,174.19722,-120.285332,173.773834,168.916946
mZ944,2,350,175.0,-159.266113,7.706348,95.183975,-176.604935,-153.75415,173.202713,-168.278687
mZ944,2,351,175.5,177.49469,21.754473,75.088593,177.306793,-128.422684,-170.105042,-178.964172
mZ944,2,352,176.0,-177.691605,-22.656507,106.962326,-179.611633,-155.753204,171.665787,-168.275543
mZ944,2,353,176.5,-169.536957,-1.324646,93.603851,175.517868,-124.140465,158.673309,164.475266
mZ944,2,354,177.0,-170.487885,6.976854,86.113991,-176.550156,-125.638191,176.024765,172.944885
mZ944,2,355,177.5,166.302124,-4.592193,93.519165,-178.432343,-131.481644,169.365707,176.390533
mZ944,2,356,178.0,-177.671387,4.218226,84.258003,179.143005,-129.265411,172.436539,-177.344345
mZ944,2,357,178.5,-163.485306,-7.256592,105.571564,168.713501,-135.22525,179.191635,-179.852722
mZ944,2,358,179.0,-177.795456,-4.65765,106.390694,178.852158,-141.411331,167.485825,-170.791321
mZ944,2,359,179.5,-160.247375,-4.26061,94.704536,-177.966339,-142.717865,173.005753,-151.053085
mZ944,2,360,180.0,-168.195053,-0.602139,76.612892,-178.234756,-107.710098,177.03566,164.791718
mZ944,2,361,180.5,-166.984421,21.618906,86.177094,-166.585983,-146.1315,175.711487,-171.299759
mZ944,2,362,181.0,-169.160522,-16.311178,95.132698,173.327805,-160.051483,-177.140625,-169.937317
mZ944,2,363,181.5,166.06604,-25.124744,132.084396,161.238297,-149.823975,171.116348,-170.526764
mZ944,2,364,182.0,-170.358688,1.735231,92.829872,172.434006,-143.168716,-167.944717,-154.128815
mZ944,2,365,182.5,-168.3125,-11.175913,132.658691,171.142487,-138.840744,173.871002,-166.396851
mZ944,2,366,183.0,-155.450623,-11.415872,97.324715,177.480927,-138.622177,-171.894318,-159.561691
mZ944,2,367,183.5,-170.224213,-12.188496,99.313934,178.015884,-165.893921,176.447418,-165.679596
mZ944,2,368,184.0,176.293182,-8.39989,93.876274,177.582565,-157.105438,174.574295,-149.196182
mZ944,2,369,184.5,-157.922623,-5.310631,97.681885,167.90535,-140.481842,173.727127,-175.983521
mZ944,2,370,185.0,-149.657333,-8.023933,93.47403,174.156021,-144.402969,-179.37561,-179.600494
mZ944,2,371,185.5,179.819595,7.276574,90.874161,160.967072,-112.924217,178.0681,167.160812
mZ944,2,372,186.0,-178.166687,-13.55436,113.21534,167.257904,-110.116043,173.443039,167.651657
mZ944,2,373,186.5,-179.605148,-35.748421,120.197792,160.880981,-151.860138,177.934357,-152.937653
mZ944,2,374,187.0,-170.514038,-31.3689,112.05838,176.711227,-133.178925,171.392929,-163.70726
mZ944,2,375,187.5,-149.100998,-53.747059,117.925934,161.238434,-125.012245,172.652588,-160.460022
mZ944,2,376,188.0,-169.350494,-20.853909,117.489716,162.935837,-149.291595,164.46904,-162.927917
mZ944,2,377,188.5,-175.064133,-63.366425,111.978111,161.341049,-130.075043,-171.472824,-171.839569
mZ944,2,378,189.0,-179.43251,45.935032,75.320541,178.698349,-126.379242,168.662598,-168.787796
mZ944,2,379,189.5,-177.601242,32.262268,71.650864,-164.990814,-136.1315,166.661224,-178.703476
mZ944,2,380,190.0,-164.004349,-31.3459,99.631935,178.207001,-141.16011,169.332596,-165.509598
mZ944,2,381,190.5,-157.158264,8.720814,105.365509,167.852631,-141.976852,177.658249,-176.138458
mZ944,2,382,191.0,-173.239822,-20.455141,103.500343,-169.797119,-136.007172,165.534088,-159.977005
mZ944,2,383,191.5,178.883972,-8.56886,82.639336,162.084778,-128.827576,176.084763,-169.312851
mZ944,2,384,192.0,179.821838,32.083942,58.732216,-179.415054,-115.747101,171.787888,157.33728
mZ944,2,385,192.5,-166.23909,2.784507,81.215179,175.698105,-113.410233,169.77977,179.185806
mZ944,2,386,193.0,-172.055267,-43.981693,119.172714,155.319046,-130.069244,-168.1492,-177.951279
mZ944,2,387,193.5,179.453018,-10.125827,108.034569,175.861847,-127.155228,169.575409,-171.004929
mZ944,2,388,194.0,171.600052,3.662519,88.578438,173.367035,-116.839279,-178.777695,-164.653381
mZ944,2,389,194.5,-155.59404,-0.862318,101.192276,173.494385,-119.804703,172.117996,-172.43515
mZ944,2,390,195.0,176.349167,-23.439894,92.110725,158.476807,-132.926498,-160.85498,-161.849182
mZ944,2,391,195.5,162.104019,-56.662891,105.668541,-175.612915,-116.69381,178.390137,-168.437653
mZ944,2,392,196.0,-171.584854,-38.99461,135.156586,152.67218,-116.006706,-175.540527,-159.871887
mZ944,2,393,196.5,-179.587875,1.965292,90.435295,168.045898,-149.902176,-179.919937,-157.757675
mZ944,2,394,197.0,166.403778,4.858125,101.659447,165.737289,-128.916183,170.10051,-165.713501
mZ944,2,395,197.5,174.023972,-36.375164,102.563232,167.078964,-104.697372,174.020462,177.204361
mZ944,2,396,198.0,-172.730377,16.446796,86.628685,-165.536194,-132.581757,-179.127655,173.830673
mZ944,2,397,198.5,175.153534,1.959322,86.375084,170.707321,-114.900368,-166.461487,172.164276
mZ944,2,398,199.0,-176.07756,1.070108,84.634621,171.792252,-141.44075,178.8936,-163.083054
mZ944,2,399,199.5,-173.366974,-5.454745,81.620186,178.131363,-94.294899,171.478867,167.127594
mZ944,2,400,200.0,-178.029129,-7.853693,95.033295,174.529663,-115.648766,174.793945,171.773651
mZ944,2,401,200.5,172.593933,-8.576422,91.557068,179.014435,-143.071716,162.808243,-165.712311
mZ944,2,402,201.0,-166.734451,7.83423,105.283165,-175.10907,-128.227631,175.258347,-179.974915
mZ944,2,403,201.5,-148.593613,-4.94857,120.356308,-179.894028,-129.950897,170.291763,168.781082
mZ944,2,404,202.0,-167.612442,10.567924,84.339638,178.469452,-108.378624,-176.07341,-167.856049
mZ944,2,405,202.5,-170.625214,-13.285102,95.030319,176.925522,-105.653618,175.612534,179.842667
mZ944,2,406,203.0,-171.271942,-26.783339,94.175911,170.330856,-114.464714,-171.674866,171.52916
mZ944,2,407,203.5,178.325958,7.449745,71.335808,173.818604,-137.578415,176.381531,-161.456573
mZ944,2,408,204.0,-157.923843,-2.327086,100.196739,-179.318909,-130.933746,177.319839,-164.670975
mZ944,2,409,204.5,179.131226,-5.363519,99.998055,179.600601,-140.841095,175.409195,-169.081436
mZ944,2,410,205.0,-161.141342,23.361401,72.553459,175.296982,-143.613297,-179.012726,-166.6017
mZ944,2,411,205.5,-172.750244,-6.628915,83.744438,174.351654,-129.427872,-173.494186,-165.984406
mZ944,2,412,206.0,-162.792419,-1.298564,97.831345,177.088593,-147.898407,179.309509,-166.990707
mZ944,2,413,206.5,-144.639709,-13.711758,107.940681,-179.550949,-130.906342,-176.988586,-175.641205
mZ944,2,414,207.0,-153.22554,9.198141,96.903824,176.153076,-145.564224,174.011063,-174.330078
mZ944,2,415,207.5,-162.850662,9.281601,84.247337,176.854782,-140.836868,-175.285248,172.685287
mZ944,2,416,208.0,-170.281708,9.831475,84.785522,169.990646,-146.282242,177.513214,-148.371918
mZ944,2,417,208.5,179.39418,-4.816046,110.309952,179.794769,-162.324066,179.04895,-163.720963
mZ944,2,418,209.0,168.885178,-21.912727,111.277626,169.954941,-139.082062,168.571838,-171.926758
mZ944,2,419,209.5,167.524918,8.96209,78.458138,-179.204407,-140.115616,-174.705444,-167.967911
mZ944,2,420,210.0,166.927429,2.160944,110.053642,-179.671158,-164.476166,-179.831116,-169.47699
mZ944,2,421,210.5,-177.174301,11.230484,83.068047,177.315674,-113.780708,-173.755951,169.061905
mZ944,2,422,211.0,-179.500107,-10.962969,99.083168,169.634567,-132.089813,179.028351,-169.991318
mZ944,2,423,211.5,166.994797,-4.329226,107.029564,163.1082,-121.800537,163.645081,-164.70546
mZ944,2,424,212.0,-178.589966,16.814064,79.843269,178.206772,-136.936508,-178.285873,-178.95134
mZ944,2,425,212.5,165.157425,-20.672485,113.362473,-169.79184,-163.688812,164.954437,-152.36499
mZ944,2,426,213.0,-175.126678,17.048061,83.59919,-179.024597,-155.028595,-176.172165,-170.597809
mZ944,2,427,213.5,-159.144043,22.362906,87.567039,-174.478821,-129.810242,173.349182,-172.947311
mZ944,2,428,214.0,-170.94722,28.800697,69.756348,178.926422,-121.521935,174.7565,171.88089
mZ944,2,429,214.5,-173.023407,-0.356177,89.311615,-175.56723,-161.794907,170.804855,-167.338501
mZ944,2,430,215.0,-179.737106,-6.723638,88.706551,171.207718,-124.158958,177.59288,-168.749878
mZ944,2,431,215.5,-165.63205,-4.518184,94.320435,-179.616302,-129.884216,172.720306,-179.585236
mZ944,2,432,216.0,-175.824249,-21.826458,100.014709,168.500259,-126.26886,174.742737,170.511795
mZ944,2,433,216.5,178.249527,-4.786621,89.356598,-178.198654,-132.832214,-178.649918,-172.566696
mZ944,2,434,217.0,-170.196411,-13.413551,122.164986,161.49472,-158.395096,175.399414,-137.783691
mZ944,2,435,217.5,-175.272461,2.86808,80.329895,-174.920731,-127.942192,176.444672,-176.865021
mZ944,2,436,218.0,173.364792,-98.268974,88.153435,-177.200211,-111.676369,-179.654495,177.648972
mZ944,2,437,218.5,166.325684,19.816486,79.344658,175.88089,-128.693604,-179.821533,-173.814117
mZ944,2,438,219.0,175.799408,-28.675917,87.064537,173.628464,-112.837059,-173.689423,-179.376892
mZ944,2,439,219.5,176.552994,-8.217499,91.044975,174.482864,-120.105965,175.89743,-177.079376
mZ944,2,440,220.0,-140.753677,-26.77463,130.377777,-170.002792,-123.276627,168.929398,-165.533203
mZ944,2,441,220.5,175.592773,-6.014236,93.838852,-179.431763,-131.186157,-177.808853,179.216858
mZ944,2,442,221.0,179.774963,-14.634353,90.916084,164.210342,-121.740517,-176.26413,169.754883
mZ944,2,443,221.5,179.954254,-11.11195,92.249741,160.416275,-119.023407,-176.945374,178.892273
mZ944,2,444,222.0,177.294006,-9.639634,126.372314,163.735886,-126.920586,169.263046,-169.443039
mZ944,2,445,222.5,-177.098984,-8.155794,91.577164,-176.352219,-129.249603,166.924164,-160.307526
mZ944,2,446,223.0,-161.682495,4.365521,88.889015,-177.842499,-145.886719,172.004639,170.394012
mZ944,2,447,223.5,-177.110291,-25.307266,103.731361,-176.444931,-131.610748,173.946655,-150.1819
mZ944,2,448,224.0,-148.300797,5.948797,92.547417,-174.30867,-148.86557,-172.574631,-160.541077
mZ944,2,449,224.5,-177.627411,16.395594,77.974098,176.473221,-133.62767,164.293213,178.322281
mZ944,2,450,225.0,176.117783,-42.487011,87.442322,-170.688904,-137.292725,176.518784,-160.70311
mZ944,2,451,225.5,170.109543,-32.780499,115.069756,-179.035812,-135.760941,172.294891,-164.289825
mZ944,2,452,226.0,-163.596741,4.938753,85.479088,173.724197,-126.04509,-174.383163,-178.493744
mZ944,2,453,226.5,161.221924,8.674947,97.965149,178.427811,-171.730682,177.564224,-165.41571
mZ944,2,454,227.0,-146.326691,1.589769,104.42556,171.50766,-149.550293,174.999268,-154.317642
mZ944,2,455,227.5,-177.901932,-7.829092,92.756721,-172.145248,-141.079956,163.979904,-160.201248
mZ944,2,456,228.0,-168.287415,22.731253,82.598892,-176.797638,-135.943848,168.510132,-153.065643
mZ944,2,457,228.5,-166.070541,-0.603602,108.359901,178.35228,-166.758606,-174.870178,-155.799713
mZ944,2,458,229.0,-165.968796,7.186462,88.141945,-175.984879,-150.453613,170.918488,-154.493256
mZ944,2,459,229.5,179.57756,-15.280677,107.373245,172.2715,-138.877136,174.542343,-164.468475
mZ944,2,460,230.0,-173.954865,0.504157,99.580879,-179.104477,-156.257263,177.696533,-160.917755
mZ944,2,461,230.5,156.284454,8.571051,79.81073,-176.348175,-151.155304,177.96637,-156.558258
mZ944,2,462,231.0,-167.888046,27.78776,77.73159,-167.245392,-136.642212,169.630753,-172.069183
mZ944,2,463,231.5,174.060577,22.862307,87.283577,179.915024,-164.784576,172.940155,-151.031372
mZ944,2,464,232.0,179.069656,-41.813843,115.110649,-179.595535,-158.723618,-178.382446,-152.155075
mZ944,2,465,232.5,-174.754272,11.815377,90.892128,-177.795303,-128.25972,167.461166,-175.825897
mZ944,2,466,233.0,-175.31041,7.94119,95.239586,173.334167,-134.900757,-173.450287,-171.05899
mZ944,2,467,233.5,177.669403,-3.439214,89.348991,-174.121201,-128.696182,178.466614,-169.273331
mZ944,2,468,234.0,-177.053848,13.79238,95.811455,-176.152435,-129.718811,152.079483,-170.58815
mZ944,2,469,234.5,-173.088135,2.350405,82.448891,171.387833,-146.688004,179.898468,-162.371552
mZ944,2,470,235.0,165.606796,-5.223153,103.696907,179.00296,-146.208862,179.070511,-176.490143
mZ944,2,471,235.5,-155.324692,-26.757338,101.788704,177.682037,-127.880653,173.094727,-170.05394
mZ944,2,472,236.0,-172.610718,12.039059,83.432785,-175.137558,-174.583527,173.505966,-160.219177
mZ944,2,473,236.5,-171.42598,-22.815319,99.039978,165.468582,-161.293549,-178.918289,-159.422073
mZ944,2,474,237.0,149.279404,-26.691851,107.923248,173.952713,-165.220047,174.890671,-170.086945
mZ944,2,475,237.5,167.221359,-0.960521,94.881859,175.790298,-141.354523,176.253555,-175.067184
mZ944,2,476,238.0,-173.121124,-3.733843,103.910576,177.140106,-136.399719,171.985428,178.041992
mZ944,2,477,238.5,168.262665,-23.245621,102.285042,167.082336,-149.128403,-164.268387,-166.702011
mZ944,2,478,239.0,179.656418,-20.466843,106.38118,177.095963,-169.015747,-170.016724,-143.363159
mZ944,2,479,239.5,-170.146942,16.335188,70.711975,-166.445084,-152.39502,167.142471,-171.990707
mZ944,2,480,240.0,-167.075989,-12.319197,102.045929,168.239227,-133.349945,168.083954,-163.828415
mZ944,2,481,240.5,-158.40477,27.516478,78.515846,-178.329208,-176.298172,-169.185318,-136.29277
mZ944,2,482,241.0,-174.781555,-27.760561,106.223511,-172.591278,-163.979324,179.497574,177.177582
mZ944,2,483,241.5,-172.563553,1.393625,100.174072,166.547928,-157.449707,-175.319138,176.348343
mZ944,2,484,242.0,-168.184219,-7.795975,84.350212,176.77533,-124.655106,-173.035583,168.534897
mZ944,2,485,242.5,-176.002319,-7.641203,92.098816,-179.657867,-139.608047,160.062943,-153.080582
mZ944,2,486,243.0,-162.845596,5.534438,107.996002,170.684204,-154.07283,160.815216,-175.319962
mZ944,2,487,243.5,161.048141,-8.95765,95.297615,175.592697,-155.815506,175.090805,-169.255615
mZ944,2,488,244.0,-174.186127,4.845399,78.528259,177.239975,-154.535904,172.845581,-157.879669
mZ944,2,489,244.5,-179.674454,-5.364869,92.358086,-173.329269,-152.951813,160.488434,-165.554001
mZ944,2,490,245.0,176.904236,-32.257801,114.390869,175.472549,-166.558975,174.721817,-159.570923
mZ944,2,491,245.5,171.056015,-31.049429,115.723854,169.308121,-154.545288,161.530899,-158.604324
mZ944,2,492,246.0,-165.098587,-17.121849,95.575836,-168.456879,-146.842987,175.150803,-164.220047
mZ944,2,493,246.5,173.892715,-7.279531,105.652206,178.056641,-158.954727,169.579697,-158.931
mZ944,2,494,247.0,-177.789474,-0.998214,89.200432,176.404465,-165.49765,179.876953,-158.580643
mZ944,2,495,247.5,-161.198547,12.343981,102.077484,173.322342,-162.70343,179.150116,-173.953705
mZ944,2,496,248.0,-164.147583,-4.387364,92.314781,-174.150177,-145.641357,169.467285,-166.82547
mZ944,2,497,248.5,-162.888794,1.36855,97.651634,177.41568,-164.005081,174.870834,-169.455536
mZ944,2,498,249.0,-172.017426,-17.005692,116.003304,-178.430695,-158.007248,159.501709,-162.380646
mZ944,2,499,249.5,-175.201523,10.344305,79.500664,-169.030289,-155.124359,173.475845,-158.868225
mZ944,2,500,250.0,-172.376816,6.149064,125.886292,156.282455,-164.923767,176.402206,-176.730743
mZ944,2,501,250.5,-161.450912,34.924278,73.703224,169.923187,-153.018906,179.548569,-173.778168
mZ944,2,502,251.0,-177.488693,10.933052,100.921501,171.147583,-175.214279,176.602081,-159.61203
mZ944,2,503,251.5,164.376053,7.329165,93.120232,-162.802338,-172.573212,163.498398,-145.886536
mZ944,2,504,252.0,-169.283707,-1.357532,114.099152,160.482269,-154.068283,175.3965,-155.137955
mZ944,2,505,252.5,-167.5159,-0.275238,83.935501,-171.721588,-139.668655,175.329239,-163.673721
mZ944,2,506,253.0,-162.435989,7.578516,105.637871,174.238617,-146.043625,163.085281,-163.732269
mZ944,2,507,253.5,-173.46991,-8.100832,110.954559,-175.782196,-142.115799,177.150665,165.8423
mZ944,2,508,254.0,-166.715393,-27.743761,96.780586,-166.886322,-112.735802,158.581711,-169.870834
mZ944,2,509,254.5,167.945023,-22.964451,116.383186,165.781494,-164.182144,179.588791,-158.840195
mZ944,2,510,255.0,178.052246,2.2072,96.146835,-174.646561,-147.572098,175.728348,-176.538422
mZ944,2,511,255.5,169.106857,28.587954,68.701561,173.929932,-148.876556,178.271179,-167.799866
mZ944,2,512,256.0,-171.356186,15.482419,76.605293,-174.412704,-158.787354,-170.308212,-172.867783
mZ944,2,513,256.5,-155.977737,-14.547514,111.994804,-174.248688,-158.314407,-179.508133,-166.736862
mZ944,2,514,257.0,160.045364,0.586246,80.184563,167.468735,-149.63089,-177.287888,-159.991226
mZ944,2,515,257.5,-175.989426,-14.174373,88.553078,176.140106,-161.818146,-174.751266,-166.334686
mZ944,2,516,258.0,-173.187775,3.731378,91.197685,-174.430222,-154.306107,175.713593,-175.386627
mZ944,2,517,258.5,175.160416,-12.379439,105.843185,157.763672,-160.781036,-165.398666,-164.222076
mZ944,2,518,259.0,166.505234,-23.302092,103.614471,178.207047,-135.614517,174.906693,177.086365
mZ944,2,519,259.5,174.593536,-2.968119,94.789772,175.473389,-159.162903,-168.734741,-161.641663
mZ944,2,520,260.0,-170.581345,-22.943905,114.162842,170.975494,-148.294449,151.370346,-161.04245
mZ944,2,521,260.5,-176.471313,20.77784,75.964264,-175.274246,-115.716492,174.938385,-155.520126
mZ944,2,522,261.0,-171.557236,-15.164582,94.796509,164.407944,-123.840073,179.170395,175.745071
mZ944,2,523,261.5,165.766449,-6.105726,87.805641,156.630295,-116.07251,-174.303436,178.105652
mZ944,2,524,262.0,-171.417252,-14.852719,129.944321,169.334183,-127.475975,165.05719,-174.330414
mZ944,2,525,262.5,-168.696625,-10.342304,91.162827,-163.693954,-142.240356,165.70784,-161.668701
mZ944,2,526,263.0,-175.967499,6.517255,97.2117,177.150482,-155.179001,166.494293,-171.563828
mZ944,2,527,263.5,173.133865,-13.164538,79.205765,-164.510132,-152.427597,174.026733,-168.375092
mZ944,2,528,264.0,-171.687592,-16.156984,115.676247,-176.946884,-138.055145,173.479156,178.606415
mZ944,2,529,264.5,-159.303177,2.737152,96.11805,160.612091,-143.19014,-178.95723,172.17041
mZ944,2,530,265.0,-166.555832,-17.432274,96.102272,-176.659088,-168.347305,-178.24382,-155.957047
mZ944,2,531,265.5,-163.842636,8.076296,91.314621,175.541672,-148.219193,-179.460052,-169.364151
mZ944,2,532,266.0,-169.268082,-13.733386,128.732834,175.091858,-155.341934,164.715057,-169.805725
mZ944,2,533,266.5,165.85582,-12.184324,88.334915,-174.198013,-150.483719,165.535873,-165.72522
mZ944,2,534,267.0,178.631058,2.501479,99.170212,177.766861,-165.122589,168.157242,-160.174118
mZ944,2,535,267.5,-166.21022,-14.220922,94.291153,177.555405,-148.877029,178.178635,168.430466
mZ944,2,536,268.0,-164.101807,3.961113,85.43058,-166.840546,-139.630066,171.883194,-163.206223
mZ944,2,537,268.5,-179.454025,1.082842,83.487564,175.365112,-147.446457,168.133545,-175.007431
mZ944,2,538,269.0,-164.416031,3.089249,95.919342,-178.514755,-131.545609,169.437653,171.205078
mZ944,2,539,269.5,166.079971,3.837113,115.443008,165.792892,-164.804626,175.090958,-166.134903
mZ944,2,540,270.0,179.703491,3.041813,91.454346,-174.817688,-146.542969,168.364761,-163.641891
mZ944,2,541,270.5,174.129959,-9.512382,95.059532,172.37381,-132.113129,173.960846,-173.927414
mZ944,2,542,271.0,175.25264,-6.388289,107.801819,170.913239,-145.536087,174.122208,-173.064835
mZ944,2,543,271.5,176.341766,10.921424,83.827278,-179.040451,-146.057159,160.626831,-161.996918
mZ944,2,544,272.0,-172.00293,-9.695863,109.775558,172.473846,-130.504242,172.937897,163.492966
mZ944,2,545,272.5,-156.604675,20.158873,89.321259,-174.731613,-149.85379,166.894165,-164.8116
mZ944,2,546,273.0,-173.060959,-20.16098,110.355927,-175.313202,-119.58876,164.652328,173.341797
mZ944,2,547,273.5,-177.70845,13.845904,77.364891,178.321869,-124.781654,171.121231,-158.29808
mZ944,2,548,274.0,-174.251419,20.845552,97.829613,-172.912064,-164.705582,167.245529,-159.862701
mZ944,2,549,274.5,165.247192,-7.441332,110.21656,-176.628693,-169.559586,164.385849,-161.383728
mZ944,2,550,275.0,-177.783035,7.277608,86.756828,-168.298965,-142.870377,-178.812714,-149.359634
mZ944,2,551,275.5,170.09317,-11.889296,101.520493,-179.167084,-120.017342,159.198792,164.595856
mZ944,2,552,276.0,-178.269867,20.147696,83.35334,169.030792,-148.088165,175.121719,-170.732178
mZ944,2,553,276.5,178.465256,5.50002,83.973648,177.589508,-146.130493,-170.443665,-173.691605
mZ944,2,554,277.0,-174.595978,-2.211651,85.034691,-171.65033,-139.127151,177.183456,179.80162
mZ944,2,555,277.5,-151.307098,22.590654,86.125702,-177.215591,-166.647705,177.128052,-156.801788
mZ944,2,556,278.0,-174.780075,6.221439,83.837807,-173.904877,-159.924194,172.295334,-171.375198
mZ944,2,557,278.5,-149.620605,15.860465,86.508629,-172.200836,-142.996048,172.856949,175.795349
mZ944,2,558,279.0,179.468246,5.880033,109.110237,163.29245,-139.998413,-177.933762,-176.05957
mZ944,2,559,279.5,-163.066299,18.326986,100.298065,-171.721298,-163.390015,-176.907471,-148.929138
mZ944,2,560,280.0,-168.074219,-6.356325,106.79319,-177.8535,-133.555038,170.93985,-169.596313
mZ944,2,561,280.5,178.307388,-45.654667,99.145233,-177.728119,-120.93425,171.618713,-171.18457
mZ944,2,562,281.0,175.520126,-79.470604,72.002831,173.742523,-132.114319,-175.468201,-177.291229
mZ944,2,563,281.5,-173.778061,-30.606327,121.488579,170.010727,-157.297348,-177.883301,-163.208572
mZ944,2,564,282.0,165.042709,-1.01533,91.580719,170.481903,-131.697998,178.556503,173.502853
mZ944,2,565,282.5,-173.125458,13.403128,67.163094,175.644058,-162.405304,-167.474258,-168.356522
mZ944,2,566,283.0,-160.31955,-17.735672,122.457329,168.31044,-155.769806,166.417175,-162.089066
mZ944,2,567,283.5,-178.656311,10.763771,84.398094,-179.63829,-159.12149,-178.659149,-179.200882
mZ944,2,568,284.0,-157.450897,17.660366,83.5625,-165.204437,-141.814987,162.139572,-175.311737
mZ944,2,569,284.5,-167.624481,-4.269013,124.474434,167.541763,-143.192337,168.640533,-173.16394
mZ944,2,570,285.0,-175.731232,-26.355064,101.749138,170.104279,-145.715012,167.166565,-172.616364
mZ944,2,571,285.5,-168.019958,-7.542312,85.657898,-167.634415,-144.723419,169.992737,-146.72467
mZ944,2,572,286.0,-157.761154,4.442126,94.608559,179.387894,-155.795609,165.538284,-160.539673
mZ944,2,573,286.5,-177.200943,-7.826845,105.920723,173.715042,-148.731689,162.458023,-172.812134
mZ944,2,574,287.0,-147.372528,1.32898,91.680008,172.916504,-144.76207,-170.251495,-165.615921
mZ944,2,575,287.5,179.083344,-4.222263,86.220779,-171.174942,-154.102859,177.907593,-174.62825
mZ944,2,576,288.0,165.847321,1.99024,92.131172,-177.958847,-175.505051,171.559433,-146.052612
mZ944,2,577,288.5,168.826279,-16.85,120.722252,176.294952,-153.573227,172.237564,179.814896
mZ944,2,578,289.0,-158.247894,-4.401515,95.834846,-177.255264,-121.672279,171.041153,167.654816
mZ944,2,579,289.5,-149.746109,-4.782974,112.107796,166.333527,-166.490891,173.456955,-175.452225
mZ944,2,580,290.0,167.217712,-29.885315,94.303276,178.456604,-137.487305,176.111404,179.999924
mZ944,2,581,290.5,-175.206375,8.403843,83.944138,-173.825485,-119.771057,171.482239,155.083054
mZ944,2,582,291.0,179.223877,-8.430788,111.601753,160.014801,-145.030426,-176.579651,-172.745911
mZ944,2,583,291.5,-159.13475,-35.044876,122.947258,178.836472,-159.116638,167.295227,-167.267319
mZ944,2,584,292.0,-173.407455,-30.739414,112.64048,-176.865204,-132.774551,163.549683,179.701431
mZ944,2,585,292.5,-153.570648,0.224681,89.135231,-174.593689,-139.36235,171.826035,178.889938
mZ944,2,586,293.0,-165.840012,-9.4515,88.418983,177.284302,-146.769455,179.014282,174.981094
mZ944,2,587,293.5,165.272949,-30.406244,107.356308,-178.651886,-171.601654,-178.759964,-156.638062
mZ944,2,588,294.0,178.702896,-15.913093,119.151993,177.136856,-136.610565,170.461655,-177.573715
mZ944,2,589,294.5,-178.890472,-24.731031,111.030075,168.870773,-156.248093,-168.889694,-167.319199
mZ944,2,590,295.0,-177.432892,24.048931,74.276505,-179.287643,-126.102409,167.071518,-164.082993
mZ944,2,591,295.5,-168.060944,-6.832221,89.833664,170.898148,-124.514709,174.380829,163.726273
mZ944,2,592,296.0,-170.854996,10.353437,83.288185,174.242462,-159.177292,177.215729,-158.005554
mZ944,2,593,296.5,165.049561,-43.014992,119.640282,178.864944,-131.453079,158.275986,-167.509933
mZ944,2,594,297.0,-168.314606,-37.724415,95.648605,175.822861,-151.654648,170.182281,176.828705
mZ944,2,595,297.5,-163.374741,-12.884985,109.262154,170.670242,-158.15567,-173.852875,-166.390564
mZ944,2,596,298.0,-175.383026,-5.009684,75.121681,176.331284,-118.764862,171.241577,-171.47821
mZ944,2,597,298.5,-169.718491,1.905596,74.603149,-174.10321,-149.542557,161.551407,-142.872452
mZ944,2,598,299.0,165.99176,-18.879019,113.005768,-179.379974,176.977646,171.621384,-146.654877
mZ944,2,599,299.5,-173.547974,-4.794643,89.21759,167.578506,-158.471542,179.015076,-177.293976
mZ944,3,0,0.0,156.183563,-97.335785,61.913017,-169.595215,-120.992783,-174.705444,-160.693451
mZ944,3,1,0.5,-176.918518,-96.537651,67.118675,-169.925262,-91.802788,164.630569,-167.452133
mZ944,3,2,1.0,176.489807,-117.252098,82.306496,-160.851913,-90.769547,165.37561,-175.710861
mZ944,3,3,1.5,-177.799072,-41.374016,100.062546,176.558182,-111.43972,172.730209,-167.053513
mZ944,3,4,2.0,-152.130096,-76.314835,158.46344,-179.425781,-114.601936,166.811554,-167.494904
mZ944,3,5,2.5,170.786148,33.290951,79.68795,-174.834564,-103.528481,173.520477,-176.385941
mZ944,3,6,3.0,-153.444809,9.255404,79.023987,-176.866882,-131.549728,-178.148468,179.214462
mZ944,3,7,3.5,-162.826782,-31.03557,125.056801,157.616196,-139.630707,-173.677628,-157.77153
mZ944,3,8,4.0,179.83783,31.770588,73.807579,-179.964188,-141.098862,-170.199722,-174.303223
mZ944,3,9,4.5,-165.270523,-11.354772,76.657944,-169.646408,-137.68959,-173.795486,-151.148438
mZ944,3,10,5.0,155.488251,-25.466742,89.330353,-168.661514,-112.90136,-179.030319,-156.040695
mZ944,3,11,5.5,-170.323441,41.413956,55.237835,173.27713,-123.252762,-177.023544,-159.916534
mZ944,3,12,6.0,-178.810776,-7.454221,80.33268,-172.94873,-121.296814,174.966385,-160.564056
mZ944,3,13,6.5,179.677277,-4.569135,91.098785,-177.96846,-114.936699,-178.688568,-173.607346
mZ944,3,14,7.0,174.662659,21.501442,77.20887,-155.962021,-128.684433,172.282867,-159.626846
mZ944,3,15,7.5,173.434906,-54.5336,112.474075,-174.779251,-121.209702,176.784271,-176.887787
mZ944,3,16,8.0,-179.661743,-12.767733,98.72435,145.106461,-125.043228,-179.451141,-150.983002
mZ944,3,17,8.5,-163.239426,-95.008232,68.643234,-165.874527,-104.988609,166.916336,-160.264389
mZ944,3,18,9.0,169.694626,-104.382858,76.514717,-166.319839,-103.461159,164.102127,-168.492249
mZ944,3,19,9.5,171.462708,-79.058189,81.251816,-170.135559,-124.027397,-179.923279,-171.338455
mZ944,3,20,10.0,-163.832581,-1.454563,78.037178,-173.063782,-138.975906,177.202698,-169.156723
mZ944,3,21,10.5,176.111633,-40.633373,116.901459,166.856506,-128.821854,177.737335,-173.696838
mZ944,3,22,11.0,-174.353622,-32.847832,80.174171,-174.120865,-113.692421,171.626358,-177.740128
mZ944,3,23,11.5,-171.026794,-8.95091,94.017723,172.071869,-110.848442,178.432693,-160.644882
mZ944,3,24,12.0,-170.240906,37.898804,64.152641,176.177017,-100.13279,172.271179,-173.138275
mZ944,3,25,12.5,-161.701385,25.292416,77.604797,-170.624451,-137.687622,174.633194,-159.330658
mZ944,3,26,13.0,178.368942,-1.328003,81.952126,-151.814392,-106.535057,167.692886,-173.079956
mZ944,3,27,13.5,-169.939804,30.008255,74.002052,-161.233063,-122.990509,172.203598,-157.389313
mZ944,3,28,14.0,-175.52121,21.184071,66.511528,-167.922226,-123.357643,171.554504,-160.026855
mZ944,3,29,14.5,179.809906,-37.022388,87.162613,-179.897659,-114.324074,173.181641,-178.191193
mZ944,3,30,15.0,-163.491425,-32.674316,101.635414,-171.790115,-160.170715,179.825699,-149.676529
mZ944,3,31,15.5,167.178558,-44.804508,104.355949,-177.153778,-131.799408,-177.09021,-150.989502
mZ944,3,32,16.0,-175.807846,1.583743,73.442375,-179.294678,-122.124702,-172.335083,-175.102783
mZ944,3,33,16.5,-179.26152,30.847614,59.808887,-155.194946,-135.557632,175.027985,-153.365784
mZ944,3,34,17.0,-167.656235,15.553126,98.280869,178.000931,-118.693947,-178.221634,-161.296722
mZ944,3,35,17.5,-165.907532,-67.223221,112.84668,-162.346893,-118.807571,167.209412,-157.018036
mZ944,3,36,18.0,174.662064,29.006149,118.382767,162.28566,-118.103981,173.72226,-142.875565
mZ944,3,37,18.5,-159.546219,-9.457072,91.81707,-160.117081,-128.811127,173.452988,-162.202209
mZ944,3,38,19.0,177.886826,24.703045,79.578209,171.9048,-126.888374,-172.473343,-167.748138
mZ944,3,39,19.5,-176.221786,-89.424408,75.832344,-153.991196,-129.989304,171.711197,-143.112564
mZ944,3,40,20.0,-171.187637,-91.518936,80.100327,-166.371384,-114.203506,-178.212769,-166.665939
mZ944,3,41,20.5,175.686172,-87.399597,100.084839,-179.511688,-129.254517,-174.267426,-164.836151
mZ944,3,42,21.0,164.24707,-101.908875,77.595337,-166.993332,-125.63456,164.67337,-161.739014
mZ944,3,43,21.5,164.768188,-112.636337,86.058357,-174.463486,-135.290176,173.956345,-144.935226
mZ944,3,44,22.0,158.495132,-87.557693,67.213654,-159.354843,-122.413933,179.930908,-159.872223
mZ944,3,45,22.5,-167.368912,9.918942,69.773094,-164.280548,-110.267754,167.453247,-152.899567
mZ944,3,46,23.0,-166.693832,11.707655,86.188286,177.203781,-140.247894,-173.488373,-161.787491
mZ944,3,47,23.5,179.672485,-31.10615,110.475235,-171.369522,-123.060806,171.689835,-155.37558
mZ944,3,48,24.0,-167.572159,-63.227341,112.429375,-174.78331,-125.162109,173.239624,178.122253
mZ944,3,49,24.5,-168.579926,-2.04565,90.674553,166.806274,-120.977623,-178.979996,166.501099
mZ944,3,50,25.0,-173.943237,-35.659786,103.583511,-179.727341,-140.117889,-178.926163,-166.037537
mZ944,3,51,25.5,-177.150436,-34.859356,105.381912,175.549896,-150.988983,-179.379059,-178.459183
mZ944,3,52,26.0,-169.177063,-53.327396,89.074188,173.207474,-127.139442,-168.670532,-175.636642
mZ944,3,53,26.5,-176.953339,-101.28479,69.421211,179.468781,-102.934341,178.014633,-171.588211
mZ944,3,54,27.0,171.627502,-10.174274,104.445641,174.147171,-138.131989,-179.579498,160.523651
mZ944,3,55,27.5,172.275177,12.695083,71.36515,170.211548,-140.503082,177.100815,-174.001053
mZ944,3,56,28.0,-159.529144,-12.858335,88.817604,-163.528427,-107.995903,-179.250229,167.846649
mZ944,3,57,28.5,-170.820831,-31.80896,98.258629,-173.721222,-125.917679,179.271835,-167.550873
mZ944,3,58,29.0,169.996994,-9.952755,81.561272,-179.359161,-134.116669,-172.478027,166.126297
mZ944,3,59,29.5,-174.473846,21.348347,78.242851,-171.677933,-148.611557,-174.417801,-140.86615
mZ944,3,60,30.0,161.155151,1.527319,145.890762,-179.908859,-121.663261,176.335419,179.017136
mZ944,3,61,30.5,165.074036,-32.062752,133.477631,-156.198746,-102.415802,166.931183,-176.106918
mZ944,3,62,31.0,-177.259109,15.565054,129.910004,-174.895691,-122.791367,-176.070236,-166.30481
mZ944,3,63,31.5,161.514954,-12.350054,147.255707,-169.537979,-104.820229,-177.847839,-166.465714
mZ944,3,64,32.0,170.387009,-38.094238,92.063576,-143.342865,-108.34053,-171.965973,-151.820175
mZ944,3,65,32.5,169.812012,-7.48257,109.449417,179.110153,-124.500023,179.308807,156.526352
mZ944,3,66,33.0,-176.87854,3.157598,79.866486,-172.228653,-142.014236,165.56427,158.63472
mZ944,3,67,33.5,175.718719,18.191917,80.45871,-178.841782,-137.968567,173.209412,-154.224823
mZ944,3,68,34.0,178.495422,6.702612,91.905525,176.445526,-101.638847,169.939651,-170.449722
mZ944,3,69,34.5,167.510605,38.392879,60.709011,170.86438,-146.52597,-174.068146,-140.965027
mZ944,3,70,35.0,-161.576111,-5.403455,84.723625,179.863785,-113.102531,173.707291,171.415359
mZ944,3,71,35.5,-172.287521,-2.615513,89.45858,174.249268,-109.0672,169.110352,-162.674576
mZ944,3,72,36.0,173.032974,-130.63092,80.626617,-166.319351,-108.94239,172.406769,174.015778
mZ944,3,73,36.5,173.484863,14.951728,82.234375,174.782166,-116.617584,165.238327,-169.140091
mZ944,3,74,37.0,-174.866074,46.447792,81.244568,155.588928,-140.678833,-165.320999,179.273621
mZ944,3,75,37.5,170.93364,-168.837814,74.573059,-177.844269,-105.072769,169.297668,178.795792
mZ944,3,76,38.0,-167.333252,7.219518,84.491547,170.6745,-116.212181,178.925232,175.695511
mZ944,3,77,38.5,174.712051,-2.511183,84.673882,-152.542831,-96.753601,175.102417,-176.359924
mZ944,3,78,39.0,-160.804703,21.161551,75.845116,-179.06987,-114.170845,171.298096,-162.103714
mZ944,3,79,39.5,-167.122513,-46.545197,102.336662,-179.244141,-168.192017,-179.04039,-153.94873
mZ944,3,80,40.0,176.604919,28.808645,64.701767,170.634521,-118.893776,-176.841248,-139.055466
mZ944,3,81,40.5,171.159637,-3.736552,75.09166,178.094345,-138.097122,179.363281,174.037628
mZ944,3,82,41.0,-152.929306,-38.268631,118.59565,172.712891,-130.672913,-175.283249,178.161667
mZ944,3,83,41.5,-177.305206,14.902678,74.346741,172.153793,-148.027039,-179.622757,-173.338196
mZ944,3,84,42.0,177.447449,-3.10095,116.565292,166.070938,-136.858109,175.693817,177.92395
mZ944,3,85,42.5,-175.96051,-1.987096,77.831665,175.099655,-138.858429,175.868622,175.346542
mZ944,3,86,43.0,169.887115,-20.130669,93.633606,-177.318954,-154.01416,177.179245,-158.092957
mZ944,3,87,43.5,-170.600739,-12.607818,85.566887,-179.749451,-99.435204,179.515213,-170.058578
mZ944,3,88,44.0,-173.562302,-26.165705,106.189217,-176.196091,-114.511391,166.251389,-155.669937
mZ944,3,89,44.5,-166.595047,-38.766956,99.183876,178.80571,-117.993973,177.449753,-168.788055
mZ944,3,90,45.0,-174.065201,-0.196585,81.795113,-172.70108,-116.334198,179.772018,160.996185
mZ944,3,91,45.5,173.225098,30.298016,68.279366,158.788651,-136.349365,-172.155228,-176.158432
mZ944,3,92,46.0,165.5569,6.913861,78.689743,172.166992,-148.440918,171.425232,-169.243134
mZ944,3,93,46.5,-173.138672,22.599945,85.79467,-179.0159,-151.712097,-174.627701,-157.099319
mZ944,3,94,47.0,-171.877258,12.805007,86.856026,-174.530319,-119.866241,179.722992,-164.523026
mZ944,3,95,47.5,175.300446,-56.107124,122.490891,166.058273,-121.883987,176.812027,162.551437
mZ944,3,96,48.0,-172.526581,-80.041359,119.660805,169.19986,-113.573227,174.113617,-177.415146
mZ944,3,97,48.5,-178.944763,-112.223137,105.231514,-175.089935,-128.177383,-172.215927,-156.783157
mZ944,3,98,49.0,-163.173126,-57.770641,112.259438,179.940689,-133.095673,-167.141388,173.932571
mZ944,3,99,49.5,-150.096039,-54.236301,114.315277,173.59935,-113.363792,171.794937,176.692703
mZ944,3,100,50.0,166.884872,-26.113626,106.526138,157.740341,-154.547272,-173.873291,-153.235901
mZ944,3,101,50.5,-164.138474,-24.603338,104.595573,-170.51915,-146.370224,178.395706,-159.548752
mZ944,3,102,51.0,-176.132751,-20.703508,78.958466,-171.480957,-122.157158,164.114243,-167.948563
mZ944,3,103,51.5,-160.917694,-17.691957,90.216759,-178.111771,-169.009872,177.243668,-170.323074
mZ944,3,104,52.0,171.731476,-7.012898,97.429451,162.4095,-144.372299,-171.056458,168.75061
mZ944,3,105,52.5,-176.752487,-30.101994,90.329842,176.386673,-150.971909,-175.235428,-168.797852
mZ944,3,106,53.0,167.867523,-86.396652,69.173157,167.040695,-113.705414,-179.284683,148.663376
mZ944,3,107,53.5,-174.652191,16.44828,76.933945,175.724579,-121.818871,-174.872513,176.393265
mZ944,3,108,54.0,-163.057388,-32.372665,100.548714,-176.425247,-124.407661,171.97226,179.40657
mZ944,3,109,54.5,-172.673203,-40.579044,102.679329,166.973068,-113.743408,161.050034,177.903122
mZ944,3,110,55.0,178.890244,-38.98053,100.537941,168.668915,-142.672623,-168.186401,173.411377
mZ944,3,111,55.5,-174.540573,-65.469841,122.958908,173.510422,-133.342056,159.226883,174.323563
mZ944,3,112,56.0,-159.642075,23.367416,61.201656,169.53006,-106.614212,-178.76033,163.141449
mZ944,3,113,56.5,-159.721512,10.036464,112.477791,172.36821,-145.718384,-176.493866,-172.686935
mZ944,3,114,57.0,-171.380142,-8.058164,81.026634,177.771149,-131.948776,-177.060989,-148.651443
mZ944,3,115,57.5,173.97258,34.99884,62.25893,-178.888794,-124.200668,179.016083,-167.330139
mZ944,3,116,58.0,-165.125977,-17.466181,124.518311,168.269974,-127.428192,164.184479,-145.961624
mZ944,3,117,58.5,170.891235,-2.410678,85.166237,-155.875458,-110.666168,179.090088,-160.470398
mZ944,3,118,59.0,-163.465256,-5.301891,90.820206,-178.295624,-125.480316,-161.444534,153.471878
mZ944,3,119,59.5,-173.78096,-48.780163,105.868538,158.108871,-138.725159,-161.152191,-149.359604
mZ944,3,120,60.0,168.528534,-58.249634,122.146896,176.489456,-146.448532,-173.681564,-154.301117
mZ944,3,121,60.5,-168.312347,-53.216385,99.016281,-173.997101,-120.339821,-173.751389,-167.007568
mZ944,3,122,61.0,175.240723,1.07073,75.708679,-179.485199,-141.980331,-165.562546,-147.664856
mZ944,3,123,61.5,-171.137482,-61.606441,101.76445,-159.559814,-139.513947,175.44809,-161.145233
mZ944,3,124,62.0,175.910782,-86.486504,72.724648,-172.43335,-115.221016,171.637741,-140.706085
mZ944,3,125,62.5,-171.975922,19.590456,70.006287,-176.888611,-125.898788,-177.914612,-174.362167
mZ944,3,126,63.0,171.667053,1.465618,107.814064,174.271393,-117.779221,172.864929,-149.346817
mZ944,3,127,63.5,-160.533493,-12.735029,111.116997,-168.000885,-117.994385,-171.782166,-179.346466
mZ944,3,128,64.0,175.552414,4.520391,101.606369,176.427338,-157.75235,-175.212219,-162.890549
mZ944,3,129,64.5,-168.285721,-44.903687,90.621376,178.533371,-132.589111,-174.072311,-167.547638
mZ944,3,130,65.0,-175.222534,-2.247226,90.175499,168.915939,-114.179565,-170.717728,168.113327
mZ944,3,131,65.5,-161.169174,-18.618387,132.169647,168.951569,-146.782135,178.759369,-173.614441
mZ944,3,132,66.0,-171.61235,-73.722771,105.784264,174.730911,-120.207726,165.855774,-162.367676
mZ944,3,133,66.5,160.23967,-145.689392,61.91201,-173.965973,-116.856201,179.598221,-163.408188
mZ944,3,134,67.0,167.98996,-105.949677,66.09697,-178.022934,-108.847267,-176.024597,-156.016861
mZ944,3,135,67.5,166.007858,-123.948784,72.609558,-173.056076,-94.597893,174.640518,-179.557816
mZ944,3,136,68.0,-173.147354,-12.836998,75.558701,168.520218,-122.271919,-174.018997,170.495178
mZ944,3,137,68.5,-154.892578,-9.794186,114.031799,174.790817,-159.10231,178.923935,-166.468063
mZ944,3,138,69.0,175.994095,37.189899,76.677307,-179.554504,-134.614487,171.630936,-163.549713
mZ944,3,139,69.5,174.35144,8.103921,90.019012,-179.448868,-105.004105,-171.506927,-170.105179
mZ944,3,140,70.0,-165.922165,30.55023,85.727951,156.016312,-109.125877,-173.557846,-173.458755
mZ944,3,141,70.5,-165.982254,-11.197846,105.887352,-160.974274,-99.237778,157.586014,167.789856
mZ944,3,142,71.0,-152.085892,-50.774357,121.359322,178.616516,-140.269806,171.883743,-167.459641
mZ944,3,143,71.5,171.625717,-89.561668,64.114151,-161.590866,-105.258591,170.224075,-161.56073
mZ944,3,144,72.0,-160.613434,63.482224,69.534958,155.435181,-115.386658,179.829834,176.607559
mZ944,3,145,72.5,178.338562,-100.349724,64.274963,-163.818619,-150.799347,-171.962524,-146.16954
mZ944,3,146,73.0,-171.01329,19.931059,69.705933,179.812576,-146.777039,177.331039,172.260483
mZ944,3,147,73.5,-176.275681,-10.728099,105.543884,166.969711,-149.966751,167.81424,-170.506607
mZ944,3,148,74.0,-169.335236,-34.867851,114.826294,178.580948,-125.809967,167.901672,175.858109
mZ944,3,149,74.5,165.217636,-37.548897,116.499489,143.273743,-151.484955,-175.910355,176.267853
mZ944,3,150,75.0,174.866257,15.882706,77.000038,178.26474,-151.875534,-170.235947,-131.109192
mZ944,3,151,75.5,178.410416,-48.320564,103.634682,-173.125854,-139.203323,171.138962,-165.880112
mZ944,3,152,76.0,-175.679855,-44.878113,97.903854,-152.533432,-125.411949,-172.977158,-147.626785
mZ944,3,153,76.5,171.340607,-66.098267,117.412361,-175.67868,-133.594849,-178.665695,178.391617
mZ944,3,154,77.0,-167.11763,-29.461058,101.187332,166.023849,-146.351395,-177.616852,-149.740341
mZ944,3,155,77.5,-177.209045,16.261118,73.777061,177.355728,-133.173874,174.286102,-171.065933
mZ944,3,156,78.0,-177.892334,-5.93404,125.438896,-176.573151,-132.196228,178.839249,-149.549683
mZ944,3,157,78.5,157.21402,-47.363918,138.493835,168.624725,-149.328873,-172.433609,-158.957031
mZ944,3,158,79.0,-174.428345,20.196609,102.257423,-178.105179,-138.343719,171.97789,166.292709
mZ944,3,159,79.5,-179.266235,-13.51601,91.690422,-153.178726,-173.655151,175.993515,-1.885945
mZ944,3,160,80.0,-175.061462,19.785347,113.496559,-158.695511,-155.113678,177.84845,-41.44463
mZ944,3,161,80.5,-179.885818,-28.053387,125.008789,-160.141464,-106.42289,178.839951,-5.70213
mZ944,3,162,81.0,-168.85408,17.670176,94.134056,-156.025375,-154.865112,178.606766,29.74674
mZ944,3,163,81.5,170.941025,-22.937204,112.522156,168.51268,-170.931396,175.809128,29.138512
mZ944,3,164,82.0,-171.075607,-3.112019,89.655167,-179.731827,-136.115326,177.89653,0.82581
mZ944,3,165,82.5,179.540115,11.434765,105.951965,178.716614,-146.52713,158.068283,-8.171122
mZ944,3,166,83.0,171.143265,7.477927,79.604866,163.459122,-162.471848,-177.112137,28.185278
mZ944,3,167,83.5,-170.239197,10.676355,110.682274,169.763885,-152.676529,171.819809,6.586555
mZ944,3,168,84.0,-172.962387,-0.505725,107.304115,170.675797,-152.139694,162.431015,-3.417175
mZ944,3,169,84.5,-152.715805,8.314253,105.352554,167.060379,-155.095734,173.466904,-19.460835
mZ944,3,170,85.0,174.682648,-7.515529,85.404884,-177.979782,-130.837357,-179.924026,-16.278229
mZ944,3,171,85.5,-170.992538,15.883069,87.625076,175.667221,-153.877136,176.533295,6.646589
mZ944,3,172,86.0,-173.823807,-13.664816,127.132347,-171.846893,-178.962769,169.745941,-14.822528
mZ944,3,173,86.5,-164.923218,2.189742,121.694107,179.61322,-174.056107,163.799896,1.923554
mZ944,3,174,87.0,-171.567123,3.630718,128.475662,-162.531525,-167.933441,169.251801,-4.881296
mZ944,3,175,87.5,-163.977814,24.413778,74.285576,179.412537,-144.890533,-161.728378,-17.319736
mZ944,3,176,88.0,167.666443,9.875415,76.257095,175.759506,-142.292709,172.208954,-10.579047
mZ944,3,177,88.5,-177.053146,-1.239575,89.458099,-177.216522,-157.750244,-170.966309,-4.908254
mZ944,3,178,89.0,179.543503,-7.775372,98.267815,175.221405,-157.939713,177.971802,-18.938623
mZ944,3,179,89.5,178.840836,-15.230996,100.040268,-173.624298,-141.887466,-179.800781,2.251382
mZ944,3,180,90.0,173.419815,-27.068073,100.292793,159.724808,-131.6203,167.748428,-9.989896
mZ944,3,181,90.5,-179.340866,15.133652,97.299965,151.946396,-171.129349,173.953629,-1.103418
mZ944,3,182,91.0,-175.950317,5.919137,94.514221,170.26741,-136.628891,-179.112961,1.10956
mZ944,3,183,91.5,168.452911,-5.16642,81.992241,168.372986,-159.783844,-177.434158,-7.828291
mZ944,3,184,92.0,-165.600708,16.111736,77.859787,174.128815,-164.358673,177.30304,35.375156
mZ944,3,185,92.5,-172.635727,13.379524,105.07222,173.559402,-151.956543,166.416367,-1.531563
mZ944,3,186,93.0,-159.786423,-22.302074,110.565033,171.182114,-169.17627,172.295029,-7.200887
mZ944,3,187,93.5,-167.975082,-167.360413,112.481018,-165.129745,-110.292503,-179.484833,-8.375442
mZ944,3,188,94.0,-166.96785,-162.63089,106.709106,-172.199585,-118.654732,164.524261,-2.00268
mZ944,3,189,94.5,177.817734,-88.740639,79.281868,-168.827759,-152.005234,178.829575,25.166039
mZ944,3,190,95.0,-174.268051,37.140942,82.189323,168.578934,-146.899048,173.131287,5.38769
mZ944,3,191,95.5,-179.419342,-18.306574,113.395134,-173.856674,-171.033707,172.618515,15.130362
mZ944,3,192,96.0,179.982834,60.37722,78.545059,163.136169,-131.395035,-178.274841,21.878054
mZ944,3,193,96.5,179.96434,-17.412895,134.486389,167.636612,-151.311188,158.355881,-0.135109
mZ944,3,194,97.0,-176.132446,19.462673,71.806061,-176.540375,-150.413254,167.13443,7.96861
mZ944,3,195,97.5,-170.498184,-15.815643,113.628494,175.467697,-146.294128,176.925354,10.969454
mZ944,3,196,98.0,179.553879,33.13517,83.315788,164.25029,-149.911987,-173.043304,31.629305
mZ944,3,197,98.5,177.035233,-25.277514,89.28685,177.403259,-161.757736,-175.678558,9.241548
mZ944,3,198,99.0,-150.025009,-5.507747,98.58213,169.621323,-154.858994,169.769913,-0.980873
mZ944,3,199,99.5,-149.235153,9.597356,114.385925,-173.80632,-153.877502,166.867172,-0.414436
mZ944,3,200,100.0,178.521591,-39.850327,106.336708,171.366318,-158.190903,170.223267,-5.634818
mZ944,3,201,100.5,177.68132,18.237101,76.536957,170.905685,-173.899216,168.506226,14.551813
mZ944,3,202,101.0,173.244843,7.109918,85.305687,166.123672,-128.613159,-173.471436,-20.731579
mZ944,3,203,101.5,160.679703,-25.388262,91.917969,169.315643,-162.827011,-179.171585,2.892543
mZ944,3,204,102.0,157.688263,-105.072357,77.686935,170.255707,-133.352921,-178.735245,-7.416895
mZ944,3,205,102.5,174.438202,-2.269594,70.247307,-175.818039,-142.885529,173.184723,22.744648
mZ944,3,206,103.0,-169.828644,11.012067,100.646164,174.914108,-153.710022,172.632889,17.130535
mZ944,3,207,103.5,-179.048401,13.188705,77.760742,160.947403,-123.396057,171.462921,-34.947479
mZ944,3,208,104.0,174.468567,17.695217,90.277466,179.420212,-156.372406,177.15152,-5.330751
mZ944,3,209,104.5,167.475327,2.681368,78.626465,-170.988785,-176.211456,175.191833,15.243983
mZ944,3,210,105.0,-169.433777,-5.683539,105.325645,143.288467,-145.554901,177.814728,-8.402739
mZ944,3,211,105.5,-147.187698,-3.113182,100.410118,161.632217,-150.464127,176.061874,-6.763229
mZ944,3,212,106.0,-163.167053,16.564922,132.749573,172.874771,176.431778,179.567123,-2.039541
mZ944,3,213,106.5,165.938034,0.045554,133.310486,160.940201,-167.358322,177.984726,3.481854
mZ944,3,214,107.0,-179.830261,-18.59684,116.008751,-171.377914,-106.749352,-171.477005,-3.456521
mZ944,3,215,107.5,163.898422,5.791343,118.605606,170.53125,-168.378159,171.907333,176.159027
mZ944,3,216,108.0,175.539871,-5.956954,123.612862,-177.590622,-158.828873,178.606537,-175.876297
mZ944,3,217,108.5,-160.543259,10.413371,134.138016,162.647125,-162.986191,177.494446,-178.246872
mZ944,3,218,109.0,172.520935,-4.457156,131.438492,165.777359,-148.800598,154.478058,168.623352
mZ944,3,219,109.5,157.903641,-18.790991,133.444183,165.589279,-131.155411,158.990311,164.067368
mZ944,3,220,110.0,-162.766388,-15.781272,100.985687,167.35257,-137.936264,-178.197495,159.272842
mZ944,3,221,110.5,-170.881119,10.711134,87.952797,169.606644,-139.875931,177.571213,162.630234
mZ944,3,222,111.0,-146.206314,-29.085169,136.634583,164.225693,-134.778687,168.235748,-178.898773
mZ944,3,223,111.5,158.414398,-3.214121,139.034515,174.218033,-147.447708,179.986877,-177.440918
mZ944,3,224,112.0,177.371918,-20.560135,135.92691,-173.432098,-114.555504,171.180038,162.62587
mZ944,3,225,112.5,-176.793747,-4.653131,119.156502,158.38063,-162.806946,173.271347,-167.569016
mZ944,3,226,113.0,-169.186035,5.160294,129.162872,163.056595,-152.378281,172.767776,168.040527
mZ944,3,227,113.5,163.324005,-8.628455,142.00853,163.012787,-174.962204,164.734543,168.138962
mZ944,3,228,114.0,-174.034836,5.607675,87.303452,168.339325,-160.746445,165.435104,171.254898
mZ944,3,229,114.5,-165.958206,17.131926,115.757782,-173.209579,-161.26944,170.532944,178.118271
mZ944,3,230,115.0,-171.735489,15.489201,102.944771,161.567993,-133.180328,173.761856,155.699707
mZ944,3,231,115.5,-168.601868,-8.124109,105.193619,171.427124,-166.121048,-178.817352,176.649963
mZ944,3,232,116.0,179.409302,15.295931,123.623039,164.581604,-136.551971,173.288956,147.603943
mZ944,3,233,116.5,-159.538788,-1.722039,83.844299,179.605316,-162.632584,173.477295,-153.458221
mZ944,3,234,117.0,178.853363,-12.196575,141.589844,169.775497,-143.909515,167.040329,-179.314774
mZ944,3,235,117.5,-158.587143,-18.055822,135.463181,-174.05542,-157.301666,178.467697,-162.483871
mZ944,3,236,118.0,169.935623,20.331572,103.528137,-175.67923,-169.08371,168.387268,-165.423203
mZ944,3,237,118.5,171.095825,-32.330276,124.707588,179.411102,-151.015991,167.505005,-170.141586
mZ944,3,238,119.0,179.312256,6.2988,93.73439,169.865112,-150.768234,169.354172,170.895279
mZ944,3,239,119.5,-178.617661,27.367952,93.695343,161.401779,-144.994843,-175.767136,-161.92868
mZ944,3,240,120.0,179.713867,-17.52479,105.950119,173.652313,-105.935616,169.460663,161.11969
mZ944,3,241,120.5,-176.469833,-10.557489,98.096992,-174.026581,-128.087479,179.560822,173.594055
mZ944,3,242,121.0,170.27832,9.115137,78.645386,168.651077,-136.315018,167.948334,-158.041611
mZ944,3,243,121.5,-156.702728,-11.659082,110.545105,-178.101501,-138.048279,170.614349,-168.80246
mZ944,3,244,122.0,159.950806,9.35733,84.348907,-173.608414,-151.165833,169.313477,-160.501984
mZ944,3,245,122.5,175.88205,35.52179,73.859169,-165.791916,-129.774643,175.254791,-177.29718
mZ944,3,246,123.0,-168.233841,1.724501,101.028023,-177.646881,-164.740082,-178.138596,-156.261551
mZ944,3,247,123.5,175.107224,-113.10173,74.004608,-167.421814,-128.734924,-172.693314,167.764893
mZ944,3,248,124.0,-171.19014,-9.293281,141.169006,176.566025,-137.729538,173.268646,-177.433563
mZ944,3,249,124.5,-177.661163,-126.495613,70.337425,-165.655746,-142.793655,164.077026,-152.56366
mZ944,3,250,125.0,-177.033264,61.543125,57.256756,-170.558334,-134.463959,172.255859,-162.828842
mZ944,3,251,125.5,172.379745,-107.823807,70.51078,-174.475494,-107.560364,177.537094,-177.086731
mZ944,3,252,126.0,179.307007,18.355331,88.962318,167.359268,-124.03009,165.968948,-167.20903
mZ944,3,253,126.5,-178.404648,-1.119535,111.006248,169.791183,-115.939957,161.515594,157.840637
mZ944,3,254,127.0,-179.125168,-5.763103,95.885353,-175.921875,177.190063,-176.567551,-158.43251
mZ944,3,255,127.5,-165.550812,15.023211,70.625198,161.808594,-134.994507,179.843063,165.303406
mZ944,3,256,128.0,-173.580978,-65.495598,101.52726,-176.872314,-157.295547,169.183273,-171.72641
mZ944,3,257,128.5,-169.454468,-29.369686,115.714836,177.011032,-165.300201,170.564697,-150.56221
mZ944,3,258,129.0,-167.337051,6.556745,89.443481,-166.483109,-118.410904,-173.06871,-169.656387
mZ944,3,259,129.5,-177.838974,-9.212994,106.361465,179.623886,-153.563126,179.405609,-161.228348
mZ944,3,260,130.0,-175.770111,60.047253,86.050316,-164.645004,-167.172318,176.200272,-135.226608
mZ944,3,261,130.5,175.415115,8.615788,97.833626,-179.480286,-164.209259,-174.849686,-150.508759
mZ944,3,262,131.0,-167.272797,6.664175,92.110832,175.612305,-159.414734,168.539627,-179.522034
mZ944,3,263,131.5,144.554749,-17.093325,98.427444,-167.589249,-139.696243,174.940262,-172.672028
mZ944,3,264,132.0,-171.29425,21.542902,86.342545,-175.246048,-162.226456,176.095306,-153.799347
mZ944,3,265,132.5,175.272446,-10.622509,89.545593,175.710938,-166.62886,-170.364609,-160.345596
mZ944,3,266,133.0,-172.069,30.607615,66.46067,173.346237,-151.248123,-177.697571,-178.306046
mZ944,3,267,133.5,-175.449707,12.654749,70.615608,169.768188,-159.435089,171.191162,-135.768646
mZ944,3,268,134.0,153.731125,-38.738216,104.648178,179.066849,-141.453522,-177.693069,-168.423172
mZ944,3,269,134.5,-177.796036,12.009599,83.794724,-161.677368,-121.696854,174.060974,169.873215
mZ944,3,270,135.0,-176.715988,3.411782,88.754097,-168.356644,-153.843292,174.898163,-171.448685
mZ944,3,271,135.5,-156.053223,11.260728,87.420906,-175.433441,-151.012405,161.916504,-170.204315
mZ944,3,272,136.0,-171.395248,-7.633698,102.98558,-169.006348,178.728729,174.810364,-163.881165
mZ944,3,273,136.5,177.45787,62.961731,44.451038,170.36853,-151.551453,-169.840561,-164.561005
mZ944,3,274,137.0,-177.795364,15.33317,68.867004,-172.142548,-113.616226,167.932465,178.852524
mZ944,3,275,137.5,160.386871,39.444309,75.454407,175.237396,-158.582626,171.365173,-176.286133
mZ944,3,276,138.0,179.112396,59.011147,62.146664,179.752853,-169.129013,-177.438644,-125.629173
mZ944,3,277,138.5,175.755905,34.456306,77.77533,177.168854,-151.151581,169.055466,-154.985825
mZ944,3,278,139.0,-172.812073,20.20936,82.323639,-165.916504,-144.609528,176.249756,-151.659317
mZ944,3,279,139.5,-164.191879,46.832428,68.746643,-167.957794,-137.261566,-177.464523,-172.207825
mZ944,3,280,140.0,171.813187,33.450699,100.428734,-178.268097,-139.534195,168.076492,-161.851028
mZ944,3,281,140.5,-169.069077,-40.092968,106.105728,-169.398026,-134.038147,162.201965,-174.500443
mZ944,3,282,141.0,177.850525,-23.058966,96.46801,173.706345,-148.245392,-178.5009,-168.603912
mZ944,3,283,141.5,175.110641,14.260964,92.544258,-172.09906,-138.745331,172.357971,173.196426
mZ944,3,284,142.0,-168.998489,-46.235401,104.910995,177.159775,-126.899986,-179.030472,162.143463
mZ944,3,285,142.5,-169.550781,15.188762,86.97496,179.353287,-168.67746,172.604843,-173.568054
mZ944,3,286,143.0,-175.397888,1.055637,117.968788,171.860886,-139.082642,177.382858,144.867599
mZ944,3,287,143.5,-177.206543,-48.921207,112.64312,171.601151,-104.26358,-179.531036,145.667633
mZ944,3,288,144.0,173.534729,9.329181,85.116859,-178.890686,-111.737137,-178.747711,162.345795
mZ944,3,289,144.5,177.752899,18.129875,90.545647,173.307892,-96.58197,175.799088,169.979645
mZ944,3,290,145.0,-176.244598,29.818857,77.599655,-169.864716,-112.998863,174.878052,152.646072
mZ944,3,291,145.5,165.721786,34.637264,52.539627,-159.498413,-96.70874,-178.948914,164.230774
mZ944,3,292,146.0,173.659195,19.217657,92.55658,-172.61879,-164.841187,-178.348206,174.117065
mZ944,3,293,146.5,168.669479,21.701473,85.808495,169.119461,-99.116837,-176.768448,155.963394
mZ944,3,294,147.0,-176.335068,21.892378,86.530304,167.358902,-111.721664,175.612946,-176.767105
mZ944,3,295,147.5,161.693512,25.732479,65.279121,-158.097046,-136.294403,171.063446,-158.708755
mZ944,3,296,148.0,-177.289749,26.308495,80.275795,-168.152176,-128.164795,-170.42514,-171.610565
mZ944,3,297,148.5,171.262039,-36.289413,122.131447,151.82074,-99.24601,179.555145,178.181564
mZ944,3,298,149.0,-179.069138,-17.379284,106.076218,-177.017258,-131.915131,176.913162,-157.018173
mZ944,3,299,149.5,-162.949432,-84.23877,101.130089,-178.005493,-129.473633,171.838791,-148.665024
mZ944,3,300,150.0,-173.093002,-6.529988,88.06501,-179.938034,-119.962616,161.336121,-164.586731
mZ944,3,301,150.5,-179.108856,25.860846,88.218155,-176.75029,-141.363617,178.805084,-161.287628
mZ944,3,302,151.0,-179.687241,4.031161,82.978928,-176.018036,-132.870178,168.304184,-172.796082
mZ944,3,303,151.5,163.057861,57.892471,65.15834,164.318512,-117.214928,178.019104,176.131012
mZ944,3,304,152.0,178.010101,-13.500593,141.706055,178.185303,-141.112518,166.46756,-147.140839
mZ944,3,305,152.5,171.855225,-20.579863,141.063477,-177.425812,-158.70813,-178.169739,-136.426025
mZ944,3,306,153.0,158.562866,34.730526,60.338097,168.970428,-156.151627,-175.836639,-159.858673
mZ944,3,307,153.5,174.594543,15.131714,102.937378,137.89624,-137.386383,174.780289,161.918457
mZ944,3,308,154.0,171.092377,12.711534,92.502693,71.984703,-140.789078,-171.101486,-159.656677
mZ944,3,309,154.5,-174.42218,58.981136,77.213173,178.436066,-133.941574,164.295914,163.580582
mZ944,3,310,155.0,176.797455,13.215459,99.901482,178.911407,-134.58139,169.889862,179.588852
mZ944,3,311,155.5,-170.025513,-0.176427,108.963463,172.954071,-176.608231,-177.715805,-171.519455
mZ944,3,312,156.0,178.742004,3.689467,78.173401,-168.765549,-160.816101,162.36821,-136.53064
mZ944,3,313,156.5,178.061859,62.146595,60.048706,171.1819,-136.100235,170.284164,-166.524368
mZ944,3,314,157.0,-169.593353,22.532085,67.827637,178.0103,-170.494049,169.532501,-154.874557
mZ944,3,315,157.5,-175.803864,35.305634,60.152718,-174.268127,-145.853394,169.279297,-171.566223
mZ944,3,316,158.0,177.423965,-0.889825,78.748573,176.616409,-158.897324,173.603714,-148.67601
mZ944,3,317,158.5,-175.804321,-36.19677,114.552147,69.676025,-112.831482,-164.168137,-154.61026
mZ944,3,318,159.0,-151.029266,-20.318583,109.337227,171.635483,-158.43541,173.616623,-173.608948
mZ944,3,319,159.5,-164.61937,3.659757,97.526886,-175.067871,-148.088272,172.581345,-161.638092
mZ944,3,320,160.0,-164.693985,6.098167,94.800003,-176.656967,-116.587029,166.577438,177.989883
mZ944,3,321,160.5,179.304398,21.131863,77.16993,162.785034,-125.542816,-162.381668,172.691086
mZ944,3,322,161.0,162.712112,-4.529176,88.586296,-174.378311,-138.944763,173.893204,-159.934143
mZ944,3,323,161.5,173.344025,16.615091,78.460701,-178.239334,-135.32843,170.802551,176.768097
mZ944,3,324,162.0,-179.649536,-31.911512,108.706528,175.469269,-108.784546,160.306213,-161.343002
mZ944,3,325,162.5,-151.028122,2.656585,107.689529,171.411209,-147.710724,162.819519,179.530334
mZ944,3,326,163.0,-170.99498,45.070316,72.600548,-174.905304,-133.737991,-179.738464,-173.218491
mZ944,3,327,163.5,171.64537,-11.724655,97.728775,41.0802,-91.139168,-167.601196,-145.012085
mZ944,3,328,164.0,-176.187653,-101.942917,87.122704,-177.714645,175.474106,-158.771393,-148.971893
mZ944,3,329,164.5,-165.199219,20.366873,89.13575,-175.752655,-174.741699,-173.422028,-133.391266
mZ944,3,330,165.0,-175.042816,21.877449,75.676453,-175.471298,-129.173004,174.223526,-163.896194
mZ944,3,331,165.5,-166.991364,-3.976645,95.022041,-179.156006,-160.367584,174.039612,-151.67807
mZ944,3,332,166.0,-173.728317,33.06538,67.458977,159.515198,-165.158661,-179.111603,-163.244507
mZ944,3,333,166.5,-158.75148,-24.687481,105.594528,176.462769,-171.643005,179.462784,-170.114746
mZ944,3,334,167.0,-175.116333,-1.580856,84.813187,-171.315567,-153.542191,177.809448,177.704727
mZ944,3,335,167.5,-174.98233,12.582534,63.600346,-174.030426,-136.925323,167.725266,-175.274277
mZ944,3,336,168.0,179.580246,25.094019,73.112206,-177.951981,-114.217827,-169.383942,-175.652481
mZ944,3,337,168.5,-169.390259,25.878853,74.883583,163.231964,-151.530716,-179.80159,175.063889
mZ944,3,338,169.0,176.690613,37.615189,72.899269,169.285767,-137.254913,169.24585,-154.25502
mZ944,3,339,169.5,-165.612808,2.636351,96.56617,94.663773,-121.679001,-173.091278,-163.801208
mZ944,3,340,170.0,166.219315,-132.639191,64.787445,176.161057,-118.378365,-178.32312,-167.656799
mZ944,3,341,170.5,-163.273315,12.358079,87.522514,-158.868103,-144.719284,175.638885,-144.031891
mZ944,3,342,171.0,-165.221344,31.558716,82.457214,-177.279556,-159.945526,169.157364,-145.719589
mZ944,3,343,171.5,163.111252,34.266148,63.026691,172.284775,-146.2211,-176.763855,-170.722061
mZ944,3,344,172.0,177.661041,27.519083,69.310661,-172.35202,-141.055374,179.095322,-170.620514
mZ944,3,345,172.5,-162.811325,42.297894,81.222549,-179.526276,-113.065247,162.990845,-176.22641
mZ944,3,346,173.0,178.198837,26.410311,90.399841,-178.536652,-147.312775,165.055679,170.230743
mZ944,3,347,173.5,-168.367294,-13.722472,138.273773,-178.651398,-140.759262,-179.404968,-146.900055
mZ944,3,348,174.0,-158.546326,45.573971,68.152817,-165.733002,-157.058624,177.103195,-166.277176
mZ944,3,349,174.5,-169.858109,23.967422,89.665871,165.598114,-152.719818,-174.808517,-168.752487
mZ944,3,350,175.0,-179.87532,42.815098,66.904236,177.840424,-163.360138,173.787537,-150.943939
mZ944,3,351,175.5,-177.874054,48.251831,62.852318,179.817841,-113.132713,-179.551392,169.424454
mZ944,3,352,176.0,-153.210724,54.051018,71.432457,-177.390121,-131.70108,179.07811,175.994324
mZ944,3,353,176.5,164.01062,-95.139969,64.730118,-157.71283,-109.610275,-172.399567,-178.481873
mZ944,3,354,177.0,-178.209198,47.551517,59.871246,-175.488403,-120.846687,168.789093,177.020767
mZ944,3,355,177.5,-167.940903,4.837638,108.624168,-178.068085,-162.471863,-178.276886,-172.914597
mZ944,3,356,178.0,163.239044,6.567135,88.282776,174.742081,-149.355652,169.258575,-157.634857
mZ944,3,357,178.5,176.679138,11.111097,100.527626,179.622513,-155.637985,-178.280914,179.219589
mZ944,3,358,179.0,-162.186783,21.993748,109.495872,-170.3936,-161.995682,164.176147,-163.519562
mZ944,3,359,179.5,-174.918121,4.423657,87.725388,-172.010406,-140.707077,176.241241,-166.665359
mZ944,3,360,180.0,-175.207214,20.753639,63.695312,165.632767,-126.145645,-164.404419,-168.406219
mZ944,3,361,180.5,165.269577,-34.419235,107.496811,179.654633,-151.43222,-170.444595,-162.719009
mZ944,3,362,181.0,177.067108,-35.642902,112.917213,-172.650986,-128.842239,174.108551,-173.488205
mZ944,3,363,181.5,177.31134,48.378559,69.961334,172.142334,-126.206039,170.607864,-178.8013
mZ944,3,364,182.0,171.485748,-86.719254,122.743599,-175.282806,-162.257278,166.369553,-176.150726
mZ944,3,365,182.5,-167.301758,13.900612,91.272423,156.526291,-120.816948,-176.677765,149.585739
mZ944,3,366,183.0,177.628159,-0.387196,78.739746,-170.768341,-157.276245,173.565186,-155.949615
mZ944,3,367,183.5,-172.320541,-8.990735,105.298157,-179.095428,-149.283279,166.265076,-179.668457
mZ944,3,368,184.0,-170.813232,2.919062,90.33947,178.269714,-153.512878,-174.54541,170.334198
mZ944,3,369,184.5,-152.499008,6.02668,77.37429,-177.320694,-169.027725,167.708237,-158.859818
mZ944,3,370,185.0,-176.536148,72.636475,73.577736,-176.697357,-144.49205,168.404144,-163.613235
mZ944,3,371,185.5,149.833237,8.411459,70.840019,-170.62001,-115.371391,172.512878,-161.851425
mZ944,3,372,186.0,172.824692,8.986054,77.458199,178.387695,-127.56366,167.79248,169.230545
mZ944,3,373,186.5,-177.85585,15.332206,64.145699,178.918732,-157.670654,-177.937515,-162.229645
mZ944,3,374,187.0,-166.615402,47.317871,79.527229,165.496246,-175.726852,-176.792374,-160.921524
mZ944,3,375,187.5,176.555542,48.676609,81.749634,174.492905,-138.858032,174.104568,-155.929672
mZ944,3,376,188.0,176.241638,11.253926,73.849083,-177.588135,-134.203033,167.435669,-166.753326
mZ944,3,377,188.5,-164.333145,23.505598,73.907791,177.137375,-144.772278,-179.175232,-154.962585
mZ944,3,378,189.0,-152.648956,56.290379,66.126259,-174.847488,-156.895096,178.481339,-154.00325
mZ944,3,379,189.5,175.441986,48.68615,49.771999,169.927856,-132.655777,-174.017899,-162.47171
mZ944,3,380,190.0,-174.984421,-14.761893,98.258369,179.080948,-99.266205,165.426056,-169.160263
mZ944,3,381,190.5,168.078781,-78.618042,66.95047,177.196457,-112.201736,-174.102478,171.002579
mZ944,3,382,191.0,169.409409,-106.184975,57.929901,179.172836,-123.171318,178.098633,172.716873
mZ944,3,383,191.5,-178.594543,12.563165,76.506912,150.788589,-141.666626,-178.977249,167.229095
mZ944,3,384,192.0,-176.696518,27.076826,100.763695,160.879944,-161.398178,-173.985367,-164.591034
mZ944,3,385,192.5,-171.523392,4.358468,102.715607,159.745117,-169.637451,169.571793,-173.476318
mZ944,3,386,193.0,174.743698,30.440012,73.616409,153.972748,-128.825516,173.717712,-154.77594
mZ944,3,387,193.5,172.886826,-100.13736,89.206848,172.872055,-131.838593,-178.784103,-168.838806
mZ944,3,388,194.0,-168.110626,54.638699,64.008209,167.347794,-142.270142,-173.705246,-162.538208
mZ944,3,389,194.5,170.412292,111.295181,135.64679,-174.676926,-98.535088,174.786835,-162.60582
mZ944,3,390,195.0,-156.101944,99.109306,153.62384,-179.80365,-179.091537,177.502609,174.128677
mZ944,3,391,195.5,164.987701,-103.184189,63.112507,-178.326813,-105.029465,172.739594,172.993164
mZ944,3,392,196.0,166.44754,-133.076538,64.673325,-167.315582,-120.882492,175.542053,174.225311
mZ944,3,393,196.5,-168.0616,24.852915,76.33268,-176.804825,-159.197113,-172.225174,-170.585327
mZ944,3,394,197.0,167.439407,-86.725105,114.149559,167.010498,-134.278473,170.907669,173.819016
mZ944,3,395,197.5,-170.521896,1.754333,122.693268,171.393295,-165.271271,-178.625214,-153.381241
mZ944,3,396,198.0,169.26442,-17.381184,135.187164,166.253143,-135.672882,173.478943,174.919327
mZ944,3,397,198.5,-174.115143,27.953728,68.766411,-172.061234,-131.38765,169.689377,-167.188705
mZ944,3,398,199.0,-171.549942,-91.020386,77.733101,-164.261002,-113.368217,179.217377,-175.231445
mZ944,3,399,199.5,175.70665,-126.287193,80.749451,172.41217,-141.490601,174.601807,-146.878235
mZ944,3,400,200.0,-165.094925,-97.851433,92.46595,-177.768265,-108.811455,168.385483,-162.26181
mZ944,3,401,200.5,179.715775,-7.907324,156.432053,173.353317,-109.622887,174.428467,-157.970398
mZ944,3,402,201.0,-168.556198,13.903962,83.107292,-170.944443,-89.975586,176.790253,167.86438
mZ944,3,403,201.5,-176.597519,-22.164505,113.518349,-156.0298,-102.891655,172.776291,-167.060379
mZ944,3,404,202.0,-174.857208,-46.401268,126.834686,178.884888,-106.778366,167.678299,165.047256
mZ944,3,405,202.5,-173.617493,26.375679,73.417923,-167.587463,-159.756622,-179.471558,-146.183395
mZ944,3,406,203.0,170.639542,15.015852,116.031433,-179.451126,-130.633224,-179.225433,-160.174103
mZ944,3,407,203.5,-172.466782,20.064863,123.60939,-178.735901,-135.630219,176.652252,-172.884384
mZ944,3,408,204.0,-177.936035,35.35405,70.326042,-164.19751,-113.013672,176.979752,-152.019012
mZ944,3,409,204.5,-158.291367,41.181404,88.740372,-159.516861,-105.97155,-164.863663,168.909119
mZ944,3,410,205.0,-178.330368,-15.26933,127.61718,-164.360474,-90.136887,164.951004,158.865585
mZ944,3,411,205.5,-174.583435,-12.993947,117.976532,-171.39061,-107.420113,170.013107,-173.804459
mZ944,3,412,206.0,-177.664337,-107.457344,74.906921,-153.412659,-104.907326,175.008408,-172.773743
mZ944,3,413,206.5,-172.503036,-12.937563,114.085121,176.823456,-121.187965,177.800491,162.194656
mZ944,3,414,207.0,-152.951706,-1.900318,115.611046,179.490814,-122.263718,175.779739,169.583649
mZ944,3,415,207.5,178.090958,19.308376,61.730778,-179.205246,-137.612656,174.679947,178.135818
mZ944,3,416,208.0,171.976257,-109.491348,111.628944,169.390335,-134.833969,178.650391,-173.090393
mZ944,3,417,208.5,174.41893,22.598324,84.87896,174.21405,-154.622971,174.224899,-161.356079
mZ944,3,418,209.0,-172.240387,9.411209,128.285172,161.646652,176.830276,172.480591,-168.9328
mZ944,3,419,209.5,-162.330414,-49.539524,141.544327,178.282532,-127.151703,-179.236923,-162.148056
mZ944,3,420,210.0,-157.05954,14.808267,74.955353,-175.506241,-125.101036,152.635483,175.549698
mZ944,3,421,210.5,170.628845,6.338171,87.427971,170.502823,-163.77597,157.233826,-178.226761
mZ944,3,422,211.0,-152.772324,23.353807,63.661484,171.497192,-160.055573,168.081512,-169.203415
mZ944,3,423,211.5,-165.500656,25.48563,79.885017,164.63205,-168.128159,172.957108,-175.577316
mZ944,3,424,212.0,177.69014,31.842663,101.518547,176.70105,-163.276276,164.957977,174.694168
mZ944,3,425,212.5,165.788895,-108.63636,74.961807,174.338547,-121.789047,-176.229614,167.684692
mZ944,3,426,213.0,-177.113892,-125.933258,84.521759,161.152161,-122.277573,178.234024,163.867188
mZ944,3,427,213.5,169.488831,-105.543579,64.065689,-179.152069,-134.210144,-170.845047,-170.69574
mZ944,3,428,214.0,176.429886,-124.272163,113.44062,173.519028,-113.837791,-175.985748,173.921463
mZ944,3,429,214.5,178.973633,106.724976,139.246368,178.998672,-155.199066,-178.924438,172.033051
mZ944,3,430,215.0,167.922211,-79.256531,100.221748,-173.672653,-128.037399,179.23761,164.451584
mZ944,3,431,215.5,178.376144,-122.597702,95.043022,-175.982132,-106.82386,-161.646255,169.359238
mZ944,3,432,216.0,178.223679,-145.685043,84.744148,-161.136536,-178.910782,179.897217,-163.797073
mZ944,3,433,216.5,166.343414,-112.887192,81.631844,-162.590851,-112.084457,-166.119278,178.264282
mZ944,3,434,217.0,-176.494675,-142.731567,80.480843,160.22226,-136.649002,-167.230103,-162.071915
mZ944,3,435,217.5,-159.040649,122.970306,89.752831,179.99704,-109.225197,-156.116425,-178.720169
mZ944,3,436,218.0,173.035172,-136.620544,85.895699,-175.213593,-105.057213,178.50235,163.965576
mZ944,3,437,218.5,177.831329,124.315445,80.799889,-179.310303,-92.99334,-175.037643,-176.17395
mZ944,3,438,219.0,-171.164825,69.492622,71.661049,-171.143692,-103.695114,175.868423,-179.812149
mZ944,3,439,219.5,158.483047,53.253498,55.992485,-149.768051,-96.583763,169.48761,-172.698242
mZ944,3,440,220.0,173.643616,-141.338913,76.795921,175.938873,-111.084457,-177.359283,-172.551163
mZ944,3,441,220.5,179.818222,-147.243637,89.248024,172.200073,-107.599823,-178.888748,-174.123489
mZ944,3,442,221.0,169.273483,-109.976242,87.603485,178.253906,-118.226448,170.642136,158.779755
mZ944,3,443,221.5,-170.86441,-145.748398,70.179817,-178.785706,-107.758812,-173.665817,-170.711777
mZ944,3,444,222.0,173.852951,-133.790894,61.369911,160.502609,-125.994072,-170.069885,-166.937225
mZ944,3,445,222.5,169.983353,-105.708611,72.472069,174.324478,-115.349327,176.700256,178.40712
mZ944,3,446,223.0,179.39537,-98.075256,82.784767,170.641617,-112.570587,169.435394,174.946609
mZ944,3,447,223.5,179.558899,-90.642403,79.856209,-177.486725,-104.363289,-175.657898,168.430084
mZ944,3,448,224.0,172.110748,-100.267464,67.558044,-176.304489,-112.110588,173.697556,174.071518
mZ944,3,449,224.5,-178.103531,-112.554642,66.692764,169.657883,-114.565819,-175.796204,163.584045
mZ944,3,450,225.0,179.505722,-82.152588,73.643845,175.178177,-123.447052,-177.28006,-171.247345
mZ944,3,451,225.5,159.375885,-109.251205,94.918159,-179.666641,-111.041946,-174.519104,154.84288
mZ944,3,452,226.0,-171.601151,-123.970177,64.697235,-179.737671,-124.421242,175.930878,-178.939621
mZ944,3,453,226.5,-174.545227,-87.576309,107.638695,-170.003387,-105.633629,-166.642807,-161.501022
mZ944,3,454,227.0,-177.868484,-127.46241,76.999397,178.337936,-104.005119,-176.508835,-179.147598
mZ944,3,455,227.5,168.599091,-134.974426,52.870911,179.341385,-110.618774,-168.585922,154.642426
mZ944,3,456,228.0,165.969559,-100.749466,65.48275,-178.274292,-123.370361,-173.915497,171.803406
mZ944,3,457,228.5,168.97438,-105.646454,83.961662,-173.188461,-104.108665,179.664078,172.615646
mZ944,3,458,229.0,175.314194,-123.029915,81.213951,166.930649,-125.632607,174.883484,162.7966
mZ944,3,459,229.5,168.349884,-97.282349,68.021042,166.07576,-145.53183,166.271362,-152.54808
mZ944,3,460,230.0,164.676514,-99.660187,80.267838,162.389557,-107.989014,-171.528412,164.69191
mZ944,3,461,230.5,179.520782,-111.497643,78.88102,175.634262,-140.467758,175.232452,-166.078873
mZ944,3,462,231.0,154.385147,-128.898376,59.20134,-169.894958,-108.601173,171.438705,177.576385
mZ944,3,463,231.5,157.823563,-153.040466,77.121437,165.859009,-140.129532,-176.707336,-174.802979
mZ944,3,464,232.0,-174.912277,-139.337021,74.332565,-171.668015,-102.209702,-173.215179,-179.575317
mZ944,3,465,232.5,158.758026,-149.308304,91.10762,-166.719299,-131.777451,165.612946,162.695557
mZ944,3,466,233.0,169.048859,-130.718262,73.814514,-172.762466,-111.521675,-171.350403,166.523849
mZ944,3,467,233.5,-170.714844,-118.911545,72.223106,176.982117,-105.32502,-178.232788,161.043213
mZ944,3,468,234.0,174.364685,-16.710886,118.022812,-169.475204,-105.849258,175.315811,-178.334778
mZ944,3,469,234.5,-171.911865,28.467781,80.879692,-174.608032,-174.081985,179.351791,-166.563889
mZ944,3,470,235.0,-179.987076,16.060326,85.736237,168.903595,-151.5186,176.186951,-179.78241
mZ944,3,471,235.5,-178.977615,0.211903,133.720474,167.286728,175.787247,171.806076,-132.984833
mZ944,3,472,236.0,-161.002579,-27.959799,100.452049,-179.901031,-110.429718,-173.241653,159.926331
mZ944,3,473,236.5,179.500366,8.868629,107.079079,-174.326126,159.92308,-172.7397,-151.658905
mZ944,3,474,237.0,170.172424,14.751368,90.249977,-176.373169,-116.726837,-169.440475,-160.407242
mZ944,3,475,237.5,-171.388687,16.465794,92.196152,-168.856567,-138.359955,-179.31601,-163.064194
mZ944,3,476,238.0,174.154709,-90.292084,97.272614,-161.697784,-101.567474,-175.151047,-142.665375
mZ944,3,477,238.5,175.792892,-164.155411,75.77549,-168.012619,-108.907394,-171.733917,-166.695679
mZ944,3,478,239.0,-163.516708,38.141792,96.697266,-178.057114,-101.491463,-173.85791,-170.531174
mZ944,3,479,239.5,-179.161545,-22.099499,105.012566,-165.258881,-91.415306,169.876236,174.099258
mZ944,3,480,240.0,-170.113159,-12.655622,110.500526,169.039658,-168.629349,174.543625,-149.775146
mZ944,3,481,240.5,-179.010132,2.730476,96.527733,174.689377,-117.736687,178.235794,-177.531036
mZ944,3,482,241.0,179.073074,-8.255695,125.77198,167.206818,-139.835693,-176.558167,-149.711075
mZ944,3,483,241.5,-170.580887,12.06075,105.76609,-161.596252,-157.374054,170.286285,-154.527939
mZ944,3,484,242.0,-171.879532,58.148869,67.082565,-157.957489,-97.466362,165.423401,160.415634
mZ944,3,485,242.5,-177.541016,-17.679508,103.310837,-174.684357,-158.006775,-177.98175,-147.020279
mZ944,3,486,243.0,-177.084274,-47.417294,129.055832,-173.978973,-102.827423,175.142654,-167.114136
mZ944,3,487,243.5,177.193848,-125.979958,89.367935,-175.55307,-128.407394,-163.779053,-175.330032
mZ944,3,488,244.0,172.491959,-150.59079,66.536598,-166.106003,-155.776306,-179.054092,-179.721527
mZ944,3,489,244.5,163.975922,-106.954796,63.658348,-160.828629,-95.348778,-176.129745,-176.2388
mZ944,3,490,245.0,170.090057,-168.510818,67.401138,163.045135,-116.028793,174.405609,-141.753616
mZ944,3,491,245.5,172.165939,-107.122444,70.56385,-168.611877,-110.326057,-161.297562,-159.312805
mZ944,3,492,246.0,171.079926,-105.823753,85.165833,-179.335632,-110.920158,-172.639053,-161.739639
mZ944,3,493,246.5,-175.921387,-84.629417,66.899734,-164.223663,-138.0354,-177.900009,-162.023224
mZ944,3,494,247.0,-176.350357,-106.113281,61.752361,-168.299332,-129.688644,178.719482,-145.792023
mZ944,3,495,247.5,171.579208,-90.541466,66.551849,177.409286,-89.272392,-176.32756,175.272598
mZ944,3,496,248.0,176.104263,-111.289787,89.653755,173.098862,-140.825638,-170.493683,-133.723145
mZ944,3,497,248.5,178.002518,-102.577034,71.631126,172.457138,-151.656509,-177.716217,-172.170868
mZ944,3,498,249.0,177.853256,-110.673622,63.401417,168.421478,-106.419281,-154.567169,-153.933517
mZ944,3,499,249.5,169.470566,-120.305534,69.636581,-167.733002,-115.050957,178.338104,-156.798569
mZ944,3,500,250.0,160.06105,33.610775,65.855293,-173.653931,-98.490044,-176.243835,-178.652466
mZ944,3,501,250.5,175.066467,-48.600544,116.178337,177.616898,-113.152107,172.278214,-177.179138
mZ944,3,502,251.0,-173.091202,11.884874,86.359566,165.998566,-106.73938,174.10025,173.021271
mZ944,3,503,251.5,159.699066,-21.760355,146.412567,173.315186,-143.865631,-167.047302,165.700363
mZ944,3,504,252.0,-164.318665,-22.808949,152.400864,-166.673965,-113.470482,-174.901337,165.434814
mZ944,3,505,252.5,-175.231033,-37.291908,116.84137,-177.850586,-117.802345,-177.716949,-150.526001
mZ944,3,506,253.0,-167.919006,39.89365,74.734062,-169.474274,-148.513214,175.943848,-150.560989
mZ944,3,507,253.5,166.60379,-105.418564,86.862106,-161.034225,-123.824501,167.223602,-152.945648
mZ944,3,508,254.0,-179.850418,-120.970985,61.773754,179.219681,-123.490173,-178.847809,-153.559448
mZ944,3,509,254.5,174.576736,-150.841064,64.329147,-159.25,-93.5252,168.704147,-173.412872
mZ944,3,510,255.0,179.756454,-106.67952,68.162369,-161.887314,-123.087074,-177.878281,-149.17482
mZ944,3,511,255.5,-178.232132,-153.389328,70.416962,-161.275742,-100.77829,166.799362,-157.155777
mZ944,3,512,256.0,-179.957199,16.076971,78.948395,-177.789459,-135.786041,162.529297,-151.063736
mZ944,3,513,256.5,171.311905,-97.800987,72.446922,-179.63475,-132.435928,-177.063187,-162.600708
mZ944,3,514,257.0,-174.730637,32.715233,71.060822,-171.482742,-104.401154,176.663086,-173.58934
mZ944,3,515,257.5,-166.944153,14.037336,113.175056,160.35994,-134.424515,-167.725693,-156.518036
mZ944,3,516,258.0,-152.547043,40.871296,56.860703,-173.772583,-149.688675,176.346466,-163.377441
mZ944,3,517,258.5,-170.599915,-17.853745,127.699226,172.868042,-117.685883,178.518646,-170.407867
mZ944,3,518,259.0,172.533478,-128.926147,71.825577,-169.665527,-98.011246,179.774979,-162.911301
mZ944,3,519,259.5,178.221252,-135.088791,79.652298,-165.424866,-83.50602,-177.692032,-168.796158
mZ944,3,520,260.0,166.238968,-116.410492,82.802818,-171.867996,-124.246536,173.294067,-156.968811
mZ944,3,521,260.5,-178.383545,-124.865044,63.485516,-172.786743,-125.096367,179.420395,-161.045227
mZ944,3,522,261.0,-179.985962,-128.736221,68.474663,-174.444,-132.404037,-179.057739,-129.506302
mZ944,3,523,261.5,169.481293,-117.405525,67.031128,-171.067825,-126.224846,178.442535,-154.681824
mZ944,3,524,262.0,164.765167,-167.257919,110.536514,-162.623825,-126.664238,-176.160843,-145.121368
mZ944,3,525,262.5,-173.223129,-103.826187,104.75943,-172.134872,-109.695854,174.430344,-156.010422
mZ944,3,526,263.0,-174.247513,-103.360832,91.124672,-166.323318,-113.186028,-177.468277,-157.076416
mZ944,3,527,263.5,179.095932,-118.311905,81.946075,-177.01828,-87.055374,177.565598,-167.119019
mZ944,3,528,264.0,177.113312,-106.032791,84.808235,157.01268,-109.702347,170.163651,-157.049377
mZ944,3,529,264.5,-163.107101,-106.925415,49.980137,-169.602081,-111.755692,-175.204926,-163.679337
mZ944,3,530,265.0,-176.500473,-100.212952,74.761795,-174.947617,-118.442802,-179.156204,-164.009476
mZ944,3,531,265.5,170.925842,-168.866074,79.719536,-157.703476,-102.473473,-178.575119,-163.003128
mZ944,3,532,266.0,-178.682175,-125.063385,59.23748,-154.319839,-96.482292,178.12468,-172.96666
mZ944,3,533,266.5,-178.088226,-99.70166,67.23912,-177.18367,-137.607071,-178.963516,-125.51683
mZ944,3,534,267.0,172.049362,-127.508881,97.811813,-175.363922,-98.930984,178.822723,176.128159
mZ944,3,535,267.5,157.750839,-126.987877,81.103661,-173.402298,-132.219269,170.205719,-156.600189
mZ944,3,536,268.0,172.556763,-112.282539,76.320389,177.972076,-127.601227,177.775421,-170.626633
mZ944,3,537,268.5,176.43277,-119.19751,61.847084,-176.912445,-106.798576,178.397781,-152.592941
mZ944,3,538,269.0,176.735306,-152.250809,80.967033,-169.922134,-105.270111,164.80687,-172.653152
mZ944,3,539,269.5,163.955338,-123.299149,71.034225,173.88414,-105.072983,178.919693,179.335388
mZ944,3,540,270.0,176.191864,-100.002419,84.107666,-164.787628,-151.220474,174.081909,-164.564713
mZ944,3,541,270.5,-167.382141,-117.407806,70.827202,-152.99382,-122.211731,-176.785385,-166.479721
mZ944,3,542,271.0,179.077713,-116.425713,90.864876,171.065262,-120.310791,-173.97345,-159.998428
mZ944,3,543,271.5,166.653717,-143.569901,69.014122,178.233276,-108.630043,179.399887,-163.134018
mZ944,3,544,272.0,-179.159714,-145.445084,59.223991,-154.874924,-99.411324,171.478729,-170.622055
mZ944,3,545,272.5,-174.464828,-127.613014,83.255882,176.310318,-108.506996,172.107025,-167.300858
mZ944,3,546,273.0,171.260834,-120.951942,91.109917,174.065903,-108.421501,172.55188,-173.031265
mZ944,3,547,273.5,175.713104,-100.534691,61.730759,169.908386,-136.360779,-164.561859,-167.53949
mZ944,3,548,274.0,-179.808319,-111.743095,65.451859,-177.344086,-130.136917,175.840881,-162.19931
mZ944,3,549,274.5,172.389725,-122.898384,84.659767,-169.4478,-94.499107,171.025375,-162.425873
mZ944,3,550,275.0,177.649124,-121.149361,66.314285,-170.952164,-109.309715,178.427475,169.458359
mZ944,3,551,275.5,-179.94635,-170.439377,81.690544,179.995209,-100.79245,173.823181,-166.156525
mZ944,3,552,276.0,-158.511368,-108.674744,69.482315,175.563614,-112.760559,176.120392,-165.389511
mZ944,3,553,276.5,166.544876,2.061357,81.419662,156.303619,-112.201126,-172.193665,161.973373
mZ944,3,554,277.0,172.792725,-121.35498,71.300201,177.149338,-116.013863,175.897766,-175.439835
mZ944,3,555,277.5,177.086899,-115.223816,93.169662,179.725281,-116.038155,171.201157,-169.916489
mZ944,3,556,278.0,155.798019,-120.314644,85.683411,165.371506,-146.758347,173.712799,177.494247
mZ944,3,557,278.5,156.726593,-126.109764,69.010483,179.42363,-111.223793,163.718185,179.851624
mZ944,3,558,279.0,-175.900894,-100.142746,86.282486,148.367554,-139.246826,-169.042648,-167.024612
mZ944,3,559,279.5,163.203293,-113.588989,61.943371,172.499817,-132.210846,178.650879,-165.237823
mZ944,3,560,280.0,150.489212,-131.826996,74.573761,-177.643127,-102.687958,168.409973,165.827454
mZ944,3,561,280.5,171.665436,-110.472496,77.280685,177.933426,-98.780212,169.839828,175.861176
mZ944,3,562,281.0,-176.839081,-120.899292,76.152344,-167.622818,-128.435898,173.736404,-162.120224
mZ944,3,563,281.5,176.345734,-100.171089,71.464073,168.753998,-131.910553,175.4991,176.106003
mZ944,3,564,282.0,173.35408,-106.105164,76.093582,-169.756287,-114.413841,170.664963,-159.562775
mZ944,3,565,282.5,172.351486,-117.535355,76.624603,-177.396103,-111.153755,-178.994095,-159.375641
mZ944,3,566,283.0,-175.3703,-127.145828,77.35936,161.29422,-125.402824,164.365067,167.624725
mZ944,3,567,283.5,165.61676,-133.784348,88.339592,175.995636,-103.78904,168.471832,159.707901
mZ944,3,568,284.0,168.871536,-144.198135,62.213905,-162.807098,-117.398849,179.190689,174.542282
mZ944,3,569,284.5,179.792313,-137.154846,67.969917,178.233658,-116.378311,167.104645,-176.912827
mZ944,3,570,285.0,171.052795,-106.875763,91.782333,157.163223,-102.643486,172.013107,151.600861
mZ944,3,571,285.5,161.125366,-120.390175,71.476585,173.650223,-93.630722,168.451019,168.317657
mZ944,3,572,286.0,-179.867691,-117.77523,53.487629,-170.162979,-110.494919,-174.443375,178.075455
mZ944,3,573,286.5,167.231918,-97.39222,76.711617,177.223465,-125.05616,178.144333,-177.441757
mZ944,3,574,287.0,166.41037,-119.978081,58.703823,168.876633,-122.036453,-177.558258,-174.460358
mZ944,3,575,287.5,155.785263,149.606613,87.27552,-178.305099,-111.326401,174.151184,165.944275
mZ944,3,576,288.0,-169.054794,-80.500191,77.268608,169.777298,-122.106079,178.452011,165.055099
mZ944,3,577,288.5,-177.343277,-108.444901,72.16732,-174.915344,-110.512352,-178.880051,-156.394104
mZ944,3,578,289.0,173.888428,-131.770447,66.923569,175.621765,-144.671585,175.752274,-172.720322
mZ944,3,579,289.5,170.04245,-148.065826,59.337547,175.72287,-107.963875,-170.111435,-165.834106
mZ944,3,580,290.0,167.07608,-110.094284,68.26548,-175.509796,-153.798843,170.772278,178.384338
mZ944,3,581,290.5,163.684555,-128.740768,73.806755,170.009491,-116.14653,174.127731,-174.049072
mZ944,3,582,291.0,171.098328,-116.414032,75.985016,166.081146,-101.800941,165.507568,165.846939
mZ944,3,583,291.5,153.948425,-130.92363,75.032341,169.28157,-131.158035,-179.077652,-179.580795
mZ944,3,584,292.0,-174.711334,-110.033379,74.091713,172.6521,-140.659363,178.173721,-155.195526
mZ944,3,585,292.5,-173.484116,-102.499947,71.84285,176.489426,-102.601822,-178.259628,158.27504
mZ944,3,586,293.0,158.414429,-97.716766,73.480995,-174.042603,-108.371231,179.197922,169.584229
mZ944,3,587,293.5,177.016922,-122.658318,52.368248,173.666656,-108.944481,174.263367,179.59613
mZ944,3,588,294.0,179.019608,-95.471474,63.166992,-175.325607,-111.608978,-175.836624,-170.1418
mZ944,3,589,294.5,174.681061,-76.280327,91.24633,176.765793,-149.083725,178.677216,-160.036255
mZ944,3,590,295.0,-176.65361,37.35524,69.797035,178.471359,-126.944939,171.253906,-155.800858
mZ944,3,591,295.5,170.477493,-94.980782,82.554604,164.677063,-131.843094,-163.278992,177.297653
mZ944,3,592,296.0,167.905609,-100.515289,66.184776,166.514999,-118.912308,-171.977112,164.490021
mZ944,3,593,296.5,169.935028,-102.846077,82.222641,-177.369797,-134.335846,173.560318,-173.983246
mZ944,3,594,297.0,173.328491,-83.145302,96.095245,179.724792,-127.477028,168.416916,171.52597
mZ944,3,595,297.5,-178.180389,17.848509,91.266464,-174.191147,-96.367065,169.030167,-173.116028
mZ944,3,596,298.0,-173.21553,28.02314,77.96106,169.376373,-117.170502,165.197983,162.063461
mZ944,3,597,298.5,-174.552795,-96.930283,69.347023,-178.608887,-115.310829,166.291824,-163.072693
mZ944,3,598,299.0,-163.573959,-107.040291,70.31012,176.595169,-101.263611,174.186752,170.806198
mZ944,3,599,299.5,179.297714,-126.030022,72.902344,166.800217,-129.731598,-173.722549,171.479462
